"h","doy","hod","out_T","out_RH","gal_T","gal_RH","case_T","case_RH","hvac","gal_M_fix","case_M_fix","gal_M_pkg","gal_LIM","case_LIM","gal_DP"
1,152,0,28.31,99,26,62,26,55,0,0,0,0,74.38,74.38,18.16
2,152,1,27.82,91.91,26.05,63.76,26.01,55.1,0,0,0,0,74.37,74.38,18.66
3,152,2,27.03,94.3,26.12,65.1,26.03,55.21,0,0,0,0,74.37,74.38,19.05
4,152,3,26.54,97.32,26.09,66.99,26.04,55.34,0,0,0,0,74.37,74.38,19.48
5,152,4,25.72,98,25.93,69.35,26.02,55.49,0,0,0,0,74.39,74.38,19.89
6,152,5,25.87,98,25.79,71.65,25.98,55.67,0,0,0,0,74.4,74.38,20.29
7,152,6,27.11,98,25.81,73.37,25.94,55.87,0,0,0,0,74.4,74.39,20.68
8,152,7,27.11,96.55,25.86,74.48,25.93,56.08,0,0,0,0,74.4,74.39,20.98
9,152,8,27.73,96.04,25.88,76.13,25.92,56.3,0,0,0,0,74.39,74.39,21.35
10,152,9,28.18,92.54,26.02,77.38,25.94,56.53,0,0,0,0,74.38,74.39,21.75
11,152,10,30.41,89.78,26.33,78.1,26.02,56.77,0,0,0,0,74.35,74.38,22.21
12,152,11,30.46,87.28,26.64,78.77,26.14,57.02,0,0,0,0,74.32,74.36,22.65
13,152,12,31.44,83.49,26.91,79.15,26.29,57.26,0,0,0,6e-04,74.29,74.35,22.99
14,152,13,31.24,76.09,27.16,78.75,26.47,57.5,0,0,0,6e-04,74.27,74.33,23.15
15,152,14,30.77,73.22,27.34,78.33,26.64,57.73,0,0,0,6e-04,74.26,74.32,23.24
16,152,15,31.76,69.89,27.63,77.43,26.84,57.95,0,0,0,6e-04,74.24,74.3,23.33
17,152,16,31.63,68.89,27.89,76.52,27.05,58.16,0,0,0,6e-04,74.22,74.28,23.38
18,152,17,31.04,68.34,28.04,76.37,27.25,58.36,0,0,0,6e-04,74.21,74.26,23.49
19,152,18,31.51,68.53,28.3,76.16,27.46,58.56,0,0,0,6e-04,74.2,74.25,23.7
20,152,19,30.57,70.35,28.43,75.74,27.65,58.75,0,0,0,6e-04,74.2,74.24,23.74
21,152,20,30.21,71.8,28.5,75.84,27.82,58.94,0,0,0,6e-04,74.19,74.23,23.83
22,152,21,28.42,76.84,28.37,76.03,27.93,59.13,0,0,0,6e-04,74.2,74.22,23.74
23,152,22,27.31,81.94,28.19,76.63,27.99,59.33,0,0,0,6e-04,74.21,74.22,23.7
24,152,23,27.88,83.2,28.11,77.25,28.01,59.52,0,0,0,6e-04,74.21,74.22,23.75
25,153,0,26.34,83.26,27.89,77.32,27.99,59.72,0,0,0,6e-04,74.22,74.22,23.55
26,153,1,27.01,82.94,27.78,77.86,27.94,59.92,0,0,0,6e-04,74.23,74.22,23.56
27,153,2,26.41,82.27,27.65,78.01,27.89,60.12,0,0,0,6e-04,74.24,74.22,23.46
28,153,3,27.82,84.4,27.65,78.59,27.84,60.33,0,0,0,6e-04,74.24,74.23,23.59
29,153,4,28.81,87.2,27.66,79.46,27.8,60.54,0,0,0,0.0027,74.24,74.23,23.79
30,153,5,27.84,86.74,27.62,80.03,27.77,60.76,0,0.0042,0,0.0069,74.24,74.23,23.87
31,153,6,28.95,83.45,27.64,80.63,27.74,60.98,0,0.0104,0,0.013,74.24,74.23,24
32,153,7,30.15,79.53,27.71,80.95,27.73,61.2,0,0.0175,0,0.0201,74.23,74.23,24.14
33,153,8,31.15,76.3,27.87,80.79,27.76,61.42,0,0.0241,0,0.0267,74.22,74.23,24.27
34,153,9,31.6,77.51,25.76,71.97,27.36,61.54,1,0.0228,0,0.0267,74.41,74.26,20.32
35,153,10,32.39,73.76,24.87,65.17,26.86,61.58,1,0.0215,0,0.0267,74.52,74.3,17.88
36,153,11,33.54,74.71,24.38,61.72,26.37,61.58,1,0.0201,0,0.0267,74.6,74.34,16.56
37,153,12,33.59,72.15,24.22,59.43,25.94,61.55,1,0.0188,0,0.0267,74.62,74.39,15.81
38,153,13,31.61,70.61,24.14,58.01,25.58,61.51,1,0.0175,0,0.0267,74.64,74.43,15.36
39,153,14,31.82,67.82,24.04,57.05,25.27,61.47,1,0.0161,0,0.0267,74.65,74.47,15.01
40,153,15,31.32,63.7,24.07,55.96,25.03,61.4,1,0.0161,0,0.0267,74.65,74.5,14.74
41,153,16,31.76,67.17,24.04,55.09,24.83,61.33,1,0.0161,0,0.0267,74.65,74.53,14.47
42,153,17,31.04,66.94,24.57,55.64,24.78,61.27,0,0.0161,0,0.0267,74.57,74.54,15.11
43,153,18,29.62,71.46,24.83,56.72,24.79,61.22,0,0.0161,0,0.0267,74.53,74.53,15.66
44,153,19,29.42,86.24,25.06,58.68,24.84,61.19,0,0.0161,0,0.0267,74.5,74.53,16.4
45,153,20,29.95,79.91,25.25,60.11,24.92,61.18,0,0.0161,0,0.0267,74.47,74.52,16.96
46,153,21,29.69,79,25.5,61.01,25.04,61.18,0,0.0161,0,0.0267,74.44,74.5,17.43
47,153,22,29.39,83.36,25.74,62.57,25.18,61.19,0,0.0161,0,0.0267,74.41,74.48,18.06
48,153,23,29.12,88.41,25.98,64.13,25.34,61.23,0,0.0161,0,0.0267,74.38,74.46,18.67
49,154,0,28.13,90.2,26.09,65.75,25.49,61.28,0,0.0161,0,0.0267,74.37,74.44,19.18
50,154,1,28.44,92.76,26.24,67.01,25.64,61.34,0,0.0161,0,0.0267,74.35,74.42,19.63
51,154,2,26.53,93.89,26.21,68.6,25.75,61.42,0,0.0161,0,0.0267,74.36,74.41,19.98
52,154,3,26.36,92.2,26.02,70.34,25.81,61.52,0,0.0161,0,0.0267,74.38,74.4,20.21
53,154,4,26.93,90.84,26.04,71.67,25.85,61.63,0,0.0161,0,0.0267,74.38,74.4,20.52
54,154,5,26.46,90.14,25.91,72.8,25.87,61.76,0,0.0161,0,0.0267,74.39,74.4,20.66
55,154,6,26.64,86.1,25.82,73.59,25.86,61.89,0,0.0161,0,0.0267,74.4,74.4,20.74
56,154,7,28.49,81.99,25.85,74.09,25.86,62.02,0,0.0161,0,0.0267,74.4,74.4,20.88
57,154,8,28.62,83.87,25.94,74.87,25.87,62.17,0,0.0161,0,0.0267,74.39,74.39,21.14
58,154,9,28.79,78.06,24.9,67.37,25.68,62.22,1,0.0155,0,0.0267,74.52,74.42,18.44
59,154,10,30.46,78.64,24.33,63.28,25.41,62.24,1,0.0148,0,0.0267,74.6,74.45,16.91
60,154,11,31.77,77.37,24.2,60.47,25.17,62.22,1,0.0141,0,0.0267,74.63,74.48,16.07
61,154,12,33.32,77.46,24.1,58.59,24.95,62.18,1,0.0135,0,0.0267,74.64,74.51,15.48
62,154,13,33.37,71.7,24.01,57.21,24.76,62.12,1,0.0128,0,0.0267,74.66,74.54,15.03
63,154,14,34.45,71.55,23.97,56.61,24.61,62.06,1,0.0121,0,0.0267,74.66,74.56,14.83
64,154,15,34.66,69.7,23.99,56.53,24.48,62,1,0.0115,0,0.0267,74.66,74.58,14.82
65,154,16,34.1,72.19,23.96,56.38,24.38,61.94,1,0.0108,0,0.0267,74.67,74.6,14.75
66,154,17,33.2,74.68,24.56,57.32,24.42,61.88,0,0.0101,0,0.0267,74.57,74.59,15.57
67,154,18,32.75,74.35,25.11,58.28,24.55,61.84,0,0.0095,0,0.0267,74.49,74.57,16.35
68,154,19,32.52,75.26,25.65,59.55,24.77,61.82,0,0.0088,0,0.0267,74.42,74.54,17.19
69,154,20,32.26,82.05,26.11,60.86,25.04,61.81,0,0.0081,0,0.0267,74.37,74.5,17.96
70,154,21,32.69,83.21,26.51,62.24,25.33,61.81,0,0.0075,0,0.0267,74.33,74.46,18.7
71,154,22,32.96,86.42,26.94,64.34,25.66,61.84,0,0.0068,0,0.0267,74.29,74.42,19.64
72,154,23,30.7,89.79,27.18,65.42,25.96,61.88,0,0.0061,0,0.0267,74.27,74.38,20.13
73,155,0,28.14,92.76,27.14,66.84,26.2,61.94,0,0.0055,0,0.0267,74.27,74.36,20.45
74,155,1,26.88,96.57,26.96,68.04,26.35,62,0,0.0048,0,0.0267,74.29,74.34,20.56
75,155,2,25.37,97.25,26.73,70.33,26.43,62.1,0,0.0041,0,0.0267,74.31,74.34,20.88
76,155,3,24.74,98,26.42,71.84,26.42,62.2,0,0.0035,0,0.0267,74.34,74.34,20.93
77,155,4,24.34,98,26.15,73.33,26.37,62.33,0,0.0028,0,0.0267,74.36,74.34,21.01
78,155,5,24.97,98,25.98,74.68,26.29,62.47,0,0.0021,0,0.0267,74.38,74.35,21.13
79,155,6,25,93.28,25.78,75.74,26.19,62.61,0,0.0015,0,0.0267,74.4,74.36,21.17
80,155,7,24.96,93.24,25.67,76.68,26.09,62.77,0,8e-04,0,0.0267,74.42,74.37,21.27
81,155,8,25.75,90.19,25.48,78.1,25.96,62.94,0,1e-04,0,0.0267,74.44,74.38,21.38
82,155,9,26.94,88.26,24.68,69.65,25.71,63.01,1,0,0,0.0267,74.55,74.41,18.76
83,155,10,27.01,83.4,24.35,64.31,25.43,63.03,1,0,0,0.0267,74.6,74.45,17.18
84,155,11,27.63,79.66,24.21,60.91,25.19,63,1,0,0,0.0267,74.63,74.48,16.19
85,155,12,27.76,73.33,24.12,59.2,24.98,62.96,1,0,0,0.0267,74.64,74.51,15.66
86,155,13,31.04,72.93,24,57.49,24.78,62.9,1,0,0,0.0267,74.66,74.54,15.1
87,155,14,31.9,70.82,24.06,56.5,24.64,62.83,1,0,0,0.0267,74.65,74.56,14.88
88,155,15,32.31,71.83,24.13,56.11,24.54,62.76,1,0,0,0.0267,74.64,74.57,14.83
89,155,16,32.63,72.65,24.08,56.36,24.44,62.68,1,0,0,0.0267,74.65,74.59,14.85
90,155,17,31.31,82.1,24.49,58.3,24.45,62.64,0,0,0,0.0267,74.58,74.59,15.77
91,155,18,29.26,90.04,24.83,59.98,24.53,62.61,0,0,0,0.0267,74.53,74.57,16.54
92,155,19,29.38,86.23,25.07,61.53,24.64,62.59,0,0,0,0.0267,74.5,74.56,17.16
93,155,20,26.42,88.22,25.11,63.43,24.73,62.6,0,0,0,0.0267,74.49,74.54,17.68
94,155,21,24.67,90.74,24.95,65.29,24.77,62.63,0,0,0,0.0267,74.51,74.54,17.99
95,155,22,20.83,99,24.54,67.48,24.73,62.69,0,0,0,0.0267,74.57,74.54,18.12
96,155,23,22.61,97.48,24.37,69.86,24.66,62.77,0,0,0,0.0267,74.6,74.55,18.51
97,156,0,22.19,97,24.1,71.37,24.54,62.86,0,0,0,0.0267,74.64,74.57,18.6
98,156,1,21.33,93.76,23.83,73.18,24.4,62.98,0,0,0,0.0267,74.69,74.59,18.74
99,156,2,19.38,94.09,23.45,74.46,24.21,63.11,0,0,0,0.0267,74.76,74.62,18.65
100,156,3,21.01,97.93,23.09,75.63,23.99,63.24,0,0,0,0.0267,74.83,74.66,18.55
101,156,4,23.2,98,22.96,77.67,23.78,63.4,0,0,0,0.0267,74.85,74.7,18.85
102,156,5,21.9,98,22.73,79.08,23.57,63.58,0,0,0,0.0267,74.9,74.74,18.91
103,156,6,24.37,89.58,22.71,79.67,23.4,63.76,0,0,0,0.0289,74.91,74.77,19.02
104,156,7,26.22,84.48,22.88,80.33,23.3,63.94,0,0.0046,0,0.0333,74.87,74.79,19.31
105,156,8,26.98,82.84,23.12,80.63,23.26,64.13,0,0.0101,0,0.0386,74.82,74.79,19.6
106,156,9,28.48,81.36,23.56,72.57,23.32,64.22,1,0.0087,0,0.0386,74.74,74.78,18.34
107,156,10,29.34,79.5,23.8,66.68,23.42,64.25,1,0.0074,0,0.0386,74.69,74.76,17.23
108,156,11,30.49,76.48,23.89,62.7,23.51,64.23,1,0.0061,0,0.0386,74.68,74.75,16.34
109,156,12,32.7,75.83,23.9,59.66,23.59,64.18,1,0.0047,0,0.0386,74.68,74.73,15.58
110,156,13,31.15,84.08,24.01,58.05,23.67,64.11,1,0.0034,0,0.0386,74.66,74.72,15.25
111,156,14,33.66,74.58,24.02,56.36,23.74,64.03,1,0.0021,0,0.0386,74.66,74.7,14.81
112,156,15,32.63,74.12,23.99,55.49,23.79,63.93,1,0.0021,0,0.0386,74.66,74.7,14.54
113,156,16,31.43,74.03,24.03,54.99,23.84,63.83,1,0.0021,0,0.0386,74.65,74.69,14.43
114,156,17,30.64,72.82,24.45,56.36,23.96,63.75,0,0.0021,0,0.0386,74.59,74.67,15.2
115,156,18,31.67,74.89,24.88,57.83,24.14,63.68,0,0.0021,0,0.0386,74.52,74.64,16
116,156,19,31.54,77.56,25.32,58.77,24.38,63.63,0,0.0021,0,0.0386,74.46,74.6,16.67
117,156,20,29,78.16,25.43,60.41,24.59,63.59,0,0.0021,0,0.0386,74.45,74.56,17.21
118,156,21,27.13,83.09,25.46,62.31,24.76,63.58,0,0.0021,0,0.0386,74.44,74.54,17.73
119,156,22,27.23,88.14,25.55,63.85,24.92,63.58,0,0.0021,0,0.0386,74.43,74.52,18.2
120,156,23,26.71,89.66,25.54,66.17,25.04,63.61,0,0.0021,0,0.0386,74.43,74.5,18.76
121,157,0,26.25,93.4,25.4,68.02,25.12,63.66,0,0.0021,0,0.0386,74.45,74.49,19.07
122,157,1,26.25,95.01,25.51,70,25.19,63.73,0,0.0021,0,0.0386,74.44,74.48,19.64
123,157,2,26.08,93.33,25.49,71.98,25.25,63.82,0,0.0021,0,0.0386,74.44,74.47,20.06
124,157,3,24.82,93.88,25.37,73.74,25.28,63.93,0,0.0021,0,0.0386,74.45,74.47,20.34
125,157,4,25.68,94.69,25.3,74.99,25.28,64.05,0,0.0021,0,0.0386,74.46,74.47,20.55
126,157,5,27.27,93.68,25.27,76.64,25.28,64.19,0,0.0021,0,0.0386,74.47,74.47,20.87
127,157,6,28.25,90.2,25.45,77.55,25.31,64.34,0,0.0021,0,0.0386,74.45,74.46,21.24
128,157,7,29.41,88.42,25.63,78.62,25.38,64.5,0,0.0021,0,0.0386,74.42,74.45,21.64
129,157,8,30.74,90.09,26.04,79.16,25.51,64.66,0,0.0021,0,0.0387,74.38,74.44,22.15
130,157,9,30.59,86.28,24.89,70.69,25.39,64.73,1,0.0014,0,0.0387,74.52,74.45,19.2
131,157,10,31.01,83.79,24.34,65.07,25.18,64.73,1,7e-04,0,0.0387,74.6,74.48,17.36
132,157,11,32.11,81.65,24.18,61.89,24.98,64.7,1,1e-04,0,0.0387,74.63,74.51,16.41
133,157,12,33.74,79.61,24.04,59.29,24.79,64.64,1,0,0,0.0387,74.65,74.53,15.61
134,157,13,34.14,74.83,23.97,57.6,24.63,64.56,1,0,0,0.0387,74.66,74.56,15.09
135,157,14,34.92,73.04,24.01,56.37,24.5,64.47,1,0,0,0.0387,74.66,74.58,14.79
136,157,15,35.85,71.31,24.01,56.6,24.41,64.39,1,0,0,0.0387,74.66,74.59,14.86
137,157,16,35.53,72.84,24.03,56.08,24.33,64.29,1,0,0,0.0387,74.66,74.61,14.73
138,157,17,34.48,74.22,24.85,57.08,24.43,64.21,0,0,0,0.0387,74.53,74.59,15.78
139,157,18,34.5,74.5,25.64,58,24.68,64.14,0,0,0,0.0387,74.42,74.55,16.77
140,157,19,33.86,73.79,26.14,59.02,24.97,64.09,0,0,0,0.0387,74.37,74.51,17.5
141,157,20,33.78,75.3,26.69,60.51,25.31,64.05,0,0,0,0.0387,74.31,74.46,18.42
142,157,21,32.66,74.79,27.06,61.91,25.66,64.02,0,0,0,0.0387,74.28,74.42,19.14
143,157,22,32.1,77.74,27.4,62.94,26.01,64.01,0,0,0,0.0387,74.25,74.38,19.72
144,157,23,31.47,76.82,27.67,64.02,26.34,64.01,0,0,0,0.0387,74.24,74.34,20.25
145,158,0,29.38,74.19,27.81,65.08,26.63,64.02,0,0,0,0.0387,74.23,74.32,20.65
146,158,1,29.65,78.39,27.83,66.08,26.87,64.05,0,0,0,0.0387,74.23,74.29,20.91
147,158,2,29.74,82.14,27.83,68.02,27.06,64.09,0,0,0,0.0387,74.23,74.28,21.38
148,158,3,29.05,86.57,27.82,69.21,27.22,64.15,0,0,0,0.0387,74.23,74.27,21.66
149,158,4,29.28,87.29,27.96,70.88,27.36,64.22,0,0,0,0.0387,74.22,74.26,22.18
150,158,5,29.84,86.43,28.05,72.03,27.5,64.31,0,0,0,0.0387,74.21,74.25,22.54
151,158,6,29.72,85.2,28.13,72.84,27.63,64.4,0,0,0,0.0387,74.21,74.24,22.8
152,158,7,31.17,84.11,28.33,73.69,27.77,64.51,0,0,0,0.0387,74.2,74.23,23.18
153,158,8,32.12,81.73,28.6,73.93,27.93,64.61,0,0,0,0.0387,74.19,74.22,23.49
154,158,9,33.16,76.69,26.05,67.57,27.56,64.65,1,0,0,0.0387,74.37,74.24,19.59
155,158,10,32.75,75.53,24.94,63.02,27.03,64.63,1,0,0,0.0387,74.51,74.28,17.42
156,158,11,34.05,73.09,24.46,60.27,26.52,64.58,1,0,0,0.0387,74.58,74.33,16.26
157,158,12,34.65,73.21,24.17,58.7,26.05,64.51,1,0,0,0.0387,74.63,74.37,15.57
158,158,13,35.71,70.57,24.14,57.73,25.67,64.44,1,0,0,0.0387,74.64,74.42,15.28
159,158,14,36.1,69.22,24.01,56.3,25.33,64.35,1,0,0,0.0387,74.66,74.46,14.77
160,158,15,37.21,70.64,23.91,55.6,25.05,64.25,1,0,0,0.0387,74.68,74.5,14.49
161,158,16,36.06,73.66,24.04,55.58,24.85,64.15,1,0,0,0.0387,74.65,74.53,14.61
162,158,17,34.75,74.21,24.8,56.86,24.84,64.07,0,0,0,0.0387,74.53,74.53,15.67
163,158,18,33.91,77.54,25.46,58.07,24.96,64.01,0,0,0,0.0387,74.44,74.51,16.61
164,158,19,33.01,81.49,26.1,59.8,25.19,63.96,0,0,0,0.0387,74.37,74.48,17.68
165,158,20,31.48,83.68,26.39,61.78,25.43,63.94,0,0,0,0.0387,74.34,74.45,18.47
166,158,21,29.37,87.96,26.39,63.26,25.62,63.93,0,0,0,0.0387,74.34,74.42,18.85
167,158,22,28.62,92.74,26.54,65.42,25.81,63.94,0,0,0,0.0387,74.33,74.4,19.52
168,158,23,29.86,97.26,26.71,67.55,25.99,63.98,0,0,0,0.0387,74.31,74.38,20.21
169,159,0,29.67,98,26.87,69.73,26.16,64.05,0,0,0,0.0387,74.3,74.36,20.87
170,159,1,29.01,98,26.94,70.98,26.32,64.13,0,0,0,0.0387,74.29,74.35,21.23
171,159,2,28.47,98,27.01,72.28,26.46,64.22,0,0,0,0.0387,74.28,74.33,21.6
172,159,3,27.53,98,26.93,73.69,26.55,64.32,0,0,0,0.0387,74.29,74.32,21.83
173,159,4,25.22,99,26.68,75.12,26.58,64.44,0,0,0,0.0387,74.31,74.32,21.91
174,159,5,27.27,98,26.58,76.74,26.58,64.58,0,0,0,0.0387,74.32,74.32,22.16
175,159,6,26.93,97.78,26.44,78.07,26.55,64.73,0,0,0,0.0387,74.33,74.32,22.31
176,159,7,28.33,92.69,26.55,79.27,26.55,64.89,0,0,0,0.0394,74.32,74.32,22.67
177,159,8,27.85,89.03,26.46,79.74,26.53,65.05,0,0,0,0.042,74.33,74.33,22.68
178,159,9,29.16,87.46,26.61,80.29,26.55,65.22,0,0.005,0,0.0466,74.32,74.32,22.93
179,159,10,29.93,86.11,26.76,81.17,26.59,65.4,0,0.0126,0,0.054,74.3,74.32,23.26
180,159,11,31.73,81.85,27,81.33,26.67,65.58,0,0.0207,0,0.0619,74.28,74.31,23.53
181,159,12,32.99,77.2,27.36,80.47,26.81,65.74,0,0.0262,0,0.067,74.26,74.3,23.7
182,159,13,34.08,77.09,27.83,80.53,27.01,65.91,0,0.0319,0,0.0724,74.23,74.28,24.17
183,159,14,32.81,75.53,28.23,80.35,27.26,66.07,0,0.037,0,0.0772,74.21,74.26,24.52
184,159,15,32.96,73.57,28.5,80.16,27.51,66.22,0,0.0414,0,0.0812,74.19,74.25,24.75
185,159,16,33.25,72.44,28.82,79.6,27.77,66.37,0,0.0401,0,0.0828,74.18,74.23,24.94
186,159,17,33.96,73.97,29.22,79.94,28.06,66.52,0,0.0388,0,0.0859,74.17,74.21,25.4
187,159,18,32.57,73.23,29.37,79.96,28.32,66.67,0,0.0374,0,0.0891,74.17,74.2,25.55
188,159,19,30.72,76.56,29.36,80.11,28.53,66.82,0,0.0418,0,0.0928,74.17,74.19,25.57
189,159,20,29.13,79.18,29.24,80.16,28.67,66.97,0,0.0462,0,0.0967,74.17,74.19,25.46
190,159,21,27.17,82.42,28.92,80.22,28.72,67.12,0,0.0508,0,0.1008,74.18,74.18,25.17
191,159,22,25.4,84.59,28.6,81.13,28.7,67.27,0,0.0584,0,0.1081,74.19,74.19,25.05
192,159,23,25.45,86.15,28.27,81.14,28.61,67.43,0,0.0659,0,0.1153,74.2,74.19,24.73
193,160,0,22.98,89.92,27.74,81.85,28.44,67.59,0,0.0754,0,0.1245,74.23,74.2,24.35
194,160,1,23.2,91.54,27.28,82.92,28.21,67.76,0,0.0877,0,0.138,74.26,74.21,24.12
195,160,2,23.18,86.69,26.93,83.13,27.95,67.93,0,0.1005,0,0.1519,74.29,74.22,23.83
196,160,3,23.92,88.34,26.73,83.94,27.71,68.11,0,0.1155,0,0.1678,74.31,74.23,23.78
197,160,4,24.81,85.73,26.45,84.16,27.45,68.29,0,0.131,0,0.1842,74.33,74.25,23.56
198,160,5,24.27,81.93,26.24,83.8,27.21,68.46,0,0.1454,0,0.1995,74.35,74.27,23.28
199,160,6,24.07,84.87,25.9,83.54,26.95,68.63,0,0.1588,0,0.2139,74.39,74.29,22.9
200,160,7,23.9,86.9,25.58,83.65,26.68,68.79,0,0.1724,0,0.2285,74.43,74.31,22.6
201,160,8,24.56,82.45,25.4,83.39,26.42,68.95,0,0.1852,0,0.2422,74.45,74.34,22.38
202,160,9,26.27,79.37,24.74,73.46,26.08,69,1,0.1839,0,0.2422,74.54,74.37,19.68
203,160,10,26.35,76.1,24.36,66.6,25.74,68.98,1,0.1826,0,0.2422,74.6,74.41,17.74
204,160,11,27.88,75.24,24.24,62.35,25.44,68.9,1,0.1812,0,0.2422,74.62,74.45,16.59
205,160,12,28.53,71.71,24.09,59.69,25.17,68.8,1,0.1799,0,0.2422,74.64,74.48,15.76
206,160,13,29.63,71.77,24.06,58.42,24.95,68.69,1,0.1786,0,0.2422,74.65,74.51,15.39
207,160,14,31.15,70.24,23.99,57.26,24.76,68.56,1,0.1772,0,0.2422,74.66,74.54,15.02
208,160,15,30.05,67.97,23.98,56.37,24.6,68.42,1,0.1772,0,0.2422,74.66,74.56,14.77
209,160,16,29.16,70.23,24.01,55.71,24.48,68.28,1,0.1772,0,0.2422,74.66,74.58,14.62
210,160,17,29.45,69.53,24.35,56.16,24.46,68.15,0,0.1772,0,0.2422,74.6,74.59,15.05
211,160,18,27.68,70.76,24.46,56.81,24.46,68.02,0,0.1772,0,0.2422,74.59,74.59,15.33
212,160,19,26.96,74.5,24.52,57.56,24.47,67.91,0,0.1772,0,0.2422,74.57,74.58,15.6
213,160,20,26.27,77.49,24.54,59.18,24.48,67.81,0,0.1772,0,0.2422,74.57,74.58,16.05
214,160,21,26.05,80.53,24.57,60.27,24.5,67.73,0,0.1772,0,0.2422,74.57,74.58,16.37
215,160,22,25.25,76.96,24.6,61.28,24.52,67.65,0,0.1772,0,0.2422,74.56,74.58,16.66
216,160,23,24.78,80.76,24.56,62.28,24.53,67.59,0,0.1772,0,0.2422,74.57,74.57,16.87
217,161,0,23.94,83.32,24.38,64.12,24.5,67.56,0,0.1772,0,0.2422,74.6,74.58,17.16
218,161,1,24.22,85.5,24.22,65.38,24.44,67.53,0,0.1772,0,0.2422,74.62,74.59,17.31
219,161,2,25.21,87.12,24.22,66.63,24.4,67.52,0,0.1772,0,0.2422,74.62,74.59,17.62
220,161,3,24.02,95,24.14,68.41,24.35,67.53,0,0.1772,0,0.2422,74.64,74.6,17.96
221,161,4,23.95,98.98,24,70.5,24.28,67.56,0,0.1772,0,0.2422,74.66,74.61,18.3
222,161,5,25.69,88.62,23.99,71.32,24.22,67.61,0,0.1772,0,0.2422,74.66,74.62,18.48
223,161,6,28.13,86.59,24.2,72.36,24.22,67.66,0,0.1772,0,0.2422,74.63,74.62,18.91
224,161,7,28.43,85.32,24.39,73.05,24.25,67.72,0,0.1772,0,0.2422,74.59,74.62,19.25
225,161,8,27.72,82.12,24.56,73.59,24.31,67.78,0,0.1772,0,0.2422,74.57,74.61,19.53
226,161,9,29.64,81.94,24.23,66.79,24.3,67.77,1,0.1766,0,0.2422,74.62,74.61,17.67
227,161,10,30.76,78.05,24.15,62.93,24.27,67.72,1,0.1759,0,0.2422,74.63,74.61,16.65
228,161,11,31.99,72.39,23.97,60.08,24.21,67.63,1,0.1752,0,0.2422,74.67,74.62,15.75
229,161,12,32.42,70.93,23.98,58.35,24.16,67.53,1,0.1746,0,0.2422,74.66,74.63,15.31
230,161,13,33.75,73.63,24.02,57.4,24.14,67.42,1,0.1739,0,0.2422,74.66,74.64,15.09
231,161,14,34.75,70.84,24.02,55.75,24.11,67.29,1,0.1732,0,0.2422,74.66,74.64,14.64
232,161,15,36.01,66.54,24.03,55.78,24.1,67.16,1,0.1726,0,0.2422,74.66,74.64,14.65
233,161,16,36.02,66.34,23.92,55.97,24.06,67.04,1,0.1719,0,0.2422,74.67,74.65,14.6
234,161,17,35.76,71.74,24.7,56.79,24.19,66.92,0,0.1712,0,0.2422,74.55,74.63,15.55
235,161,18,34.71,74.73,25.42,58.4,24.43,66.83,0,0.1706,0,0.2422,74.45,74.59,16.67
236,161,19,35.4,78.74,26.18,59.26,24.78,66.74,0,0.1699,0,0.2422,74.36,74.54,17.6
237,161,20,34.62,79.99,26.74,60.69,25.17,66.68,0,0.1692,0,0.2422,74.31,74.48,18.51
238,161,21,33.33,86.54,27.16,62.44,25.57,66.63,0,0.1686,0,0.2422,74.27,74.43,19.36
239,161,22,31.61,87.61,27.42,64.46,25.94,66.61,0,0.1679,0,0.2422,74.25,74.39,20.12
240,161,23,29.94,90.36,27.58,66.4,26.27,66.6,0,0.1672,0,0.2422,74.24,74.35,20.75
241,162,0,30.02,91.78,27.63,68.8,26.54,66.63,0,0.1666,0,0.2422,74.24,74.32,21.38
242,162,1,31.32,88.93,27.86,70.38,26.8,66.67,0,0.1659,0,0.2422,74.22,74.3,21.97
243,162,2,29.96,87.54,27.91,71.44,27.02,66.72,0,0.1652,0,0.2422,74.22,74.28,22.26
244,162,3,29.29,86.68,27.86,72.56,27.19,66.79,0,0.1646,0,0.2422,74.22,74.27,22.48
245,162,4,27.87,86.25,27.72,73.22,27.3,66.86,0,0.1639,0,0.2422,74.23,74.26,22.49
246,162,5,28.36,86.84,27.7,74.48,27.38,66.94,0,0.1632,0,0.2422,74.23,74.26,22.75
247,162,6,28.29,92.18,27.61,75.41,27.42,67.04,0,0.1626,0,0.2422,74.24,74.25,22.87
248,162,7,28.52,82.25,27.54,75.89,27.45,67.14,0,0.1619,0,0.2422,74.24,74.25,22.9
249,162,8,29.71,78.12,27.66,76.42,27.49,67.24,0,0.1612,0,0.2422,74.24,74.25,23.14
250,162,9,30.23,73.43,25.64,69.14,27.12,67.26,1,0.1606,0,0.2422,74.42,74.27,19.56
251,162,10,32.32,74.19,24.77,64.27,26.65,67.23,1,0.1599,0,0.2422,74.54,74.31,17.57
252,162,11,32.41,76.53,24.35,60.83,26.19,67.16,1,0.1592,0,0.2422,74.6,74.36,16.31
253,162,12,31.39,72.52,24.12,58.99,25.78,67.06,1,0.1586,0,0.2422,74.64,74.41,15.61
254,162,13,30.97,71.48,24.17,57.86,25.46,66.96,1,0.1579,0,0.2422,74.63,74.44,15.35
255,162,14,32.38,68.01,24.15,57.44,25.19,66.86,1,0.1572,0,0.2422,74.64,74.48,15.22
256,162,15,32.32,70.64,24.03,56.22,24.96,66.74,1,0.1566,0,0.2422,74.65,74.51,14.78
257,162,16,31.69,70.06,23.93,55.96,24.76,66.62,1,0.1559,0,0.2422,74.67,74.54,14.61
258,162,17,31.59,67.09,24.47,56.58,24.7,66.51,0,0.1552,0,0.2422,74.58,74.55,15.29
259,162,18,30.92,69.41,24.93,57.92,24.74,66.41,0,0.1546,0,0.2422,74.52,74.54,16.08
260,162,19,30.26,71.36,25.21,58.7,24.84,66.33,0,0.1539,0,0.2422,74.48,74.53,16.55
261,162,20,28.91,74,25.42,59.85,24.95,66.25,0,0.1532,0,0.2422,74.45,74.51,17.05
262,162,21,27.09,75.89,25.47,60.7,25.06,66.19,0,0.1526,0,0.2422,74.44,74.5,17.32
263,162,22,25.87,77.17,25.36,61.73,25.12,66.14,0,0.1519,0,0.2422,74.46,74.49,17.48
264,162,23,26.19,82.14,25.31,63.39,25.16,66.11,0,0.1512,0,0.2422,74.46,74.48,17.86
265,163,0,26.99,81.81,25.27,64.63,25.18,66.1,0,0.1506,0,0.2422,74.47,74.48,18.13
266,163,1,24.93,83.26,25.16,65.78,25.17,66.09,0,0.1499,0,0.2422,74.48,74.48,18.31
267,163,2,23.65,86.62,24.91,66.9,25.12,66.1,0,0.1492,0,0.2422,74.52,74.49,18.33
268,163,3,23.85,86.91,24.66,68.43,25.03,66.13,0,0.1486,0,0.2422,74.55,74.5,18.46
269,163,4,24.44,90.81,24.53,69.75,24.93,66.17,0,0.1479,0,0.2422,74.57,74.51,18.64
270,163,5,24.14,99,24.36,71.46,24.82,66.23,0,0.1472,0,0.2422,74.6,74.53,18.86
271,163,6,26.53,92.54,24.48,72.5,24.75,66.3,0,0.1466,0,0.2422,74.58,74.54,19.21
272,163,7,27.51,91.57,24.63,73.62,24.73,66.38,0,0.1459,0,0.2422,74.56,74.54,19.61
273,163,8,27.73,88.46,24.78,75.13,24.74,66.47,0,0.1452,0,0.2422,74.54,74.54,20.08
274,163,9,28.37,83.63,24.37,67.62,24.66,66.49,1,0.1446,0,0.2422,74.6,74.55,17.99
275,163,10,29.12,78.15,24.11,63.12,24.55,66.45,1,0.1439,0,0.2422,74.64,74.57,16.66
276,163,11,29.71,75.14,24.03,60.2,24.45,66.38,1,0.1432,0,0.2422,74.65,74.59,15.84
277,163,12,29.76,69.17,23.98,58.08,24.36,66.29,1,0.1426,0,0.2422,74.66,74.6,15.24
278,163,13,29.03,65.01,23.96,57.22,24.28,66.19,1,0.1419,0,0.2422,74.67,74.61,14.98
279,163,14,28.7,62.24,23.92,56.75,24.21,66.08,1,0.1412,0,0.2422,74.67,74.63,14.82
280,163,15,28.83,65,23.97,56.01,24.16,65.97,1,0.1406,0,0.2422,74.66,74.63,14.66
281,163,16,28.72,67.73,23.87,55.67,24.1,65.86,1,0.1399,0,0.2422,74.68,74.64,14.47
282,163,17,27.7,68.83,24.06,56.54,24.09,65.75,0,0.1392,0,0.2422,74.65,74.64,14.89
283,163,18,30.1,75.45,24.42,57.46,24.16,65.66,0,0.1386,0,0.2422,74.59,74.63,15.48
284,163,19,29.23,77.25,24.76,58.91,24.28,65.59,0,0.1379,0,0.2422,74.54,74.61,16.19
285,163,20,28.28,77.4,24.99,60.01,24.42,65.52,0,0.1372,0,0.2422,74.51,74.59,16.69
286,163,21,28.29,81.24,25.11,61.65,24.56,65.48,0,0.1366,0,0.2422,74.49,74.57,17.23
287,163,22,26.78,81.82,25.21,62.56,24.69,65.45,0,0.1359,0,0.2422,74.48,74.55,17.56
288,163,23,25.5,82.91,25.17,63.81,24.79,65.43,0,0.1352,0,0.2422,74.48,74.54,17.84
289,164,0,25.17,86.15,25.1,64.82,24.85,65.42,0,0.1346,0,0.2422,74.49,74.53,18.02
290,164,1,25.62,89.38,24.94,66.38,24.87,65.43,0,0.1339,0,0.2422,74.51,74.52,18.24
291,164,2,25.21,91.69,24.93,67.63,24.88,65.46,0,0.1332,0,0.2422,74.52,74.52,18.53
292,164,3,26.54,87.82,24.92,69.29,24.89,65.5,0,0.1326,0,0.2422,74.52,74.52,18.91
293,164,4,26.61,91.69,24.93,71.26,24.9,65.56,0,0.1319,0,0.2422,74.51,74.52,19.37
294,164,5,26.75,90.31,25.08,73.01,24.93,65.65,0,0.1312,0,0.2422,74.49,74.51,19.9
295,164,6,27.58,87.95,25.08,74.54,24.96,65.75,0,0.1306,0,0.2422,74.49,74.51,20.24
296,164,7,30,87.97,25.36,75.57,25.04,65.86,0,0.1299,0,0.2422,74.46,74.5,20.73
297,164,8,30.12,86.63,25.7,77.04,25.17,65.98,0,0.1292,0,0.2422,74.41,74.48,21.37
298,164,9,31.14,83.2,24.77,69.83,25.09,66.02,1,0.1286,0,0.2422,74.54,74.49,18.89
299,164,10,32.4,76.6,24.36,63.83,24.95,66,1,0.1279,0,0.2422,74.6,74.51,17.07
300,164,11,33.42,73.08,24.21,60.79,24.8,65.94,1,0.1272,0,0.2422,74.62,74.53,16.16
301,164,12,34.04,72.12,24.12,58.68,24.66,65.86,1,0.1266,0,0.2422,74.64,74.55,15.52
302,164,13,34.47,69.6,24.04,56.66,24.54,65.76,1,0.1259,0,0.2422,74.65,74.57,14.9
303,164,14,34.36,70.39,24.03,55.91,24.44,65.65,1,0.1252,0,0.2422,74.65,74.59,14.69
304,164,15,33.07,70.07,24,55.79,24.35,65.54,1,0.1246,0,0.2422,74.66,74.6,14.62
305,164,16,34.63,69.94,24.03,55.61,24.28,65.43,1,0.1239,0,0.2422,74.66,74.61,14.6
306,164,17,34.35,72.29,24.7,56.84,24.37,65.33,0,0.1232,0,0.2422,74.55,74.6,15.57
307,164,18,33.85,74.35,25.34,57.64,24.56,65.25,0,0.1226,0,0.2422,74.46,74.57,16.39
308,164,19,32.54,71.41,25.79,58.61,24.81,65.17,0,0.1219,0,0.2422,74.4,74.53,17.07
309,164,20,30.98,76.64,26.07,60.03,25.06,65.12,0,0.1212,0,0.2422,74.37,74.5,17.71
310,164,21,30.08,77,26.37,61.07,25.32,65.07,0,0.1206,0,0.2422,74.34,74.46,18.27
311,164,22,29.59,79.38,26.55,61.99,25.57,65.04,0,0.1199,0,0.2422,74.32,74.43,18.67
312,164,23,28.71,84.88,26.63,63.43,25.78,65.02,0,0.1192,0,0.2422,74.32,74.4,19.12
313,165,0,27.57,85.77,26.64,65.01,25.95,65.02,0,0.1185,0,0.2422,74.32,74.39,19.52
314,165,1,26.83,87.04,26.63,66.35,26.09,65.03,0,0.1179,0,0.2422,74.32,74.37,19.84
315,165,2,25.94,88.45,26.45,67.79,26.16,65.06,0,0.1172,0,0.2422,74.33,74.36,20.02
316,165,3,24.91,90.81,26.24,69.53,26.18,65.11,0,0.1165,0,0.2422,74.35,74.36,20.23
317,165,4,25.37,90.8,26.09,70.66,26.16,65.18,0,0.1159,0,0.2422,74.37,74.36,20.34
318,165,5,25.81,87.91,25.92,71.91,26.11,65.25,0,0.1152,0,0.2422,74.39,74.37,20.47
319,165,6,27.41,89.33,25.97,73.78,26.08,65.35,0,0.1145,0,0.2422,74.38,74.37,20.93
320,165,7,27.59,87.09,26.02,74.73,26.07,65.45,0,0.1139,0,0.2422,74.38,74.37,21.18
321,165,8,28.99,86.24,26.13,75.57,26.08,65.56,0,0.1132,0,0.2422,74.37,74.37,21.48
322,165,9,29.38,83.34,25.07,69.15,25.88,65.6,1,0.1125,0,0.2422,74.5,74.39,19.02
323,165,10,30.44,78.98,24.52,64.38,25.61,65.59,1,0.1119,0,0.2422,74.57,74.43,17.36
324,165,11,32.91,75.43,24.29,61.26,25.35,65.54,1,0.1112,0,0.2422,74.61,74.46,16.36
325,165,12,32.22,77.04,24.24,58.97,25.12,65.47,1,0.1105,0,0.2422,74.62,74.49,15.71
326,165,13,32.38,76.17,24.1,57.52,24.92,65.38,1,0.1099,0,0.2422,74.64,74.52,15.19
327,165,14,31.59,74,24.04,56.8,24.74,65.28,1,0.1092,0,0.2422,74.65,74.54,14.94
328,165,15,33.13,70.42,23.99,56.11,24.59,65.18,1,0.1085,0,0.2422,74.66,74.56,14.7
329,165,16,33.89,71.3,23.9,55.85,24.45,65.08,1,0.1079,0,0.2422,74.68,74.59,14.55
330,165,17,34.07,71.89,24.66,57.06,24.49,64.99,0,0.1072,0,0.2422,74.55,74.58,15.59
331,165,18,33.34,74.81,25.29,58.46,24.65,64.92,0,0.1065,0,0.2422,74.46,74.55,16.57
332,165,19,33.84,74.27,25.84,59.73,24.89,64.86,0,0.1059,0,0.2422,74.4,74.52,17.41
333,165,20,32.05,76.21,26.35,60.75,25.18,64.81,0,0.1052,0,0.2422,74.34,74.48,18.16
334,165,21,31.68,78.33,26.73,61.58,25.49,64.78,0,0.1045,0,0.2422,74.31,74.44,18.73
335,165,22,31.05,83.58,26.95,63.31,25.78,64.76,0,0.1039,0,0.2422,74.29,74.4,19.38
336,165,23,29.36,88.45,26.96,64.97,26.02,64.76,0,0.1032,0,0.2422,74.29,74.38,19.81
337,166,0,26.93,88.27,26.89,66.8,26.19,64.79,0,0.1025,0,0.2422,74.29,74.36,20.19
338,166,1,25.79,88.61,26.71,68.4,26.3,64.83,0,0.1019,0,0.2422,74.31,74.35,20.41
339,166,2,26.86,88.15,26.56,69.64,26.35,64.88,0,0.1012,0,0.2422,74.32,74.34,20.56
340,166,3,26.47,91.41,26.49,70.88,26.38,64.95,0,0.1005,0,0.2422,74.33,74.34,20.77
341,166,4,27.2,92.73,26.45,72.63,26.39,65.03,0,0.0999,0,0.2422,74.33,74.34,21.13
342,166,5,26.04,99,26.2,74.28,26.35,65.13,0,0.0992,0,0.2422,74.36,74.34,21.27
343,166,6,28.43,88.79,26.32,75.28,26.35,65.25,0,0.0985,0,0.2422,74.35,74.34,21.59
344,166,7,29.42,88.79,26.53,76.27,26.38,65.37,0,0.0979,0,0.2422,74.33,74.34,22.01
345,166,8,30.86,86.5,26.77,77,26.46,65.5,0,0.0972,0,0.2422,74.3,74.33,22.4
346,166,9,32,82.06,27.03,77.38,26.57,65.63,0,0.0965,0,0.2422,74.28,74.32,22.73
347,166,10,32.1,81.72,27.31,77.69,26.72,65.76,0,0.0959,0,0.2422,74.26,74.31,23.07
348,166,11,32.74,78.29,27.63,77.6,26.9,65.9,0,0.0952,0,0.2422,74.24,74.29,23.36
349,166,12,34.9,76.68,28.15,77.86,27.15,66.03,0,0.0945,0,0.2422,74.21,74.27,23.92
350,166,13,34.94,70.92,28.62,77.1,27.45,66.15,0,0.0939,0,0.2422,74.19,74.25,24.22
351,166,14,35.32,69.16,29.05,76.75,27.77,66.27,0,0.0932,0,0.2422,74.18,74.23,24.55
352,166,15,35.74,69.52,29.55,76.91,28.12,66.39,0,0.0925,0,0.2422,74.17,74.21,25.07
353,166,16,35.22,68.89,29.9,76.65,28.48,66.5,0,0.0919,0,0.2422,74.16,74.19,25.36
354,166,17,35.05,67.48,30.15,75.98,28.81,66.61,0,0.0912,0,0.2422,74.16,74.18,25.45
355,166,18,35.57,68.33,30.45,75.88,29.14,66.71,0,0.0905,0,0.2422,74.17,74.17,25.72
356,166,19,34.27,71.86,30.6,76.14,29.43,66.82,0,0.0899,0,0.2422,74.17,74.17,25.92
357,166,20,33.72,73.65,30.8,76.48,29.71,66.92,0,0.0892,0,0.2422,74.17,74.16,26.19
358,166,21,32.44,80.13,30.74,76.61,29.91,67.03,0,0.0885,0,0.2422,74.17,74.16,26.15
359,166,22,30.97,84.2,30.62,77.07,30.05,67.14,0,0.0879,0,0.2422,74.17,74.16,26.14
360,166,23,31.36,88.84,30.59,78.18,30.16,67.26,0,0.0872,0,0.2422,74.17,74.16,26.36
361,167,0,31,91.94,30.5,78.99,30.23,67.39,0,0.0865,0,0.2422,74.17,74.16,26.44
362,167,1,29.6,93.38,30.31,79.74,30.25,67.53,0,0.0859,0,0.2422,74.16,74.16,26.42
363,167,2,28.08,93.13,30.12,81.06,30.22,67.68,0,0.0932,0,0.2483,74.16,74.16,26.51
364,167,3,26.67,92.4,29.87,81.72,30.15,67.84,0,0.1026,0,0.2567,74.16,74.16,26.4
365,167,4,25.09,92.93,29.43,82.09,30,68,0,0.1131,0,0.2663,74.17,74.16,26.05
366,167,5,26.2,94.71,29.05,83.28,29.81,68.17,0,0.1269,0,0.2809,74.18,74.16,25.92
367,167,6,26.97,95.17,28.77,83.93,29.6,68.34,0,0.1426,0,0.2973,74.18,74.17,25.78
368,167,7,28.06,93.78,28.55,84.67,29.39,68.52,0,0.1605,0,0.3157,74.19,74.17,25.72
369,167,8,29.89,93.34,28.6,85.76,29.23,68.71,0,0.1823,0,0.3372,74.19,74.17,25.98
370,167,9,31.4,88.82,25.93,74.79,28.57,68.78,1,0.181,0,0.3372,74.39,74.19,21.11
371,167,10,31.49,84.47,24.85,67.7,27.83,68.77,1,0.1797,0,0.3372,74.53,74.23,18.47
372,167,11,30.63,78.36,24.37,63.47,27.14,68.71,1,0.1783,0,0.3372,74.6,74.27,16.99
373,167,12,31.3,80.04,24.11,60.27,26.53,68.62,1,0.177,0,0.3372,74.64,74.33,15.93
374,167,13,30.87,76.35,24.08,58.78,26.04,68.51,1,0.1757,0,0.3372,74.65,74.38,15.51
375,167,14,30.89,71.22,24.05,57.75,25.64,68.39,1,0.1744,0,0.3372,74.65,74.42,15.2
376,167,15,30.73,74.37,23.96,56.74,25.31,68.26,1,0.1744,0,0.3372,74.67,74.46,14.85
377,167,16,29.92,73.92,24,56.2,25.04,68.13,1,0.1744,0,0.3372,74.66,74.5,14.74
378,167,17,31.71,78.2,24.49,57.5,24.93,68.01,0,0.1744,0,0.3372,74.58,74.51,15.56
379,167,18,31.27,79.9,25,58.67,24.95,67.9,0,0.1744,0,0.3372,74.5,74.51,16.35
380,167,19,30.32,81.76,25.34,60.48,25.03,67.82,0,0.1744,0,0.3372,74.46,74.5,17.15
381,167,20,29.18,85.53,25.5,62.24,25.12,67.76,0,0.1744,0,0.3372,74.44,74.49,17.75
382,167,21,27.93,87.15,25.55,64.17,25.21,67.72,0,0.1744,0,0.3372,74.43,74.48,18.28
383,167,22,26.69,90.3,25.65,65.68,25.3,67.7,0,0.1744,0,0.3372,74.42,74.46,18.75
384,167,23,25.32,96.76,25.52,67.7,25.34,67.7,0,0.1744,0,0.3372,74.44,74.46,19.11
385,168,0,22.41,99,25.21,69.71,25.31,67.72,0,0.1744,0,0.3372,74.48,74.46,19.28
386,168,1,22.36,99,24.97,71.71,25.25,67.76,0,0.1744,0,0.3372,74.51,74.47,19.51
387,168,2,23.1,98,24.72,73.29,25.14,67.82,0,0.1744,0,0.3372,74.54,74.49,19.62
388,168,3,24.04,95.63,24.52,74.36,25.02,67.9,0,0.1744,0,0.3372,74.58,74.5,19.66
389,168,4,23.71,94.05,24.37,76.32,24.89,67.99,0,0.1744,0,0.3372,74.6,74.52,19.94
390,168,5,24.26,89.64,24.27,77.34,24.76,68.09,0,0.1744,0,0.3372,74.62,74.54,20.05
391,168,6,24.13,81.95,24.19,77.61,24.65,68.2,0,0.1744,0,0.3372,74.63,74.56,20.03
392,168,7,25.33,78.47,24.14,78.47,24.55,68.31,0,0.1744,0,0.3372,74.64,74.57,20.16
393,168,8,26.03,76.06,24.22,78.27,24.48,68.42,0,0.1744,0,0.3372,74.62,74.58,20.2
394,168,9,26.42,74.08,24.09,70.01,24.4,68.44,1,0.1737,0,0.3372,74.64,74.59,18.28
395,168,10,26.92,70.71,24.01,65.29,24.32,68.41,1,0.173,0,0.3372,74.66,74.61,17.1
396,168,11,28.71,66.76,24.01,61.76,24.26,68.33,1,0.1724,0,0.3372,74.66,74.62,16.22
397,168,12,30.12,63.67,24.02,60.04,24.21,68.24,1,0.1717,0,0.3372,74.66,74.62,15.79
398,168,13,32.81,60.42,24.04,58.12,24.18,68.13,1,0.171,0,0.3372,74.65,74.63,15.3
399,168,14,32.31,60.01,24.07,56.97,24.16,68.01,1,0.1704,0,0.3372,74.65,74.63,15.01
400,168,15,33.97,62.87,23.99,56.2,24.12,67.87,1,0.1697,0,0.3372,74.66,74.64,14.73
401,168,16,34.06,63.69,24.02,55.8,24.1,67.74,1,0.169,0,0.3372,74.66,74.64,14.65
402,168,17,33.4,64.33,24.58,56.1,24.2,67.61,0,0.1684,0,0.3372,74.57,74.63,15.26
403,168,18,33.55,65.36,25.26,56.74,24.41,67.49,0,0.1677,0,0.3372,74.47,74.59,16.07
404,168,19,33.03,67.66,25.75,57.84,24.68,67.38,0,0.167,0,0.3372,74.41,74.55,16.82
405,168,20,31.83,71.36,26.13,58.66,24.97,67.29,0,0.1664,0,0.3372,74.37,74.51,17.4
406,168,21,30.28,72.64,26.37,59.45,25.25,67.2,0,0.1657,0,0.3372,74.34,74.47,17.84
407,168,22,28.5,79.38,26.41,60.6,25.48,67.13,0,0.165,0,0.3372,74.34,74.44,18.18
408,168,23,27.22,84.99,26.39,62.18,25.66,67.07,0,0.1644,0,0.3372,74.34,74.42,18.57
409,169,0,26.27,82.01,26.27,63.92,25.78,67.04,0,0.1637,0,0.3372,74.35,74.4,18.9
410,169,1,24.42,88.92,25.98,65.81,25.82,67.02,0,0.163,0,0.3372,74.38,74.4,19.09
411,169,2,26.07,81.34,25.87,66.66,25.83,67.02,0,0.1624,0,0.3372,74.4,74.4,19.19
412,169,3,25.37,85.03,25.8,67.4,25.83,67.02,0,0.1617,0,0.3372,74.4,74.4,19.3
413,169,4,25.72,85.57,25.64,68.84,25.79,67.04,0,0.161,0,0.3372,74.42,74.4,19.49
414,169,5,26.68,84.89,25.64,69.44,25.76,67.07,0,0.1604,0,0.3372,74.42,74.41,19.63
415,169,6,26.42,84.04,25.58,70.51,25.72,67.11,0,0.1597,0,0.3372,74.43,74.41,19.82
416,169,7,27.95,80.17,25.63,71.33,25.7,67.15,0,0.159,0,0.3372,74.42,74.41,20.05
417,169,8,28.19,79.05,25.75,72.17,25.71,67.21,0,0.1584,0,0.3372,74.41,74.41,20.36
418,169,9,31.04,75.83,24.73,66.08,25.52,67.2,1,0.1577,0,0.3372,74.54,74.44,17.97
419,169,10,30.77,72.15,24.34,61.92,25.28,67.14,1,0.157,0,0.3372,74.6,74.47,16.57
420,169,11,31.26,68.82,24.14,59.03,25.05,67.05,1,0.1563,0,0.3372,74.64,74.5,15.63
421,169,12,32.28,65.61,24.08,58.16,24.86,66.95,1,0.1557,0,0.3372,74.65,74.53,15.34
422,169,13,33.63,64.95,24.1,56.91,24.7,66.84,1,0.155,0,0.3372,74.64,74.55,15.02
423,169,14,33.75,67.58,24.07,55.81,24.58,66.72,1,0.1543,0,0.3372,74.65,74.57,14.69
424,169,15,34.57,67.79,24,55.53,24.46,66.59,1,0.1537,0,0.3372,74.66,74.58,14.56
425,169,16,34.25,67.72,24.03,54.48,24.38,66.46,1,0.153,0,0.3372,74.65,74.6,14.29
426,169,17,33.41,69.65,24.69,55.39,24.44,66.33,0,0.1523,0,0.3372,74.55,74.59,15.16
427,169,18,33.24,71.36,25.3,56.35,24.61,66.22,0,0.1517,0,0.3372,74.46,74.56,15.99
428,169,19,32.83,73.95,25.79,58.06,24.85,66.13,0,0.151,0,0.3372,74.4,74.53,16.92
429,169,20,31.95,72.6,26.15,58.98,25.11,66.05,0,0.1503,0,0.3372,74.36,74.49,17.5
430,169,21,31.03,74.35,26.48,60.28,25.38,65.99,0,0.1497,0,0.3372,74.33,74.45,18.16
431,169,22,30.11,78.76,26.62,61.14,25.63,65.93,0,0.149,0,0.3372,74.32,74.42,18.52
432,169,23,28.93,83.66,26.67,62.4,25.84,65.9,0,0.1483,0,0.3372,74.31,74.4,18.89
433,170,0,27.53,85,26.61,64.39,25.99,65.88,0,0.1477,0,0.3372,74.32,74.38,19.34
434,170,1,26.42,86.83,26.49,66.11,26.09,65.88,0,0.147,0,0.3372,74.33,74.37,19.65
435,170,2,25.33,86.24,26.31,67.47,26.14,65.9,0,0.1463,0,0.3372,74.35,74.37,19.8
436,170,3,26.62,88.88,26.2,68.95,26.15,65.93,0,0.1457,0,0.3372,74.36,74.36,20.06
437,170,4,27.16,90.71,26.11,70.6,26.14,65.98,0,0.145,0,0.3372,74.37,74.36,20.35
438,170,5,26.95,88.63,26.13,71.75,26.14,66.05,0,0.1443,0,0.3372,74.37,74.37,20.63
439,170,6,27.95,86.77,26.11,72.61,26.13,66.12,0,0.1437,0,0.3372,74.37,74.37,20.81
440,170,7,27.5,80.95,26.17,72.94,26.14,66.2,0,0.143,0,0.3372,74.36,74.36,20.93
441,170,8,29.5,77.2,26.4,72.93,26.19,66.27,0,0.1423,0,0.3372,74.34,74.36,21.15
442,170,9,28.87,85.26,25.16,66.59,25.99,66.28,1,0.1417,0,0.3372,74.48,74.38,18.5
443,170,10,30.49,72.92,24.52,62.38,25.69,66.23,1,0.141,0,0.3372,74.58,74.42,16.86
444,170,11,31.98,69.71,24.19,59.55,25.39,66.16,1,0.1403,0,0.3372,74.63,74.45,15.82
445,170,12,32.98,67.65,23.97,58.34,25.11,66.07,1,0.1397,0,0.3372,74.66,74.49,15.3
446,170,13,33.3,67.91,24.07,57.13,24.9,65.97,1,0.139,0,0.3372,74.65,74.52,15.06
447,170,14,31.03,78.49,23.99,56.54,24.72,65.87,1,0.1383,0,0.3372,74.66,74.55,14.82
448,170,15,31.25,72.14,23.96,55.62,24.57,65.75,1,0.1377,0,0.3372,74.67,74.57,14.54
449,170,16,31.11,73.55,23.92,55.19,24.44,65.64,1,0.137,0,0.3372,74.67,74.59,14.39
450,170,17,29.39,74.84,24.26,56.58,24.4,65.54,0,0.1363,0,0.3372,74.62,74.59,15.09
451,170,18,30.03,72.97,24.54,57.86,24.43,65.45,0,0.1357,0,0.3372,74.57,74.59,15.69
452,170,19,27.46,74.45,24.62,59.09,24.47,65.38,0,0.135,0,0.3372,74.56,74.58,16.1
453,170,20,26.28,89.32,24.6,60.89,24.49,65.33,0,0.1343,0,0.3372,74.56,74.58,16.55
454,170,21,26.69,81.91,24.71,62.23,24.54,65.3,0,0.1337,0,0.3372,74.55,74.57,17
455,170,22,25.07,88.17,24.69,64.18,24.57,65.28,0,0.133,0,0.3372,74.55,74.57,17.47
456,170,23,23.55,92.34,24.37,65.72,24.53,65.29,0,0.1323,0,0.3372,74.6,74.57,17.55
457,171,0,21.19,94.3,24.03,67.46,24.43,65.31,0,0.1317,0,0.3372,74.65,74.59,17.63
458,171,1,22.33,97.62,23.77,69.73,24.3,65.36,0,0.131,0,0.3372,74.7,74.61,17.91
459,171,2,21.58,97.25,23.47,71.79,24.13,65.43,0,0.1303,0,0.3372,74.75,74.64,18.09
460,171,3,21.36,96.66,23.23,73.17,23.95,65.52,0,0.1297,0,0.3372,74.8,74.67,18.16
461,171,4,19.56,99,22.86,74.44,23.73,65.62,0,0.129,0,0.3372,74.87,74.71,18.08
462,171,5,19.87,93.18,22.5,76.19,23.49,65.73,0,0.1283,0,0.3372,74.95,74.75,18.09
463,171,6,21.42,88.83,22.25,77.11,23.24,65.86,0,0.1277,0,0.3372,75.01,74.8,18.05
464,171,7,22.5,84.11,22.2,77.54,23.03,65.99,0,0.127,0,0.3372,75.02,74.84,18.09
465,171,8,22.7,81.75,22.1,77.57,22.84,66.12,0,0.1263,0,0.3372,75.04,74.88,17.99
466,171,9,24.12,79.46,23.11,69.83,22.9,66.16,1,0.1257,0,0.3372,74.82,74.87,17.3
467,171,10,25,78.12,23.6,64.84,23.04,66.15,1,0.125,0,0.3372,74.73,74.84,16.6
468,171,11,26.25,75.65,23.88,61.57,23.21,66.1,1,0.1243,0,0.3372,74.68,74.81,16.05
469,171,12,27.92,70.08,23.9,59.15,23.34,66.02,1,0.1237,0,0.3372,74.68,74.78,15.44
470,171,13,28.9,68.35,23.92,57.67,23.46,65.93,1,0.123,0,0.3372,74.67,74.76,15.06
471,171,14,28.73,70.2,24.02,56.59,23.57,65.82,1,0.1223,0,0.3372,74.66,74.74,14.87
472,171,15,30.28,68.54,23.98,55.99,23.65,65.71,1,0.1217,0,0.3372,74.66,74.72,14.66
473,171,16,30.43,69.04,23.99,55.86,23.72,65.6,1,0.121,0,0.3372,74.66,74.71,14.64
474,171,17,30.68,72.26,24.49,56.58,23.87,65.5,0,0.1203,0,0.3372,74.58,74.68,15.3
475,171,18,29.92,72.28,24.9,57.84,24.08,65.42,0,0.1197,0,0.3372,74.52,74.65,16.03
476,171,19,29.15,76.85,25.12,59.07,24.29,65.35,0,0.119,0,0.3372,74.49,74.61,16.56
477,171,20,29.3,82.6,25.34,60.22,24.5,65.29,0,0.1183,0,0.3372,74.46,74.58,17.08
478,171,21,27.23,92.61,25.44,62.16,24.69,65.26,0,0.1177,0,0.3372,74.45,74.55,17.67
479,171,22,28.59,90.79,25.49,63.88,24.85,65.24,0,0.117,0,0.3372,74.44,74.53,18.15
480,171,23,26.43,94.65,25.56,65.61,24.99,65.24,0,0.1163,0,0.3372,74.43,74.51,18.65
481,172,0,25.72,97.49,25.48,68.3,25.09,65.28,0,0.1157,0,0.3372,74.44,74.49,19.21
482,172,1,24.33,94.94,25.24,70.14,25.12,65.33,0,0.115,0,0.3372,74.47,74.49,19.41
483,172,2,24.19,98,25.11,72.05,25.12,65.41,0,0.1143,0,0.3372,74.49,74.49,19.72
484,172,3,24.76,98,24.86,73.94,25.07,65.5,0,0.1137,0,0.3372,74.52,74.5,19.89
485,172,4,24.35,95.78,24.7,75.24,24.99,65.61,0,0.113,0,0.3372,74.55,74.51,20.03
486,172,5,24.31,92.44,24.55,76.31,24.9,65.73,0,0.1123,0,0.3372,74.57,74.52,20.11
487,172,6,24.45,89.15,24.4,77.12,24.8,65.86,0,0.1117,0,0.3372,74.59,74.53,20.13
488,172,7,24.89,84.03,24.28,77.32,24.7,65.98,0,0.111,0,0.3372,74.61,74.55,20.06
489,172,8,27.47,83.53,24.45,77.89,24.65,66.12,0,0.1103,0,0.3372,74.59,74.56,20.34
490,172,9,28.5,79.61,24.2,69.3,24.56,66.15,1,0.1097,0,0.3372,74.63,74.57,18.22
491,172,10,29.89,76.43,24.06,64.19,24.46,66.13,1,0.109,0,0.3372,74.65,74.58,16.87
492,172,11,31.7,74.7,24.05,61.33,24.38,66.08,1,0.1083,0,0.3372,74.65,74.6,16.15
493,172,12,32.01,71.31,23.93,59.65,24.29,66,1,0.1077,0,0.3372,74.67,74.61,15.6
494,172,13,32.01,70.2,24.09,58.34,24.25,65.92,1,0.107,0,0.3372,74.65,74.62,15.4
495,172,14,32.78,71.93,23.98,57.48,24.2,65.82,1,0.1063,0,0.3372,74.66,74.63,15.07
496,172,15,30.68,71.99,23.9,56.99,24.14,65.73,1,0.1057,0,0.3372,74.68,74.64,14.87
497,172,16,31.93,71.35,24,56.45,24.11,65.62,1,0.105,0,0.3372,74.66,74.64,14.81
498,172,17,30.49,68.84,24.41,57.09,24.17,65.53,0,0.1043,0,0.3372,74.59,74.63,15.37
499,172,18,31.32,74,24.82,57.99,24.3,65.45,0,0.1037,0,0.3372,74.53,74.61,16
500,172,19,31.11,76.23,25.27,58.89,24.49,65.37,0,0.103,0,0.3372,74.47,74.58,16.66
501,172,20,29.65,78.72,25.49,60.3,24.69,65.32,0,0.1023,0,0.3372,74.44,74.55,17.24
502,172,21,28.55,79,25.65,61.84,24.88,65.28,0,0.1017,0,0.3372,74.42,74.52,17.79
503,172,22,27.52,84.6,25.62,63.5,25.03,65.26,0,0.101,0,0.3372,74.42,74.5,18.18
504,172,23,26.44,88.89,25.62,65.59,25.15,65.26,0,0.1003,0,0.3372,74.42,74.48,18.69
505,173,0,26.76,89.59,25.6,67.01,25.24,65.28,0,0.0997,0,0.3372,74.43,74.47,19.02
506,173,1,27.19,91.27,25.61,68.59,25.31,65.32,0,0.099,0,0.3372,74.43,74.46,19.4
507,173,2,25.83,90.45,25.47,69.96,25.34,65.37,0,0.0983,0,0.3372,74.44,74.46,19.59
508,173,3,26.96,93.78,25.41,71.59,25.36,65.44,0,0.0977,0,0.3372,74.45,74.46,19.91
509,173,4,28.14,93.55,25.57,73.44,25.4,65.53,0,0.097,0,0.3372,74.43,74.45,20.47
510,173,5,28.57,98,25.75,74.96,25.47,65.63,0,0.0963,0,0.3372,74.41,74.44,20.97
511,173,6,28.93,98,25.98,77.15,25.57,65.76,0,0.0957,0,0.3372,74.38,74.43,21.67
512,173,7,29.1,96.67,26.12,78.98,25.68,65.91,0,0.095,0,0.3372,74.37,74.42,22.18
513,173,8,28.78,92.13,26.28,80.12,25.8,66.06,0,0.0984,0,0.3372,74.35,74.4,22.58
514,173,9,28.81,86.61,26.51,79.89,25.94,66.22,0,0.0971,0,0.3372,74.33,74.39,22.75
515,173,10,30.55,82.55,26.79,80.31,26.11,66.37,0,0.1013,0,0.3382,74.3,74.37,23.11
516,173,11,30.88,82.03,26.99,80.61,26.29,66.53,0,0.1066,0,0.3408,74.29,74.35,23.37
517,173,12,30.6,81.02,27.07,80.81,26.44,66.69,0,0.1125,0,0.3442,74.28,74.33,23.49
518,173,13,32.05,81.83,27.41,80.43,26.64,66.84,0,0.117,0,0.3457,74.25,74.32,23.74
519,173,14,33.13,83.17,27.75,80.52,26.86,67,0,0.1219,0,0.3477,74.23,74.3,24.1
520,173,15,31.9,91.73,28,81.71,27.09,67.16,0,0.1308,0,0.355,74.22,74.28,24.58
521,173,16,32.41,81.62,28.19,81.77,27.31,67.32,0,0.1398,0,0.3625,74.21,74.26,24.78
522,173,17,30.91,81.27,28.32,82.13,27.51,67.49,0,0.1499,0,0.3712,74.2,74.25,24.97
523,173,18,30.9,81.51,28.37,82.13,27.68,67.65,0,0.1599,0,0.38,74.2,74.24,25.02
524,173,19,29.44,83.37,28.38,82.08,27.82,67.81,0,0.1698,0,0.3884,74.2,74.23,25.03
525,173,20,29.43,86.52,28.39,82.33,27.94,67.97,0,0.1804,0,0.3978,74.2,74.22,25.09
526,173,21,29.1,87.5,28.31,82.76,28.01,68.14,0,0.1922,0,0.4097,74.2,74.22,25.1
527,173,22,29.06,91.11,28.29,83.32,28.07,68.3,0,0.2057,0,0.4236,74.2,74.21,25.19
528,173,23,26.41,93.49,28.08,84.23,28.07,68.48,0,0.2219,0,0.4401,74.21,74.21,25.17
529,174,0,26.52,93.83,27.79,85.24,28.02,68.67,0,0.2414,0,0.4596,74.23,74.22,25.09
530,174,1,24.39,96.07,27.4,86.41,27.89,68.86,0,0.265,0,0.4822,74.25,74.22,24.93
531,174,2,25.58,96.77,27.21,86.91,27.76,69.06,0,0.2905,0,0.5061,74.27,74.23,24.84
532,174,3,24.18,98,26.82,87.69,27.57,69.27,0,0.3192,0,0.5321,74.3,74.24,24.61
533,174,4,25.42,98,26.66,88.42,27.39,69.48,0,0.3513,0,0.5601,74.31,74.25,24.59
534,174,5,24.86,99,26.31,89.26,27.17,69.7,0,0.3878,0,0.5903,74.35,74.27,24.4
535,174,6,26.66,95.09,26.19,89.75,26.98,69.93,0,0.4269,0,0.6218,74.36,74.29,24.37
536,174,7,26.79,89.24,26.16,90.12,26.81,70.15,0,0.4684,0,0.6542,74.36,74.3,24.41
537,174,8,27.43,87.07,26.12,89.84,26.67,70.37,0,0.5081,0,0.6858,74.37,74.31,24.32
538,174,9,30.19,80.29,24.92,78.05,26.32,70.46,1,0.5068,0,0.6858,74.52,74.35,20.83
539,174,10,31.08,79.37,24.38,70.48,25.93,70.46,1,0.5054,0,0.6858,74.6,74.39,18.66
540,174,11,31.97,75.46,24.16,65.06,25.58,70.4,1,0.5041,0,0.6858,74.63,74.43,17.18
541,174,12,32.11,73.37,24.03,61.6,25.27,70.3,1,0.5028,0,0.6858,74.66,74.47,16.19
542,174,13,32.89,75.75,23.95,58.8,25,70.17,1,0.5015,0,0.6858,74.67,74.5,15.4
543,174,14,32.67,75.63,24,58.04,24.8,70.04,1,0.5001,0,0.6858,74.66,74.53,15.24
544,174,15,32.54,68.15,24.03,57.15,24.65,69.89,1,0.5001,0,0.6858,74.66,74.56,15.02
545,174,16,32.35,64.71,24.03,56.91,24.52,69.75,1,0.5001,0,0.6858,74.65,74.57,14.96
546,174,17,31.8,62.35,24.5,57.3,24.52,69.61,0,0.5001,0,0.6858,74.58,74.58,15.51
547,174,18,31.3,64.63,24.97,57.68,24.61,69.48,0,0.5001,0,0.6858,74.51,74.56,16.05
548,174,19,29.44,71.75,25.29,58.58,24.75,69.36,0,0.5001,0,0.6858,74.47,74.54,16.59
549,174,20,26.95,83.84,25.42,60.19,24.88,69.25,0,0.5001,0,0.6858,74.45,74.52,17.14
550,174,21,26.34,76.79,25.38,61.23,24.98,69.17,0,0.5001,0,0.6858,74.45,74.51,17.37
551,174,22,25.48,82.21,25.26,63.29,25.04,69.1,0,0.5001,0,0.6858,74.47,74.5,17.79
552,174,23,24.21,88.67,25.15,65.12,25.06,69.06,0,0.5001,0,0.6858,74.48,74.5,18.14
553,175,0,22.63,92.45,24.86,66.95,25.02,69.03,0,0.5001,0,0.6858,74.52,74.5,18.31
554,175,1,22.09,97.13,24.55,68.74,24.93,69.03,0,0.5001,0,0.6858,74.57,74.52,18.43
555,175,2,21.31,94.03,24.18,70.31,24.78,69.04,0,0.5001,0,0.6858,74.63,74.54,18.43
556,175,3,21.72,96.38,23.93,71.88,24.61,69.07,0,0.5001,0,0.6858,74.67,74.56,18.55
557,175,4,22.99,93.93,23.76,73.36,24.44,69.12,0,0.5001,0,0.6858,74.7,74.59,18.71
558,175,5,23.27,94.58,23.71,74.88,24.29,69.19,0,0.5001,0,0.6858,74.71,74.61,18.99
559,175,6,24.36,92.57,23.63,76.03,24.16,69.26,0,0.5001,0,0.6858,74.72,74.63,19.16
560,175,7,23.94,99,23.55,77.27,24.04,69.35,0,0.5001,0,0.6858,74.74,74.65,19.33
561,175,8,26.57,89.24,23.63,77.35,23.96,69.44,0,0.5001,0,0.6858,74.73,74.67,19.43
562,175,9,28.33,88.95,23.8,69.78,23.92,69.44,1,0.4995,0,0.6858,74.69,74.67,17.95
563,175,10,29.53,83.31,23.87,65.06,23.91,69.4,1,0.4988,0,0.6858,74.68,74.67,16.91
564,175,11,29.4,79.41,23.93,61.61,23.92,69.31,1,0.4981,0,0.6858,74.67,74.67,16.11
565,175,12,30.15,76.94,23.97,59.32,23.93,69.2,1,0.4975,0,0.6858,74.66,74.67,15.55
566,175,13,31.05,79.62,24.09,57.74,23.96,69.07,1,0.4968,0,0.6858,74.64,74.67,15.25
567,175,14,32.19,80.61,24.05,56.75,23.98,68.93,1,0.4961,0,0.6858,74.65,74.66,14.94
568,175,15,31.75,78.68,23.93,56,23.97,68.79,1,0.4955,0,0.6858,74.67,74.66,14.62
569,175,16,32.39,81.99,24.07,55.79,23.99,68.65,1,0.4948,0,0.6858,74.65,74.66,14.69
570,175,17,31.11,83.89,24.6,57.27,24.11,68.52,0,0.4941,0,0.6858,74.56,74.64,15.59
571,175,18,28.75,92.81,24.85,59.78,24.26,68.42,0,0.4935,0,0.6858,74.53,74.62,16.5
572,175,19,29.41,87.71,25.11,61.83,24.43,68.35,0,0.4928,0,0.6858,74.49,74.59,17.27
573,175,20,28.97,90.99,25.27,63.68,24.6,68.3,0,0.4921,0,0.6858,74.47,74.56,17.9
574,175,21,28.55,95.55,25.37,66.05,24.75,68.27,0,0.4915,0,0.6858,74.46,74.54,18.57
575,175,22,26.38,98,25.32,67.51,24.87,68.26,0,0.4908,0,0.6858,74.46,74.52,18.88
576,175,23,26.61,98,25.3,69.44,24.95,68.28,0,0.4901,0,0.6858,74.46,74.51,19.3
577,176,0,26.65,98,25.37,71.39,25.04,68.31,0,0.4895,0,0.6858,74.45,74.5,19.82
578,176,1,25.25,97.99,25.26,73.4,25.08,68.37,0,0.4888,0,0.6858,74.47,74.49,20.16
579,176,2,25.14,97.93,25.16,75.13,25.1,68.44,0,0.4881,0,0.6858,74.48,74.49,20.44
580,176,3,24.91,98,25.06,77.17,25.09,68.54,0,0.4874,0,0.6858,74.5,74.49,20.78
581,176,4,25.55,98,24.99,79.23,25.07,68.66,0,0.4868,0,0.6858,74.51,74.5,21.14
582,176,5,26.05,98,25.01,80.64,25.06,68.79,0,0.4869,0,0.6858,74.5,74.5,21.45
583,176,6,25.28,98,24.89,82.04,25.02,68.94,0,0.4936,0,0.69,74.52,74.5,21.61
584,176,7,26.03,98,24.89,83.26,25,69.1,0,0.5046,0,0.7006,74.52,74.51,21.85
585,176,8,28.1,97.4,24.99,84.2,25,69.27,0,0.5187,0,0.7147,74.51,74.51,22.14
586,176,9,29.47,96.38,24.45,74.04,24.89,69.32,1,0.5174,0,0.7147,74.59,74.52,19.52
587,176,10,30.87,92.26,24.18,67.56,24.75,69.3,1,0.5161,0,0.7147,74.63,74.54,17.8
588,176,11,30.97,90.11,24.05,62.94,24.61,69.23,1,0.5148,0,0.7147,74.65,74.56,16.56
589,176,12,31.11,84.07,24.06,60.39,24.5,69.13,1,0.5134,0,0.7147,74.65,74.58,15.92
590,176,13,32.73,81.53,24.09,58.96,24.42,69.02,1,0.5121,0,0.7147,74.64,74.59,15.57
591,176,14,32.38,81.14,24,57.36,24.33,68.89,1,0.5108,0,0.7147,74.66,74.6,15.06
592,176,15,31.93,75.9,23.96,56.33,24.26,68.75,1,0.5108,0,0.7147,74.67,74.62,14.74
593,176,16,31.48,74.62,23.95,55.6,24.2,68.6,1,0.5108,0,0.7147,74.67,74.63,14.53
594,176,17,29.54,77.76,24.36,56.91,24.23,68.47,0,0.5108,0,0.7147,74.6,74.62,15.27
595,176,18,28.7,80.19,24.58,58.16,24.3,68.36,0,0.5108,0,0.7147,74.57,74.61,15.81
596,176,19,28.73,82.25,24.79,59.79,24.4,68.26,0,0.5108,0,0.7147,74.53,74.59,16.45
597,176,20,28.6,83.33,24.91,61.13,24.5,68.18,0,0.5108,0,0.7147,74.52,74.58,16.91
598,176,21,27.68,87.24,25.07,62.81,24.61,68.12,0,0.5108,0,0.7147,74.5,74.56,17.49
599,176,22,26.08,88.16,25.09,64.44,24.71,68.08,0,0.5108,0,0.7147,74.49,74.55,17.91
600,176,23,25.36,92.04,25.08,66.1,24.78,68.06,0,0.5108,0,0.7147,74.49,74.54,18.31
601,177,0,25.32,90.44,24.95,67.29,24.82,68.05,0,0.5108,0,0.7147,74.51,74.53,18.46
602,177,1,24.12,94.3,24.74,69.08,24.8,68.06,0,0.5108,0,0.7147,74.54,74.53,18.69
603,177,2,24.69,93.74,24.63,70.5,24.77,68.09,0,0.5108,0,0.7147,74.56,74.54,18.91
604,177,3,24.59,92.39,24.53,72.02,24.72,68.13,0,0.5108,0,0.7147,74.57,74.54,19.15
605,177,4,25.34,90.67,24.49,73.18,24.67,68.19,0,0.5108,0,0.7147,74.58,74.55,19.37
606,177,5,26.56,89.99,24.56,74.95,24.65,68.27,0,0.5108,0,0.7147,74.57,74.56,19.83
607,177,6,26.74,98.38,24.61,76.35,24.64,68.36,0,0.5108,0,0.7147,74.56,74.56,20.17
608,177,7,28.69,85.11,24.87,77.23,24.69,68.45,0,0.5108,0,0.7147,74.52,74.55,20.61
609,177,8,27.96,84.1,24.97,77.72,24.74,68.56,0,0.5108,0,0.7147,74.51,74.54,20.81
610,177,9,28.35,79.52,24.42,69.37,24.68,68.57,1,0.5101,0,0.7147,74.59,74.55,18.45
611,177,10,27.52,80.81,24.16,64.51,24.58,68.52,1,0.5094,0,0.7147,74.63,74.57,17.05
612,177,11,28.35,77.3,24.11,60.97,24.48,68.44,1,0.5088,0,0.7147,74.64,74.58,16.11
613,177,12,29.29,76.32,24.05,58.7,24.4,68.33,1,0.5081,0,0.7147,74.65,74.59,15.46
614,177,13,31.31,73.29,24.04,57.6,24.32,68.21,1,0.5074,0,0.7147,74.65,74.61,15.16
615,177,14,30.93,69.94,24.01,56.68,24.26,68.08,1,0.5068,0,0.7147,74.66,74.62,14.88
616,177,15,31.09,65.15,24,56.31,24.21,67.95,1,0.5061,0,0.7147,74.66,74.62,14.77
617,177,16,31.76,66.07,23.96,56.23,24.16,67.82,1,0.5054,0,0.7147,74.67,74.63,14.71
618,177,17,30.18,70.07,24.47,57.43,24.22,67.71,0,0.5048,0,0.7147,74.58,74.62,15.51
619,177,18,29.85,70.6,24.88,58.31,24.35,67.6,0,0.5041,0,0.7147,74.52,74.6,16.13
620,177,19,27.14,81.19,25.02,59.74,24.49,67.51,0,0.5034,0,0.7147,74.5,74.58,16.65
621,177,20,27.06,78.05,25.16,61.14,24.62,67.44,0,0.5028,0,0.7147,74.48,74.56,17.14
622,177,21,24.57,92.53,24.95,63.03,24.69,67.39,0,0.5021,0,0.7147,74.51,74.55,17.43
623,177,22,25.97,86.55,25,64.64,24.75,67.36,0,0.5014,0,0.7147,74.5,74.54,17.88
624,177,23,25.16,88.07,24.91,66.17,24.78,67.35,0,0.5008,0,0.7147,74.52,74.54,18.16
625,178,0,26.18,92.45,24.93,67.28,24.81,67.35,0,0.5001,0,0.7147,74.51,74.53,18.45
626,178,1,24.19,95.37,24.82,69.25,24.81,67.37,0,0.4994,0,0.7147,74.53,74.53,18.81
627,178,2,23.69,96.4,24.67,70.34,24.79,67.4,0,0.4988,0,0.7147,74.55,74.54,18.91
628,178,3,23.8,96.69,24.55,72.06,24.74,67.45,0,0.4981,0,0.7147,74.57,74.54,19.19
629,178,4,24.15,98,24.49,73.93,24.69,67.53,0,0.4974,0,0.7147,74.58,74.55,19.54
630,178,5,24.69,98,24.37,75.24,24.63,67.61,0,0.4968,0,0.7147,74.6,74.56,19.7
631,178,6,25.01,97.69,24.41,77.41,24.58,67.72,0,0.4961,0,0.7147,74.59,74.57,20.21
632,178,7,26,97.47,24.48,78.72,24.56,67.84,0,0.4954,0,0.7147,74.58,74.57,20.54
633,178,8,28.24,97.15,24.71,79.78,24.59,67.98,0,0.4948,0,0.7147,74.55,74.56,20.98
634,178,9,28.58,97.3,24.3,71.11,24.53,68.01,1,0.4941,0,0.7147,74.61,74.57,18.73
635,178,10,29.15,93.45,24.1,65.59,24.45,67.98,1,0.4934,0,0.7147,74.64,74.59,17.25
636,178,11,29.24,90.83,24.05,61.75,24.37,67.91,1,0.4928,0,0.7147,74.65,74.6,16.26
637,178,12,30.03,86.27,24.08,59.38,24.31,67.82,1,0.4921,0,0.7147,74.65,74.61,15.67
638,178,13,30.77,83.78,24.07,57.87,24.26,67.71,1,0.4914,0,0.7147,74.65,74.62,15.26
639,178,14,30.97,83.85,23.91,56.23,24.19,67.58,1,0.4908,0,0.7147,74.68,74.63,14.66
640,178,15,31.26,83.58,24.05,55.89,24.16,67.45,1,0.4901,0,0.7147,74.65,74.63,14.69
641,178,16,31.04,86.95,24.01,55.73,24.13,67.32,1,0.4894,0,0.7147,74.66,74.64,14.62
642,178,17,29.55,86.1,24.36,57.53,24.18,67.21,0,0.4888,0,0.7147,74.6,74.63,15.44
643,178,18,28.37,83.27,24.52,59.22,24.24,67.12,0,0.4881,0,0.7147,74.58,74.62,16.04
644,178,19,28.93,84.87,24.8,61.19,24.35,67.06,0,0.4874,0,0.7147,74.53,74.6,16.82
645,178,20,29.51,89.36,25.13,63.13,24.51,67.01,0,0.4868,0,0.7147,74.49,74.58,17.62
646,178,21,28.13,90.44,25.33,64.63,24.67,66.99,0,0.4861,0,0.7147,74.46,74.55,18.18
647,178,22,27.86,86.37,25.38,66.16,24.82,66.98,0,0.4854,0,0.7147,74.45,74.53,18.61
648,178,23,28.07,91.23,25.45,67.87,24.94,66.99,0,0.4848,0,0.7147,74.45,74.51,19.08
649,179,0,26,99,25.32,69.53,25.02,67.02,0,0.4841,0,0.7147,74.46,74.5,19.34
650,179,1,26.09,97.32,25.28,71.35,25.07,67.06,0,0.4834,0,0.7147,74.47,74.49,19.73
651,179,2,26.89,95.59,25.37,72.74,25.13,67.13,0,0.4828,0,0.7147,74.46,74.49,20.12
652,179,3,26.44,92,25.28,73.94,25.16,67.2,0,0.4821,0,0.7147,74.47,74.48,20.3
653,179,4,27.09,91.5,25.31,75.06,25.19,67.29,0,0.4814,0,0.7147,74.46,74.48,20.58
654,179,5,27.16,88.74,25.34,76.04,25.22,67.39,0,0.4808,0,0.7147,74.46,74.47,20.81
655,179,6,27.42,86.85,25.44,76.76,25.26,67.49,0,0.4801,0,0.7147,74.45,74.47,21.06
656,179,7,27.33,88.22,25.49,77.35,25.31,67.6,0,0.4794,0,0.7147,74.44,74.46,21.24
657,179,8,28.4,86.85,25.58,78.03,25.36,67.72,0,0.4787,0,0.7147,74.43,74.46,21.46
658,179,9,30,87.07,24.63,69.21,25.22,67.73,1,0.4781,0,0.7147,74.56,74.48,18.61
659,179,10,29.84,83.45,24.26,63.79,25.03,67.69,1,0.4774,0,0.7147,74.62,74.5,16.97
660,179,11,32.46,80.47,24.14,60.24,24.85,67.61,1,0.4767,0,0.7147,74.64,74.53,15.95
661,179,12,32.01,73.35,23.93,58.42,24.66,67.51,1,0.4761,0,0.7147,74.67,74.55,15.28
662,179,13,33.8,72.67,24.01,57.25,24.53,67.39,1,0.4754,0,0.7147,74.66,74.57,15.04
663,179,14,33.73,70,24.04,56.17,24.44,67.27,1,0.4747,0,0.7147,74.65,74.59,14.77
664,179,15,32.86,73.65,24.01,55.94,24.35,67.14,1,0.4741,0,0.7147,74.66,74.6,14.68
665,179,16,32.86,76.14,24.04,55.72,24.29,67.01,1,0.4734,0,0.7147,74.65,74.61,14.65
666,179,17,31.89,77.04,24.52,57.41,24.34,66.91,0,0.4727,0,0.7147,74.58,74.6,15.56
667,179,18,31.45,78.54,24.9,58.98,24.45,66.82,0,0.4721,0,0.7147,74.52,74.59,16.34
668,179,19,30.31,75.1,25.36,59.99,24.63,66.74,0,0.4714,0,0.7147,74.46,74.56,17.04
669,179,20,29.41,77.62,25.64,61.62,24.83,66.69,0,0.4707,0,0.7147,74.42,74.53,17.73
670,179,21,28.54,85.37,25.71,62.88,25.01,66.64,0,0.4701,0,0.7147,74.41,74.5,18.11
671,179,22,27.08,87.56,25.81,64.86,25.17,66.62,0,0.4694,0,0.7147,74.4,74.48,18.7
672,179,23,26.83,90.21,25.71,66.65,25.28,66.62,0,0.4687,0,0.7147,74.41,74.47,19.04
673,180,0,26.18,95.2,25.66,68.57,25.35,66.65,0,0.4681,0,0.7147,74.42,74.46,19.44
674,180,1,27.19,98,25.65,70.29,25.41,66.69,0,0.4674,0,0.7147,74.42,74.45,19.84
675,180,2,26.79,98,25.7,72.04,25.47,66.75,0,0.4667,0,0.7147,74.41,74.44,20.28
676,180,3,25.06,99,25.5,74.26,25.48,66.83,0,0.4661,0,0.7147,74.44,74.44,20.58
677,180,4,27.67,98,25.64,76.17,25.51,66.93,0,0.4654,0,0.7147,74.42,74.44,21.13
678,180,5,27.3,94.06,25.72,77.01,25.55,67.05,0,0.4647,0,0.7147,74.41,74.43,21.39
679,180,6,28.53,92.17,25.8,77.48,25.6,67.16,0,0.4641,0,0.7147,74.4,74.43,21.56
680,180,7,26.83,99,25.86,78.68,25.65,67.29,0,0.4634,0,0.7147,74.4,74.42,21.87
681,180,8,27.85,89.1,25.9,79.35,25.7,67.42,0,0.4627,0,0.7147,74.39,74.41,22.05
682,180,9,29.09,85.53,26.12,80.16,25.79,67.56,0,0.3484,0,0.7147,74.37,74.4,22.43
683,180,10,30.86,86.69,26.43,80.17,25.92,67.7,0,0.3485,0,0.7147,74.34,74.39,22.74
684,180,11,31.2,84.78,26.79,80.64,26.09,67.85,0,0.351,0,0.7147,74.3,74.37,23.18
685,180,12,30.95,80.6,27.06,81.35,26.28,68,0,0.3567,0,0.7147,74.28,74.35,23.59
686,180,13,31.07,78.04,27.31,81.66,26.49,68.15,0,0.3635,0,0.7165,74.26,74.33,23.9
687,180,14,31.22,72.73,27.5,81.17,26.69,68.3,0,0.3684,0,0.7165,74.25,74.31,23.99
688,180,15,32.68,72.63,27.83,81.03,26.92,68.44,0,0.3725,0,0.7165,74.23,74.29,24.28
689,180,16,33.64,72.8,28.21,80.68,27.18,68.57,0,0.375,0,0.7165,74.21,74.27,24.58
690,180,17,33.46,70.45,28.53,80.28,27.45,68.7,0,0.3751,0,0.7165,74.19,74.25,24.8
691,180,18,32.44,69.9,28.76,79.74,27.71,68.83,0,0.3738,0,0.7165,74.18,74.23,24.91
692,180,19,30.96,74.07,28.89,79.26,27.95,68.94,0,0.3725,0,0.7165,74.18,74.22,24.93
693,180,20,29.31,75.86,28.94,79.14,28.14,69.05,0,0.3711,0,0.7165,74.18,74.21,24.96
694,180,21,27.86,77.13,28.79,79.43,28.27,69.17,0,0.3698,0,0.7165,74.18,74.2,24.87
695,180,22,26.76,80.2,28.59,79.78,28.34,69.29,0,0.3685,0,0.7165,74.19,74.2,24.76
696,180,23,26.2,80.47,28.37,79.95,28.34,69.41,0,0.3671,0,0.7165,74.2,74.2,24.57
697,181,0,25.84,82.71,28.02,80.01,28.28,69.52,0,0.3039,0,0.7165,74.22,74.2,24.25
698,181,1,25.24,85.83,27.74,81.07,28.17,69.65,0,0.309,0,0.7165,74.23,74.21,24.2
699,181,2,26.11,90.11,27.44,81.95,28.03,69.79,0,0.3173,0,0.72,74.25,74.22,24.08
700,181,3,26.69,91.6,27.2,83.37,27.86,69.94,0,0.3303,0,0.7314,74.27,74.22,24.13
701,181,4,27.7,88.82,27.11,83.57,27.71,70.09,0,0.3437,0,0.7436,74.28,74.23,24.08
702,181,5,26.87,88.57,26.97,83.33,27.56,70.24,0,0.3563,0,0.7545,74.29,74.24,23.9
703,181,6,27.54,85.83,26.85,83.75,27.42,70.39,0,0.3702,0,0.7671,74.3,74.25,23.87
704,181,7,27.14,96.11,26.74,84.75,27.28,70.55,0,0.3872,0,0.7834,74.31,74.26,23.96
705,181,8,30.99,84.58,26.94,84.76,27.22,70.71,0,0.4044,0,0.7998,74.29,74.27,24.16
706,181,9,31.9,81.08,25.36,74.63,26.85,70.75,1,0.403,0,0.7998,74.46,74.3,20.53
707,181,10,31.58,76.93,24.56,68.13,26.39,70.72,1,0.4017,0,0.7998,74.57,74.34,18.3
708,181,11,30.54,81.78,24.25,63.63,25.96,70.64,1,0.4004,0,0.7998,74.62,74.38,16.92
709,181,12,31.58,69.66,24.07,60.36,25.58,70.53,1,0.399,0,0.7998,74.65,74.43,15.92
710,181,13,32.13,67.27,24.12,58.39,25.29,70.39,1,0.3977,0,0.7998,74.64,74.47,15.45
711,181,14,32.52,67.03,24.02,57.64,25.04,70.25,1,0.3964,0,0.7998,74.66,74.5,15.15
712,181,15,34.31,66.52,23.99,56.95,24.83,70.1,1,0.3964,0,0.7998,74.66,74.53,14.93
713,181,16,34.41,69.91,24.02,55.93,24.66,69.95,1,0.3964,0,0.7998,74.66,74.55,14.69
714,181,17,35.58,67.73,24.91,56.42,24.71,69.8,0,0.3964,0,0.7998,74.52,74.55,15.65
715,181,18,34.91,71.08,25.62,57.66,24.9,69.66,0,0.3964,0,0.7998,74.42,74.52,16.65
716,181,19,33.45,75.14,26.21,58.92,25.16,69.54,0,0.3964,0,0.7998,74.36,74.48,17.55
717,181,20,31.13,88.52,26.46,60.51,25.42,69.44,0,0.3964,0,0.7998,74.33,74.45,18.2
718,181,21,31.25,82.8,26.82,62.26,25.7,69.36,0,0.3964,0,0.7998,74.3,74.41,19
719,181,22,28.95,84.4,26.89,63.79,25.94,69.3,0,0.3964,0,0.7998,74.29,74.39,19.45
720,181,23,29.1,85.59,26.97,64.88,26.14,69.25,0,0.3964,0,0.7998,74.29,74.36,19.8
721,182,0,26.68,87.3,26.85,66.56,26.28,69.22,0,0.3964,0,0.7998,74.3,74.35,20.1
722,182,1,25.6,87.66,26.67,67.62,26.36,69.2,0,0.3964,0,0.7998,74.31,74.34,20.19
723,182,2,26.47,87.92,26.49,69.37,26.39,69.2,0,0.3964,0,0.7998,74.33,74.34,20.43
724,182,3,27.46,85.53,26.48,70.34,26.41,69.22,0,0.3964,0,0.7998,74.33,74.34,20.64
725,182,4,28.42,85.56,26.48,71.43,26.42,69.24,0,0.3964,0,0.7998,74.33,74.34,20.89
726,182,5,28.2,85.69,26.5,71.99,26.44,69.27,0,0.3964,0,0.7998,74.33,74.33,21.04
727,182,6,27.63,83.84,26.49,72.69,26.45,69.31,0,0.3964,0,0.7998,74.33,74.33,21.19
728,182,7,27.51,84.92,26.46,73.39,26.45,69.36,0,0.3964,0,0.7998,74.33,74.33,21.31
729,182,8,28.77,81.08,26.53,74.25,26.47,69.41,0,0.3964,0,0.7998,74.33,74.33,21.58
730,182,9,30.16,76.6,25.2,66.87,26.21,69.38,1,0.3957,0,0.7998,74.48,74.36,18.61
731,182,10,31.31,77.35,24.56,62.69,25.88,69.31,1,0.3951,0,0.7998,74.57,74.39,16.97
732,182,11,32.17,74.67,24.27,59.54,25.56,69.2,1,0.3944,0,0.7998,74.61,74.43,15.89
733,182,12,32.75,72.47,24.18,58.02,25.28,69.07,1,0.3937,0,0.7998,74.63,74.47,15.4
734,182,13,32.62,65.51,24.13,56.62,25.05,68.94,1,0.3931,0,0.7998,74.64,74.5,14.98
735,182,14,32.79,64.55,24.09,56.38,24.86,68.8,1,0.3924,0,0.7998,74.64,74.52,14.88
736,182,15,34.17,63.79,24.06,55.73,24.7,68.65,1,0.3917,0,0.7998,74.65,74.55,14.67
737,182,16,34.04,67.12,24.04,55.42,24.57,68.5,1,0.3911,0,0.7998,74.65,74.57,14.56
738,182,17,32.09,66.84,24.6,56.19,24.58,68.37,0,0.3904,0,0.7998,74.56,74.57,15.3
739,182,18,32.54,65.45,25.09,57.03,24.68,68.24,0,0.3897,0,0.7998,74.49,74.55,15.98
740,182,19,31.03,68.62,25.43,57.75,24.83,68.13,0,0.389,0,0.7998,74.45,74.53,16.5
741,182,20,30.14,74.24,25.73,59.31,25.01,68.03,0,0.3884,0,0.7998,74.41,74.5,17.2
742,182,21,29.24,79.82,26.03,60.89,25.21,67.95,0,0.3877,0,0.7998,74.38,74.48,17.89
743,182,22,28.77,79.46,26.19,62.19,25.41,67.88,0,0.387,0,0.7998,74.36,74.45,18.39
744,182,23,25.98,85.94,26.07,64.04,25.54,67.84,0,0.3864,0,0.7998,74.37,74.43,18.74
745,183,0,23.38,94.03,25.75,65.58,25.58,67.82,0,0.3857,0,0.7998,74.41,74.43,18.82
746,183,1,24,86.39,25.49,66.54,25.56,67.8,0,0.385,0,0.7998,74.44,74.43,18.8
747,183,2,24.26,84.57,25.27,67.5,25.5,67.8,0,0.3844,0,0.7998,74.47,74.44,18.82
748,183,3,25.18,88.13,25.15,68.56,25.43,67.81,0,0.3837,0,0.7998,74.48,74.45,18.95
749,183,4,24.78,88.25,25.1,69.98,25.37,67.83,0,0.383,0,0.7998,74.49,74.46,19.24
750,183,5,26.41,87.73,25.13,71.13,25.32,67.87,0,0.3824,0,0.7998,74.49,74.46,19.53
751,183,6,25.64,87.66,25.07,72.07,25.27,67.91,0,0.3817,0,0.7998,74.49,74.47,19.69
752,183,7,27.7,82.39,25.13,72.26,25.24,67.96,0,0.381,0,0.7998,74.49,74.47,19.79
753,183,8,28.37,82.18,25.29,72.87,25.25,68.02,0,0.3804,0,0.7998,74.46,74.47,20.08
754,183,9,29.54,79.99,24.57,67.1,25.12,68.01,1,0.3797,0,0.7998,74.57,74.49,18.06
755,183,10,28.34,89.17,24.22,63.17,24.94,67.95,1,0.379,0,0.7998,74.62,74.51,16.78
756,183,11,31.42,78.84,24.13,60.04,24.78,67.87,1,0.3784,0,0.7998,74.64,74.54,15.89
757,183,12,34.72,77.14,24.05,57.9,24.63,67.75,1,0.3777,0,0.7998,74.65,74.56,15.25
758,183,13,34.66,71.65,24.08,57.06,24.52,67.64,1,0.377,0,0.7998,74.65,74.58,15.05
759,183,14,33.2,71.8,24.08,56.44,24.43,67.51,1,0.3764,0,0.7998,74.65,74.59,14.88
760,183,15,32.61,73.72,23.96,55.6,24.34,67.38,1,0.3757,0,0.7998,74.67,74.6,14.54
761,183,16,31.5,72.6,23.89,55.54,24.25,67.25,1,0.375,0,0.7998,74.68,74.62,14.46
762,183,17,33.17,75.29,24.64,56.89,24.33,67.13,0,0.3744,0,0.7998,74.56,74.61,15.52
763,183,18,32.28,77.13,25.19,58.26,24.5,67.03,0,0.3737,0,0.7998,74.48,74.58,16.41
764,183,19,32.08,85.48,25.62,60.28,24.72,66.96,0,0.373,0,0.7998,74.42,74.54,17.35
765,183,20,30.87,83.9,26.03,62.08,24.98,66.9,0,0.3724,0,0.7998,74.38,74.51,18.2
766,183,21,30.63,87.67,26.26,63.39,25.24,66.87,0,0.3717,0,0.7998,74.35,74.47,18.76
767,183,22,30.42,91.69,26.43,65.34,25.48,66.85,0,0.371,0,0.7998,74.34,74.44,19.4
768,183,23,30.29,95.95,26.74,66.84,25.73,66.85,0,0.3704,0,0.7998,74.31,74.41,20.07
769,184,0,29.27,98,26.82,69,25.95,66.87,0,0.3697,0,0.7998,74.3,74.39,20.65
770,184,1,29.94,98,26.94,70.29,26.15,66.91,0,0.369,0,0.7998,74.29,74.36,21.08
771,184,2,29.28,98,26.99,71.81,26.32,66.96,0,0.3684,0,0.7998,74.28,74.35,21.47
772,184,3,29.24,98,27.09,73.03,26.47,67.03,0,0.3677,0,0.7998,74.28,74.33,21.84
773,184,4,28.88,98,27.15,75.09,26.61,67.12,0,0.367,0,0.7998,74.27,74.32,22.35
774,184,5,31.57,98,27.31,76.8,26.75,67.23,0,0.3664,0,0.7998,74.26,74.31,22.88
775,184,6,30.58,98,27.41,78.37,26.88,67.35,0,0.3657,0,0.7998,74.25,74.29,23.31
776,184,7,31.19,97.46,27.57,79.63,27.02,67.49,0,0.365,0,0.7998,74.24,74.28,23.73
777,184,8,32.3,96.04,27.96,80.32,27.21,67.63,0,0.3656,0,0.7998,74.22,74.27,24.26
778,184,9,33.01,91.66,25.83,71.45,26.93,67.67,1,0.3643,0,0.7998,74.4,74.29,20.27
779,184,10,31.46,89.45,24.8,65.44,26.51,67.65,1,0.363,0,0.7998,74.53,74.33,17.89
780,184,11,32.68,84.24,24.32,62.07,26.07,67.59,1,0.3616,0,0.7998,74.61,74.37,16.59
781,184,12,33.12,79.76,24.09,59.7,25.67,67.5,1,0.3603,0,0.7998,74.64,74.42,15.77
782,184,13,34.83,82.66,24.03,58.41,25.34,67.4,1,0.359,0,0.7998,74.65,74.46,15.36
783,184,14,34.2,80.15,24.01,57.04,25.08,67.28,1,0.3576,0,0.7998,74.66,74.49,14.98
784,184,15,32.61,78.5,24.05,55.84,24.87,67.16,1,0.3576,0,0.7998,74.65,74.52,14.69
785,184,16,29.02,88.68,24.03,55.66,24.7,67.03,1,0.3576,0,0.7998,74.65,74.55,14.62
786,184,17,30.2,78.73,24.34,57.37,24.63,66.92,0,0.3576,0,0.7998,74.6,74.56,15.38
787,184,18,29.23,80.38,24.64,59.04,24.63,66.83,0,0.3576,0,0.7998,74.56,74.56,16.1
788,184,19,28.36,82.78,24.87,60.76,24.68,66.77,0,0.3576,0,0.7998,74.52,74.55,16.77
789,184,20,27.62,83.91,24.96,62.7,24.74,66.72,0,0.3576,0,0.7998,74.51,74.54,17.36
790,184,21,25.97,85.38,24.97,64.58,24.78,66.7,0,0.3576,0,0.7998,74.51,74.54,17.83
791,184,22,25.52,87.83,24.9,66.11,24.81,66.69,0,0.3576,0,0.7998,74.52,74.53,18.13
792,184,23,25.69,88.42,24.96,67.4,24.84,66.7,0,0.3576,0,0.7998,74.51,74.53,18.51
793,185,0,24.88,90.28,24.89,68.5,24.85,66.72,0,0.3576,0,0.7998,74.52,74.53,18.69
794,185,1,26.32,91.79,24.92,70.14,24.86,66.76,0,0.3576,0,0.7998,74.52,74.52,19.11
795,185,2,25.04,96.85,24.83,72.08,24.86,66.82,0,0.3576,0,0.7998,74.53,74.53,19.45
796,185,3,25.03,95.05,24.73,72.9,24.83,66.88,0,0.3576,0,0.7998,74.54,74.53,19.55
797,185,4,25.44,96.16,24.7,74.95,24.8,66.97,0,0.3576,0,0.7998,74.55,74.53,19.95
798,185,5,25.04,96.25,24.61,76.35,24.77,67.08,0,0.3576,0,0.7998,74.56,74.54,20.18
799,185,6,24.9,95.97,24.54,77.53,24.72,67.19,0,0.3576,0,0.7998,74.57,74.54,20.35
800,185,7,25.49,92.48,24.58,78.85,24.69,67.32,0,0.3576,0,0.7998,74.57,74.55,20.67
801,185,8,26.51,93.16,24.73,79.28,24.7,67.46,0,0.3576,0,0.7998,74.54,74.55,20.9
802,185,9,26.38,90.06,24.28,70.66,24.62,67.49,1,0.357,0,0.7998,74.61,74.56,18.61
803,185,10,27.69,87.15,24.16,64.82,24.52,67.46,1,0.3563,0,0.7998,74.63,74.57,17.12
804,185,11,28.55,88.04,24.15,61.53,24.45,67.4,1,0.3556,0,0.7998,74.64,74.59,16.29
805,185,12,30.34,81.27,23.96,59.2,24.35,67.31,1,0.355,0,0.7998,74.67,74.6,15.52
806,185,13,30.93,75.95,23.95,58.25,24.27,67.2,1,0.3543,0,0.7998,74.67,74.61,15.25
807,185,14,31.64,70.69,23.99,57.16,24.21,67.09,1,0.3536,0,0.7998,74.66,74.62,14.99
808,185,15,30.63,69.96,24,56.45,24.17,66.97,1,0.353,0,0.7998,74.66,74.63,14.8
809,185,16,29.61,71.1,23.89,56.53,24.11,66.86,1,0.3523,0,0.7998,74.68,74.64,14.72
810,185,17,30.28,71.43,24.26,57.31,24.14,66.75,0,0.3516,0,0.7998,74.62,74.64,15.28
811,185,18,29.93,69.92,24.58,57.4,24.23,66.65,0,0.351,0,0.7998,74.57,74.62,15.61
812,185,19,28.25,69.62,24.77,57.97,24.34,66.55,0,0.3503,0,0.7998,74.54,74.6,15.95
813,185,20,26.32,72.34,24.84,59.12,24.44,66.47,0,0.3496,0,0.7998,74.53,74.59,16.32
814,185,21,24.8,76.26,24.72,60.76,24.5,66.41,0,0.349,0,0.7998,74.55,74.58,16.63
815,185,22,22.38,78.79,24.31,62.39,24.46,66.36,0,0.3483,0,0.7998,74.61,74.58,16.66
816,185,23,21.84,80.82,23.99,63.29,24.36,66.33,0,0.3476,0,0.7998,74.66,74.6,16.58
817,186,0,23.19,84.23,23.71,64.8,24.23,66.31,0,0.347,0,0.7998,74.71,74.62,16.69
818,186,1,22.35,85.77,23.49,66.82,24.08,66.32,0,0.3463,0,0.7998,74.75,74.65,16.97
819,186,2,20.93,94.09,23.23,68.3,23.91,66.34,0,0.3456,0,0.7998,74.8,74.67,17.06
820,186,3,23.19,85.01,23.19,69.45,23.77,66.37,0,0.345,0,0.7998,74.81,74.7,17.29
821,186,4,24.13,87.37,23.15,70.88,23.64,66.42,0,0.3443,0,0.7998,74.82,74.72,17.57
822,186,5,24.47,87.53,23.18,72.26,23.55,66.49,0,0.3436,0,0.7998,74.81,74.74,17.91
823,186,6,25.53,84.84,23.32,73.02,23.51,66.56,0,0.343,0,0.7998,74.78,74.75,18.21
824,186,7,26.75,82.46,23.4,73.08,23.48,66.63,0,0.3423,0,0.7998,74.77,74.75,18.3
825,186,8,27.42,82.76,23.58,73.68,23.5,66.71,0,0.3416,0,0.7998,74.73,74.75,18.61
826,186,9,29.41,82.31,23.81,67.09,23.57,66.72,1,0.341,0,0.7998,74.69,74.74,17.34
827,186,10,31,79.78,23.91,62.93,23.64,66.67,1,0.3403,0,0.7998,74.67,74.72,16.42
828,186,11,31.73,75.48,23.95,60.48,23.7,66.6,1,0.3396,0,0.7998,74.67,74.71,15.84
829,186,12,33.36,72.27,23.92,58.15,23.74,66.51,1,0.339,0,0.7998,74.67,74.7,15.19
830,186,13,33.73,73.55,23.99,57.11,23.79,66.41,1,0.3383,0,0.7998,74.66,74.7,14.98
831,186,14,34.75,75.22,23.98,56.52,23.83,66.3,1,0.3376,0,0.7998,74.66,74.69,14.81
832,186,15,34.6,72,23.99,56.03,23.86,66.18,1,0.337,0,0.7998,74.66,74.68,14.68
833,186,16,33.73,68.87,24.04,55.79,23.9,66.07,1,0.3363,0,0.7998,74.65,74.68,14.66
834,186,17,32.31,71.12,24.56,56.98,24.03,65.97,0,0.3356,0,0.7998,74.57,74.65,15.48
835,186,18,32.98,69.65,25.14,57.97,24.25,65.88,0,0.335,0,0.7998,74.49,74.62,16.29
836,186,19,31.86,72.42,25.55,58.49,24.51,65.79,0,0.3343,0,0.7998,74.43,74.58,16.81
837,186,20,31.14,78.62,25.83,59.94,24.77,65.73,0,0.3336,0,0.7998,74.4,74.54,17.46
838,186,21,30.83,86.09,26.07,61.47,25.03,65.68,0,0.333,0,0.7998,74.37,74.5,18.09
839,186,22,30.37,87.77,26.36,63,25.3,65.65,0,0.3323,0,0.7998,74.34,74.46,18.75
840,186,23,27.37,98.36,26.36,65.64,25.51,65.65,0,0.3316,0,0.7998,74.34,74.44,19.42
841,187,0,29.19,94.48,26.49,67.17,25.71,65.67,0,0.331,0,0.7998,74.33,74.41,19.9
842,187,1,27.68,91.1,26.56,68.34,25.88,65.7,0,0.3303,0,0.7998,74.32,74.39,20.25
843,187,2,27,94.72,26.52,69.89,26.01,65.75,0,0.3296,0,0.7998,74.33,74.38,20.58
844,187,3,25.75,96.05,26.24,72.06,26.05,65.82,0,0.329,0,0.7998,74.35,74.37,20.8
845,187,4,25.71,92.36,26.2,73.43,26.08,65.9,0,0.3283,0,0.7998,74.36,74.37,21.07
846,187,5,25.67,89.24,26.03,74.28,26.07,65.99,0,0.3276,0,0.7998,74.38,74.37,21.09
847,187,6,26.34,93.88,25.94,76.14,26.04,66.11,0,0.327,0,0.7998,74.39,74.38,21.41
848,187,7,25.81,98.68,25.86,77.91,26.01,66.24,0,0.3263,0,0.7998,74.4,74.38,21.71
849,187,8,28.66,84.47,25.91,78.58,25.99,66.37,0,0.3256,0,0.7998,74.39,74.38,21.9
850,187,9,30.06,84.71,26.13,79.28,26.02,66.52,0,0.325,0,0.7998,74.37,74.38,22.26
851,187,10,30.5,82.25,26.39,79.31,26.09,66.66,0,0.3243,0,0.7998,74.34,74.37,22.51
852,187,11,30.44,79.01,26.7,79.6,26.21,66.8,0,0.3236,0,0.7998,74.31,74.36,22.88
853,187,12,31.53,76.31,27.11,79.26,26.39,66.94,0,0.323,0,0.7998,74.28,74.34,23.2
854,187,13,33.19,74.23,27.52,78.95,26.62,67.08,0,0.3223,0,0.7998,74.25,74.32,23.55
855,187,14,32.85,71.02,27.92,78.65,26.88,67.2,0,0.3216,0,0.7998,74.22,74.29,23.86
856,187,15,33.74,72.89,28.26,77.95,27.15,67.32,0,0.321,0,0.7998,74.2,74.27,24.05
857,187,16,33.47,73,28.5,77.91,27.42,67.44,0,0.3203,0,0.7998,74.19,74.25,24.27
858,187,17,32.94,72.29,28.74,77.97,27.69,67.56,0,0.3196,0,0.7998,74.18,74.24,24.51
859,187,18,33.09,72.14,29.05,77.41,27.96,67.67,0,0.3189,0,0.7998,74.17,74.22,24.7
860,187,19,31.78,75.07,29.18,76.92,28.2,67.77,0,0.3183,0,0.7998,74.17,74.21,24.71
861,187,20,30.64,76.59,29.17,76.72,28.4,67.87,0,0.3176,0,0.7998,74.17,74.2,24.66
862,187,21,28.76,82.52,29.13,77.47,28.54,67.98,0,0.3169,0,0.7998,74.17,74.19,24.78
863,187,22,27.8,88.03,28.98,78.46,28.63,68.09,0,0.3163,0,0.7998,74.18,74.19,24.85
864,187,23,27.69,92.07,28.76,79.67,28.66,68.22,0,0.3156,0,0.7998,74.18,74.19,24.9
865,188,0,27.38,96.77,28.53,80.74,28.63,68.36,0,0.3192,0,0.7998,74.19,74.19,24.89
866,188,1,27.73,98,28.32,81.73,28.57,68.51,0,0.3269,0,0.8001,74.2,74.19,24.9
867,188,2,24.81,99,27.98,82.8,28.45,68.67,0,0.3381,0,0.8079,74.22,74.2,24.78
868,188,3,26.53,98,27.77,83.38,28.31,68.83,0,0.3512,0,0.8185,74.23,74.2,24.7
869,188,4,27.47,98,27.51,84.04,28.15,69,0,0.3662,0,0.832,74.25,74.21,24.57
870,188,5,27.88,98,27.51,84.87,28.02,69.18,0,0.384,0,0.8486,74.25,74.22,24.73
871,188,6,28.08,97.83,27.46,85.67,27.91,69.36,0,0.4047,0,0.8681,74.25,74.22,24.84
872,188,7,27.86,91.95,27.37,85.74,27.8,69.54,0,0.4255,0,0.8876,74.26,74.23,24.77
873,188,8,29.19,90.3,27.43,86.07,27.73,69.73,0,0.4476,0,0.9083,74.25,74.23,24.89
874,188,9,30.02,85.8,25.54,74.95,27.29,69.78,1,0.4463,0,0.9083,74.43,74.26,20.77
875,188,10,31.28,82.25,24.77,68.13,26.79,69.77,1,0.4449,0,0.9083,74.54,74.3,18.49
876,188,11,31.76,82,24.45,63.53,26.32,69.7,1,0.4436,0,0.9083,74.59,74.35,17.08
877,188,12,32.09,77.36,24.27,60.68,25.91,69.6,1,0.4423,0,0.9083,74.62,74.39,16.19
878,188,13,33.73,73.51,24.16,58.42,25.56,69.47,1,0.4409,0,0.9083,74.63,74.43,15.5
879,188,14,32.96,82.22,23.96,57.05,25.24,69.33,1,0.4396,0,0.9083,74.67,74.47,14.93
880,188,15,36.07,68.09,24.03,56.77,25,69.19,1,0.4396,0,0.9083,74.66,74.51,14.92
881,188,16,35.39,70.12,24,55.84,24.8,69.05,1,0.4396,0,0.9083,74.66,74.53,14.64
882,188,17,34.39,69,24.77,56.76,24.79,68.91,0,0.4396,0,0.9083,74.54,74.53,15.61
883,188,18,33.41,71.83,25.35,57.64,24.9,68.78,0,0.4396,0,0.9083,74.46,74.52,16.39
884,188,19,31.49,77.84,25.71,58.8,25.06,68.67,0,0.4396,0,0.9083,74.41,74.5,17.04
885,188,20,31.57,78.89,26.11,60.08,25.27,68.58,0,0.4396,0,0.9083,74.37,74.47,17.76
886,188,21,30.93,80.05,26.43,61.48,25.5,68.5,0,0.4396,0,0.9083,74.34,74.44,18.43
887,188,22,31.08,83.7,26.65,63.32,25.73,68.44,0,0.4396,0,0.9083,74.32,74.41,19.11
888,188,23,31.15,87.54,26.87,65.08,25.96,68.4,0,0.4396,0,0.9083,74.3,74.38,19.76
889,189,0,29.3,93.84,27.01,66.62,26.17,68.38,0,0.4396,0,0.9083,74.28,74.36,20.27
890,189,1,28.82,95.71,27.13,68.97,26.36,68.39,0,0.4396,0,0.9083,74.27,74.34,20.94
891,189,2,27.39,98,27.17,70.7,26.52,68.42,0,0.4396,0,0.9083,74.27,74.33,21.38
892,189,3,25.71,98,26.97,73.03,26.61,68.47,0,0.4396,0,0.9083,74.29,74.32,21.72
893,189,4,27.8,98,26.88,74.57,26.66,68.54,0,0.4396,0,0.9083,74.29,74.31,21.98
894,189,5,29.31,98,26.99,75.72,26.73,68.62,0,0.4396,0,0.9083,74.29,74.31,22.34
895,189,6,29.05,98,27.11,77.19,26.8,68.71,0,0.4396,0,0.9083,74.28,74.3,22.77
896,189,7,28.12,98,27.04,79.13,26.85,68.83,0,0.4396,0,0.9083,74.28,74.3,23.11
897,189,8,28.39,96.84,27.06,80.43,26.89,68.96,0,0.429,0,0.9083,74.28,74.29,23.4
898,189,9,30.14,95.24,25.35,71.44,26.58,68.98,1,0.4276,0,0.9083,74.46,74.32,19.81
899,189,10,30.54,95.81,24.58,65.94,26.18,68.95,1,0.4263,0,0.9083,74.57,74.36,17.8
900,189,11,30.58,94.46,24.33,61.82,25.81,68.87,1,0.425,0,0.9083,74.61,74.4,16.54
901,189,12,31.6,90.05,24.17,59.41,25.48,68.76,1,0.4236,0,0.9083,74.63,74.44,15.76
902,189,13,30.9,93.71,24.09,58.3,25.2,68.65,1,0.4223,0,0.9083,74.64,74.48,15.4
903,189,14,33.45,84,24.08,57.05,24.98,68.52,1,0.421,0,0.9083,74.65,74.51,15.05
904,189,15,33.06,81.45,23.97,56.36,24.78,68.38,1,0.421,0,0.9083,74.66,74.54,14.76
905,189,16,33.05,82.79,23.98,56.3,24.62,68.25,1,0.421,0,0.9083,74.66,74.56,14.75
906,189,17,31.39,81.05,24.5,58.01,24.6,68.14,0,0.421,0,0.9083,74.58,74.56,15.7
907,189,18,28.14,89.96,24.66,60.3,24.61,68.05,0,0.421,0,0.9083,74.55,74.56,16.46
908,189,19,29.39,81.32,24.89,61.63,24.66,67.98,0,0.421,0,0.9083,74.52,74.55,17.02
909,189,20,27.87,83.92,25.07,63.32,24.75,67.93,0,0.421,0,0.9083,74.5,74.54,17.61
910,189,21,28.67,86.02,25.29,65.06,24.85,67.89,0,0.421,0,0.9083,74.47,74.53,18.25
911,189,22,28.45,93.38,25.41,66.7,24.97,67.88,0,0.421,0,0.9083,74.45,74.51,18.77
912,189,23,27.19,97.53,25.42,68.39,25.06,67.89,0,0.421,0,0.9083,74.45,74.5,19.18
913,190,0,27,96.34,25.42,70.22,25.13,67.91,0,0.421,0,0.9083,74.45,74.49,19.61
914,190,1,26.11,98,25.33,71.67,25.17,67.95,0,0.421,0,0.9083,74.46,74.48,19.85
915,190,2,26.41,98,25.28,73.35,25.19,68.01,0,0.421,0,0.9083,74.47,74.48,20.17
916,190,3,26,98,25.19,74.65,25.19,68.09,0,0.421,0,0.9083,74.48,74.48,20.37
917,190,4,26.16,96.53,25.19,76.46,25.19,68.18,0,0.421,0,0.9083,74.48,74.48,20.76
918,190,5,26.16,96.59,25.17,78.41,25.19,68.29,0,0.421,0,0.9083,74.48,74.48,21.15
919,190,6,25.8,89.93,25.12,79.28,25.18,68.42,0,0.421,0,0.9083,74.49,74.48,21.28
920,190,7,26.95,86.51,25.1,80.3,25.16,68.55,0,0.3897,0,0.9083,74.49,74.48,21.47
921,190,8,28.57,85.77,25.32,81.17,25.19,68.69,0,0.394,0,0.9083,74.46,74.48,21.86
922,190,9,30.42,82.79,24.59,71.95,25.07,68.73,1,0.3926,0,0.9083,74.56,74.49,19.19
923,190,10,29.37,92.42,24.27,65.86,24.91,68.69,1,0.3913,0,0.9083,74.61,74.52,17.48
924,190,11,31.13,80.81,24.09,62.43,24.75,68.62,1,0.39,0,0.9083,74.64,74.54,16.47
925,190,12,32.34,78.31,23.98,59.77,24.59,68.53,1,0.3886,0,0.9083,74.66,74.56,15.68
926,190,13,32.95,75.32,23.96,58.38,24.47,68.41,1,0.3873,0,0.9083,74.67,74.58,15.29
927,190,14,34.19,71.39,24.01,57.28,24.37,68.29,1,0.386,0,0.9083,74.66,74.6,15.04
928,190,15,34.64,71.78,24.01,56.42,24.3,68.16,1,0.386,0,0.9083,74.66,74.61,14.81
929,190,16,35.05,70.24,24,55.76,24.24,68.02,1,0.386,0,0.9083,74.66,74.62,14.62
930,190,17,33.85,71.42,24.68,56.66,24.33,67.89,0,0.386,0,0.9083,74.55,74.61,15.5
931,190,18,33.11,67.54,25.26,57.69,24.52,67.78,0,0.386,0,0.9083,74.47,74.58,16.33
932,190,19,31.98,73.41,25.79,58.76,24.77,67.68,0,0.386,0,0.9083,74.4,74.54,17.11
933,190,20,31.22,74.79,26.2,59.86,25.06,67.59,0,0.386,0,0.9083,74.36,74.5,17.79
934,190,21,31.56,77.56,26.53,61.21,25.35,67.52,0,0.386,0,0.9083,74.33,74.46,18.45
935,190,22,31.53,80.14,26.83,62.57,25.65,67.47,0,0.386,0,0.9083,74.3,74.42,19.09
936,190,23,31.61,84.45,26.97,64,25.91,67.43,0,0.386,0,0.9083,74.29,74.39,19.58
937,191,0,31.19,86.01,27.29,65.96,26.19,67.41,0,0.386,0,0.9083,74.26,74.36,20.37
938,191,1,29.62,87.21,27.42,67.58,26.43,67.41,0,0.386,0,0.9083,74.25,74.33,20.9
939,191,2,29.68,89.46,27.56,69.13,26.66,67.43,0,0.386,0,0.9083,74.24,74.31,21.39
940,191,3,28.69,90.28,27.51,70.77,26.83,67.47,0,0.386,0,0.9083,74.25,74.3,21.73
941,191,4,27.88,90.97,27.44,72.35,26.95,67.52,0,0.386,0,0.9083,74.25,74.29,22.03
942,191,5,28.93,90.39,27.5,73.95,27.06,67.6,0,0.386,0,0.9083,74.25,74.28,22.43
943,191,6,28.55,86.67,27.51,74.48,27.15,67.67,0,0.386,0,0.9083,74.25,74.27,22.56
944,191,7,31.72,87.22,27.78,75.26,27.28,67.76,0,0.386,0,0.9083,74.23,74.26,23
945,191,8,32.55,88.37,28,76.62,27.42,67.86,0,0.386,0,0.9083,74.22,74.25,23.5
946,191,9,34.58,83.77,25.82,69.16,27.1,67.87,1,0.3853,0,0.9083,74.4,74.28,19.74
947,191,10,35.35,83.21,24.72,64.45,26.63,67.83,1,0.3846,0,0.9083,74.54,74.32,17.57
948,191,11,36.54,77.13,24.33,61.42,26.17,67.76,1,0.384,0,0.9083,74.61,74.36,16.44
949,191,12,36.82,75.72,24.15,59.43,25.76,67.67,1,0.3833,0,0.9083,74.63,74.41,15.75
950,191,13,37.39,76.79,24.11,57.71,25.43,67.56,1,0.3826,0,0.9083,74.64,74.45,15.25
951,191,14,36.71,77.02,23.98,56.7,25.14,67.44,1,0.382,0,0.9083,74.66,74.49,14.86
952,191,15,36.72,77.87,24.02,56.32,24.92,67.31,1,0.3813,0,0.9083,74.66,74.52,14.79
953,191,16,36.19,81.4,24.03,56.56,24.74,67.19,1,0.3806,0,0.9083,74.65,74.54,14.87
954,191,17,37.22,82.69,25.05,58.44,24.8,67.1,0,0.38,0,0.9083,74.5,74.53,16.33
955,191,18,36.65,82.94,25.89,60.42,25.02,67.02,0,0.3793,0,0.9083,74.39,74.5,17.64
956,191,19,35.64,84.2,26.56,61.78,25.33,66.96,0,0.3786,0,0.9083,74.32,74.46,18.63
957,191,20,35.07,82.85,27.11,62.72,25.68,66.92,0,0.378,0,0.9083,74.28,74.42,19.39
958,191,21,35.43,88.32,27.8,64.13,26.11,66.89,0,0.3773,0,0.9083,74.23,74.37,20.4
959,191,22,33.94,89.2,28.16,65.63,26.52,66.87,0,0.3766,0,0.9083,74.21,74.33,21.12
960,191,23,31.26,91.44,28.3,67.26,26.87,66.88,0,0.376,0,0.9083,74.2,74.29,21.65
961,192,0,32.19,94.06,28.43,69.26,27.19,66.9,0,0.3753,0,0.9083,74.2,74.27,22.26
962,192,1,31.2,98,28.58,71.24,27.46,66.95,0,0.3746,0,0.9083,74.19,74.25,22.86
963,192,2,30.11,98,28.54,73.01,27.68,67.02,0,0.374,0,0.9083,74.19,74.24,23.23
964,192,3,31.02,98,28.61,74.72,27.86,67.1,0,0.3733,0,0.9083,74.19,74.22,23.68
965,192,4,30.43,96.56,28.59,76.44,28.01,67.21,0,0.3726,0,0.9083,74.19,74.22,24.04
966,192,5,29.81,96.49,28.65,77.77,28.14,67.32,0,0.372,0,0.9083,74.19,74.21,24.38
967,192,6,30.14,95.98,28.69,79.29,28.25,67.46,0,0.3713,0,0.9083,74.19,74.2,24.75
968,192,7,30.04,91.42,28.67,80.17,28.33,67.6,0,0.3524,0,0.9083,74.19,74.2,24.91
969,192,8,32.35,88.14,28.87,80.92,28.44,67.75,0,0.3563,0,0.9083,74.18,74.2,25.26
970,192,9,32.92,83.21,26.27,71.38,28.01,67.79,1,0.355,0,0.9083,74.35,74.22,20.68
971,192,10,31.84,77.9,25.02,65.75,27.41,67.76,1,0.3537,0,0.9083,74.5,74.25,18.16
972,192,11,30.73,83.52,24.44,62.39,26.81,67.71,1,0.3524,0,0.9083,74.59,74.3,16.78
973,192,12,31.74,71.75,24.23,59.99,26.3,67.62,1,0.351,0,0.9083,74.62,74.35,15.97
974,192,13,32.34,68.71,24.12,58.2,25.86,67.51,1,0.3497,0,0.9083,74.64,74.4,15.4
975,192,14,34.02,65.16,24.04,56.75,25.5,67.4,1,0.3484,0,0.9083,74.65,74.44,14.93
976,192,15,32.72,62.3,24.06,55.99,25.21,67.27,1,0.3484,0,0.9083,74.65,74.48,14.74
977,192,16,33.04,62.04,24.04,54.94,24.98,67.13,1,0.3484,0,0.9083,74.65,74.51,14.43
978,192,17,31.7,61.87,24.58,55.27,24.9,67,0,0.3484,0,0.9083,74.57,74.52,15.02
979,192,18,31.25,59.91,24.96,56,24.91,66.88,0,0.3484,0,0.9083,74.51,74.52,15.57
980,192,19,29.95,62.75,25.23,56.73,24.97,66.76,0,0.3484,0,0.9083,74.47,74.51,16.04
981,192,20,28.8,68.29,25.43,58.1,25.07,66.67,0,0.3484,0,0.9083,74.45,74.5,16.59
982,192,21,27.38,75.55,25.54,59.72,25.16,66.59,0,0.3484,0,0.9083,74.43,74.48,17.13
983,192,22,26.65,77.22,25.48,60.19,25.22,66.52,0,0.3484,0,0.9083,74.44,74.47,17.19
984,192,23,26.28,79.48,25.47,61.41,25.27,66.46,0,0.3484,0,0.9083,74.44,74.47,17.51
985,193,0,25.97,82,25.44,63.17,25.31,66.43,0,0.3484,0,0.9083,74.45,74.46,17.93
986,193,1,26.09,86.75,25.39,64.46,25.32,66.4,0,0.3484,0,0.9083,74.45,74.46,18.2
987,193,2,26.97,85.86,25.39,65.91,25.34,66.4,0,0.3484,0,0.9083,74.45,74.46,18.56
988,193,3,27.64,90.35,25.45,67.16,25.36,66.41,0,0.3484,0,0.9083,74.44,74.46,18.92
989,193,4,27.65,90.88,25.52,68.51,25.39,66.43,0,0.3484,0,0.9083,74.44,74.45,19.3
990,193,5,29.32,93.82,25.78,70.28,25.47,66.47,0,0.3484,0,0.9083,74.4,74.44,19.96
991,193,6,27.76,99,25.88,72.32,25.55,66.54,0,0.3484,0,0.9083,74.39,74.43,20.52
992,193,7,31.78,91.88,26.25,73.67,25.69,66.62,0,0.3484,0,0.9083,74.35,74.42,21.17
993,193,8,32.55,88.53,26.65,74.49,25.88,66.71,0,0.3484,0,0.9083,74.31,74.39,21.74
994,193,9,34.07,90.22,25.18,68,25.74,66.72,1,0.3477,0,0.9083,74.48,74.41,18.85
995,193,10,34.07,86.11,24.49,63.12,25.49,66.68,1,0.347,0,0.9083,74.58,74.44,17.02
996,193,11,33.35,81,24.28,60.71,25.25,66.61,1,0.3464,0,0.9083,74.61,74.47,16.2
997,193,12,33.41,80.92,24.18,58.82,25.04,66.53,1,0.3457,0,0.9083,74.63,74.5,15.61
998,193,13,33.31,78.42,24.1,57.04,24.85,66.42,1,0.345,0,0.9083,74.64,74.53,15.07
999,193,14,33.5,79.25,24.07,56.49,24.69,66.31,1,0.3444,0,0.9083,74.65,74.55,14.89
1000,193,15,33.08,79.22,23.97,55.84,24.55,66.19,1,0.3437,0,0.9083,74.67,74.57,14.61
1001,193,16,32.61,76.02,23.95,55.73,24.43,66.08,1,0.343,0,0.9083,74.67,74.59,14.56
1002,193,17,32.97,75.75,24.52,57.46,24.45,65.98,0,0.3424,0,0.9083,74.58,74.59,15.57
1003,193,18,32,77.08,25,58.96,24.56,65.9,0,0.3417,0,0.9083,74.5,74.57,16.43
1004,193,19,31.62,79.2,25.43,60.4,24.73,65.84,0,0.341,0,0.9083,74.45,74.54,17.2
1005,193,20,31.13,77.64,25.76,61.95,24.94,65.8,0,0.3404,0,0.9083,74.41,74.51,17.92
1006,193,21,29.64,78.83,25.94,62.82,25.14,65.77,0,0.3397,0,0.9083,74.39,74.49,18.31
1007,193,22,30.35,82.85,26.24,64.7,25.36,65.76,0,0.339,0,0.9083,74.35,74.46,19.07
1008,193,23,29.57,84.68,26.46,66.63,25.58,65.77,0,0.3384,0,0.9083,74.33,74.43,19.74
1009,194,0,28.69,85.69,26.53,67.61,25.77,65.79,0,0.3377,0,0.9083,74.33,74.41,20.05
1010,194,1,27.26,91.15,26.42,69.04,25.9,65.82,0,0.337,0,0.9083,74.34,74.39,20.29
1011,194,2,27,91.02,26.23,70.55,25.97,65.87,0,0.3364,0,0.9083,74.36,74.38,20.45
1012,194,3,27.13,90.39,26.22,71.77,26.02,65.94,0,0.3357,0,0.9083,74.36,74.38,20.72
1013,194,4,27.48,92.21,26.24,73.05,26.06,66.02,0,0.335,0,0.9083,74.35,74.37,21.03
1014,194,5,28.24,93.06,26.37,74.9,26.12,66.12,0,0.3344,0,0.9083,74.34,74.37,21.56
1015,194,6,28.44,91.66,26.48,75.79,26.19,66.23,0,0.3337,0,0.9083,74.33,74.36,21.86
1016,194,7,28.44,89.28,26.56,77.02,26.27,66.34,0,0.333,0,0.9083,74.32,74.35,22.2
1017,194,8,30.04,84.38,26.77,77.9,26.37,66.47,0,0.3324,0,0.9083,74.3,74.34,22.59
1018,194,9,30.87,81.94,27.02,78.47,26.5,66.61,0,0.3317,0,0.9083,74.28,74.33,22.96
1019,194,10,31.23,80.43,27.3,78.87,26.66,66.74,0,0.331,0,0.9083,74.26,74.31,23.31
1020,194,11,32.39,77.62,27.57,78.95,26.84,66.88,0,0.3304,0,0.9083,74.24,74.3,23.58
1021,194,12,32.58,79.08,27.82,79.15,27.04,67.02,0,0.3297,0,0.9083,74.23,74.28,23.88
1022,194,13,33.15,78.26,28.18,79.43,27.27,67.15,0,0.329,0,0.9083,74.21,74.26,24.29
1023,194,14,34.52,74.56,28.6,79.29,27.53,67.29,0,0.3284,0,0.9083,74.19,74.24,24.66
1024,194,15,33.84,73.24,28.83,78.57,27.79,67.41,0,0.3277,0,0.9083,74.18,74.23,24.73
1025,194,16,33.71,75.46,29.02,78.49,28.04,67.54,0,0.327,0,0.9083,74.18,74.21,24.9
1026,194,17,34.56,74.78,29.38,78.91,28.31,67.66,0,0.3264,0,0.9083,74.17,74.2,25.34
1027,194,18,32.16,86.67,29.45,79.39,28.54,67.79,0,0.3257,0,0.9083,74.17,74.19,25.51
1028,194,19,34.36,80.07,29.82,78.81,28.79,67.92,0,0.325,0,0.9083,74.16,74.18,25.74
1029,194,20,33.64,80.87,29.99,78.53,29.03,68.03,0,0.3244,0,0.9083,74.16,74.18,25.85
1030,194,21,31.13,92.79,29.97,79.53,29.22,68.16,0,0.3237,0,0.9083,74.16,74.17,26.04
1031,194,22,31.91,86.41,30.01,80.03,29.38,68.29,0,0.308,0,0.9083,74.16,74.17,26.19
1032,194,23,31.16,92,30.08,81.14,29.52,68.44,0,0.3136,0,0.9083,74.16,74.17,26.49
1033,195,0,30.49,93.01,29.9,82.08,29.59,68.59,0,0.3229,0,0.9084,74.16,74.17,26.51
1034,195,1,30.76,94.23,29.91,83.04,29.66,68.75,0,0.3355,0,0.916,74.16,74.16,26.72
1035,195,2,29.06,99,29.78,84.27,29.68,68.92,0,0.3522,0,0.9303,74.16,74.16,26.84
1036,195,3,29.59,92.38,29.72,84.39,29.69,69.09,0,0.3693,0,0.9449,74.16,74.16,26.81
1037,195,4,29.17,92.12,29.54,85.14,29.66,69.27,0,0.389,0,0.9627,74.17,74.16,26.78
1038,195,5,29.15,91.41,29.39,85.9,29.61,69.46,0,0.4115,0,0.9833,74.17,74.17,26.78
1039,195,6,30.25,91.28,29.4,85.83,29.56,69.64,0,0.4337,0,1.0035,74.17,74.17,26.78
1040,195,7,30.84,86.87,29.5,85.97,29.55,69.82,0,0.4565,0,1.0241,74.17,74.17,26.9
1041,195,8,32.62,89.64,29.59,86.16,29.56,70,0,0.4801,0,1.0455,74.17,74.17,27.03
1042,195,9,34.85,88.2,26.51,75.26,28.95,70.06,1,0.4787,0,1.0455,74.33,74.18,21.77
1043,195,10,35.16,79.94,25.25,67.48,28.21,70.03,1,0.4774,0,1.0455,74.47,74.21,18.8
1044,195,11,35.32,70.1,24.6,62.7,27.49,69.95,1,0.4761,0,1.0455,74.56,74.25,17.01
1045,195,12,34.66,66.99,24.31,60.18,26.85,69.84,1,0.4748,0,1.0455,74.61,74.3,16.09
1046,195,13,35.9,64.83,24.1,58.43,26.3,69.71,1,0.4734,0,1.0455,74.64,74.35,15.44
1047,195,14,38.02,63.84,24.1,56.98,25.86,69.57,1,0.4721,0,1.0455,74.64,74.4,15.05
1048,195,15,36.71,65.05,24.06,56.55,25.5,69.43,1,0.4721,0,1.0455,74.65,74.44,14.89
1049,195,16,35.39,63.31,24.01,55.9,25.2,69.28,1,0.4721,0,1.0455,74.66,74.48,14.67
1050,195,17,33.02,64.36,24.67,56.57,25.1,69.14,0,0.4721,0,1.0455,74.55,74.49,15.46
1051,195,18,31.81,77.1,25.16,58,25.11,69.01,0,0.4721,0,1.0455,74.48,74.49,16.31
1052,195,19,33.12,70.47,25.74,59.07,25.23,68.9,0,0.4721,0,1.0455,74.41,74.47,17.15
1053,195,20,31.8,77.27,26.07,59.52,25.4,68.8,0,0.4721,0,1.0455,74.37,74.45,17.58
1054,195,21,31.74,79.81,26.4,61.61,25.6,68.72,0,0.4721,0,1.0455,74.34,74.43,18.44
1055,195,22,30.81,84.09,26.62,62.63,25.81,68.65,0,0.4721,0,1.0455,74.32,74.4,18.91
1056,195,23,30.64,90.21,26.83,64.18,26.01,68.6,0,0.4721,0,1.0455,74.3,74.38,19.5
1057,196,0,30.19,95.95,27.01,65.69,26.21,68.57,0,0.4721,0,1.0455,74.28,74.36,20.04
1058,196,1,27.56,99,27.01,67.96,26.37,68.56,0,0.4721,0,1.0455,74.28,74.34,20.6
1059,196,2,28.82,98,27.1,69.39,26.52,68.57,0,0.4721,0,1.0455,74.28,74.33,21.02
1060,196,3,28.33,98,27.02,71.24,26.62,68.6,0,0.4721,0,1.0455,74.28,74.32,21.37
1061,196,4,26.78,98,27.02,72.64,26.7,68.64,0,0.4721,0,1.0455,74.28,74.31,21.69
1062,196,5,25.79,93.52,26.81,74.02,26.72,68.7,0,0.4721,0,1.0455,74.3,74.31,21.8
1063,196,6,27.08,86.61,26.85,75.22,26.75,68.78,0,0.4721,0,1.0455,74.3,74.31,22.1
1064,196,7,28.25,85.11,26.87,76.09,26.77,68.86,0,0.4721,0,1.0455,74.3,74.3,22.3
1065,196,8,29.29,81.7,26.92,76.59,26.8,68.94,0,0.4721,0,1.0455,74.29,74.3,22.45
1066,196,9,30.61,78.51,25.35,69.01,26.51,68.94,1,0.4714,0,1.0455,74.46,74.33,19.25
1067,196,10,30.49,87.24,24.58,64.37,26.12,68.89,1,0.4708,0,1.0455,74.57,74.37,17.41
1068,196,11,31.96,76.82,24.2,61.35,25.74,68.81,1,0.4701,0,1.0455,74.63,74.41,16.3
1069,196,12,32.86,71.75,24.16,59.36,25.42,68.71,1,0.4694,0,1.0455,74.63,74.45,15.75
1070,196,13,32.59,67.46,24.02,57.6,25.14,68.58,1,0.4688,0,1.0455,74.66,74.49,15.14
1071,196,14,31.71,66.58,24.03,56.58,24.92,68.45,1,0.4681,0,1.0455,74.66,74.52,14.87
1072,196,15,31.21,66.19,24.01,55.65,24.74,68.31,1,0.4674,0,1.0455,74.66,74.54,14.6
1073,196,16,32.29,68.01,24.05,55.38,24.6,68.16,1,0.4668,0,1.0455,74.65,74.56,14.56
1074,196,17,31.43,69.84,24.64,56.48,24.61,68.03,0,0.4661,0,1.0455,74.56,74.56,15.41
1075,196,18,31.07,73.23,25.07,57.68,24.7,67.92,0,0.4654,0,1.0455,74.5,74.55,16.14
1076,196,19,29.63,77.17,25.33,58.8,24.83,67.82,0,0.4648,0,1.0455,74.46,74.53,16.69
1077,196,20,27.2,80.32,25.42,60.02,24.94,67.73,0,0.4641,0,1.0455,74.45,74.51,17.1
1078,196,21,27.77,81.06,25.5,61.3,25.06,67.66,0,0.4634,0,1.0455,74.44,74.5,17.51
1079,196,22,27.9,84.15,25.6,62.45,25.16,67.6,0,0.4628,0,1.0455,74.43,74.48,17.9
1080,196,23,27.48,85.96,25.71,63.7,25.27,67.56,0,0.4621,0,1.0455,74.41,74.47,18.32
1081,197,0,27.68,87.4,25.74,65.42,25.37,67.53,0,0.4614,0,1.0455,74.41,74.46,18.77
1082,197,1,28.26,91.83,25.88,66.97,25.47,67.53,0,0.4608,0,1.0455,74.39,74.44,19.28
1083,197,2,27.91,93.01,25.98,68.99,25.57,67.54,0,0.4601,0,1.0455,74.38,74.43,19.85
1084,197,3,28.26,91.51,26.09,70.63,25.68,67.58,0,0.4594,0,1.0455,74.37,74.42,20.34
1085,197,4,28.51,88.33,26.21,71.96,25.78,67.63,0,0.4588,0,1.0455,74.36,74.4,20.76
1086,197,5,29.23,88.46,26.49,73.11,25.93,67.69,0,0.4581,0,1.0455,74.33,74.39,21.28
1087,197,6,31.11,88.28,26.78,74.53,26.1,67.76,0,0.4574,0,1.0455,74.3,74.37,21.87
1088,197,7,31.52,84.6,27.08,75.18,26.29,67.85,0,0.4568,0,1.0455,74.28,74.35,22.31
1089,197,8,32.09,81.91,27.33,75.79,26.5,67.93,0,0.4561,0,1.0455,74.26,74.33,22.68
1090,197,9,32.89,77.35,25.43,67.74,26.29,67.93,1,0.4554,0,1.0455,74.45,74.35,19.03
1091,197,10,33.89,73.43,24.6,63.8,25.95,67.89,1,0.4548,0,1.0455,74.56,74.39,17.29
1092,197,11,34.39,69.21,24.33,60.55,25.62,67.8,1,0.4541,0,1.0455,74.61,74.42,16.21
1093,197,12,33.61,65.75,24.13,58.7,25.33,67.7,1,0.4534,0,1.0455,74.64,74.46,15.54
1094,197,13,33.61,61.73,23.98,57.17,25.06,67.59,1,0.4528,0,1.0455,74.66,74.5,14.98
1095,197,14,35.21,60.11,23.99,56.22,24.84,67.46,1,0.4521,0,1.0455,74.66,74.53,14.73
1096,197,15,35.66,58.57,24.04,56.31,24.68,67.34,1,0.4514,0,1.0455,74.65,74.55,14.8
1097,197,16,36.58,60.83,23.99,56.17,24.54,67.21,1,0.4508,0,1.0455,74.66,74.57,14.72
1098,197,17,35.51,59.85,24.88,56.22,24.61,67.09,0,0.4501,0,1.0455,74.52,74.56,15.57
1099,197,18,36.3,68.43,25.72,56.89,24.83,66.98,0,0.4494,0,1.0455,74.41,74.53,16.53
1100,197,19,34.63,74.14,26.31,58.55,25.13,66.88,0,0.4488,0,1.0455,74.35,74.49,17.54
1101,197,20,33.9,74.77,26.88,59.5,25.48,66.8,0,0.4481,0,1.0455,74.29,74.44,18.33
1102,197,21,35.45,77.2,27.55,60.39,25.89,66.73,0,0.4474,0,1.0455,74.24,74.39,19.19
1103,197,22,34.56,84.85,28.06,62,26.33,66.68,0,0.4467,0,1.0455,74.21,74.35,20.1
1104,197,23,32.46,86,28.29,63.08,26.72,66.64,0,0.4461,0,1.0455,74.2,74.31,20.59
1105,198,0,31.57,88.54,28.42,64.71,27.06,66.62,0,0.4454,0,1.0455,74.2,74.28,21.14
1106,198,1,30.48,91.8,28.46,66.93,27.34,66.62,0,0.4447,0,1.0455,74.19,74.26,21.72
1107,198,2,28.52,95.27,28.35,68.67,27.54,66.64,0,0.4441,0,1.0455,74.2,74.24,22.03
1108,198,3,29.71,95.97,28.43,70.84,27.72,66.69,0,0.4434,0,1.0455,74.2,74.23,22.63
1109,198,4,28.61,98,28.34,72.91,27.84,66.76,0,0.4427,0,1.0455,74.2,74.23,23.02
1110,198,5,28.77,96.41,28.31,74.22,27.94,66.84,0,0.4421,0,1.0455,74.2,74.22,23.28
1111,198,6,29.25,95.92,28.21,75.72,27.99,66.94,0,0.4414,0,1.0455,74.21,74.22,23.52
1112,198,7,31.77,89.32,28.29,77.18,28.05,67.05,0,0.4407,0,1.0455,74.2,74.21,23.91
1113,198,8,31.89,82.62,28.49,77.13,28.14,67.16,0,0.4401,0,1.0455,74.19,74.21,24.09
1114,198,9,33.02,78.51,25.99,69.66,27.71,67.19,1,0.4394,0,1.0455,74.38,74.23,20.01
1115,198,10,33.64,81.67,24.84,64.35,27.14,67.16,1,0.4387,0,1.0455,74.53,74.27,17.65
1116,198,11,33.09,78.66,24.4,60.95,26.59,67.09,1,0.4381,0,1.0455,74.59,74.32,16.38
1117,198,12,32,85.71,24.27,58.7,26.13,67,1,0.4374,0,1.0455,74.61,74.37,15.67
1118,198,13,33.37,71.2,24.02,57.58,25.71,66.89,1,0.4367,0,1.0455,74.66,74.41,15.14
1119,198,14,33.65,70.16,23.94,56.74,25.35,66.78,1,0.4361,0,1.0455,74.67,74.46,14.84
1120,198,15,35.5,71.2,24.01,56.29,25.08,66.66,1,0.4354,0,1.0455,74.66,74.49,14.77
1121,198,16,36.23,71.83,23.98,55.59,24.86,66.54,1,0.4347,0,1.0455,74.66,74.52,14.55
1122,198,17,35.13,75.89,24.8,56.68,24.85,66.43,0,0.4341,0,1.0455,74.53,74.53,15.62
1123,198,18,32.97,75.8,25.35,58.16,24.95,66.34,0,0.4334,0,1.0455,74.46,74.51,16.53
1124,198,19,33.8,78.77,25.92,59.65,25.14,66.27,0,0.4327,0,1.0455,74.39,74.49,17.47
1125,198,20,33.3,80.35,26.43,60.82,25.4,66.21,0,0.4321,0,1.0455,74.34,74.45,18.26
1126,198,21,33.88,84.19,26.9,62.62,25.7,66.17,0,0.4314,0,1.0455,74.29,74.41,19.16
1127,198,22,32.13,90.6,27.22,64.04,26,66.14,0,0.4307,0,1.0455,74.27,74.38,19.83
1128,198,23,31.59,91.52,27.48,65.41,26.3,66.13,0,0.4301,0,1.0455,74.25,74.35,20.41
1129,199,0,30.94,93.36,27.68,67.2,26.58,66.15,0,0.4294,0,1.0455,74.24,74.32,21.05
1130,199,1,27.34,99,27.58,69.3,26.78,66.18,0,0.4287,0,1.0455,74.24,74.3,21.45
1131,199,2,26.99,95.85,27.44,70.3,26.91,66.23,0,0.4281,0,1.0455,74.25,74.29,21.55
1132,199,3,26.44,94.86,27.28,71.83,26.98,66.29,0,0.4274,0,1.0455,74.26,74.29,21.75
1133,199,4,26.24,98,27.17,73.26,27.02,66.37,0,0.4267,0,1.0455,74.27,74.28,21.97
1134,199,5,26.73,96.84,26.97,74.98,27.01,66.46,0,0.4261,0,1.0455,74.29,74.28,22.16
1135,199,6,28.35,96.29,27.03,76.56,27.01,66.57,0,0.4254,0,1.0455,74.28,74.28,22.55
1136,199,7,28.79,95.69,27.06,77.99,27.02,66.7,0,0.4247,0,1.0455,74.28,74.28,22.89
1137,199,8,28.25,94.93,27.12,79.32,27.04,66.84,0,0.4241,0,1.0455,74.27,74.28,23.23
1138,199,9,27.31,89.54,25.45,70.68,26.72,66.88,1,0.4234,0,1.0455,74.45,74.31,19.73
1139,199,10,27.63,87,24.71,65.51,26.32,66.87,1,0.4227,0,1.0455,74.55,74.35,17.81
1140,199,11,26.37,93.7,24.26,61.79,25.91,66.81,1,0.4221,0,1.0455,74.62,74.39,16.47
1141,199,12,29.38,83.38,24.12,59.94,25.55,66.74,1,0.4214,0,1.0455,74.64,74.43,15.85
1142,199,13,28.92,82.28,24.07,58.14,25.25,66.64,1,0.4207,0,1.0455,74.65,74.47,15.33
1143,199,14,28.45,81.71,24.03,57.08,25.01,66.53,1,0.4201,0,1.0455,74.66,74.5,15
1144,199,15,27.49,80.42,23.98,56.88,24.8,66.43,1,0.4194,0,1.0455,74.66,74.53,14.91
1145,199,16,27.96,84.07,23.98,56.29,24.64,66.31,1,0.4187,0,1.0455,74.66,74.56,14.75
1146,199,17,28.23,82.64,24.23,57.85,24.56,66.22,0,0.4181,0,1.0455,74.62,74.57,15.41
1147,199,18,27,81.5,24.28,59.9,24.5,66.15,0,0.4174,0,1.0455,74.61,74.58,16
1148,199,19,27.38,82,24.44,61.43,24.49,66.1,0,0.4167,0,1.0455,74.59,74.58,16.54
1149,199,20,27.35,83.96,24.65,62.66,24.52,66.06,0,0.4161,0,1.0455,74.55,74.57,17.05
1150,199,21,25.45,88.84,24.61,64.87,24.54,66.05,0,0.4154,0,1.0455,74.56,74.57,17.57
1151,199,22,24.59,99,24.58,67.66,24.55,66.06,0,0.4147,0,1.0455,74.57,74.57,18.2
1152,199,23,24.89,97.46,24.46,69.53,24.53,66.1,0,0.4141,0,1.0455,74.58,74.57,18.53
1153,200,0,24.68,96.43,24.45,70.94,24.51,66.16,0,0.4134,0,1.0455,74.59,74.58,18.83
1154,200,1,24.87,95.24,24.41,72.7,24.49,66.23,0,0.4127,0,1.0455,74.59,74.58,19.19
1155,200,2,23.94,95.75,24.39,74.4,24.47,66.32,0,0.4121,0,1.0455,74.6,74.58,19.54
1156,200,3,24,93.12,24.23,75.19,24.42,66.42,0,0.4114,0,1.0455,74.62,74.59,19.56
1157,200,4,24.5,86.99,24.08,76.17,24.36,66.53,0,0.4107,0,1.0455,74.65,74.6,19.62
1158,200,5,25.55,86.96,24.09,76.98,24.3,66.64,0,0.4101,0,1.0455,74.64,74.61,19.8
1159,200,6,27.21,85.72,24.21,78.1,24.28,66.77,0,0.4094,0,1.0455,74.62,74.61,20.15
1160,200,7,27.32,87.04,24.38,78.88,24.3,66.9,0,0.4087,0,1.0455,74.6,74.61,20.48
1161,200,8,29.45,86.14,24.68,79.69,24.38,67.05,0,0.4081,0,1.0455,74.55,74.6,20.93
1162,200,9,29.69,85.09,24.38,71.19,24.38,67.09,1,0.4074,0,1.0455,74.6,74.6,18.83
1163,200,10,30.76,79.04,24.21,65.86,24.35,67.08,1,0.4067,0,1.0455,74.62,74.6,17.42
1164,200,11,31.98,77.24,24.12,61.96,24.3,67.02,1,0.4061,0,1.0455,74.64,74.61,16.37
1165,200,12,33.28,75.95,24.02,59.87,24.25,66.94,1,0.4054,0,1.0455,74.66,74.62,15.75
1166,200,13,33.76,75,23.98,58.06,24.19,66.84,1,0.4047,0,1.0455,74.66,74.63,15.23
1167,200,14,33.61,74.91,23.97,56.53,24.15,66.73,1,0.4041,0,1.0455,74.67,74.63,14.8
1168,200,15,33.91,75.52,23.96,55.83,24.11,66.61,1,0.4034,0,1.0455,74.67,74.64,14.6
1169,200,16,32.92,79.17,24.03,55.49,24.09,66.48,1,0.4027,0,1.0455,74.65,74.64,14.57
1170,200,17,32.97,82.08,24.62,57.13,24.2,66.38,0,0.4021,0,1.0455,74.56,74.63,15.57
1171,200,18,32.69,79.55,25.19,58.39,24.4,66.29,0,0.4014,0,1.0455,74.48,74.59,16.45
1172,200,19,30.14,90.94,25.57,60.37,24.63,66.23,0,0.4007,0,1.0455,74.43,74.56,17.33
1173,200,20,29.58,83.91,25.75,62.15,24.85,66.18,0,0.4001,0,1.0455,74.41,74.53,17.96
1174,200,21,27.17,85.28,25.77,63.6,25.04,66.15,0,0.3994,0,1.0455,74.41,74.5,18.35
1175,200,22,26.36,88.34,25.62,65.12,25.15,66.14,0,0.3987,0,1.0455,74.42,74.48,18.58
1176,200,23,25.01,89.44,25.48,67.11,25.22,66.15,0,0.3981,0,1.0455,74.44,74.48,18.93
1177,201,0,24.22,91.76,25.17,68.6,25.21,66.18,0,0.3974,0,1.0455,74.48,74.48,18.99
1178,201,1,21.72,89.32,24.73,70.21,25.11,66.22,0,0.3967,0,1.0455,74.54,74.49,18.94
1179,201,2,22.42,92.52,24.5,72.08,24.99,66.29,0,0.3961,0,1.0455,74.58,74.51,19.14
1180,201,3,21.3,87.75,24.17,72.76,24.83,66.36,0,0.3954,0,1.0455,74.63,74.53,18.98
1181,201,4,22.62,88.67,23.94,73.81,24.65,66.44,0,0.3947,0,1.0455,74.67,74.56,18.98
1182,201,5,25.02,86.46,23.94,74.94,24.51,66.54,0,0.3941,0,1.0455,74.67,74.58,19.23
1183,201,6,26.55,87.22,24.13,75.94,24.43,66.64,0,0.3934,0,1.0455,74.64,74.59,19.63
1184,201,7,26.13,86.57,24.15,77.02,24.38,66.76,0,0.3927,0,1.0455,74.64,74.6,19.86
1185,201,8,27.66,84.7,24.27,77.58,24.35,66.88,0,0.3921,0,1.0455,74.61,74.6,20.1
1186,201,9,28.68,78.12,24.58,78.22,24.4,67,0,0.3914,0,1.0455,74.57,74.59,20.53
1187,201,10,28.21,75.01,24.86,77.69,24.49,67.12,0,0.3907,0,1.0455,74.52,74.58,20.69
1188,201,11,29.23,74.92,25.13,77.63,24.62,67.24,0,0.3901,0,1.0455,74.49,74.56,20.95
1189,201,12,29.99,74.77,25.37,77.62,24.77,67.35,0,0.3894,0,1.0455,74.45,74.54,21.18
1190,201,13,31.38,70.12,25.76,76.9,24.97,67.46,0,0.3887,0,1.0455,74.41,74.51,21.4
1191,201,14,31.8,68.76,26.15,76.5,25.2,67.56,0,0.3881,0,1.0455,74.36,74.48,21.7
1192,201,15,30.75,68.38,26.48,76.36,25.46,67.66,0,0.3874,0,1.0455,74.33,74.44,21.98
1193,201,16,30.97,68.89,26.74,76.39,25.71,67.76,0,0.3867,0,1.0455,74.31,74.41,22.24
1194,201,17,29.81,71.55,26.79,76.06,25.93,67.85,0,0.3861,0,1.0455,74.3,74.39,22.21
1195,201,18,29.69,70.42,26.93,75.67,26.13,67.93,0,0.3854,0,1.0455,74.29,74.37,22.27
1196,201,19,27.52,72.23,26.88,75.05,26.28,68.01,0,0.3847,0,1.0455,74.29,74.35,22.09
1197,201,20,26.65,77.72,26.77,76.06,26.38,68.1,0,0.3841,0,1.0455,74.3,74.34,22.2
1198,201,21,26.54,82.53,26.71,76.65,26.45,68.2,0,0.3834,0,1.0455,74.31,74.33,22.27
1199,201,22,26.69,84.7,26.61,77.05,26.48,68.3,0,0.3827,0,1.0455,74.32,74.33,22.25
1200,201,23,25.57,91.82,26.4,78.3,26.46,68.41,0,0.3821,0,1.0455,74.34,74.33,22.32
1201,202,0,26.33,88.12,26.42,79.21,26.46,68.53,0,0.3814,0,1.0455,74.34,74.33,22.53
1202,202,1,25.02,92.35,26.19,80.01,26.4,68.66,0,0.3026,0,1.0455,74.36,74.34,22.47
1203,202,2,25.7,94.63,26.08,80.82,26.34,68.79,0,0.3065,0,1.0455,74.37,74.34,22.52
1204,202,3,27.62,97.59,26.11,81.8,26.29,68.93,0,0.314,0,1.0455,74.37,74.35,22.76
1205,202,4,25.07,97.47,26.03,82.71,26.24,69.09,0,0.3245,0,1.047,74.38,74.35,22.86
1206,202,5,26.69,95.57,26.05,83.64,26.2,69.25,0,0.3378,0,1.0551,74.37,74.36,23.06
1207,202,6,26.51,97.28,25.98,84.7,26.16,69.42,0,0.3545,0,1.0687,74.38,74.36,23.2
1208,202,7,27.26,96.38,25.95,84.89,26.12,69.59,0,0.3717,0,1.083,74.39,74.37,23.21
1209,202,8,26.5,90.23,25.96,85.11,26.08,69.77,0,0.3896,0,1.0982,74.38,74.37,23.26
1210,202,9,26.01,85.14,24.89,74.99,25.85,69.82,1,0.3882,0,1.0982,74.52,74.4,20.15
1211,202,10,26.86,84.01,24.28,67.72,25.53,69.8,1,0.3869,0,1.0982,74.61,74.43,17.93
1212,202,11,27.49,77.65,24.14,62.91,25.25,69.72,1,0.3856,0,1.0982,74.64,74.47,16.63
1213,202,12,29.82,71.77,24.09,59.76,25.02,69.61,1,0.3843,0,1.0982,74.64,74.5,15.78
1214,202,13,29.18,68.74,24.12,58.39,24.84,69.49,1,0.3829,0,1.0982,74.64,74.53,15.44
1215,202,14,29.94,70.83,24.09,57.19,24.69,69.35,1,0.3816,0,1.0982,74.64,74.55,15.09
1216,202,15,30.19,71.7,24.02,56.53,24.55,69.21,1,0.3816,0,1.0982,74.66,74.57,14.84
1217,202,16,30.02,70.06,24.03,56.37,24.45,69.07,1,0.3816,0,1.0982,74.66,74.59,14.81
1218,202,17,29.76,65.6,24.44,57.15,24.45,68.93,0,0.3816,0,1.0982,74.59,74.59,15.41
1219,202,18,29.75,66.03,24.78,57.68,24.51,68.81,0,0.3816,0,1.0982,74.54,74.58,15.87
1220,202,19,29.86,66.27,25.14,58.88,24.64,68.7,0,0.3816,0,1.0982,74.48,74.56,16.54
1221,202,20,28.54,67.3,25.35,59.58,24.78,68.6,0,0.3816,0,1.0982,74.46,74.54,16.92
1222,202,21,27.1,73.77,25.45,60.58,24.92,68.51,0,0.3816,0,1.0982,74.45,74.52,17.27
1223,202,22,27.77,80.65,25.57,62.35,25.05,68.44,0,0.3816,0,1.0982,74.43,74.5,17.85
1224,202,23,27,82.4,25.58,63.98,25.15,68.39,0,0.3816,0,1.0982,74.43,74.48,18.26
1225,203,0,26.8,87,25.54,65.18,25.23,68.35,0,0.3816,0,1.0982,74.43,74.47,18.52
1226,203,1,27.09,91.1,25.64,66.66,25.31,68.34,0,0.3816,0,1.0982,74.42,74.46,18.97
1227,203,2,27.22,88.64,25.64,68.09,25.38,68.33,0,0.3816,0,1.0982,74.42,74.45,19.32
1228,203,3,26.53,90.63,25.71,69.14,25.45,68.34,0,0.3816,0,1.0982,74.41,74.45,19.63
1229,203,4,25.89,89.34,25.59,70.71,25.47,68.37,0,0.3816,0,1.0982,74.43,74.44,19.88
1230,203,5,26.73,91.52,25.69,72.45,25.52,68.41,0,0.3816,0,1.0982,74.42,74.44,20.37
1231,203,6,26.46,85.81,25.67,73.65,25.55,68.47,0,0.3816,0,1.0982,74.42,74.43,20.62
1232,203,7,26.83,81.37,25.61,74.21,25.56,68.54,0,0.3816,0,1.0982,74.43,74.43,20.68
1233,203,8,27.36,81.32,25.66,74.96,25.58,68.61,0,0.3816,0,1.0982,74.42,74.43,20.88
1234,203,9,28.01,78.92,24.75,68.17,25.41,68.6,1,0.3809,0,1.0982,74.54,74.45,18.48
1235,203,10,29.96,74.72,24.36,63.61,25.2,68.55,1,0.3803,0,1.0982,74.6,74.48,17.01
1236,203,11,29.67,75.46,24.2,60.79,25,68.46,1,0.3796,0,1.0982,74.63,74.5,16.15
1237,203,12,29.62,74.41,24.15,58.56,24.83,68.35,1,0.3789,0,1.0982,74.63,74.53,15.52
1238,203,13,30.94,72.63,24.04,56.31,24.67,68.22,1,0.3783,0,1.0982,74.65,74.55,14.8
1239,203,14,31.32,74.5,23.96,56.36,24.53,68.08,1,0.3776,0,1.0982,74.67,74.57,14.75
1240,203,15,31.23,74.72,23.97,56.2,24.42,67.95,1,0.3769,0,1.0982,74.66,74.59,14.72
1241,203,16,27.74,83.93,23.97,55.76,24.33,67.82,1,0.3763,0,1.0982,74.66,74.61,14.59
1242,203,17,30.05,76.77,24.41,56.9,24.35,67.7,0,0.3756,0,1.0982,74.59,74.6,15.32
1243,203,18,29.41,74.81,24.7,58.17,24.42,67.59,0,0.3749,0,1.0982,74.55,74.59,15.93
1244,203,19,28.04,77.37,24.91,59.35,24.52,67.5,0,0.3743,0,1.0982,74.52,74.58,16.44
1245,203,20,28.49,75.58,25.05,60.43,24.62,67.42,0,0.3736,0,1.0982,74.5,74.56,16.86
1246,203,21,28.48,79.14,25.14,61.68,24.73,67.36,0,0.3729,0,1.0982,74.49,74.54,17.27
1247,203,22,28.38,84.59,25.32,63.48,24.84,67.31,0,0.3723,0,1.0982,74.46,74.53,17.89
1248,203,23,26.27,94.72,25.29,64.87,24.93,67.29,0,0.3716,0,1.0982,74.47,74.51,18.2
1249,204,0,26.14,88.19,25.26,66.33,25,67.28,0,0.3709,0,1.0982,74.47,74.5,18.53
1250,204,1,24.32,92.56,25.09,67.84,25.02,67.28,0,0.3703,0,1.0982,74.49,74.5,18.73
1251,204,2,22.69,96.58,24.83,70.21,24.98,67.31,0,0.3696,0,1.0982,74.53,74.51,19.03
1252,204,3,24.76,97.62,24.71,71.52,24.93,67.36,0,0.3689,0,1.0982,74.55,74.52,19.22
1253,204,4,25.69,95.18,24.69,72.34,24.88,67.42,0,0.3683,0,1.0982,74.55,74.52,19.38
1254,204,5,28.29,95.1,24.72,73.93,24.85,67.49,0,0.3676,0,1.0982,74.54,74.53,19.76
1255,204,6,29.96,94.5,25.04,75.32,24.88,67.58,0,0.3669,0,1.0982,74.5,74.52,20.36
1256,204,7,31.86,93.49,25.5,77.07,25.01,67.68,0,0.3663,0,1.0982,74.44,74.5,21.19
1257,204,8,31.55,87.24,25.87,78.1,25.18,67.8,0,0.3656,0,1.0982,74.39,74.48,21.76
1258,204,9,33.01,84.56,24.8,70.19,25.1,67.82,1,0.3649,0,1.0982,74.53,74.49,19
1259,204,10,33.99,81.5,24.3,64.85,24.94,67.79,1,0.3643,0,1.0982,74.61,74.51,17.26
1260,204,11,35.23,77.48,24.07,61.03,24.77,67.72,1,0.3636,0,1.0982,74.65,74.54,16.09
1261,204,12,36.38,74.57,24.02,59.04,24.62,67.62,1,0.3629,0,1.0982,74.66,74.56,15.53
1262,204,13,36.67,76.24,23.98,57.56,24.49,67.51,1,0.3623,0,1.0982,74.66,74.58,15.09
1263,204,14,35.01,83.12,23.95,56.52,24.38,67.39,1,0.3616,0,1.0982,74.67,74.6,14.78
1264,204,15,36.53,72.21,24,55.95,24.31,67.26,1,0.3609,0,1.0982,74.66,74.61,14.67
1265,204,16,36.48,69.14,24.03,55.8,24.25,67.13,1,0.3603,0,1.0982,74.65,74.62,14.66
1266,204,17,36.46,69.22,24.9,56.51,24.38,67.01,0,0.3596,0,1.0982,74.52,74.6,15.66
1267,204,18,33.31,84.35,25.54,58.07,24.61,66.91,0,0.3589,0,1.0982,74.43,74.56,16.69
1268,204,19,32.24,79.08,26.01,59.56,24.89,66.83,0,0.3583,0,1.0982,74.38,74.52,17.53
1269,204,20,32.15,80.96,26.42,60.88,25.2,66.77,0,0.3576,0,1.0982,74.34,74.48,18.26
1270,204,21,29.89,79.9,26.61,62.11,25.48,66.71,0,0.3569,0,1.0982,74.32,74.44,18.76
1271,204,22,28.14,86.5,26.69,63.5,25.72,66.68,0,0.3563,0,1.0982,74.31,74.41,19.19
1272,204,23,27.16,91.83,26.71,65.19,25.92,66.66,0,0.3556,0,1.0982,74.31,74.39,19.63
1273,205,0,26.41,98,26.6,67.53,26.06,66.67,0,0.3549,0,1.0982,74.32,74.37,20.09
1274,205,1,25.23,99,26.44,69.1,26.13,66.7,0,0.3543,0,1.0982,74.33,74.37,20.32
1275,205,2,27.74,95.55,26.42,70.59,26.19,66.74,0,0.3536,0,1.0982,74.34,74.36,20.64
1276,205,3,28.11,96.44,26.48,72.31,26.25,66.8,0,0.3529,0,1.0982,74.33,74.35,21.09
1277,205,4,28.28,91.65,26.51,73.9,26.3,66.88,0,0.3523,0,1.0982,74.33,74.35,21.48
1278,205,5,27.62,87.63,26.52,75.18,26.34,66.97,0,0.3516,0,1.0982,74.33,74.34,21.76
1279,205,6,28.13,86.8,26.62,76.13,26.4,67.08,0,0.3509,0,1.0982,74.32,74.34,22.07
1280,205,7,28.31,83.58,26.69,76.68,26.46,67.18,0,0.3502,0,1.0982,74.31,74.33,22.26
1281,205,8,29.11,79.96,26.83,76.82,26.53,67.29,0,0.3496,0,1.0982,74.3,74.33,22.42
1282,205,9,30.07,77.03,25.22,68.92,26.27,67.31,1,0.3489,0,1.0982,74.48,74.35,19.1
1283,205,10,31.61,70.97,24.51,64.15,25.92,67.27,1,0.3482,0,1.0982,74.58,74.39,17.29
1284,205,11,32.95,77.45,24.19,61.24,25.57,67.21,1,0.3476,0,1.0982,74.63,74.43,16.26
1285,205,12,34.03,68.56,24.08,58.79,25.27,67.11,1,0.3469,0,1.0982,74.65,74.47,15.52
1286,205,13,33.52,69.85,24.06,57.85,25.03,67.01,1,0.3462,0,1.0982,74.65,74.5,15.24
1287,205,14,34.11,66.03,24.03,56.48,24.83,66.89,1,0.3456,0,1.0982,74.66,74.53,14.84
1288,205,15,34.63,66.64,24.03,55.54,24.67,66.77,1,0.3449,0,1.0982,74.66,74.55,14.58
1289,205,16,34.7,64.55,24.01,55.34,24.54,66.64,1,0.3442,0,1.0982,74.66,74.57,14.51
1290,205,17,34.79,66.09,24.71,55.62,24.57,66.52,0,0.3436,0,1.0982,74.55,74.57,15.24
1291,205,18,34.04,68.72,25.33,56.67,24.72,66.41,0,0.3429,0,1.0982,74.46,74.54,16.11
1292,205,19,33.11,71.11,25.91,57.13,24.96,66.3,0,0.3422,0,1.0982,74.39,74.51,16.78
1293,205,20,31.36,72.39,26.23,58.38,25.21,66.22,0,0.3416,0,1.0982,74.36,74.48,17.41
1294,205,21,29.96,74.89,26.28,59.61,25.43,66.14,0,0.3409,0,1.0982,74.35,74.45,17.8
1295,205,22,29.02,75.59,26.37,61.02,25.62,66.09,0,0.3402,0,1.0982,74.34,74.42,18.25
1296,205,23,28.78,79.73,26.47,62.25,25.79,66.04,0,0.3396,0,1.0982,74.33,74.4,18.66
1297,206,0,27.82,82.04,26.44,63.67,25.92,66.02,0,0.3389,0,1.0982,74.33,74.39,19
1298,206,1,26.71,84.27,26.44,65.25,26.02,66.01,0,0.3382,0,1.0982,74.33,74.38,19.39
1299,206,2,27.57,85.71,26.39,66.42,26.1,66.01,0,0.3376,0,1.0982,74.34,74.37,19.63
1300,206,3,28.24,85.56,26.39,67.44,26.16,66.03,0,0.3369,0,1.0982,74.34,74.36,19.88
1301,206,4,28.72,85.36,26.49,68.84,26.22,66.06,0,0.3362,0,1.0982,74.33,74.36,20.31
1302,206,5,27.79,86.1,26.54,70.12,26.29,66.11,0,0.3356,0,1.0982,74.32,74.35,20.65
1303,206,6,29.36,85.13,26.7,71.03,26.37,66.16,0,0.3349,0,1.0982,74.31,74.34,21.01
1304,206,7,30.82,83.37,26.86,71.95,26.47,66.22,0,0.3342,0,1.0982,74.3,74.33,21.38
1305,206,8,30.08,79.49,27.03,72.83,26.58,66.3,0,0.3336,0,1.0982,74.28,74.32,21.74
1306,206,9,29.48,74.21,25.33,66.53,26.33,66.3,1,0.3329,0,1.0982,74.46,74.35,18.65
1307,206,10,28.88,72.17,24.62,62.92,25.99,66.26,1,0.3322,0,1.0982,74.56,74.38,17.09
1308,206,11,31,69.08,24.28,60.01,25.65,66.19,1,0.3316,0,1.0982,74.61,74.42,16.03
1309,206,12,31.4,65.57,24.09,58.46,25.33,66.11,1,0.3309,0,1.0982,74.64,74.46,15.43
1310,206,13,31.71,67.56,24.08,57.14,25.08,66.01,1,0.3302,0,1.0982,74.65,74.49,15.07
1311,206,14,32.76,66.5,24.05,56.68,24.88,65.9,1,0.3296,0,1.0982,74.65,74.52,14.92
1312,206,15,32.72,66.06,24.02,55.49,24.71,65.79,1,0.3289,0,1.0982,74.66,74.55,14.56
1313,206,16,33.19,70.03,23.98,55.04,24.56,65.67,1,0.3282,0,1.0982,74.66,74.57,14.4
1314,206,17,30.27,78.49,24.41,56.3,24.53,65.56,0,0.3276,0,1.0982,74.59,74.57,15.15
1315,206,18,31.24,70.03,24.78,57.2,24.58,65.47,0,0.3269,0,1.0982,74.54,74.57,15.75
1316,206,19,30.57,71.03,25.16,58.52,24.7,65.39,0,0.3262,0,1.0982,74.48,74.55,16.45
1317,206,20,30.88,72.86,25.59,60.21,24.87,65.34,0,0.3256,0,1.0982,74.43,74.52,17.31
1318,206,21,31.51,74.1,26.05,61.09,25.11,65.29,0,0.3249,0,1.0982,74.37,74.49,17.97
1319,206,22,29.9,80.57,26.3,62.11,25.35,65.25,0,0.3242,0,1.0982,74.35,74.46,18.47
1320,206,23,28.96,83.95,26.46,63.49,25.57,65.24,0,0.3236,0,1.0982,74.33,74.43,18.98
1321,207,0,28.8,88.42,26.57,65.3,25.77,65.24,0,0.3229,0,1.0982,74.32,74.41,19.52
1322,207,1,25.27,88.6,26.36,66.95,25.89,65.25,0,0.3222,0,1.0982,74.34,74.39,19.73
1323,207,2,25.96,90.42,26.27,68.22,25.96,65.29,0,0.3216,0,1.0982,74.35,74.38,19.94
1324,207,3,26.67,91.78,26.23,70.19,26.02,65.34,0,0.3209,0,1.0982,74.36,74.38,20.37
1325,207,4,25.17,90.11,26,71.7,26.01,65.41,0,0.3202,0,1.0982,74.38,74.38,20.49
1326,207,5,26.71,87.84,25.99,73.3,26.01,65.5,0,0.3196,0,1.0982,74.38,74.38,20.84
1327,207,6,27.78,89.6,26.1,74.54,26.03,65.6,0,0.3189,0,1.0982,74.37,74.38,21.22
1328,207,7,28.89,84.09,26.19,75.31,26.06,65.71,0,0.3182,0,1.0982,74.36,74.37,21.48
1329,207,8,28.84,83.95,26.31,76.08,26.11,65.82,0,0.3176,0,1.0982,74.35,74.37,21.76
1330,207,9,30.85,83.85,25.01,68.58,25.89,65.85,1,0.3169,0,1.0982,74.5,74.39,18.83
1331,207,10,32.1,80.27,24.42,63.99,25.6,65.83,1,0.3162,0,1.0982,74.59,74.43,17.17
1332,207,11,33.03,77.07,24.23,61.85,25.32,65.79,1,0.3156,0,1.0982,74.62,74.46,16.45
1333,207,12,33.23,74.76,24.01,58.88,25.06,65.71,1,0.3149,0,1.0982,74.66,74.5,15.48
1334,207,13,34.89,75.97,24.05,57.79,24.86,65.62,1,0.3142,0,1.0982,74.65,74.52,15.22
1335,207,14,34.39,75.57,24,56.82,24.69,65.53,1,0.3136,0,1.0982,74.66,74.55,14.91
1336,207,15,34.18,74.63,24.02,56.81,24.55,65.43,1,0.3129,0,1.0982,74.66,74.57,14.92
1337,207,16,34.69,74.47,24.02,56.02,24.45,65.33,1,0.3122,0,1.0982,74.66,74.59,14.71
1338,207,17,35.02,75.01,24.78,57.55,24.51,65.24,0,0.3116,0,1.0982,74.54,74.58,15.83
1339,207,18,35.29,76.37,25.53,59.18,24.72,65.17,0,0.3109,0,1.0982,74.43,74.55,16.98
1340,207,19,34.47,74.6,26.15,60.28,25,65.12,0,0.3102,0,1.0982,74.36,74.5,17.85
1341,207,20,32.61,75.83,26.47,61.08,25.3,65.07,0,0.3096,0,1.0982,74.33,74.46,18.36
1342,207,21,32.01,79.73,26.73,62.26,25.58,65.04,0,0.3089,0,1.0982,74.31,74.43,18.91
1343,207,22,30.02,82.05,26.85,63.43,25.84,65.02,0,0.3082,0,1.0982,74.3,74.4,19.33
1344,207,23,28.85,92.66,26.95,64.78,26.06,65.02,0,0.3076,0,1.0982,74.29,74.37,19.76
1345,208,0,28.49,89.58,27,66.12,26.25,65.03,0,0.3069,0,1.0982,74.28,74.35,20.13
1346,208,1,26.67,91.52,26.91,67.36,26.38,65.06,0,0.3062,0,1.0982,74.29,74.34,20.35
1347,208,2,26.19,90.89,26.77,68.8,26.46,65.1,0,0.3056,0,1.0982,74.3,74.33,20.56
1348,208,3,26.05,91.93,26.68,70.52,26.5,65.16,0,0.3049,0,1.0982,74.31,74.33,20.88
1349,208,4,28.77,90.38,26.73,71.62,26.55,65.23,0,0.3042,0,1.0982,74.31,74.32,21.18
1350,208,5,28.45,93.54,26.76,72.92,26.59,65.32,0,0.3036,0,1.0982,74.3,74.32,21.5
1351,208,6,26.81,99,26.67,74.28,26.61,65.42,0,0.3029,0,1.0982,74.31,74.32,21.71
1352,208,7,28.79,90.49,26.78,75.06,26.64,65.52,0,0.3022,0,1.0982,74.3,74.32,21.99
1353,208,8,28.37,87.98,26.84,75.74,26.68,65.64,0,0.3016,0,1.0982,74.3,74.31,22.2
1354,208,9,29.17,88.19,26.91,76.83,26.73,65.76,0,0.3009,0,1.0982,74.29,74.31,22.5
1355,208,10,30.93,82.83,27.15,78.12,26.81,65.9,0,0.3002,0,1.0982,74.27,74.3,23
1356,208,11,32.42,81.22,27.53,78.35,26.95,66.04,0,0.2996,0,1.0982,74.25,74.29,23.42
1357,208,12,32.88,75.51,27.81,78.28,27.12,66.17,0,0.2989,0,1.0982,74.23,74.27,23.68
1358,208,13,32.66,74.32,28.14,78.08,27.33,66.31,0,0.2982,0,1.0982,74.21,74.26,23.96
1359,208,14,32.07,72.61,28.32,78.13,27.53,66.44,0,0.2976,0,1.0982,74.2,74.25,24.14
1360,208,15,33.14,70.83,28.56,77.67,27.73,66.56,0,0.2969,0,1.0982,74.19,74.23,24.28
1361,208,16,33.05,69.45,28.81,77.52,27.95,66.68,0,0.2962,0,1.0982,74.18,74.22,24.49
1362,208,17,33.07,65.71,29.04,77.17,28.17,66.8,0,0.2956,0,1.0982,74.18,74.21,24.63
1363,208,18,30.81,70.51,29.09,77.22,28.35,66.92,0,0.2949,0,1.0982,74.17,74.2,24.69
1364,208,19,30.85,71.72,29.08,76.93,28.5,67.03,0,0.2942,0,1.0982,74.17,74.19,24.62
1365,208,20,27.87,81.19,28.94,76.92,28.59,67.14,0,0.2936,0,1.0982,74.18,74.19,24.48
1366,208,21,27.68,75.75,28.78,77.57,28.62,67.25,0,0.2929,0,1.0982,74.18,74.19,24.47
1367,208,22,27.31,79.87,28.52,77.9,28.6,67.37,0,0.2922,0,1.0982,74.19,74.19,24.28
1368,208,23,27.4,84.39,28.31,78.59,28.54,67.5,0,0.2916,0,1.0982,74.2,74.19,24.23
1369,209,0,26.33,88.85,28.16,79.69,28.47,67.63,0,0.2909,0,1.0982,74.21,74.19,24.31
1370,209,1,24.65,89.97,27.75,80.79,28.32,67.78,0,0.295,0,1.0982,74.23,74.2,24.14
1371,209,2,24.92,95.41,27.39,82.31,28.14,67.94,0,0.3046,0,1.0982,74.25,74.21,24.11
1372,209,3,25.01,93.32,27.09,83.34,27.93,68.11,0,0.3174,0,1.1034,74.28,74.22,24.02
1373,209,4,27.25,95.9,27.03,84.18,27.75,68.29,0,0.3328,0,1.114,74.28,74.23,24.13
1374,209,5,28.33,98,27.03,85.08,27.6,68.48,0,0.3512,0,1.1291,74.28,74.24,24.31
1375,209,6,28.73,98,27.02,86,27.49,68.67,0,0.3729,0,1.1481,74.28,74.25,24.48
1376,209,7,31.34,93.84,27.28,87.03,27.45,68.87,0,0.3989,0,1.171,74.26,74.25,24.93
1377,209,8,33.31,89.91,27.69,87.47,27.49,69.08,0,0.4272,0,1.1956,74.23,74.25,25.41
1378,209,9,33.79,90.51,25.64,75.77,27.12,69.16,1,0.4258,0,1.1956,74.42,74.27,21.04
1379,209,10,34.5,88.36,24.7,68.34,26.64,69.15,1,0.4245,0,1.1956,74.55,74.32,18.48
1380,209,11,35.74,81.03,24.3,63.61,26.17,69.08,1,0.4232,0,1.1956,74.61,74.36,16.96
1381,209,12,38.02,81.7,24.06,60.63,25.75,68.99,1,0.4218,0,1.1956,74.65,74.41,15.98
1382,209,13,38.33,77.17,24.04,58.72,25.41,68.88,1,0.4205,0,1.1956,74.65,74.45,15.45
1383,209,14,39.49,78.37,24.02,57.35,25.13,68.75,1,0.4192,0,1.1956,74.66,74.49,15.07
1384,209,15,39.43,72.78,24.11,55.97,24.92,68.61,1,0.4192,0,1.1956,74.64,74.52,14.78
1385,209,16,39.69,77.04,24.04,55.51,24.75,68.46,1,0.4192,0,1.1956,74.65,74.54,14.59
1386,209,17,36.03,77.34,24.98,56.83,24.79,68.33,0,0.4192,0,1.1956,74.51,74.53,15.83
1387,209,18,35.35,76.27,25.75,57.95,24.99,68.22,0,0.4192,0,1.1956,74.41,74.51,16.86
1388,209,19,34.69,75.74,26.31,58.83,25.25,68.11,0,0.4192,0,1.1956,74.35,74.47,17.61
1389,209,20,33.22,78.17,26.77,60.2,25.55,68.02,0,0.4192,0,1.1956,74.3,74.43,18.42
1390,209,21,31.46,77.63,27.1,61.22,25.86,67.95,0,0.4192,0,1.1956,74.28,74.4,18.99
1391,209,22,30.93,80.87,27.32,62.91,26.15,67.89,0,0.4192,0,1.1956,74.26,74.36,19.63
1392,209,23,30.34,81.12,27.44,64.06,26.41,67.85,0,0.4192,0,1.1956,74.25,74.34,20.04
1393,210,0,28.3,83.69,27.4,65.13,26.61,67.82,0,0.4192,0,1.1956,74.25,74.32,20.27
1394,210,1,28.04,88.51,27.33,66.31,26.75,67.8,0,0.4192,0,1.1956,74.26,74.31,20.5
1395,210,2,27.25,87.35,27.32,68.19,26.87,67.81,0,0.4192,0,1.1956,74.26,74.3,20.94
1396,210,3,26.21,88.52,27.06,69.66,26.91,67.83,0,0.4192,0,1.1956,74.28,74.29,21.04
1397,210,4,26.55,89.04,26.92,70.81,26.91,67.86,0,0.4192,0,1.1956,74.29,74.29,21.18
1398,210,5,26.44,84,26.78,71.91,26.88,67.91,0,0.4192,0,1.1956,74.3,74.29,21.29
1399,210,6,27.42,83.71,26.76,72.75,26.86,67.96,0,0.4192,0,1.1956,74.3,74.3,21.46
1400,210,7,27.46,82.15,26.74,72.98,26.83,68.02,0,0.4192,0,1.1956,74.31,74.3,21.49
1401,210,8,27.08,78.65,26.64,73.85,26.79,68.08,0,0.4192,0,1.1956,74.32,74.3,21.59
1402,210,9,28.2,71.37,25.25,67.27,26.49,68.07,1,0.4185,0,1.1956,74.47,74.33,18.75
1403,210,10,29.24,67.3,24.61,63.09,26.11,68.02,1,0.4178,0,1.1956,74.56,74.37,17.13
1404,210,11,31.06,65.46,24.29,59.6,25.75,67.92,1,0.4172,0,1.1956,74.61,74.41,15.93
1405,210,12,31.81,66.84,24.16,57.72,25.43,67.81,1,0.4165,0,1.1956,74.63,74.45,15.3
1406,210,13,32.01,64.47,24.13,56.78,25.17,67.69,1,0.4158,0,1.1956,74.64,74.48,15.02
1407,210,14,32.89,62.5,24.03,56.27,24.94,67.56,1,0.4152,0,1.1956,74.65,74.51,14.79
1408,210,15,32.59,68.9,24.05,55.54,24.76,67.43,1,0.4145,0,1.1956,74.65,74.54,14.6
1409,210,16,31.21,70.08,23.91,55.7,24.59,67.3,1,0.4138,0,1.1956,74.68,74.56,14.52
1410,210,17,31.72,71.82,24.43,56.75,24.56,67.18,0,0.4132,0,1.1956,74.59,74.57,15.29
1411,210,18,29.52,74.77,24.85,57.71,24.62,67.07,0,0.4125,0,1.1956,74.53,74.56,15.95
1412,210,19,28.78,72.32,25.11,58.25,24.72,66.98,0,0.4118,0,1.1956,74.49,74.55,16.33
1413,210,20,27.59,76.81,25.31,59.56,24.84,66.89,0,0.4112,0,1.1956,74.46,74.53,16.87
1414,210,21,25.34,78.4,25.18,60.79,24.9,66.83,0,0.4105,0,1.1956,74.48,74.52,17.08
1415,210,22,23.65,83.05,25.05,62.12,24.93,66.77,0,0.4098,0,1.1956,74.5,74.51,17.3
1416,210,23,21.91,86.64,24.72,62.91,24.89,66.73,0,0.4092,0,1.1956,74.55,74.52,17.18
1417,211,0,22.56,85.14,24.41,64.43,24.79,66.7,0,0.4085,0,1.1956,74.59,74.53,17.27
1418,211,1,23.24,87.63,24.11,65.63,24.66,66.69,0,0.4078,0,1.1956,74.64,74.55,17.28
1419,211,2,23.88,88.05,23.92,66.53,24.51,66.69,0,0.4072,0,1.1956,74.67,74.58,17.31
1420,211,3,24.49,89.11,23.85,67.88,24.38,66.7,0,0.4065,0,1.1956,74.69,74.6,17.56
1421,211,4,24.61,88.72,23.85,68.66,24.27,66.73,0,0.4058,0,1.1956,74.69,74.61,17.74
1422,211,5,24.61,88.24,23.81,70.27,24.18,66.77,0,0.4052,0,1.1956,74.69,74.63,18.07
1423,211,6,26.67,88.55,23.91,71.83,24.13,66.82,0,0.4045,0,1.1956,74.68,74.64,18.51
1424,211,7,26.67,86.92,24.05,72.85,24.11,66.89,0,0.4038,0,1.1956,74.65,74.64,18.88
1425,211,8,25.86,89.45,24.12,74.1,24.11,66.97,0,0.4032,0,1.1956,74.64,74.64,19.22
1426,211,9,26.8,82.4,24.03,67.29,24.1,66.97,1,0.4025,0,1.1956,74.66,74.64,17.59
1427,211,10,28.63,81.76,23.98,63.09,24.07,66.93,1,0.4018,0,1.1956,74.66,74.65,16.53
1428,211,11,29.63,77.26,24,60.14,24.06,66.85,1,0.4012,0,1.1956,74.66,74.65,15.79
1429,211,12,29.68,76.43,24.04,58.33,24.06,66.76,1,0.4005,0,1.1956,74.65,74.65,15.36
1430,211,13,30.25,74.3,23.99,56.87,24.04,66.65,1,0.3998,0,1.1956,74.66,74.65,14.92
1431,211,14,31.54,71.33,24.05,56.55,24.04,66.54,1,0.3992,0,1.1956,74.65,74.65,14.89
1432,211,15,32.9,67.38,24.05,56,24.05,66.42,1,0.3985,0,1.1956,74.65,74.65,14.73
1433,211,16,33.4,65.3,24.03,55.6,24.04,66.3,1,0.3978,0,1.1956,74.65,74.65,14.61
1434,211,17,34.46,65.6,24.78,56.15,24.19,66.19,0,0.3972,0,1.1956,74.54,74.63,15.45
1435,211,18,33.26,64.85,25.31,56.77,24.41,66.08,0,0.3965,0,1.1956,74.46,74.59,16.12
1436,211,19,32.64,70.61,25.83,58.46,24.7,66,0,0.3958,0,1.1956,74.4,74.55,17.06
1437,211,20,31.35,77.05,26.09,59.23,24.98,65.92,0,0.3952,0,1.1956,74.37,74.51,17.52
1438,211,21,29.32,76.25,26.22,60.63,25.22,65.86,0,0.3945,0,1.1956,74.36,74.47,18.01
1439,211,22,29.05,84.44,26.29,62.16,25.44,65.82,0,0.3938,0,1.1956,74.35,74.45,18.47
1440,211,23,28.63,90.14,26.39,63.82,25.63,65.8,0,0.3932,0,1.1956,74.34,74.42,18.99
1441,212,0,28.17,92.25,26.43,65.45,25.79,65.8,0,0.3925,0,1.1956,74.34,74.4,19.43
1442,212,1,27.79,91.5,26.52,67.35,25.93,65.81,0,0.3918,0,1.1956,74.33,74.39,19.98
1443,212,2,28.84,94.23,26.63,69.62,26.07,65.86,0,0.3912,0,1.1956,74.32,74.37,20.62
1444,212,3,28.62,93.89,26.7,70.92,26.2,65.91,0,0.3905,0,1.1956,74.31,74.36,20.99
1445,212,4,27.53,93.55,26.65,72.77,26.29,65.99,0,0.3898,0,1.1956,74.31,74.35,21.36
1446,212,5,28.19,90.6,26.68,74.15,26.37,66.08,0,0.3892,0,1.1956,74.31,74.34,21.69
1447,212,6,29.29,88.91,26.85,75.54,26.46,66.18,0,0.3885,0,1.1956,74.3,74.33,22.16
1448,212,7,28.84,85.3,26.85,75.89,26.54,66.29,0,0.3878,0,1.1956,74.3,74.32,22.24
1449,212,8,29.19,85.75,27.04,76.89,26.64,66.41,0,0.3872,0,1.1956,74.28,74.32,22.64
1450,212,9,27.87,78.22,25.29,69.32,26.37,66.44,1,0.3865,0,1.1956,74.47,74.34,19.27
1451,212,10,27.87,77.64,24.68,64.32,26.03,66.42,1,0.3858,0,1.1956,74.55,74.38,17.49
1452,212,11,29.21,71.56,24.39,60.7,25.7,66.35,1,0.3852,0,1.1956,74.6,74.41,16.31
1453,212,12,30.44,74.38,24.2,58.41,25.4,66.27,1,0.3845,0,1.1956,74.63,74.45,15.53
1454,212,13,30.9,71.74,24.03,57.49,25.13,66.17,1,0.3838,0,1.1956,74.65,74.49,15.12
1455,212,14,30.32,69.23,23.99,57.02,24.9,66.07,1,0.3832,0,1.1956,74.66,74.52,14.96
1456,212,15,30.54,68.23,24.02,56.29,24.73,65.96,1,0.3825,0,1.1956,74.66,74.54,14.79
1457,212,16,30.2,63.97,24.02,55.8,24.58,65.85,1,0.3818,0,1.1956,74.66,74.57,14.64
1458,212,17,29.24,65.08,24.32,56.53,24.53,65.74,0,0.3812,0,1.1956,74.61,74.57,15.13
1459,212,18,29.3,70.55,24.61,57.64,24.55,65.65,0,0.3805,0,1.1956,74.56,74.57,15.7
1460,212,19,29,73.78,24.79,58.92,24.59,65.58,0,0.3798,0,1.1956,74.54,74.56,16.21
1461,212,20,27.51,74.64,24.9,60.59,24.66,65.52,0,0.3792,0,1.1956,74.52,74.55,16.76
1462,212,21,27.51,75.01,24.98,61.61,24.72,65.48,0,0.3785,0,1.1956,74.51,74.54,17.1
1463,212,22,26.74,80.71,25.01,62.61,24.78,65.45,0,0.3778,0,1.1956,74.5,74.54,17.38
1464,212,23,28,85.16,25.13,63.76,24.85,65.43,0,0.3772,0,1.1956,74.49,74.53,17.78
1465,213,0,26.9,99,25.2,66.23,24.92,65.44,0,0.3765,0,1.1956,74.48,74.52,18.45
1466,213,1,26.44,91.84,25.13,68.01,24.96,65.47,0,0.3758,0,1.1956,74.49,74.51,18.81
1467,213,2,24.09,87.65,24.93,69.44,24.96,65.51,0,0.3752,0,1.1956,74.51,74.51,18.95
1468,213,3,24.86,87.74,24.77,71.38,24.92,65.57,0,0.3745,0,1.1956,74.54,74.52,19.24
1469,213,4,25.75,87.17,24.77,71.82,24.89,65.64,0,0.3738,0,1.1956,74.54,74.52,19.34
1470,213,5,22.98,97.43,24.55,73.94,24.82,65.74,0,0.3732,0,1.1956,74.57,74.53,19.59
1471,213,6,25.14,89.46,24.54,75.48,24.76,65.84,0,0.3725,0,1.1956,74.57,74.54,19.92
1472,213,7,25.54,98.69,24.53,76.54,24.72,65.96,0,0.3718,0,1.1956,74.57,74.55,20.13
1473,213,8,27.35,87.1,24.67,77.36,24.71,66.09,0,0.3712,0,1.1956,74.55,74.55,20.45
1474,213,9,27.93,89.71,24.18,69.5,24.6,66.13,1,0.3705,0,1.1956,74.63,74.56,18.25
1475,213,10,27.4,85.1,24.05,64.19,24.49,66.11,1,0.3698,0,1.1956,74.65,74.58,16.87
1476,213,11,29.13,82.8,24.07,60.91,24.41,66.05,1,0.3692,0,1.1956,74.65,74.59,16.06
1477,213,12,30.17,83.57,23.98,58.67,24.32,65.97,1,0.3685,0,1.1956,74.66,74.61,15.39
1478,213,13,31.85,80.42,23.97,57.21,24.25,65.87,1,0.3678,0,1.1956,74.67,74.62,14.99
1479,213,14,32.84,79.16,23.98,56.25,24.2,65.76,1,0.3672,0,1.1956,74.66,74.63,14.74
1480,213,15,33.45,75.41,23.93,55.2,24.14,65.65,1,0.3665,0,1.1956,74.67,74.64,14.4
1481,213,16,33.03,73.54,23.96,54.96,24.11,65.53,1,0.3658,0,1.1956,74.67,74.64,14.36
1482,213,17,33.88,70.19,24.68,56.42,24.22,65.43,0,0.3652,0,1.1956,74.55,74.62,15.43
1483,213,18,33.32,73.5,25.23,57.78,24.42,65.34,0,0.3645,0,1.1956,74.47,74.59,16.32
1484,213,19,32.89,73.63,25.78,58.64,24.69,65.27,0,0.3638,0,1.1956,74.41,74.55,17.06
1485,213,20,33.21,76.22,26.25,59.94,25.01,65.21,0,0.3632,0,1.1956,74.35,74.5,17.86
1486,213,21,33.56,79.89,26.7,61.41,25.34,65.16,0,0.3625,0,1.1956,74.31,74.46,18.66
1487,213,22,32.63,85.1,27.13,63.16,25.7,65.14,0,0.3618,0,1.1956,74.27,74.41,19.52
1488,213,23,31.41,91.46,27.39,65.06,26.04,65.14,0,0.3612,0,1.1956,74.25,74.38,20.25
1489,214,0,31.49,92.46,27.65,66.86,26.36,65.16,0,0.3605,0,1.1956,74.24,74.34,20.94
1490,214,1,29.45,96.74,27.84,68.98,26.66,65.2,0,0.3598,0,1.1956,74.23,74.31,21.63
1491,214,2,29.76,96,27.93,70.71,26.91,65.26,0,0.3592,0,1.1956,74.22,74.29,22.11
1492,214,3,31.44,95.09,28.14,72.55,27.16,65.34,0,0.3585,0,1.1956,74.21,74.27,22.74
1493,214,4,31.46,97.01,28.25,73.76,27.38,65.44,0,0.3578,0,1.1956,74.2,74.26,23.12
1494,214,5,30.34,95.4,28.4,74.93,27.58,65.54,0,0.3572,0,1.1956,74.2,74.24,23.52
1495,214,6,29.91,91.24,28.35,75.68,27.73,65.66,0,0.3565,0,1.1956,74.2,74.23,23.64
1496,214,7,30.78,92.26,28.39,76.64,27.87,65.78,0,0.3558,0,1.1956,74.2,74.22,23.89
1497,214,8,32.96,89.81,28.73,77.71,28.04,65.91,0,0.3552,0,1.1956,74.18,74.21,24.45
1498,214,9,33.91,87.76,26.22,70.1,27.68,65.96,1,0.3545,0,1.1956,74.36,74.24,20.34
1499,214,10,34.84,83.49,25.03,64.88,27.15,65.95,1,0.3538,0,1.1956,74.5,74.27,17.97
1500,214,11,36.12,81.66,24.38,60.79,26.59,65.89,1,0.3532,0,1.1956,74.6,74.32,16.32
1501,214,12,37.87,82.81,24.11,58.83,26.1,65.81,1,0.3525,0,1.1956,74.64,74.37,15.55
1502,214,13,38.1,78.67,24.01,57.28,25.68,65.72,1,0.3518,0,1.1956,74.66,74.42,15.05
1503,214,14,39.39,73.03,23.99,56.23,25.34,65.61,1,0.3511,0,1.1956,74.66,74.46,14.74
1504,214,15,39.61,71.09,24.08,55.57,25.09,65.5,1,0.3505,0,1.1956,74.65,74.49,14.64
1505,214,16,40.12,70.27,24.06,56.08,24.88,65.39,1,0.3498,0,1.1956,74.65,74.52,14.76
1506,214,17,40.2,72.21,25.23,57.32,24.95,65.3,0,0.3491,0,1.1956,74.47,74.51,16.19
1507,214,18,39.06,72.24,26.24,58.76,25.21,65.23,0,0.3485,0,1.1956,74.35,74.48,17.53
1508,214,19,37.94,75.13,27.11,59.77,25.59,65.17,0,0.3478,0,1.1956,74.28,74.43,18.62
1509,214,20,36.64,78.18,27.75,61.11,26.02,65.13,0,0.3471,0,1.1956,74.23,74.38,19.58
1510,214,21,34.3,81.82,28.19,62.81,26.46,65.1,0,0.3465,0,1.1956,74.21,74.33,20.44
1511,214,22,33.31,83.58,28.52,63.91,26.87,65.09,0,0.3458,0,1.1956,74.19,74.3,21.03
1512,214,23,31.72,85.35,28.66,65.24,27.23,65.09,0,0.3451,0,1.1956,74.19,74.27,21.5
1513,215,0,31.8,91.38,28.83,66.81,27.55,65.11,0,0.3445,0,1.1956,74.18,74.24,22.05
1514,215,1,30.24,92.19,28.91,69.2,27.82,65.15,0,0.3438,0,1.1956,74.18,74.23,22.7
1515,215,2,28.69,92.65,28.84,70.38,28.03,65.21,0,0.3431,0,1.1956,74.18,74.22,22.91
1516,215,3,28.97,95.08,28.76,73.06,28.17,65.3,0,0.3425,0,1.1956,74.18,74.21,23.45
1517,215,4,29.66,94.65,28.72,74.71,28.28,65.4,0,0.3418,0,1.1956,74.18,74.2,23.79
1518,215,5,29.96,91.8,28.7,75.75,28.37,65.52,0,0.3411,0,1.1956,74.19,74.2,23.99
1519,215,6,30.42,87.36,28.77,76.49,28.45,65.64,0,0.3405,0,1.1956,74.18,74.2,24.23
1520,215,7,30.11,82.73,28.81,77.43,28.52,65.77,0,0.3398,0,1.1956,74.18,74.19,24.47
1521,215,8,30.5,80.42,28.92,78.04,28.6,65.91,0,0.3391,0,1.1956,74.18,74.19,24.71
1522,215,9,31.75,75.37,29.08,78.01,28.7,66.04,0,0.3385,0,1.1956,74.17,74.19,24.86
1523,215,10,32.06,72.42,29.16,77.55,28.79,66.17,0,0.3378,0,1.1956,74.17,74.18,24.83
1524,215,11,33.08,70.26,29.32,76.89,28.89,66.29,0,0.3371,0,1.1956,74.17,74.18,24.84
1525,215,12,34.13,72.79,29.64,76.8,29.04,66.41,0,0.3365,0,1.1956,74.16,74.18,25.13
1526,215,13,34.49,73.89,29.96,76.96,29.23,66.52,0,0.3358,0,1.1956,74.16,74.17,25.48
1527,215,14,33.64,72.59,30.15,77.38,29.41,66.64,0,0.3351,0,1.1956,74.16,74.17,25.75
1528,215,15,32.72,68.62,30.33,77.17,29.59,66.76,0,0.3345,0,1.1956,74.16,74.17,25.88
1529,215,16,29.26,76.57,30.19,77.15,29.71,66.88,0,0.3338,0,1.1956,74.16,74.16,25.74
1530,215,17,30.43,67.03,30.15,76.73,29.8,66.99,0,0.3331,0,1.1956,74.16,74.16,25.61
1531,215,18,29.52,67.6,30.04,76.62,29.85,67.09,0,0.3325,0,1.1956,74.16,74.16,25.48
1532,215,19,29.58,70.63,29.94,76.59,29.87,67.2,0,0.3318,0,1.1956,74.16,74.16,25.38
1533,215,20,28.65,75.13,29.75,76.73,29.84,67.3,0,0.3311,0,1.1956,74.16,74.16,25.23
1534,215,21,28.83,82.23,29.68,76.98,29.81,67.41,0,0.3305,0,1.1956,74.16,74.16,25.21
1535,215,22,28.86,86.42,29.54,77.72,29.76,67.53,0,0.3298,0,1.1956,74.17,74.16,25.23
1536,215,23,28.88,91.18,29.37,78.41,29.68,67.65,0,0.3291,0,1.1956,74.17,74.16,25.22
1537,216,0,27.64,99,29.13,79.34,29.57,67.78,0,0.3285,0,1.1956,74.17,74.17,25.18
1538,216,1,27.87,92.5,28.99,80.15,29.45,67.91,0,0.3288,0,1.1956,74.18,74.17,25.22
1539,216,2,26.94,95.57,28.83,81.08,29.33,68.06,0,0.3338,0,1.1956,74.18,74.17,25.26
1540,216,3,27.75,95.21,28.58,82.43,29.18,68.22,0,0.3439,0,1.1956,74.19,74.17,25.3
1541,216,4,24.81,99,28.18,82.81,28.98,68.38,0,0.3552,0,1.1956,74.21,74.18,24.98
1542,216,5,27.49,88.17,27.96,83.58,28.78,68.55,0,0.3688,0,1.2003,74.22,74.18,24.92
1543,216,6,26.54,85.19,27.75,84.29,28.57,68.73,0,0.3848,0,1.2101,74.23,74.19,24.86
1544,216,7,28.08,84.65,27.73,84.61,28.4,68.9,0,0.4017,0,1.2217,74.23,74.2,24.9
1545,216,8,29.8,82.4,27.79,84.45,28.28,69.08,0,0.4181,0,1.2322,74.23,74.2,24.93
1546,216,9,30.63,80.12,25.69,73.79,27.76,69.13,1,0.4168,0,1.2322,74.42,74.23,20.66
1547,216,10,31.28,74.67,24.7,67.13,27.15,69.11,1,0.4155,0,1.2322,74.55,74.27,18.19
1548,216,11,30.76,74.7,24.36,63.21,26.59,69.04,1,0.4142,0,1.2322,74.6,74.32,16.92
1549,216,12,30.88,67.53,24.19,60.55,26.11,68.95,1,0.4128,0,1.2322,74.63,74.37,16.08
1550,216,13,31.35,65.69,24.19,58.28,25.73,68.83,1,0.4115,0,1.2322,74.63,74.41,15.48
1551,216,14,32.16,66.43,24.04,57.19,25.39,68.7,1,0.4102,0,1.2322,74.65,74.45,15.05
1552,216,15,32.79,68.55,24.04,56.49,25.12,68.56,1,0.4102,0,1.2322,74.65,74.49,14.86
1553,216,16,32.57,71.55,24,55.7,24.9,68.42,1,0.4102,0,1.2322,74.66,74.52,14.6
1554,216,17,32.29,72.28,24.56,56.44,24.83,68.29,0,0.4102,0,1.2322,74.57,74.53,15.33
1555,216,18,31.57,74.93,25,57.44,24.86,68.17,0,0.4102,0,1.2322,74.51,74.52,16.01
1556,216,19,31.53,74.77,25.36,58.56,24.96,68.06,0,0.4102,0,1.2322,74.46,74.51,16.65
1557,216,20,30.07,77.46,25.61,59.78,25.09,67.97,0,0.4102,0,1.2322,74.43,74.49,17.21
1558,216,21,28.73,82.34,25.79,61.04,25.23,67.89,0,0.4102,0,1.2322,74.4,74.47,17.71
1559,216,22,29.23,83.35,25.89,62.45,25.36,67.83,0,0.4102,0,1.2322,74.39,74.46,18.17
1560,216,23,29.94,86.94,26.11,63.61,25.51,67.78,0,0.4102,0,1.2322,74.37,74.44,18.67
1561,217,0,28.51,89.01,26.16,65.82,25.64,67.76,0,0.4102,0,1.2322,74.36,74.42,19.26
1562,217,1,29.66,87.49,26.38,67.57,25.79,67.76,0,0.4102,0,1.2322,74.34,74.4,19.89
1563,217,2,29.01,87.12,26.53,68.99,25.94,67.77,0,0.4102,0,1.2322,74.33,74.39,20.38
1564,217,3,28.42,92.37,26.6,70.51,26.07,67.8,0,0.4102,0,1.2322,74.32,74.37,20.8
1565,217,4,28.72,92.76,26.77,72.05,26.21,67.85,0,0.4102,0,1.2322,74.3,74.36,21.31
1566,217,5,29.87,97.31,26.92,74.06,26.35,67.92,0,0.4102,0,1.2322,74.29,74.34,21.9
1567,217,6,29.89,92.39,26.99,75.43,26.48,68,0,0.4102,0,1.2322,74.29,74.33,22.27
1568,217,7,30.48,87.18,27.2,76.49,26.62,68.1,0,0.4102,0,1.2322,74.27,74.32,22.71
1569,217,8,30.88,83.03,27.32,77.29,26.76,68.2,0,0.4102,0,1.2322,74.26,74.3,23
1570,217,9,30.47,76.69,25.52,69.99,26.52,68.22,1,0.4095,0,1.2322,74.44,74.33,19.65
1571,217,10,31.34,74.93,24.64,65,26.14,68.18,1,0.4088,0,1.2322,74.56,74.36,17.62
1572,217,11,31.4,69.63,24.28,60.9,25.77,68.1,1,0.4082,0,1.2322,74.61,74.41,16.26
1573,217,12,31.2,68.24,24.1,58.84,25.43,68,1,0.4075,0,1.2322,74.64,74.45,15.54
1574,217,13,31.76,67.75,24.01,57.52,25.15,67.88,1,0.4068,0,1.2322,74.66,74.48,15.11
1575,217,14,31.78,70.54,23.96,56.98,24.91,67.76,1,0.4062,0,1.2322,74.67,74.52,14.92
1576,217,15,30.87,67.11,24.02,55.89,24.73,67.63,1,0.4055,0,1.2322,74.66,74.54,14.67
1577,217,16,31.07,71.12,24.05,55.62,24.6,67.5,1,0.4048,0,1.2322,74.65,74.56,14.63
1578,217,17,30.1,69.34,24.44,56.84,24.57,67.38,0,0.4042,0,1.2322,74.59,74.57,15.33
1579,217,18,28.85,72.65,24.64,58.3,24.58,67.28,0,0.4035,0,1.2322,74.56,74.57,15.91
1580,217,19,28.79,72.63,24.87,59.51,24.64,67.19,0,0.4028,0,1.2322,74.52,74.56,16.45
1581,217,20,26.98,70.49,24.93,60.17,24.7,67.11,0,0.4022,0,1.2322,74.51,74.55,16.68
1582,217,21,25.79,72.79,24.87,61.59,24.73,67.05,0,0.4015,0,1.2322,74.52,74.54,16.99
1583,217,22,26.52,75.05,24.93,62.67,24.77,67,0,0.4008,0,1.2322,74.51,74.54,17.32
1584,217,23,26.53,80.68,25.01,63.7,24.82,66.97,0,0.4002,0,1.2322,74.5,74.53,17.66
1585,218,0,25.42,82.11,24.88,65.16,24.83,66.95,0,0.3995,0,1.2322,74.52,74.53,17.89
1586,218,1,24.55,85.71,24.79,66.43,24.82,66.94,0,0.3988,0,1.2322,74.54,74.53,18.11
1587,218,2,23.91,83.79,24.63,66.42,24.78,66.93,0,0.3982,0,1.2322,74.56,74.54,17.96
1588,218,3,25.27,86.76,24.58,67.42,24.74,66.94,0,0.3975,0,1.2322,74.57,74.54,18.15
1589,218,4,25.92,86.29,24.6,68.6,24.71,66.96,0,0.3968,0,1.2322,74.56,74.55,18.44
1590,218,5,26.83,84.66,24.68,69.82,24.71,66.99,0,0.3962,0,1.2322,74.55,74.55,18.8
1591,218,6,27.64,81.37,24.85,70.65,24.74,67.03,0,0.3955,0,1.2322,74.53,74.54,19.15
1592,218,7,29.17,83.7,25.06,71.84,24.8,67.08,0,0.3948,0,1.2322,74.5,74.53,19.63
1593,218,8,29.32,83.82,25.28,72.81,24.9,67.15,0,0.3942,0,1.2322,74.47,74.52,20.05
1594,218,9,29.61,80.32,24.55,66.64,24.83,67.14,1,0.3935,0,1.2322,74.57,74.53,17.93
1595,218,10,30.78,78.56,24.17,62.27,24.7,67.09,1,0.3928,0,1.2322,74.63,74.55,16.5
1596,218,11,32.11,77.15,24.07,59.55,24.57,67,1,0.3922,0,1.2322,74.65,74.57,15.71
1597,218,12,32.64,74.52,23.95,58.32,24.45,66.91,1,0.3915,0,1.2322,74.67,74.59,15.27
1598,218,13,32.91,72.1,23.92,57.27,24.34,66.8,1,0.3908,0,1.2322,74.67,74.6,14.96
1599,218,14,33.39,68.52,23.98,56.81,24.27,66.69,1,0.3902,0,1.2322,74.66,74.61,14.89
1600,218,15,33.27,68.77,24.04,56.42,24.22,66.58,1,0.3895,0,1.2322,74.65,74.62,14.84
1601,218,16,33.46,69.28,24.05,55.64,24.19,66.45,1,0.3888,0,1.2322,74.65,74.63,14.63
1602,218,17,31.75,70.41,24.51,56.23,24.25,66.34,0,0.3882,0,1.2322,74.58,74.62,15.22
1603,218,18,31.62,72.3,24.99,57.58,24.4,66.24,0,0.3875,0,1.2322,74.51,74.59,16.04
1604,218,19,30.51,73.26,25.31,58.52,24.58,66.16,0,0.3868,0,1.2322,74.46,74.57,16.59
1605,218,20,29.63,76.26,25.57,59.29,24.78,66.08,0,0.3862,0,1.2322,74.43,74.54,17.05
1606,218,21,28.64,78.84,25.74,60.8,24.97,66.02,0,0.3855,0,1.2322,74.41,74.51,17.6
1607,218,22,26.88,82.26,25.76,61.81,25.13,65.98,0,0.3848,0,1.2322,74.41,74.49,17.88
1608,218,23,26.33,85.01,25.81,63.06,25.27,65.94,0,0.3842,0,1.2322,74.4,74.47,18.25
1609,219,0,24.62,87.3,25.54,64.81,25.32,65.93,0,0.3835,0,1.2322,74.43,74.46,18.43
1610,219,1,24.54,86.33,25.33,66.84,25.32,65.94,0,0.3828,0,1.2322,74.46,74.46,18.72
1611,219,2,25.12,86.87,25.2,67.86,25.3,65.96,0,0.3822,0,1.2322,74.48,74.46,18.84
1612,219,3,23.29,87.88,24.87,69.2,25.21,66,0,0.3815,0,1.2322,74.52,74.48,18.84
1613,219,4,23.89,88.61,24.74,70.14,25.12,66.04,0,0.3808,0,1.2322,74.54,74.49,18.93
1614,219,5,24.33,87.11,24.56,70.75,25.01,66.1,0,0.3801,0,1.2322,74.57,74.5,18.9
1615,219,6,24.36,85.92,24.45,71.47,24.9,66.16,0,0.3795,0,1.2322,74.59,74.52,18.95
1616,219,7,26.05,84.97,24.46,72.26,24.81,66.22,0,0.3788,0,1.2322,74.58,74.53,19.14
1617,219,8,26.82,77.43,24.61,72.52,24.77,66.29,0,0.3781,0,1.2322,74.56,74.54,19.35
1618,219,9,27.81,77.14,24.3,66.33,24.67,66.29,1,0.3775,0,1.2322,74.61,74.55,17.62
1619,219,10,29.97,75.97,24.16,62.24,24.57,66.25,1,0.3768,0,1.2322,74.63,74.57,16.48
1620,219,11,30.56,71.79,24.03,60.26,24.46,66.18,1,0.3761,0,1.2322,74.65,74.58,15.85
1621,219,12,32.02,72.36,24,58.23,24.37,66.09,1,0.3755,0,1.2322,74.66,74.6,15.29
1622,219,13,32.79,68.2,24.05,56.69,24.31,65.99,1,0.3748,0,1.2322,74.65,74.61,14.93
1623,219,14,34.1,69.3,24.04,55.85,24.25,65.88,1,0.3741,0,1.2322,74.65,74.62,14.68
1624,219,15,35.54,68.67,23.89,55.56,24.18,65.76,1,0.3735,0,1.2322,74.68,74.63,14.45
1625,219,16,35.07,67.8,23.94,55.31,24.13,65.65,1,0.3728,0,1.2322,74.67,74.64,14.43
1626,219,17,34.26,68.86,24.65,56.16,24.23,65.54,0,0.3721,0,1.2322,74.56,74.62,15.33
1627,219,18,34.12,69.84,25.29,56.92,24.44,65.45,0,0.3715,0,1.2322,74.47,74.59,16.14
1628,219,19,32.34,72.28,25.72,57.59,24.7,65.36,0,0.3708,0,1.2322,74.41,74.55,16.72
1629,219,20,31.93,72.15,26.04,58.97,24.97,65.29,0,0.3701,0,1.2322,74.38,74.51,17.4
1630,219,21,30.54,74.6,26.35,60.66,25.24,65.24,0,0.3695,0,1.2322,74.34,74.47,18.14
1631,219,22,30.99,78.55,26.68,61.7,25.53,65.2,0,0.3688,0,1.2322,74.31,74.43,18.72
1632,219,23,29.57,80.2,26.75,62.87,25.77,65.17,0,0.3681,0,1.2322,74.31,74.41,19.09
1633,220,0,28.72,83.55,26.85,64.27,25.99,65.16,0,0.3675,0,1.2322,74.3,74.38,19.54
1634,220,1,28.51,88.36,26.92,65.65,26.18,65.17,0,0.3668,0,1.2322,74.29,74.36,19.95
1635,220,2,27.24,89.45,26.96,67.25,26.33,65.19,0,0.3661,0,1.2322,74.29,74.35,20.37
1636,220,3,27.1,89.55,26.81,68.48,26.43,65.23,0,0.3655,0,1.2322,74.3,74.34,20.52
1637,220,4,27.04,89.71,26.81,69.57,26.5,65.27,0,0.3648,0,1.2322,74.3,74.33,20.78
1638,220,5,27.59,86.19,26.73,70.49,26.55,65.33,0,0.3641,0,1.2322,74.31,74.32,20.91
1639,220,6,28.42,84.21,26.75,71.62,26.59,65.4,0,0.3635,0,1.2322,74.31,74.32,21.2
1640,220,7,30.09,82.94,26.92,72.8,26.66,65.48,0,0.3628,0,1.2322,74.29,74.31,21.63
1641,220,8,31.63,80.14,27.25,73.03,26.77,65.57,0,0.3621,0,1.2322,74.26,74.3,21.99
1642,220,9,32.29,78.05,25.5,66.63,26.52,65.58,1,0.3615,0,1.2322,74.44,74.33,18.83
1643,220,10,31.46,75.45,24.6,62.67,26.13,65.55,1,0.3608,0,1.2322,74.56,74.37,17.01
1644,220,11,31.31,70.38,24.22,60.17,25.75,65.49,1,0.3601,0,1.2322,74.62,74.41,16.01
1645,220,12,31.28,68.06,24.13,58.15,25.43,65.41,1,0.3595,0,1.2322,74.64,74.45,15.39
1646,220,13,32.71,65.57,24.06,56.89,25.15,65.31,1,0.3588,0,1.2322,74.65,74.48,14.98
1647,220,14,32.54,64.29,24.05,56.42,24.93,65.21,1,0.3581,0,1.2322,74.65,74.51,14.85
1648,220,15,30.38,77.2,24.04,55.6,24.75,65.11,1,0.3575,0,1.2322,74.65,74.54,14.61
1649,220,16,31.63,69.46,24.02,55.43,24.61,65,1,0.3568,0,1.2322,74.66,74.56,14.55
1650,220,17,30.57,70.54,24.41,56.8,24.57,64.91,0,0.3561,0,1.2322,74.59,74.57,15.29
1651,220,18,30.28,72.05,24.75,58.15,24.61,64.83,0,0.3555,0,1.2322,74.54,74.56,15.98
1652,220,19,29.38,75.37,25.04,59.08,24.69,64.77,0,0.3548,0,1.2322,74.5,74.55,16.5
1653,220,20,27.81,77.55,25.09,60.05,24.77,64.72,0,0.3541,0,1.2322,74.49,74.54,16.79
1654,220,21,27.16,78.23,25.2,61.04,24.86,64.67,0,0.3535,0,1.2322,74.48,74.52,17.16
1655,220,22,26.95,83.1,25.3,62.04,24.95,64.65,0,0.3528,0,1.2322,74.46,74.51,17.5
1656,220,23,25.8,84.97,25.26,62.78,25.01,64.62,0,0.3521,0,1.2322,74.47,74.5,17.66
1657,221,0,25.02,87.34,25.11,64.32,25.03,64.62,0,0.3515,0,1.2322,74.49,74.5,17.9
1658,221,1,22.74,88.5,24.76,66.26,24.98,64.64,0,0.3508,0,1.2322,74.54,74.51,18.04
1659,221,2,25.28,92.65,24.69,68.03,24.92,64.68,0,0.3501,0,1.2322,74.55,74.52,18.4
1660,221,3,24.83,95.69,24.62,69.8,24.86,64.73,0,0.3495,0,1.2322,74.56,74.52,18.74
1661,221,4,25.84,96.95,24.6,70.97,24.81,64.8,0,0.3488,0,1.2322,74.56,74.53,18.99
1662,221,5,26.35,95.83,24.64,72.56,24.77,64.89,0,0.3481,0,1.2322,74.56,74.54,19.38
1663,221,6,25.79,90.58,24.6,73.62,24.74,64.99,0,0.3475,0,1.2322,74.56,74.54,19.57
1664,221,7,25.88,86.01,24.71,74.17,24.73,65.09,0,0.3468,0,1.2322,74.55,74.54,19.8
1665,221,8,27.43,85.34,24.84,75.56,24.75,65.21,0,0.3461,0,1.2322,74.53,74.54,20.23
1666,221,9,28.45,82.77,24.49,68.31,24.7,65.24,1,0.3455,0,1.2322,74.58,74.55,18.27
1667,221,10,30.31,80.53,24.22,63.62,24.61,65.22,1,0.3448,0,1.2322,74.62,74.56,16.88
1668,221,11,29.65,87.19,24.08,61.29,24.5,65.18,1,0.3441,0,1.2322,74.65,74.58,16.17
1669,221,12,31.28,77.33,24.06,58.73,24.41,65.11,1,0.3435,0,1.2322,74.65,74.59,15.48
1670,221,13,32.56,76.08,23.95,57.44,24.32,65.02,1,0.3428,0,1.2322,74.67,74.61,15.03
1671,221,14,32.73,75.15,24.01,56.85,24.26,64.93,1,0.3421,0,1.2322,74.66,74.62,14.92
1672,221,15,32.12,76.73,23.99,56.65,24.2,64.84,1,0.3415,0,1.2322,74.66,74.63,14.85
1673,221,16,31.56,75.67,24.03,56.06,24.17,64.74,1,0.3408,0,1.2322,74.65,74.63,14.73
1674,221,17,30.74,78.37,24.46,57.01,24.23,64.65,0,0.3401,0,1.2322,74.58,74.62,15.39
1675,221,18,28.57,76.52,24.64,58.14,24.31,64.58,0,0.3395,0,1.2322,74.56,74.61,15.87
1676,221,19,28.09,79.08,24.86,59.38,24.42,64.52,0,0.3388,0,1.2322,74.53,74.59,16.4
1677,221,20,26.77,77.5,24.81,61.17,24.5,64.49,0,0.3381,0,1.2322,74.53,74.58,16.82
1678,221,21,27.06,78.38,24.93,62.09,24.58,64.46,0,0.3375,0,1.2322,74.51,74.57,17.18
1679,221,22,26.88,80.89,25.1,62.79,24.69,64.44,0,0.3368,0,1.2322,74.49,74.55,17.51
1680,221,23,25.72,87.43,25.05,64.17,24.76,64.44,0,0.3361,0,1.2322,74.5,74.54,17.81
1681,222,0,25.5,90.58,25,65.7,24.81,64.45,0,0.3355,0,1.2322,74.5,74.53,18.14
1682,222,1,26.37,88.43,25.01,66.99,24.85,64.48,0,0.3348,0,1.2322,74.5,74.53,18.45
1683,222,2,26.62,89.41,25.05,68.13,24.89,64.52,0,0.3341,0,1.2322,74.5,74.52,18.77
1684,222,3,26.98,91.56,25.06,69.89,24.92,64.58,0,0.3335,0,1.2322,74.5,74.52,19.18
1685,222,4,27.54,87.85,25.15,70.94,24.97,64.65,0,0.3328,0,1.2322,74.48,74.51,19.5
1686,222,5,27.33,90.68,25.19,72.3,25.01,64.74,0,0.3321,0,1.2322,74.48,74.5,19.85
1687,222,6,28.91,92.15,25.38,73.47,25.09,64.83,0,0.3315,0,1.2322,74.45,74.49,20.29
1688,222,7,29.31,88.82,25.65,74.47,25.2,64.94,0,0.3308,0,1.2322,74.42,74.48,20.77
1689,222,8,29.82,85.17,25.83,74.81,25.33,65.05,0,0.3301,0,1.2322,74.4,74.46,21.02
1690,222,9,31.02,92.21,26.05,75.92,25.47,65.17,0,0.3295,0,1.2322,74.38,74.44,21.47
1691,222,10,33.88,81.12,26.66,76.35,25.71,65.3,0,0.3288,0,1.2322,74.31,74.41,22.15
1692,222,11,34.96,79.15,27.28,76.81,26.02,65.42,0,0.3281,0,1.2322,74.26,74.38,22.85
1693,222,12,35.21,74.32,27.88,76.7,26.39,65.55,0,0.3275,0,1.2322,74.22,74.34,23.41
1694,222,13,35.37,72.1,28.34,77.18,26.78,65.68,0,0.3268,0,1.2322,74.2,74.3,23.96
1695,222,14,34.59,80.3,28.82,77.19,27.19,65.81,0,0.3261,0,1.2322,74.18,74.27,24.43
1696,222,15,34.82,79.13,29.21,77.58,27.59,65.94,0,0.3255,0,1.2322,74.17,74.24,24.88
1697,222,16,35.55,70.15,29.7,77.11,28.02,66.06,0,0.3248,0,1.2322,74.16,74.22,25.26
1698,222,17,35.88,75.09,30.1,76.95,28.43,66.18,0,0.3241,0,1.2322,74.16,74.2,25.61
1699,222,18,34.32,78.78,30.42,77.34,28.83,66.31,0,0.3235,0,1.2322,74.17,74.18,26.01
1700,222,19,30.78,90.31,30.42,78.09,29.15,66.44,0,0.3228,0,1.2322,74.17,74.17,26.17
1701,222,20,31.97,83.98,30.34,78.44,29.39,66.57,0,0.3221,0,1.2322,74.16,74.17,26.17
1702,222,21,30.5,88.01,30.32,79.55,29.57,66.71,0,0.3215,0,1.2322,74.16,74.17,26.39
1703,222,22,30.22,89.38,30.22,80.2,29.7,66.86,0,0.3222,0,1.2322,74.16,74.16,26.43
1704,222,23,29.58,90.95,30.09,80.75,29.78,67.02,0,0.3259,0,1.2322,74.16,74.16,26.42
1705,223,0,28.34,93.48,29.9,81.56,29.8,67.18,0,0.3331,0,1.2322,74.16,74.16,26.4
1706,223,1,28.43,98,29.67,82.55,29.78,67.35,0,0.3439,0,1.2322,74.16,74.16,26.38
1707,223,2,27.73,97.41,29.36,83.08,29.69,67.53,0,0.3564,0,1.2322,74.17,74.16,26.19
1708,223,3,27.64,98,29.18,84.47,29.59,67.71,0,0.3735,0,1.2428,74.17,74.17,26.29
1709,223,4,27.3,96.59,28.91,85.19,29.46,67.91,0,0.3931,0,1.2577,74.18,74.17,26.18
1710,223,5,28.87,91.37,28.75,85.91,29.31,68.11,0,0.4153,0,1.2759,74.18,74.17,26.15
1711,223,6,30.57,85.48,28.77,86.16,29.2,68.31,0,0.4385,0,1.2952,74.18,74.17,26.22
1712,223,7,30.38,83.78,28.81,86.36,29.13,68.51,0,0.4626,0,1.3152,74.18,74.17,26.31
1713,223,8,32.01,81.45,28.98,85.87,29.1,68.7,0,0.4846,0,1.3328,74.18,74.17,26.37
1714,223,9,33.93,76.09,29.23,85.74,29.12,68.89,0,0.5062,0,1.3495,74.17,74.17,26.59
1715,223,10,32.22,71.6,29.39,85.13,29.18,69.07,0,0.5255,0,1.3624,74.17,74.17,26.63
1716,223,11,33.21,69.64,29.62,84.47,29.27,69.24,0,0.5423,0,1.3703,74.16,74.17,26.72
1717,223,12,32.48,70.24,29.72,83.45,29.36,69.4,0,0.5552,0,1.3703,74.16,74.17,26.62
1718,223,13,33.03,71.59,29.95,82.7,29.47,69.55,0,0.565,0,1.3703,74.16,74.17,26.68
1719,223,14,33.34,72.82,30.07,81.8,29.59,69.68,0,0.5704,0,1.3703,74.16,74.17,26.62
1720,223,15,32.82,71.66,30.22,81.66,29.72,69.82,0,0.575,0,1.3703,74.16,74.16,26.73
1721,223,16,33.3,74.35,30.38,81.32,29.85,69.95,0,0.5776,0,1.3703,74.16,74.16,26.82
1722,223,17,32.54,76.07,30.4,80.77,29.96,70.07,0,0.5283,0,1.3703,74.17,74.16,26.72
1723,223,18,32.04,73.92,30.38,80.4,30.04,70.18,0,0.4186,0,1.3703,74.16,74.16,26.63
1724,223,19,31.2,76.6,30.32,80.32,30.1,70.29,0,0.3967,0,1.3703,74.16,74.16,26.55
1725,223,20,30.39,75.7,30.3,80.09,30.14,70.4,0,0.3266,0,1.3703,74.16,74.16,26.48
1726,223,21,30.23,78.41,30.15,79.9,30.14,70.51,0,0.3252,0,1.3703,74.16,74.16,26.29
1727,223,22,30.87,79.15,30.06,79.96,30.13,70.61,0,0.3239,0,1.3703,74.16,74.16,26.22
1728,223,23,30.15,80.25,30,80.09,30.1,70.72,0,0.3239,0,1.3703,74.16,74.16,26.18
1729,224,0,29.1,85.88,29.86,80.49,30.05,70.83,0,0.3262,0,1.3703,74.16,74.16,26.14
1730,224,1,27.72,85.18,29.65,80.67,29.97,70.94,0,0.3295,0,1.3703,74.16,74.16,25.98
1731,224,2,28.78,85.65,29.52,81.22,29.88,71.05,0,0.3352,0,1.3703,74.17,74.16,25.96
1732,224,3,28.51,85.1,29.42,82.06,29.79,71.17,0,0.3441,0,1.3703,74.17,74.16,26.04
1733,224,4,28.55,84.39,29.3,82.47,29.69,71.3,0,0.3545,0,1.3703,74.17,74.16,26.01
1734,224,5,29.5,85.7,29.23,82.51,29.6,71.42,0,0.3649,0,1.3703,74.17,74.17,25.94
1735,224,6,30.21,84.14,29.22,82.91,29.52,71.55,0,0.3767,0,1.3703,74.17,74.17,26.01
1736,224,7,30.92,83.88,29.2,82.88,29.46,71.68,0,0.3882,0,1.3703,74.17,74.17,25.99
1737,224,8,32.42,77.1,29.38,82.59,29.44,71.8,0,0.3988,0,1.3703,74.17,74.17,26.11
1738,224,9,32.4,81.1,29.5,82.66,29.45,71.92,0,0.4095,0,1.3703,74.17,74.17,26.24
1739,224,10,34.02,69.53,29.72,81.86,29.51,72.03,0,0.4171,0,1.3703,74.16,74.17,26.29
1740,224,11,34.73,73.18,30.09,81.52,29.63,72.13,0,0.4231,0,1.3703,74.16,74.16,26.58
1741,224,12,37.17,63.42,30.53,80.6,29.81,72.23,0,0.4243,0,1.3703,74.17,74.16,26.81
1742,224,13,35.5,61.01,30.81,79.93,30.01,72.31,0,0.423,0,1.3703,74.17,74.16,26.94
1743,224,14,36.7,61.43,31.18,79.18,30.24,72.39,0,0.4217,0,1.3703,74.18,74.16,27.14
1744,224,15,36.51,63.19,31.51,78.31,30.5,72.46,0,0.4203,0,1.3703,74.19,74.17,27.28
1745,224,16,33.89,71.63,31.65,77.92,30.73,72.52,0,0.419,0,1.3703,74.2,74.17,27.32
1746,224,17,34.93,67.27,31.8,77.25,30.94,72.57,0,0.4177,0,1.3703,74.21,74.17,27.32
1747,224,18,34.18,74.26,31.91,77.05,31.13,72.62,0,0.4163,0,1.3703,74.21,74.18,27.38
1748,224,19,33.8,78.02,31.91,77.45,31.29,72.67,0,0.4163,0,1.3703,74.21,74.19,27.48
1749,224,20,32.3,81.56,31.79,77.88,31.39,72.73,0,0.4163,0,1.3703,74.21,74.19,27.45
1750,224,21,31.25,82.94,31.66,78.83,31.44,72.8,0,0.4163,0,1.3703,74.2,74.19,27.53
1751,224,22,28.98,86.36,31.33,79.78,31.42,72.88,0,0.4163,0,1.3703,74.19,74.19,27.42
1752,224,23,27.58,85.85,30.96,80.05,31.33,72.96,0,0.3143,0,1.3703,74.18,74.19,27.11
1753,225,0,26.63,85.57,30.48,80.75,31.16,73.04,0,0.3182,0,1.3703,74.17,74.18,26.8
1754,225,1,26.35,87.55,30.21,81.46,30.97,73.14,0,0.3251,0,1.3703,74.16,74.18,26.68
1755,225,2,25.97,91.61,29.84,82.34,30.74,73.24,0,0.3352,0,1.3703,74.16,74.17,26.5
1756,225,3,26.56,91.81,29.53,82.84,30.5,73.34,0,0.347,0,1.3703,74.17,74.17,26.3
1757,225,4,28.3,87.25,29.33,83.28,30.27,73.46,0,0.3601,0,1.3703,74.17,74.16,26.2
1758,225,5,28.35,86.57,29.07,83.76,30.03,73.57,0,0.3748,0,1.3712,74.17,74.16,26.05
1759,225,6,29.11,78.78,29.01,83,29.82,73.67,0,0.3868,0,1.3712,74.18,74.16,25.83
1760,225,7,29.84,72.45,29.02,82.7,29.66,73.77,0,0.3976,0,1.3712,74.18,74.16,25.78
1761,225,8,30.34,69.19,29.05,82.11,29.54,73.87,0,0.4062,0,1.3712,74.18,74.17,25.68
1762,225,9,32.05,70.51,29.2,81.62,29.47,73.95,0,0.4127,0,1.3712,74.17,74.17,25.73
1763,225,10,32.57,70.23,29.32,81.15,29.44,74.03,0,0.417,0,1.3712,74.17,74.17,25.75
1764,225,11,33.74,67.45,29.61,80.39,29.48,74.1,0,0.417,0,1.3712,74.17,74.17,25.88
1765,225,12,34.91,69.45,30,79.4,29.58,74.16,0,0.4156,0,1.3712,74.16,74.17,26.04
1766,225,13,35.93,67.56,30.37,78.97,29.74,74.22,0,0.4143,0,1.3712,74.16,74.16,26.31
1767,225,14,36,68.55,30.72,78.44,29.93,74.26,0,0.413,0,1.3712,74.17,74.16,26.54
1768,225,15,34.05,67.29,30.91,78.29,30.13,74.31,0,0.4116,0,1.3712,74.17,74.16,26.69
1769,225,16,34.66,72.75,31.15,77.72,30.33,74.35,0,0.4103,0,1.3712,74.18,74.16,26.79
1770,225,17,33.97,74.07,31.34,77.32,30.54,74.38,0,0.409,0,1.3712,74.19,74.17,26.9
1771,225,18,32.36,77.48,31.41,77.56,30.71,74.41,0,0.409,0,1.3712,74.19,74.17,27.01
1772,225,19,32.66,77.47,31.37,77.89,30.84,74.45,0,0.409,0,1.3712,74.19,74.17,27.05
1773,225,20,29.39,78.02,31.11,77.54,30.9,74.49,0,0.409,0,1.3712,74.18,74.17,26.72
1774,225,21,27.96,84.85,30.74,78.18,30.87,74.53,0,0.409,0,1.3712,74.17,74.17,26.5
1775,225,22,26.92,81.95,30.29,78.79,30.75,74.58,0,0.409,0,1.3712,74.16,74.17,26.19
1776,225,23,25.8,85.89,29.87,79.16,30.57,74.63,0,0.409,0,1.3712,74.16,74.17,25.87
1777,226,0,25.47,85.83,29.38,79.47,30.33,74.68,0,0.409,0,1.3712,74.17,74.16,25.45
1778,226,1,25.86,87.55,28.99,80.1,30.07,74.74,0,0.3287,0,1.3712,74.18,74.16,25.21
1779,226,2,25.53,90.25,28.69,80.37,29.79,74.8,0,0.3302,0,1.3712,74.19,74.16,24.98
1780,226,3,25.48,91.96,28.3,81.7,29.49,74.88,0,0.3376,0,1.3712,74.2,74.17,24.87
1781,226,4,24.31,90.71,27.85,82.85,29.17,74.97,0,0.3489,0,1.3712,74.22,74.17,24.67
1782,226,5,24.47,89.9,27.48,83.32,28.83,75.06,0,0.3616,0,1.3712,74.25,74.18,24.4
1783,226,6,23.61,88.53,27,83.96,28.46,75.16,0,0.3762,0,1.374,74.28,74.19,24.06
1784,226,7,25.47,87.15,26.7,84.27,28.11,75.26,0,0.3916,0,1.3794,74.31,74.21,23.83
1785,226,8,25.44,84.2,26.57,85.07,27.8,75.37,0,0.4097,0,1.3906,74.32,74.23,23.85
1786,226,9,24.97,89.25,26.33,86.01,27.51,75.49,0,0.431,0,1.4071,74.35,74.25,23.8
1787,226,10,26.67,78.78,26.25,85.94,27.26,75.6,0,0.4519,0,1.4229,74.35,74.26,23.71
1788,226,11,29.04,75.36,26.43,86.22,27.09,75.72,0,0.474,0,1.44,74.34,74.28,23.94
1789,226,12,30,74.94,26.61,85.47,26.99,75.83,0,0.4933,0,1.4527,74.32,74.28,23.97
1790,226,13,30.64,73.07,26.85,84.78,26.97,75.93,0,0.5103,0,1.4603,74.3,74.29,24.07
1791,226,14,29.76,72.3,26.97,83.61,26.97,76.02,0,0.5231,0,1.4603,74.29,74.29,23.95
1792,226,15,29.77,74.49,27.06,83.04,26.99,76.09,0,0.5338,0,1.4603,74.28,74.29,23.94
1793,226,16,31.09,76.81,27.33,82.91,27.05,76.17,0,0.544,0,1.4603,74.26,74.28,24.17
1794,226,17,30.87,77.29,27.54,82.8,27.15,76.24,0,0.5537,0,1.4603,74.24,74.27,24.35
1795,226,18,30.68,78.26,27.66,82.41,27.25,76.31,0,0.5618,0,1.4603,74.24,74.26,24.39
1796,226,19,28.07,90.54,27.66,82.92,27.33,76.38,0,0.5719,0,1.4603,74.24,74.26,24.49
1797,226,20,29.9,84.35,27.69,82.58,27.4,76.45,0,0.5805,0,1.4603,74.23,74.25,24.45
1798,226,21,30.23,86.05,27.77,83.45,27.48,76.53,0,0.5926,0,1.4603,74.23,74.25,24.71
1799,226,22,29.02,87.95,27.75,83.91,27.53,76.61,0,0.6063,0,1.4603,74.23,74.24,24.78
1800,226,23,28.31,89.85,27.77,84.74,27.58,76.7,0,0.6231,0,1.4675,74.23,74.24,24.96
1801,227,0,28.27,96.74,27.79,86.04,27.62,76.81,0,0.6449,0,1.4835,74.23,74.24,25.24
1802,227,1,27.54,98,27.66,86.56,27.63,76.92,0,0.6688,0,1.5022,74.24,74.24,25.21
1803,227,2,29.18,98,27.7,87.5,27.64,77.03,0,0.6969,0,1.5252,74.23,74.24,25.43
1804,227,3,28.21,96.54,27.68,88.23,27.65,77.16,0,0.7287,0,1.5511,74.24,74.24,25.55
1805,227,4,27.12,95.24,27.5,88.55,27.62,77.28,0,0.762,0,1.578,74.25,74.24,25.44
1806,227,5,27.94,92.11,27.48,88.86,27.59,77.41,0,0.797,0,1.606,74.25,74.24,25.48
1807,227,6,26.31,92.95,27.33,88.83,27.54,77.54,0,0.8317,0,1.6336,74.26,74.24,25.32
1808,227,7,27.18,85.07,27.23,88.49,27.48,77.66,0,0.8643,0,1.6597,74.27,74.25,25.16
1809,227,8,28.32,82.34,27.22,88.31,27.43,77.78,0,0.896,0,1.6848,74.27,74.25,25.12
1810,227,9,28.86,77.56,27.26,87.84,27.39,77.89,0,0.9252,0,1.7076,74.26,74.25,25.07
1811,227,10,29.59,73.87,27.34,86.98,27.38,77.99,0,0.9502,0,1.7255,74.26,74.26,24.98
1812,227,11,30.96,72.84,27.56,85.87,27.42,78.08,0,0.9701,0,1.7351,74.24,74.25,24.98
1813,227,12,31.31,70.44,27.75,84.76,27.49,78.15,0,0.9849,0,1.7351,74.23,74.25,24.95
1814,227,13,30.78,68.56,27.89,84.03,27.57,78.22,0,0.9959,0,1.7351,74.22,74.24,24.94
1815,227,14,30.89,70.3,28.07,83.09,27.67,78.27,0,1.0012,0,1.7351,74.21,74.24,24.93
1816,227,15,31.81,68.63,28.21,82.32,27.78,78.32,0,0.9815,0,1.7351,74.21,74.23,24.9
1817,227,16,30.66,67.96,28.35,81.45,27.89,78.35,0,0.7294,0,1.7351,74.2,74.22,24.87
1818,227,17,29.37,71,28.28,80.55,27.97,78.38,0,0.4641,0,1.7351,74.2,74.22,24.61
1819,227,18,29.56,73.24,28.36,79.66,28.05,78.39,0,0.4628,0,1.7351,74.2,74.21,24.51
1820,227,19,28.15,78.16,28.26,79.93,28.09,78.41,0,0.4614,0,1.7351,74.2,74.21,24.47
1821,227,20,26.28,80.21,28.06,80.17,28.09,78.43,0,0.3519,0,1.7351,74.21,74.21,24.33
1822,227,21,26.04,86.15,27.83,80.72,28.03,78.45,0,0.3549,0,1.7351,74.23,74.21,24.21
1823,227,22,24.32,89.3,27.38,81.46,27.9,78.49,0,0.361,0,1.7351,74.26,74.22,23.93
1824,227,23,23.6,94.35,27.05,82.27,27.73,78.53,0,0.37,0,1.7351,74.28,74.23,23.76
1825,228,0,22.38,98,26.57,83.02,27.5,78.58,0,0.3814,0,1.7351,74.32,74.25,23.45
1826,228,1,22.37,98,26.13,83.78,27.23,78.64,0,0.395,0,1.7351,74.37,74.27,23.17
1827,228,2,22.63,98,25.7,85.52,26.92,78.71,0,0.4142,0,1.7407,74.41,74.29,23.09
1828,228,3,22.45,98,25.32,86.13,26.6,78.8,0,0.4353,0,1.7514,74.46,74.32,22.83
1829,228,4,22.79,97.63,25.05,87.07,26.29,78.89,0,0.46,0,1.7683,74.5,74.35,22.75
1830,228,5,21.67,97.89,24.73,87.84,25.98,78.99,0,0.4877,0,1.7891,74.54,74.38,22.58
1831,228,6,22.93,97.66,24.49,88.56,25.68,79.09,0,0.5187,0,1.8129,74.58,74.42,22.48
1832,228,7,23.7,98,24.35,89.65,25.42,79.21,0,0.5554,0,1.8409,74.6,74.45,22.54
1833,228,8,24.6,97.19,24.27,90.39,25.19,79.34,0,0.5965,0,1.8714,74.61,74.48,22.6
1834,228,9,26.66,92.9,24.29,90.36,25.01,79.46,0,0.6374,0,1.9017,74.61,74.5,22.61
1835,228,10,26.58,90.34,24.29,91.12,24.87,79.59,0,0.6834,0,1.9342,74.61,74.52,22.75
1836,228,11,28.05,85.43,24.49,90.97,24.79,79.71,0,0.7285,0,1.9663,74.58,74.53,22.92
1837,228,12,28.34,80.4,24.67,90.4,24.77,79.83,0,0.7701,0,1.9965,74.55,74.54,22.99
1838,228,13,27.49,88.72,24.74,90.35,24.76,79.95,0,0.8114,0,2.0264,74.54,74.54,23.05
1839,228,14,29.66,72.39,25.04,89.29,24.82,80.05,0,0.8465,0.004,2.0518,74.5,74.53,23.15
1840,228,15,29.56,76.96,25.29,88.81,24.91,80.15,0,0.8793,0.0083,2.0746,74.47,74.52,23.31
1841,228,16,29.15,79.29,25.5,88.3,25.03,80.24,0,0.9095,0.0128,2.094,74.44,74.5,23.43
1842,228,17,28.73,78.09,25.61,87.81,25.14,80.33,0,0.9373,0.0176,2.1095,74.43,74.48,23.43
1843,228,18,28.08,79.42,25.68,87.23,25.25,80.4,0,0.9623,0.0226,2.1195,74.42,74.47,23.39
1844,228,19,28.39,83.72,25.92,87.3,25.38,80.48,0,0.9878,0.0279,2.1299,74.39,74.45,23.64
1845,228,20,27.87,86.22,25.98,87.79,25.5,80.56,0,1.0156,0.0334,2.1445,74.38,74.44,23.8
1846,228,21,26.77,90.86,25.95,88.17,25.59,80.64,0,1.0928,0.0391,2.1617,74.39,74.43,23.84
1847,228,22,25.61,92.99,25.82,88.51,25.64,80.73,0,1.1732,0.045,2.181,74.4,74.42,23.78
1848,228,23,24.4,94.46,25.62,88.6,25.64,80.82,0,1.2537,0.0511,2.2006,74.42,74.42,23.6
1849,229,0,24.66,95.98,25.47,89.32,25.6,80.91,0,1.342,0.0575,2.2243,74.44,74.43,23.58
1850,229,1,22.71,98,25.16,89.7,25.51,81.01,0,1.4337,0.0642,2.2496,74.48,74.44,23.35
1851,229,2,21.82,98,24.77,90.75,25.37,81.12,0,1.5378,0.0711,2.2794,74.54,74.46,23.16
1852,229,3,23.08,98,24.5,91.61,25.19,81.24,0,1.6529,0.0782,2.312,74.58,74.48,23.05
1853,229,4,23.61,98,24.34,92.12,25.02,81.36,0,1.775,0.0856,2.3459,74.6,74.5,22.98
1854,229,5,23.88,96.66,24.23,93.15,24.86,81.49,0,1.9134,0.0933,2.3817,74.62,74.52,23.05
1855,229,6,25.39,94.85,24.28,93.19,24.75,81.62,0,2.0521,0.1013,2.4175,74.61,74.54,23.1
1856,229,7,25.95,89.72,24.37,93.28,24.67,81.75,0,2.1923,0.1096,2.4534,74.6,74.55,23.21
1857,229,8,26.53,87.34,24.44,92.76,24.62,81.87,0,2.3224,0.1182,2.4882,74.59,74.56,23.19
1858,229,9,28.11,84.84,24.6,92.43,24.62,81.99,0,2.4455,0.1271,2.5221,74.56,74.56,23.28
1859,229,10,28.79,90.27,24.84,92.38,24.66,82.1,0,2.5667,0.1363,2.5557,74.53,74.55,23.52
1860,229,11,32.67,80.7,25.43,91.88,24.82,82.21,0,2.6767,0.1458,2.5877,74.45,74.53,24.01
1861,229,12,32.57,85.58,25.91,92.05,25.04,82.32,0,2.7882,0.1556,2.6201,74.39,74.5,24.52
1862,229,13,34.36,71.63,26.45,90.85,25.32,82.42,0,2.8629,0.1657,2.6466,74.33,74.46,24.84
1863,229,14,33.49,69.43,26.9,89.38,25.64,82.49,0,2.8694,0.176,2.6601,74.29,74.42,25
1864,229,15,33.91,71.48,27.34,88.48,25.98,82.56,0,2.6653,0.1866,2.6604,74.26,74.38,25.27
1865,229,16,34.08,69.76,27.77,87.09,26.34,82.61,0,2.3025,0.1974,2.6604,74.23,74.34,25.43
1866,229,17,33.8,68.71,28.03,86.66,26.68,82.65,0,2.1869,0.2084,2.6604,74.21,74.31,25.6
1867,229,18,32.33,68.65,28.22,85.81,26.98,82.69,0,1.9585,0.2196,2.6604,74.21,74.29,25.61
1868,229,19,31.47,71.27,28.42,84.86,27.27,82.71,0,1.6991,0.2308,2.6604,74.2,74.26,25.62
1869,229,20,30.98,73.84,28.44,84.79,27.5,82.74,0,1.6784,0.2422,2.6604,74.2,74.25,25.63
1870,229,21,29.75,77.37,28.47,84.24,27.7,82.75,0,1.5275,0.2536,2.6604,74.19,74.23,25.55
1871,229,22,28.12,77.17,28.35,83.9,27.83,82.77,0,1.4327,0.265,2.6604,74.2,74.23,25.36
1872,229,23,26.31,81.16,28.09,83.97,27.88,82.78,0,1.4349,0.2764,2.6604,74.21,74.22,25.12
1873,230,0,24.58,84.64,27.76,84.18,27.86,82.8,0,1.443,0.2879,2.6604,74.23,74.22,24.84
1874,230,1,24.69,83.34,27.47,84,27.78,82.81,0,1.445,0.2993,2.6604,74.25,74.23,24.53
1875,230,2,24.37,83.85,27.15,83.99,27.65,82.82,0,1.4464,0.3106,2.6604,74.27,74.24,24.21
1876,230,3,24.76,87.39,26.82,84.09,27.49,82.84,0,1.4505,0.3219,2.6604,74.3,74.25,23.91
1877,230,4,23.94,83.2,26.53,84.24,27.29,82.85,0,1.4584,0.3332,2.6604,74.33,74.26,23.65
1878,230,5,24.32,83.69,26.31,84.28,27.1,82.87,0,1.4666,0.3444,2.6604,74.35,74.28,23.45
1879,230,6,24.72,81.07,26.09,83.9,26.9,82.88,0,1.4315,0.3555,2.6604,74.37,74.29,23.15
1880,230,7,26.22,81.9,25.98,84.15,26.71,82.89,0,1.4387,0.3665,2.6604,74.38,74.31,23.09
1881,230,8,26.46,83.16,25.98,83.62,26.56,82.9,0,1.3544,0.3775,2.6604,74.38,74.32,22.99
1882,230,9,28.35,77.7,24.97,73.15,26.25,82.79,1,1.3531,0.388,2.6604,74.51,74.35,19.83
1883,230,10,29.68,77.82,24.38,66.6,25.87,82.61,1,1.3518,0.3978,2.6604,74.6,74.39,17.76
1884,230,11,30.56,73.89,24.16,63.24,25.53,82.4,1,1.3504,0.4066,2.6604,74.63,74.44,16.73
1885,230,12,30.95,66.67,24.04,60.77,25.23,82.16,1,1.3491,0.4145,2.6604,74.65,74.47,16
1886,230,13,31.06,62.55,24.02,58.83,24.99,81.9,1,1.3478,0.4213,2.6604,74.66,74.51,15.47
1887,230,14,30.36,59.79,24.07,57.45,24.81,81.63,1,1.3465,0.427,2.6604,74.65,74.53,15.14
1888,230,15,32.28,61.11,24.15,55.81,24.67,81.34,1,1.3465,0.4315,2.6604,74.63,74.55,14.77
1889,230,16,30.59,57.65,24.1,55.05,24.56,81.05,1,1.3465,0.4346,2.6604,74.64,74.57,14.51
1890,230,17,31.14,57.95,24.59,55.01,24.57,80.76,0,1.3465,0.4362,2.6604,74.56,74.57,14.96
1891,230,18,30.19,59.69,24.95,55.24,24.64,80.47,0,1.3465,0.4363,2.6604,74.51,74.56,15.35
1892,230,19,29.95,62.49,25.26,55.88,24.77,80.2,0,1.3465,0.3604,2.6604,74.47,74.54,15.83
1893,230,20,29.1,68.21,25.49,57.2,24.91,79.95,0,1.3465,0.359,2.6604,74.44,74.52,16.4
1894,230,21,28.79,67.8,25.67,57.9,25.06,79.7,0,1.3465,0.3577,2.6604,74.42,74.5,16.76
1895,230,22,27.65,73.58,25.7,59.01,25.19,79.47,0,1.3465,0.3564,2.6604,74.41,74.48,17.09
1896,230,23,26.15,78.9,25.61,60.31,25.27,79.26,0,1.3465,0.355,2.6604,74.43,74.47,17.35
1897,231,0,26.22,80.94,25.6,61.76,25.34,79.06,0,1.3465,0.3537,2.6604,74.43,74.46,17.72
1898,231,1,25.77,82.93,25.57,62.73,25.39,78.88,0,1.3465,0.3524,2.6604,74.43,74.45,17.94
1899,231,2,24.84,86.94,25.41,64.31,25.39,78.72,0,1.3465,0.3524,2.6604,74.45,74.45,18.18
1900,231,3,24.19,87.85,25.29,66.03,25.37,78.58,0,1.3465,0.3524,2.6604,74.47,74.46,18.49
1901,231,4,25.04,85.61,25.16,67.86,25.33,78.46,0,1.3465,0.3524,2.6604,74.48,74.46,18.81
1902,231,5,26.38,85.87,25.11,68.91,25.29,78.35,0,1.3465,0.3524,2.6604,74.49,74.47,19
1903,231,6,26.32,83.43,25.1,70.03,25.25,78.26,0,1.3465,0.3524,2.6604,74.49,74.47,19.25
1904,231,7,26.79,79.23,25.13,70.6,25.23,78.18,0,1.3465,0.3524,2.6604,74.49,74.47,19.41
1905,231,8,25.04,80.14,25,71.25,25.18,78.1,0,1.3465,0.3524,2.6604,74.51,74.48,19.43
1906,231,9,24.13,77.57,24.43,65.89,25.03,77.96,1,1.3458,0.3524,2.6604,74.59,74.5,17.64
1907,231,10,24.65,73.42,24.22,62.44,24.87,77.79,1,1.3451,0.3524,2.6604,74.62,74.52,16.59
1908,231,11,26.76,68.17,24.07,59.74,24.71,77.59,1,1.3445,0.3524,2.6604,74.65,74.55,15.76
1909,231,12,28.96,65.61,24.07,58.81,24.58,77.38,1,1.3438,0.3524,2.6604,74.65,74.57,15.51
1910,231,13,28.93,65.54,24.08,57.62,24.48,77.16,1,1.3431,0.3524,2.6604,74.65,74.58,15.21
1911,231,14,29.03,68.87,24.05,56.29,24.4,76.93,1,1.3425,0.3524,2.6604,74.65,74.59,14.81
1912,231,15,28.2,63.92,24.04,56.07,24.32,76.7,1,1.3418,0.3524,2.6604,74.65,74.61,14.74
1913,231,16,28.28,63.43,24.11,55.78,24.28,76.47,1,1.3411,0.3524,2.6604,74.64,74.61,14.72
1914,231,17,28.37,67.63,24.35,56.62,24.3,76.25,0,1.3405,0.3524,2.6604,74.6,74.61,15.19
1915,231,18,26.08,77.55,24.46,57.99,24.33,76.04,0,1.3398,0.3524,2.6604,74.58,74.61,15.66
1916,231,19,27.01,72.35,24.56,59.5,24.37,75.86,0,1.3391,0.3524,2.6604,74.57,74.6,16.15
1917,231,20,27.22,73.47,24.72,60.29,24.44,75.69,0,1.3384,0.3517,2.6604,74.55,74.59,16.51
1918,231,21,26.64,75.94,24.65,60.91,24.48,75.52,0,1.3378,0.3511,2.6604,74.55,74.58,16.61
1919,231,22,27.13,81.28,24.7,62.09,24.53,75.37,0,1.3371,0.3504,2.6604,74.55,74.57,16.96
1920,231,23,26.35,81.87,24.8,63.38,24.58,75.24,0,1.3364,0.3497,2.6604,74.53,74.57,17.38
1921,232,0,24.24,85.34,24.69,65.02,24.6,75.13,0,1.3358,0.3491,2.6604,74.55,74.56,17.67
1922,232,1,23.75,85.29,24.51,66.11,24.58,75.03,0,1.3351,0.3484,2.6604,74.58,74.57,17.77
1923,232,2,21.13,94.06,24.08,68,24.48,74.95,0,1.3344,0.3477,2.6604,74.65,74.58,17.81
1924,232,3,24.14,88.06,23.95,69.43,24.38,74.89,0,1.3338,0.3471,2.6604,74.67,74.6,18.01
1925,232,4,23.66,88.88,23.79,70.58,24.26,74.84,0,1.3331,0.3464,2.6604,74.7,74.62,18.12
1926,232,5,22.75,83.41,23.62,71.26,24.13,74.8,0,1.3324,0.3457,2.6604,74.73,74.64,18.11
1927,232,6,23.68,84.08,23.55,72.02,24.02,74.77,0,1.3318,0.3451,2.6604,74.74,74.66,18.21
1928,232,7,24.9,82.16,23.56,73.18,23.93,74.75,0,1.3311,0.3444,2.6604,74.74,74.67,18.48
1929,232,8,25.64,81.23,23.63,73.6,23.87,74.74,0,1.3304,0.3437,2.6604,74.73,74.68,18.63
1930,232,9,26.41,78.67,23.89,67.41,23.87,74.66,1,1.3298,0.343,2.6604,74.68,74.68,17.48
1931,232,10,26.84,77.83,23.93,62.92,23.88,74.53,1,1.3291,0.3424,2.6604,74.67,74.68,16.43
1932,232,11,28.96,74.47,23.97,60.18,23.9,74.37,1,1.3284,0.3417,2.6604,74.67,74.68,15.77
1933,232,12,29.84,73.47,23.99,58.13,23.92,74.19,1,1.3278,0.341,2.6604,74.66,74.67,15.26
1934,232,13,30.59,70.66,24.04,57.48,23.94,74,1,1.3271,0.3404,2.6604,74.65,74.67,15.13
1935,232,14,31.44,68.69,24.01,56.86,23.95,73.81,1,1.3264,0.3397,2.6604,74.66,74.67,14.93
1936,232,15,30.93,67.11,24.01,56.37,23.97,73.62,1,1.3258,0.339,2.6604,74.66,74.67,14.8
1937,232,16,31.36,68.32,24.07,55.8,23.99,73.42,1,1.3251,0.3384,2.6604,74.65,74.66,14.69
1938,232,17,31.03,68.6,24.57,56.56,24.1,73.23,0,1.3244,0.3377,2.6604,74.57,74.64,15.37
1939,232,18,32.27,71.03,25.13,57.27,24.31,73.05,0,1.3238,0.337,2.6604,74.49,74.61,16.09
1940,232,19,32.24,75.31,25.64,58.79,24.57,72.89,0,1.3231,0.3364,2.6604,74.42,74.57,16.97
1941,232,20,32.43,79.62,26.09,60.1,24.88,72.75,0,1.3224,0.3357,2.6604,74.37,74.52,17.74
1942,232,21,31.53,84.66,26.4,61.46,25.18,72.63,0,1.3218,0.335,2.6604,74.34,74.48,18.39
1943,232,22,30.04,83.81,26.61,62.86,25.47,72.52,0,1.3211,0.3344,2.6604,74.32,74.44,18.95
1944,232,23,30.37,86.26,26.81,64.69,25.73,72.43,0,1.3204,0.3337,2.6604,74.3,74.41,19.6
1945,233,0,29.83,89.85,26.91,66.36,25.97,72.36,0,1.3198,0.333,2.6604,74.29,74.38,20.11
1946,233,1,28.85,90.25,26.97,67.99,26.17,72.32,0,1.3191,0.3324,2.6604,74.29,74.36,20.56
1947,233,2,28.32,89.84,26.98,68.8,26.33,72.28,0,1.3184,0.3317,2.6604,74.29,74.35,20.76
1948,233,3,28.05,87.49,27.08,70.23,26.48,72.25,0,1.3178,0.331,2.6604,74.28,74.33,21.19
1949,233,4,29.4,87.3,27.15,71.38,26.61,72.24,0,1.3171,0.3304,2.6604,74.27,74.32,21.52
1950,233,5,28.63,83.44,27.22,72.55,26.74,72.25,0,1.3164,0.3297,2.6604,74.27,74.31,21.86
1951,233,6,27.9,84.84,27.15,73.27,26.82,72.26,0,1.3158,0.329,2.6604,74.27,74.3,21.95
1952,233,7,27.22,83.46,27.07,73.74,26.87,72.28,0,1.3151,0.3284,2.6604,74.28,74.3,21.98
1953,233,8,27.69,76.71,26.98,73.97,26.89,72.29,0,1.3144,0.3277,2.6604,74.29,74.29,21.95
1954,233,9,28.8,76.9,25.32,67.39,26.58,72.24,1,1.3138,0.327,2.6604,74.46,74.32,18.85
1955,233,10,29.43,76.45,24.61,63.19,26.18,72.14,1,1.3131,0.3264,2.6604,74.56,74.36,17.15
1956,233,11,30.79,74.29,24.3,60.59,25.81,72.01,1,1.3124,0.3257,2.6604,74.61,74.4,16.19
1957,233,12,31.27,71.87,24.17,57.93,25.48,71.85,1,1.3118,0.325,2.6604,74.63,74.44,15.37
1958,233,13,31.96,72.28,24.11,57.03,25.2,71.69,1,1.3111,0.3244,2.6604,74.64,74.48,15.07
1959,233,14,33.53,68.53,23.99,56.99,24.96,71.53,1,1.3104,0.3237,2.6604,74.66,74.51,14.94
1960,233,15,33.99,64.95,24.02,55.86,24.77,71.35,1,1.3098,0.323,2.6604,74.66,74.54,14.66
1961,233,16,33.63,68,24.01,55.53,24.62,71.18,1,1.3091,0.3224,2.6604,74.66,74.56,14.56
1962,233,17,31.84,73.48,24.57,57.12,24.61,71.02,0,1.3084,0.3217,2.6604,74.57,74.56,15.52
1963,233,18,31.91,74.11,25.05,57.63,24.7,70.87,0,1.3078,0.321,2.6604,74.5,74.55,16.11
1964,233,19,30.25,79.66,25.37,58.74,24.83,70.74,0,1.3071,0.3204,2.6604,74.46,74.53,16.71
1965,233,20,29.56,84.78,25.55,60.38,24.98,70.62,0,1.3064,0.3197,2.6604,74.43,74.51,17.31
1966,233,21,27.4,85.86,25.66,62.14,25.11,70.53,0,1.3058,0.319,2.6604,74.42,74.49,17.87
1967,233,22,27.42,90.17,25.7,63.83,25.23,70.45,0,1.3051,0.3184,2.6604,74.41,74.47,18.34
1968,233,23,25.71,93.61,25.64,66.01,25.31,70.4,0,1.3044,0.3177,2.6604,74.42,74.46,18.81
1969,234,0,24.98,95.81,25.46,68.37,25.34,70.38,0,1.3038,0.317,2.6604,74.44,74.46,19.21
1970,234,1,24.15,98,25.27,70.33,25.33,70.38,0,1.3031,0.3164,2.6604,74.47,74.46,19.48
1971,234,2,24.37,98,25.13,72.15,25.29,70.4,0,1.3024,0.3157,2.6604,74.49,74.47,19.76
1972,234,3,24.07,98,24.98,73.66,25.23,70.44,0,1.3018,0.315,2.6604,74.51,74.47,19.95
1973,234,4,24.91,98,24.86,75.25,25.15,70.49,0,1.3011,0.3144,2.6604,74.52,74.48,20.18
1974,234,5,25.17,99,24.73,77.04,25.07,70.56,0,1.3004,0.3137,2.6604,74.54,74.5,20.44
1975,234,6,25.61,98,24.77,78.19,25.01,70.65,0,1.2998,0.313,2.6604,74.54,74.5,20.71
1976,234,7,25.89,97.43,24.73,79.24,24.95,70.74,0,1.2991,0.3124,2.6604,74.54,74.51,20.89
1977,234,8,27.81,91.87,24.92,80.15,24.95,70.85,0,0.3462,0.3117,2.6604,74.52,74.51,21.26
1978,234,9,28.66,86.79,24.39,71.49,24.83,70.85,1,0.3449,0.311,2.6604,74.6,74.53,18.9
1979,234,10,29.57,84.35,24.14,65.61,24.7,70.8,1,0.3436,0.3104,2.6604,74.64,74.55,17.3
1980,234,11,28.87,84.98,24.03,61.79,24.56,70.7,1,0.3422,0.3097,2.6604,74.65,74.57,16.25
1981,234,12,28.2,90.41,24.02,59.4,24.45,70.57,1,0.3409,0.309,2.6604,74.66,74.59,15.62
1982,234,13,30.94,77.49,24.04,58.2,24.37,70.43,1,0.3396,0.3084,2.6604,74.65,74.6,15.32
1983,234,14,31.17,76.22,23.99,57.2,24.3,70.29,1,0.3383,0.3077,2.6604,74.66,74.61,15.01
1984,234,15,31.43,76.35,23.91,56.33,24.22,70.13,1,0.3383,0.307,2.6604,74.67,74.62,14.7
1985,234,16,30.93,74.66,23.93,56.15,24.16,69.98,1,0.3383,0.3064,2.6604,74.67,74.63,14.66
1986,234,17,30.62,73.52,24.41,57.4,24.21,69.84,0,0.3383,0.3057,2.6604,74.59,74.62,15.45
1987,234,18,31.4,70.98,24.83,58.53,24.34,69.71,0,0.3383,0.305,2.6604,74.53,74.6,16.15
1988,234,19,30.48,77.55,25.16,59.69,24.5,69.6,0,0.3383,0.3044,2.6604,74.48,74.58,16.77
1989,234,20,30.47,80.57,25.5,61.59,24.7,69.51,0,0.3383,0.3037,2.6604,74.44,74.55,17.58
1990,234,21,31.33,85.05,25.81,63.42,24.92,69.44,0,0.3383,0.303,2.6604,74.4,74.52,18.34
1991,234,22,29.19,87.18,26.04,64.58,25.15,69.39,0,0.3383,0.3024,2.6604,74.38,74.48,18.84
1992,234,23,28.62,91.13,26.08,66.28,25.33,69.35,0,0.3383,0.3017,2.6604,74.37,74.46,19.3
1993,235,0,28.06,94.09,26.07,68.33,25.48,69.34,0,0.3383,0.301,2.6604,74.37,74.44,19.78
1994,235,1,28.56,95.89,26.24,70.28,25.63,69.35,0,0.3383,0.3004,2.6604,74.35,74.42,20.4
1995,235,2,27.08,98,26.17,71.35,25.74,69.38,0,0.3383,0.2997,2.6604,74.36,74.41,20.58
1996,235,3,26.19,98,26.05,73.15,25.8,69.42,0,0.3383,0.299,2.6604,74.37,74.4,20.86
1997,235,4,25.45,96.66,25.89,74.74,25.82,69.48,0,0.3383,0.2984,2.6604,74.39,74.4,21.06
1998,235,5,25.67,99,25.77,76.15,25.81,69.55,0,0.3383,0.2977,2.6604,74.41,74.4,21.25
1999,235,6,28.27,93.12,25.95,77.65,25.84,69.64,0,0.3383,0.297,2.6604,74.39,74.4,21.74
2000,235,7,28.24,99,25.98,78.96,25.87,69.74,0,0.3383,0.2964,2.6604,74.38,74.4,22.05
2001,235,8,29.48,89.53,26.22,80.08,25.94,69.86,0,0.325,0.2957,2.6604,74.36,74.39,22.51
2002,235,9,30.19,82.06,24.97,71.4,25.74,69.88,1,0.3237,0.295,2.6604,74.51,74.41,19.44
2003,235,10,30.3,86.11,24.36,65.48,25.47,69.83,1,0.3224,0.2944,2.6604,74.6,74.44,17.48
2004,235,11,32.14,76.76,24.13,61.74,25.2,69.74,1,0.321,0.2937,2.6604,74.64,74.48,16.33
2005,235,12,33.25,76.68,24.06,59.57,24.97,69.62,1,0.3197,0.293,2.6604,74.65,74.51,15.71
2006,235,13,33.07,74.48,24.02,58.11,24.78,69.5,1,0.3184,0.2924,2.6604,74.66,74.54,15.28
2007,235,14,34.07,72.93,24.12,56.79,24.65,69.36,1,0.317,0.2917,2.6604,74.64,74.56,15.01
2008,235,15,34.56,75.35,24.1,56.34,24.54,69.21,1,0.317,0.291,2.6604,74.64,74.57,14.87
2009,235,16,33.21,83.29,23.99,56.37,24.43,69.07,1,0.317,0.2904,2.6604,74.66,74.59,14.77
2010,235,17,35.79,77.04,24.84,57.86,24.51,68.94,0,0.317,0.2897,2.6604,74.53,74.58,15.98
2011,235,18,35.55,76.07,25.7,58.7,24.75,68.83,0,0.317,0.289,2.6604,74.41,74.54,17.01
2012,235,19,34.72,77,26.35,59.82,25.07,68.73,0,0.317,0.2884,2.6604,74.34,74.49,17.92
2013,235,20,33.99,78.83,26.93,61.04,25.44,68.64,0,0.317,0.2877,2.6604,74.29,74.45,18.78
2014,235,21,31.83,82.69,27.23,63.49,25.8,68.59,0,0.317,0.287,2.6604,74.27,74.4,19.7
2015,235,22,30.88,85.88,27.43,64.53,26.13,68.54,0,0.317,0.2864,2.6604,74.25,74.37,20.15
2016,235,23,29.34,87.31,27.44,65.87,26.39,68.51,0,0.317,0.2857,2.6604,74.25,74.34,20.5
2017,236,0,28.54,87.2,27.44,67.23,26.6,68.5,0,0.317,0.285,2.6604,74.25,74.32,20.83
2018,236,1,27.9,91.63,27.36,68.61,26.75,68.5,0,0.317,0.2844,2.6604,74.26,74.31,21.08
2019,236,2,27.18,92.58,27.28,70.07,26.86,68.52,0,0.317,0.2837,2.6604,74.26,74.3,21.34
2020,236,3,28.18,94.04,27.26,71.26,26.94,68.55,0,0.317,0.283,2.6604,74.26,74.29,21.61
2021,236,4,28.48,92.56,27.28,72.19,27.01,68.59,0,0.317,0.2824,2.6604,74.26,74.28,21.84
2022,236,5,29.62,91.47,27.48,73.47,27.1,68.64,0,0.317,0.2817,2.6604,74.25,74.28,22.31
2023,236,6,30.34,85.15,27.53,74.39,27.19,68.71,0,0.317,0.281,2.6604,74.24,74.27,22.57
2024,236,7,31.32,84.18,27.73,74.79,27.3,68.77,0,0.317,0.2804,2.6604,74.23,74.26,22.85
2025,236,8,32.44,79.14,28.14,74.89,27.47,68.84,0,0.317,0.2797,2.6604,74.21,74.25,23.27
2026,236,9,31.44,74.64,28.24,74.78,27.62,68.91,0,0.3164,0.279,2.6604,74.2,74.24,23.34
2027,236,10,31.63,71.19,28.5,74.54,27.8,68.97,0,0.3157,0.2784,2.6604,74.19,74.23,23.54
2028,236,11,33.13,70.34,28.73,73.96,27.98,69.02,0,0.315,0.2777,2.6604,74.18,74.22,23.63
2029,236,12,34.95,69.38,29.1,73.89,28.21,69.08,0,0.3144,0.277,2.6604,74.17,74.21,23.96
2030,236,13,36.17,65.49,29.53,73.2,28.47,69.12,0,0.3137,0.2763,2.6604,74.17,74.19,24.22
2031,236,14,35.73,63.76,29.98,73.49,28.77,69.17,0,0.313,0.2757,2.6604,74.16,74.18,24.73
2032,236,15,33.74,74.41,30.21,73.68,29.06,69.22,0,0.3124,0.275,2.6604,74.16,74.17,24.99
2033,236,16,34.64,66.7,30.48,73.54,29.35,69.27,0,0.3117,0.2743,2.6604,74.17,74.17,25.22
2034,236,17,34.43,64.88,30.66,73.17,29.61,69.31,0,0.311,0.2737,2.6604,74.17,74.17,25.3
2035,236,18,32.84,63.51,30.83,72.46,29.85,69.35,0,0.3104,0.273,2.6604,74.17,74.16,25.3
2036,236,19,31.12,66.69,30.64,72.4,30.01,69.38,0,0.3097,0.2723,2.6604,74.17,74.16,25.1
2037,236,20,31.15,75.04,30.61,73.09,30.13,69.42,0,0.309,0.2717,2.6604,74.17,74.16,25.23
2038,236,21,30.97,76.37,30.48,73.65,30.2,69.47,0,0.3084,0.271,2.6604,74.17,74.16,25.24
2039,236,22,28.34,80.88,30.24,73.77,30.21,69.52,0,0.3077,0.2703,2.6604,74.16,74.16,25.03
2040,236,23,25.85,82.6,29.78,74.1,30.12,69.57,0,0.307,0.2697,2.6604,74.16,74.16,24.67
2041,237,0,24.45,88.66,29.29,74.76,29.96,69.63,0,0.3064,0.269,2.6604,74.17,74.16,24.34
2042,237,1,20.96,97.52,28.53,76.31,29.67,69.7,0,0.3057,0.2683,2.6604,74.19,74.16,23.96
2043,237,2,21.63,87.15,27.81,77.12,29.3,69.78,0,0.305,0.2677,2.6604,74.23,74.17,23.43
2044,237,3,20.88,88.68,27.13,77.42,28.86,69.87,0,0.3044,0.267,2.6604,74.27,74.18,22.83
2045,237,4,21.67,90.27,26.59,78.27,28.41,69.96,0,0.3037,0.2663,2.6604,74.32,74.2,22.5
2046,237,5,22.22,92.92,26.13,78.96,27.95,70.06,0,0.303,0.2657,2.6604,74.37,74.22,22.19
2047,237,6,22.45,91.93,25.68,79.65,27.5,70.17,0,0.3024,0.265,2.6604,74.42,74.25,21.9
2048,237,7,24.45,89.81,25.44,80.21,27.09,70.28,0,0.3034,0.2643,2.6604,74.45,74.28,21.78
2049,237,8,25.07,87.53,25.23,80.79,26.71,70.4,0,0.3071,0.2637,2.6604,74.47,74.31,21.7
2050,237,9,25.37,85.2,24.56,72.15,26.28,70.42,1,0.3058,0.263,2.6604,74.57,74.35,19.21
2051,237,10,27.08,81.08,24.21,66.34,25.87,70.37,1,0.3045,0.2623,2.6604,74.62,74.39,17.54
2052,237,11,28.07,78.87,24.12,62,25.52,70.28,1,0.3031,0.2617,2.6604,74.64,74.44,16.39
2053,237,12,28.91,73.86,24.02,59.82,25.22,70.16,1,0.3018,0.261,2.6604,74.66,74.47,15.73
2054,237,13,27.76,77.39,24.09,57.68,24.99,70.02,1,0.3005,0.2603,2.6604,74.64,74.51,15.23
2055,237,14,28.24,72.42,24.03,56.99,24.8,69.88,1,0.2991,0.2597,2.6604,74.65,74.53,14.98
2056,237,15,30.06,70.43,23.97,55.91,24.64,69.72,1,0.2991,0.259,2.6604,74.66,74.56,14.63
2057,237,16,30.56,70.82,24,55.64,24.51,69.57,1,0.2991,0.2583,2.6604,74.66,74.58,14.58
2058,237,17,28.62,83.35,24.32,56.9,24.47,69.43,0,0.2991,0.2577,2.6604,74.61,74.58,15.23
2059,237,18,30.16,71.52,24.76,58.54,24.53,69.31,0,0.2991,0.257,2.6604,74.54,74.57,16.08
2060,237,19,28.64,75.11,24.92,59.49,24.61,69.2,0,0.2991,0.2563,2.6604,74.52,74.56,16.49
2061,237,20,28.59,77.13,25.08,60.52,24.7,69.1,0,0.2991,0.2557,2.6604,74.49,74.55,16.91
2062,237,21,28.03,82.88,25.22,62.09,24.81,69.02,0,0.2991,0.255,2.6604,74.47,74.53,17.45
2063,237,22,26.22,94.19,25.09,64.91,24.86,68.98,0,0.2991,0.2543,2.6604,74.49,74.52,18.03
2064,237,23,26.34,86.78,25.04,66.15,24.9,68.94,0,0.2991,0.2537,2.6604,74.5,74.52,18.28
2065,238,0,24.18,98.61,24.93,68.12,24.9,68.94,0,0.2991,0.253,2.6604,74.52,74.52,18.64
2066,238,1,24.48,89.29,24.8,69.39,24.88,68.94,0,0.2991,0.2523,2.6604,74.53,74.52,18.81
2067,238,2,24.84,89.88,24.62,71.15,24.83,68.97,0,0.2991,0.2517,2.6604,74.56,74.53,19.04
2068,238,3,26.26,90.56,24.66,72.11,24.79,69,0,0.2991,0.251,2.6604,74.55,74.53,19.29
2069,238,4,25.63,87.44,24.65,72.81,24.77,69.04,0,0.2991,0.2503,2.6604,74.56,74.54,19.44
2070,238,5,25.14,89.66,24.7,73.84,24.75,69.1,0,0.2991,0.2497,2.6604,74.55,74.54,19.72
2071,238,6,26.51,88.11,24.69,74.66,24.74,69.16,0,0.2991,0.249,2.6604,74.55,74.54,19.89
2072,238,7,27.61,83.82,24.81,75.66,24.75,69.23,0,0.2991,0.2483,2.6604,74.53,74.54,20.22
2073,238,8,24.85,81.48,24.72,76.42,24.75,69.31,0,0.2991,0.2477,2.6604,74.55,74.54,20.29
2074,238,9,27.19,78.23,24.39,68.62,24.68,69.3,1,0.2985,0.247,2.6604,74.59,74.55,18.25
2075,238,10,29.07,79.94,24.17,63.63,24.58,69.24,1,0.2978,0.2463,2.6604,74.63,74.57,16.84
2076,238,11,29.58,75.67,24.13,60.41,24.49,69.14,1,0.2971,0.2457,2.6604,74.64,74.58,15.99
2077,238,12,29.62,75.04,24.07,58.27,24.4,69.02,1,0.2965,0.245,2.6604,74.65,74.59,15.37
2078,238,13,31.12,75.01,24,57.39,24.32,68.89,1,0.2958,0.2443,2.6604,74.66,74.61,15.06
2079,238,14,30.96,74.77,24.1,56.43,24.28,68.75,1,0.2951,0.2437,2.6604,74.64,74.61,14.9
2080,238,15,32.9,71.13,24.1,55.59,24.24,68.61,1,0.2945,0.243,2.6604,74.64,74.62,14.66
2081,238,16,32.95,67.07,24.03,55.23,24.2,68.46,1,0.2938,0.2423,2.6604,74.65,74.63,14.5
2082,238,17,33.36,67.84,24.7,55.87,24.3,68.32,0,0.2931,0.2417,2.6604,74.55,74.61,15.3
2083,238,18,31.98,70.56,25.19,56.6,24.48,68.19,0,0.2925,0.241,2.6604,74.48,74.58,15.96
2084,238,19,30.18,73.23,25.53,57.77,24.69,68.07,0,0.2918,0.2403,2.6604,74.43,74.55,16.6
2085,238,20,28.33,76.02,25.6,59,24.87,67.97,0,0.2911,0.2397,2.6604,74.43,74.52,16.99
2086,238,21,26.81,76.2,25.56,60.17,25.01,67.88,0,0.2905,0.239,2.6604,74.43,74.5,17.26
2087,238,22,26.04,78,25.53,61.52,25.11,67.81,0,0.2898,0.2383,2.6604,74.44,74.49,17.59
2088,238,23,26.44,84.87,25.43,62.69,25.17,67.76,0,0.2891,0.2377,2.6604,74.45,74.48,17.79
2089,239,0,26.44,90.06,25.36,64.2,25.21,67.72,0,0.2885,0.237,2.6604,74.46,74.48,18.11
2090,239,1,26.23,89.42,25.27,65.14,25.22,67.69,0,0.2878,0.2363,2.6604,74.47,74.47,18.25
2091,239,2,25.11,91.57,25.28,66.82,25.23,67.68,0,0.2871,0.2357,2.6604,74.47,74.47,18.67
2092,239,3,24.88,92.36,25.16,68.89,25.22,67.69,0,0.2865,0.235,2.6604,74.48,74.47,19.04
2093,239,4,22.42,94.11,24.84,70.66,25.14,67.73,0,0.2858,0.2343,2.6604,74.53,74.48,19.15
2094,239,5,22.16,94.12,24.52,72.01,25.02,67.77,0,0.2851,0.2337,2.6604,74.58,74.5,19.14
2095,239,6,23.53,90.47,24.3,73.05,24.88,67.83,0,0.2845,0.233,2.6604,74.61,74.52,19.16
2096,239,7,24.78,86.76,24.14,73.77,24.73,67.9,0,0.2838,0.2323,2.6604,74.64,74.54,19.16
2097,239,8,24.94,81.6,24,74.62,24.58,67.97,0,0.2831,0.2317,2.6604,74.66,74.57,19.22
2098,239,9,25.74,79.7,24,67.59,24.47,67.97,1,0.2825,0.231,2.6604,74.66,74.58,17.63
2099,239,10,26.94,76.65,24,63.56,24.37,67.92,1,0.2818,0.2303,2.6604,74.66,74.6,16.67
2100,239,11,28.47,75.9,24.04,60.43,24.31,67.84,1,0.2811,0.2297,2.6604,74.65,74.61,15.91
2101,239,12,29.69,78.05,24.1,58.8,24.27,67.74,1,0.2805,0.229,2.6604,74.64,74.62,15.53
2102,239,13,31.45,78.18,24,57.76,24.21,67.62,1,0.2798,0.2283,2.6604,74.66,74.62,15.17
2103,239,14,32.09,78.7,24.11,56.19,24.19,67.5,1,0.2791,0.2277,2.6604,74.64,74.63,14.84
2104,239,15,33.78,76.66,24.02,55.67,24.16,67.37,1,0.2785,0.227,2.6604,74.66,74.63,14.61
2105,239,16,33.17,77.86,23.97,55.29,24.12,67.23,1,0.2778,0.2263,2.6604,74.66,74.64,14.46
2106,239,17,31.75,80.38,24.47,56.82,24.19,67.12,0,0.2771,0.2257,2.6604,74.58,74.63,15.35
2107,239,18,30.73,83.46,24.99,58.86,24.35,67.02,0,0.2765,0.225,2.6604,74.51,74.6,16.38
2108,239,19,30.83,85.25,25.4,61.09,24.56,66.96,0,0.2758,0.2243,2.6604,74.45,74.57,17.35
2109,239,20,30.24,91.08,25.64,63.11,24.78,66.92,0,0.2751,0.2237,2.6604,74.42,74.54,18.11
2110,239,21,29.99,93.58,25.99,64.99,25.02,66.89,0,0.2745,0.223,2.6604,74.38,74.5,18.9
2111,239,22,27.68,92.3,26.06,66.57,25.23,66.89,0,0.2738,0.2223,2.6604,74.37,74.47,19.35
2112,239,23,27.97,94.92,26.17,68.43,25.42,66.91,0,0.2731,0.2217,2.6604,74.36,74.45,19.9
2113,240,0,25.78,96.13,26.09,70.2,25.55,66.94,0,0.2725,0.221,2.6604,74.37,74.43,20.24
2114,240,1,24.65,98,25.94,72.39,25.63,67.01,0,0.2718,0.2203,2.6604,74.39,74.42,20.59
2115,240,2,24.16,96.07,25.67,73.57,25.64,67.08,0,0.2711,0.2197,2.6604,74.42,74.42,20.59
2116,240,3,23.78,98,25.39,74.98,25.59,67.17,0,0.2705,0.219,2.6604,74.45,74.43,20.63
2117,240,4,23.27,98,25.06,76.34,25.48,67.27,0,0.2698,0.2183,2.6604,74.5,74.44,20.6
2118,240,5,24.68,98,24.84,77.77,25.35,67.38,0,0.2691,0.2177,2.6604,74.53,74.46,20.69
2119,240,6,24.61,94.54,24.73,78.33,25.23,67.51,0,0.2685,0.217,2.6604,74.54,74.47,20.7
2120,240,7,24.57,89.81,24.71,79.03,25.13,67.63,0,0.2678,0.2163,2.6604,74.55,74.49,20.83
2121,240,8,24.36,80.13,24.51,79.61,25,67.77,0,0.2671,0.2157,2.6604,74.58,74.5,20.76
2122,240,9,25.06,70.77,24.27,71.29,24.86,67.81,1,0.2665,0.215,2.6604,74.61,74.53,18.75
2123,240,10,25.23,68.89,24.05,65.43,24.69,67.78,1,0.2658,0.2143,2.6604,74.65,74.55,17.16
2124,240,11,25.57,65.57,24.05,62.09,24.56,67.72,1,0.2651,0.2137,2.6604,74.65,74.57,16.34
2125,240,12,27.16,64.49,24.09,59.46,24.47,67.63,1,0.2645,0.213,2.6604,74.64,74.58,15.71
2126,240,13,27.51,61.92,24.09,57.9,24.39,67.52,1,0.2638,0.2123,2.6604,74.64,74.59,15.28
2127,240,14,27.84,61.86,24.06,56.69,24.33,67.4,1,0.2631,0.2117,2.6604,74.65,74.61,14.93
2128,240,15,28.13,62.51,24.12,56.46,24.29,67.28,1,0.2625,0.211,2.6604,74.64,74.61,14.93
2129,240,16,30.29,62.3,24,56.17,24.23,67.15,1,0.2618,0.2103,2.6604,74.66,74.62,14.73
2130,240,17,29.26,65.22,24.34,56.67,24.25,67.04,0,0.2611,0.2096,2.6604,74.6,74.62,15.18
2131,240,18,30.5,68.12,24.73,57.77,24.35,66.93,0,0.2605,0.209,2.6604,74.54,74.6,15.85
2132,240,19,29.17,68.74,25.02,58.32,24.48,66.84,0,0.2598,0.2083,2.6604,74.5,74.58,16.27
2133,240,20,28.09,81.41,25.04,59.37,24.59,66.75,0,0.2591,0.2076,2.6604,74.5,74.56,16.57
2134,240,21,28.98,75.33,25.25,60.4,24.72,66.68,0,0.2585,0.207,2.6604,74.47,74.54,17.03
2135,240,22,29.5,80.54,25.49,61.83,24.88,66.63,0,0.2578,0.2063,2.6604,74.44,74.52,17.63
2136,240,23,27.34,81.59,25.56,63.79,25.01,66.6,0,0.2571,0.2056,2.6604,74.43,74.5,18.19
2137,241,0,26.18,81.57,25.47,64.97,25.11,66.58,0,0.2565,0.205,2.6604,74.44,74.49,18.41
2138,241,1,26.29,83.72,25.45,66.29,25.17,66.58,0,0.2558,0.2043,2.6604,74.45,74.48,18.71
2139,241,2,25.51,83.99,25.4,67.73,25.22,66.59,0,0.2551,0.2036,2.6604,74.45,74.47,19
2140,241,3,23.4,84.54,25.15,69.13,25.2,66.62,0,0.2545,0.203,2.6604,74.48,74.48,19.09
2141,241,4,22.52,85.64,24.86,70.29,25.14,66.66,0,0.2538,0.2023,2.6604,74.52,74.49,19.08
2142,241,5,24.9,85.79,24.78,71.81,25.06,66.72,0,0.2531,0.2016,2.6604,74.54,74.5,19.35
2143,241,6,24.82,87.04,24.6,73.36,24.97,66.79,0,0.2525,0.201,2.6604,74.56,74.51,19.52
2144,241,7,25.89,87.65,24.65,74.26,24.91,66.87,0,0.2518,0.2003,2.6604,74.56,74.52,19.76
2145,241,8,26.66,84.92,24.65,74.91,24.86,66.96,0,0.2511,0.1996,2.6604,74.56,74.53,19.91
2146,241,9,27.71,83.14,24.23,67.93,24.73,66.97,1,0.2504,0.199,2.6604,74.62,74.54,17.94
2147,241,10,28.73,80.46,24.12,63.32,24.61,66.93,1,0.2498,0.1983,2.6604,74.64,74.56,16.72
2148,241,11,29.2,78.91,24.07,60.52,24.5,66.86,1,0.2491,0.1976,2.6604,74.65,74.58,15.96
2149,241,12,29.33,76.89,24.03,58.52,24.41,66.77,1,0.2484,0.197,2.6604,74.66,74.59,15.39
2150,241,13,29.39,72.86,23.98,57.19,24.32,66.66,1,0.2478,0.1963,2.6604,74.66,74.61,14.99
2151,241,14,29.82,71.04,23.98,56.45,24.25,66.55,1,0.2471,0.1956,2.6604,74.66,74.62,14.79
2152,241,15,29.39,69.18,23.97,55.96,24.2,66.43,1,0.2464,0.195,2.6604,74.67,74.63,14.64
2153,241,16,28.04,67.31,23.94,55.65,24.14,66.31,1,0.2458,0.1943,2.6604,74.67,74.64,14.53
2154,241,17,28.87,69.43,24.17,56.72,24.15,66.2,0,0.2451,0.1936,2.6604,74.63,74.63,15.05
2155,241,18,29.57,68.47,24.55,57.04,24.23,66.1,0,0.2444,0.193,2.6604,74.57,74.62,15.49
2156,241,19,27.58,79.27,24.65,58.42,24.32,66.02,0,0.2438,0.1923,2.6604,74.55,74.61,15.96
2157,241,20,28,74.3,24.9,59.27,24.43,65.94,0,0.2431,0.1916,2.6604,74.52,74.59,16.41
2158,241,21,28.21,75.09,25.04,60.39,24.55,65.88,0,0.2424,0.191,2.6604,74.5,74.57,16.84
2159,241,22,28.74,78.91,25.24,62,24.69,65.84,0,0.2418,0.1903,2.6604,74.47,74.55,17.44
2160,241,23,27.95,81.93,25.46,62.99,24.84,65.81,0,0.2411,0.1896,2.6604,74.44,74.53,17.9
2161,242,0,27.76,84.32,25.52,64.69,24.98,65.79,0,0.2404,0.189,2.6604,74.44,74.51,18.38
2162,242,1,27.07,86.68,25.51,65.76,25.08,65.79,0,0.2398,0.1883,2.6604,74.44,74.49,18.64
2163,242,2,23.76,90.83,25.34,67.31,25.14,65.81,0,0.2391,0.1876,2.6604,74.46,74.49,18.84
2164,242,3,24.82,94.38,25.23,69.27,25.15,65.85,0,0.2384,0.187,2.6604,74.47,74.48,19.2
2165,242,4,25.66,96.32,25.18,70.96,25.16,65.9,0,0.2378,0.1863,2.6604,74.48,74.48,19.54
2166,242,5,27.83,97.56,25.33,72.86,25.19,65.98,0,0.2371,0.1856,2.6604,74.46,74.48,20.11
2167,242,6,28.42,92.29,25.5,73.88,25.26,66.07,0,0.2364,0.185,2.6604,74.44,74.47,20.5
2168,242,7,29.19,92.04,25.71,75.12,25.35,66.17,0,0.2358,0.1843,2.6604,74.41,74.46,20.97
2169,242,8,31.11,85.77,26.1,75.66,25.5,66.28,0,0.2351,0.1836,2.6604,74.37,74.44,21.46
2170,242,9,31.98,83.5,24.91,68.38,25.38,66.3,1,0.2344,0.183,2.6604,74.52,74.45,18.69
2171,242,10,31.22,79.29,24.29,63.29,25.16,66.27,1,0.2338,0.1823,2.6604,74.61,74.48,16.87
2172,242,11,31.23,77.15,24.15,60.37,24.96,66.2,1,0.2331,0.1816,2.6604,74.63,74.51,15.99
2173,242,12,32.42,72.46,24.13,58.29,24.79,66.11,1,0.2324,0.181,2.6604,74.64,74.53,15.43
2174,242,13,33.41,69.51,24,57.44,24.63,66.02,1,0.2318,0.1803,2.6604,74.66,74.56,15.08
2175,242,14,32.53,68.21,24,56.41,24.51,65.91,1,0.2311,0.1796,2.6604,74.66,74.58,14.8
2176,242,15,33.28,66.18,24.11,55.96,24.43,65.8,1,0.2304,0.179,2.6604,74.64,74.59,14.78
2177,242,16,33.45,67,24.07,55.73,24.36,65.69,1,0.2298,0.1783,2.6604,74.65,74.6,14.68
2178,242,17,31.87,67.98,24.62,56.5,24.41,65.58,0,0.2291,0.1776,2.6604,74.56,74.59,15.4
2179,242,18,32.18,69.1,25.08,57.73,24.55,65.5,0,0.2284,0.177,2.6604,74.49,74.57,16.17
2180,242,19,31.38,75.16,25.48,58.95,24.73,65.42,0,0.2278,0.1763,2.6604,74.44,74.54,16.87
2181,242,20,30.96,78.41,25.81,60.16,24.95,65.37,0,0.2271,0.1756,2.6604,74.4,74.51,17.51
2182,242,21,28.07,83.09,25.87,61.92,25.13,65.33,0,0.2264,0.175,2.6604,74.39,74.49,18.02
2183,242,22,28.02,85.87,25.93,63.83,25.29,65.31,0,0.2258,0.1743,2.6604,74.39,74.47,18.56
2184,242,23,27.88,88.51,26.09,65.78,25.45,65.32,0,0.2251,0.1736,2.6604,74.37,74.44,19.19
2185,243,0,25.02,89.02,25.94,67.41,25.55,65.34,0,0.2244,0.173,2.6604,74.39,74.43,19.43
2186,243,1,24.25,83.73,25.71,68.36,25.58,65.37,0,0.2238,0.1723,2.6604,74.41,74.43,19.44
2187,243,2,24.45,85.73,25.57,69.63,25.58,65.42,0,0.2231,0.1716,2.6604,74.43,74.43,19.61
2188,243,3,25.86,89.1,25.62,71.14,25.59,65.48,0,0.2224,0.171,2.6604,74.42,74.43,20.01
2189,243,4,24.56,98.61,25.38,72.9,25.55,65.57,0,0.2218,0.1703,2.6604,74.45,74.43,20.17
2190,243,5,25.42,88.27,25.31,73.79,25.5,65.66,0,0.2211,0.1696,2.6604,74.46,74.44,20.3
2191,243,6,25.85,86.88,25.28,75.18,25.46,65.76,0,0.2204,0.169,2.6604,74.47,74.44,20.57
2192,243,7,24.56,96.38,25.16,76.93,25.4,65.89,0,0.2198,0.1683,2.6604,74.48,74.45,20.83
2193,243,8,26.91,85.98,25.16,77.39,25.35,66.02,0,0.2191,0.1676,2.6604,74.48,74.46,20.93
2194,243,9,28.32,80.25,25.23,77.63,25.33,66.14,0,0.2184,0.167,2.6604,74.47,74.46,21.04
2195,243,10,29.12,79.27,25.55,77.87,25.37,66.27,0,0.2178,0.1663,2.6604,74.43,74.46,21.4
2196,243,11,30.01,78.96,25.75,77.92,25.45,66.4,0,0.2171,0.1656,2.6604,74.41,74.45,21.61
2197,243,12,30.37,73.6,26.06,77.88,25.57,66.53,0,0.2164,0.165,2.6604,74.37,74.43,21.9
2198,243,13,30.95,70.39,26.33,77.55,25.72,66.65,0,0.2158,0.1643,2.6604,74.35,74.41,22.09
2199,243,14,31.4,66.4,26.63,76.89,25.9,66.77,0,0.2151,0.1636,2.6604,74.32,74.39,22.24
2200,243,15,31.67,63.71,26.99,75.83,26.12,66.87,0,0.2144,0.163,2.6604,74.28,74.37,22.37
2201,243,16,31.53,61.84,27.25,74.7,26.35,66.96,0,0.2138,0.1623,2.6604,74.26,74.34,22.37
2202,243,17,31.16,66.91,27.43,74.3,26.56,67.04,0,0.2131,0.1616,2.6604,74.25,74.32,22.45
2203,243,18,29.14,69.65,27.39,73.98,26.73,67.11,0,0.2124,0.161,2.6604,74.25,74.31,22.34
2204,243,19,28.45,69.8,27.41,74.02,26.87,67.19,0,0.2118,0.1603,2.6604,74.25,74.3,22.36
2205,243,20,27.81,69.46,27.44,74.28,26.98,67.27,0,0.2111,0.1596,2.6604,74.25,74.29,22.46
2206,243,21,25.61,71.73,27.22,74.04,27.03,67.35,0,0.2104,0.159,2.6604,74.27,74.28,22.19
2207,243,22,24.78,75.54,26.9,73.81,27,67.42,0,0.2098,0.1583,2.6604,74.29,74.28,21.83
2208,243,23,23.68,75.96,26.6,73.92,26.92,67.49,0,0.2091,0.1576,2.6604,74.32,74.29,21.57
2209,244,0,22.44,76.39,26.16,74.07,26.77,67.56,0,0.2084,0.157,2.6604,74.36,74.3,21.18
2210,244,1,23.15,77.55,25.85,74.62,26.59,67.64,0,0.2078,0.1563,2.6604,74.4,74.32,21
2211,244,2,23.83,76,25.6,75.02,26.39,67.72,0,0.2071,0.1556,2.6604,74.43,74.34,20.84
2212,244,3,23.84,76.14,25.32,75.12,26.18,67.8,0,0.2064,0.155,2.6604,74.46,74.36,20.6
2213,244,4,24.74,80.59,25.19,74.92,25.98,67.88,0,0.2058,0.1543,2.6604,74.48,74.38,20.43
2214,244,5,25.95,81.22,25.12,75.07,25.81,67.96,0,0.2051,0.1536,2.6604,74.49,74.4,20.39
2215,244,6,28.83,78.13,25.33,74.98,25.71,68.04,0,0.2044,0.153,2.6604,74.46,74.41,20.57
2216,244,7,29.12,77.21,25.56,75.19,25.68,68.12,0,0.2038,0.1523,2.6604,74.43,74.42,20.85
2217,244,8,30.11,72.64,25.81,75.43,25.71,68.2,0,0.2031,0.1516,2.6604,74.4,74.41,21.13
2218,244,9,29.91,73.65,24.85,68.38,25.54,68.2,1,0.2024,0.151,2.6604,74.53,74.43,18.63
2219,244,10,31.25,71.2,24.44,63.96,25.32,68.16,1,0.2018,0.1503,2.6604,74.59,74.46,17.18
2220,244,11,30.27,78.65,24.28,61.09,25.11,68.08,1,0.2011,0.1496,2.6604,74.61,74.49,16.31
2221,244,12,30.35,77.32,24.06,58.56,24.9,67.97,1,0.2004,0.149,2.6604,74.65,74.52,15.44
2222,244,13,32.89,67.12,24.04,57.19,24.73,67.85,1,0.1998,0.1483,2.6604,74.65,74.54,15.05
2223,244,14,32.94,64.2,24.1,56.16,24.6,67.72,1,0.1991,0.1476,2.6604,74.64,74.56,14.82
2224,244,15,32.56,62.35,24.05,55.68,24.49,67.59,1,0.1984,0.147,2.6604,74.65,74.58,14.64
2225,244,16,31.63,62.43,24.02,55.75,24.4,67.46,1,0.1978,0.1463,2.6604,74.66,74.59,14.63
2226,244,17,30.3,67.37,24.42,57.38,24.4,67.35,0,0.1971,0.1456,2.6604,74.59,74.59,15.45
2227,244,18,31.6,70.77,24.88,58.07,24.5,67.24,0,0.1964,0.145,2.6604,74.52,74.58,16.07
2228,244,19,30.54,73.41,25.25,58.63,24.65,67.15,0,0.1958,0.1443,2.6604,74.47,74.56,16.57
2229,244,20,30.75,73.13,25.58,59.84,24.84,67.07,0,0.1951,0.1436,2.6604,74.43,74.53,17.2
2230,244,21,28.81,87.5,25.72,62.2,25.01,67.01,0,0.1944,0.1429,2.6604,74.41,74.5,17.94
2231,244,22,28.89,81.09,25.83,63.61,25.18,66.97,0,0.1938,0.1423,2.6604,74.4,74.48,18.41
2232,244,23,28.49,85.58,26.02,65.27,25.34,66.96,0,0.1931,0.1416,2.6604,74.38,74.46,19
2233,245,0,28.63,89.36,26.11,67.06,25.5,66.96,0,0.1924,0.1409,2.6604,74.37,74.44,19.52
2234,245,1,27.98,96.57,26.15,68.89,25.63,66.98,0,0.1918,0.1403,2.6604,74.36,74.42,19.99
2235,245,2,27.61,96.09,26.27,70.54,25.76,67.02,0,0.1911,0.1396,2.6604,74.35,74.41,20.49
2236,245,3,26.31,98,26.2,72.1,25.84,67.07,0,0.1904,0.1389,2.6604,74.36,74.4,20.78
2237,245,4,24.78,96.91,25.93,73.76,25.86,67.15,0,0.1898,0.1383,2.6604,74.39,74.4,20.89
2238,245,5,24.57,94.63,25.66,75.18,25.82,67.24,0,0.1891,0.1376,2.6604,74.42,74.4,20.93
2239,245,6,24.2,90.2,25.43,76.4,25.74,67.34,0,0.1884,0.1369,2.6604,74.45,74.41,20.97
2240,245,7,25.71,84.66,25.3,76.85,25.65,67.44,0,0.1878,0.1363,2.6604,74.46,74.42,20.95
2241,245,8,27.74,83.32,25.34,77.54,25.59,67.56,0,0.1871,0.1356,2.6604,74.46,74.43,21.13
2242,245,9,27.79,81.51,24.63,69.52,25.4,67.58,1,0.1864,0.1349,2.6604,74.56,74.45,18.69
2243,245,10,28.03,77.75,24.32,63.97,25.18,67.54,1,0.1858,0.1343,2.6604,74.61,74.48,17.07
2244,245,11,29.44,73.06,24.11,60.7,24.97,67.46,1,0.1851,0.1336,2.6604,74.64,74.51,16.04
2245,245,12,28.83,71.7,24.05,58.62,24.79,67.36,1,0.1844,0.1329,2.6604,74.65,74.54,15.45
2246,245,13,30.56,68.38,23.98,57.19,24.62,67.25,1,0.1837,0.1323,2.6604,74.66,74.56,14.99
2247,245,14,30.19,64.45,23.98,56.72,24.5,67.13,1,0.1831,0.1316,2.6604,74.66,74.58,14.87
2248,245,15,29.96,60.32,23.98,56.49,24.39,67.02,1,0.1824,0.1309,2.6604,74.66,74.6,14.8
2249,245,16,30.03,62,23.92,55.7,24.3,66.89,1,0.1817,0.1303,2.6604,74.67,74.61,14.53
2250,245,17,31.27,61.92,24.45,56.23,24.33,66.77,0,0.1811,0.1296,2.6604,74.59,74.61,15.17
2251,245,18,31.65,63.6,24.96,56.68,24.46,66.66,0,0.1804,0.1289,2.6604,74.51,74.59,15.77
2252,245,19,32.37,68.36,25.43,57.76,24.65,66.56,0,0.1797,0.1283,2.6604,74.45,74.56,16.5
2253,245,20,31.14,71.44,25.77,58.87,24.88,66.48,0,0.1791,0.1276,2.6604,74.41,74.52,17.12
2254,245,21,29.17,75.47,25.91,60.14,25.08,66.41,0,0.1784,0.1269,2.6604,74.39,74.49,17.59
2255,245,22,29.92,79.09,26.21,61.29,25.31,66.35,0,0.1777,0.1263,2.6604,74.36,74.46,18.17
2256,245,23,26.78,78.25,26.18,62.48,25.48,66.31,0,0.1771,0.1256,2.6604,74.36,74.44,18.45
2257,246,0,26.12,79.61,26.07,63.82,25.6,66.28,0,0.1764,0.1249,2.6604,74.37,74.43,18.69
2258,246,1,25.49,85.52,25.89,64.95,25.66,66.26,0,0.1757,0.1243,2.6604,74.39,74.42,18.8
2259,246,2,25.06,96.86,25.67,67.73,25.66,66.28,0,0.1751,0.1236,2.6604,74.42,74.42,19.26
2260,246,3,25.99,86.47,25.52,69.47,25.63,66.31,0,0.1744,0.1229,2.6604,74.44,74.42,19.52
2261,246,4,26.27,89.25,25.45,70.26,25.6,66.36,0,0.1737,0.1223,2.6604,74.44,74.43,19.64
2262,246,5,26.09,86.68,25.45,71.54,25.57,66.42,0,0.1731,0.1216,2.6604,74.44,74.43,19.93
2263,246,6,26.21,85.53,25.45,72.54,25.54,66.48,0,0.1724,0.1209,2.6604,74.45,74.43,20.15
2264,246,7,27.11,81.73,25.43,72.45,25.52,66.55,0,0.1717,0.1203,2.6604,74.45,74.44,20.11
2265,246,8,27.48,80.11,25.53,73.03,25.52,66.62,0,0.1711,0.1196,2.6604,74.43,74.44,20.34
2266,246,9,28.21,77.46,24.71,66.39,25.36,66.62,1,0.1704,0.1189,2.6604,74.55,74.46,18.03
2267,246,10,28.3,76.56,24.34,62.63,25.16,66.58,1,0.1697,0.1183,2.6604,74.6,74.48,16.75
2268,246,11,29.09,72.04,24.1,59.42,24.94,66.5,1,0.1691,0.1176,2.6604,74.64,74.51,15.7
2269,246,12,29.32,71.77,23.97,57.65,24.75,66.4,1,0.1684,0.1169,2.6604,74.66,74.54,15.11
2270,246,13,29.46,68.54,24.02,56.79,24.6,66.29,1,0.1677,0.1163,2.6604,74.66,74.56,14.92
2271,246,14,29.24,67.73,24.02,56,24.49,66.18,1,0.1671,0.1156,2.6604,74.66,74.58,14.7
2272,246,15,28.04,68.06,24.09,55.65,24.41,66.06,1,0.1664,0.1149,2.6604,74.64,74.59,14.67
2273,246,16,28.53,66.86,24,55.4,24.33,65.94,1,0.1657,0.1143,2.6604,74.66,74.61,14.52
2274,246,17,28.46,67.57,24.3,56.29,24.32,65.83,0,0.1651,0.1136,2.6604,74.61,74.61,15.05
2275,246,18,28.59,67.81,24.52,56.49,24.36,65.73,0,0.1644,0.1129,2.6604,74.58,74.6,15.3
2276,246,19,26.99,70.15,24.55,57.28,24.4,65.64,0,0.1637,0.1123,2.6604,74.57,74.59,15.54
2277,246,20,26.26,72.73,24.63,58.34,24.44,65.56,0,0.1631,0.1116,2.6604,74.56,74.59,15.91
2278,246,21,26.53,73.78,24.62,59.36,24.48,65.49,0,0.1624,0.1109,2.6604,74.56,74.58,16.17
2279,246,22,26.49,75.65,24.65,60.08,24.51,65.43,0,0.1617,0.1103,2.6604,74.55,74.58,16.39
2280,246,23,25.14,80.96,24.53,61.33,24.52,65.38,0,0.1611,0.1096,2.6604,74.57,74.58,16.6
2281,247,0,25.32,83.12,24.54,62.57,24.52,65.35,0,0.1604,0.1089,2.6604,74.57,74.58,16.92
2282,247,1,23.07,82.86,24.27,63.67,24.47,65.33,0,0.1597,0.1083,2.6604,74.62,74.58,16.94
2283,247,2,22.52,81.96,24.03,64.53,24.38,65.32,0,0.1591,0.1076,2.6604,74.65,74.6,16.93
2284,247,3,23.49,80.48,23.86,65.66,24.28,65.33,0,0.1584,0.1069,2.6604,74.68,74.61,17.04
2285,247,4,22.89,78.85,23.7,65.98,24.16,65.33,0,0.1577,0.1063,2.6604,74.71,74.63,16.97
2286,247,5,22.34,78.18,23.43,66.53,24.02,65.35,0,0.1571,0.1056,2.6604,74.76,74.66,16.84
2287,247,6,23.62,75.88,23.42,67.2,23.9,65.37,0,0.1564,0.1049,2.6604,74.76,74.68,16.99
2288,247,7,24.2,74.29,23.37,67.39,23.79,65.39,0,0.1557,0.1043,2.6604,74.77,74.7,16.98
2289,247,8,25.8,69.9,23.5,67.42,23.73,65.41,0,0.1551,0.1036,2.6604,74.75,74.71,17.12
2290,247,9,26.35,68.96,23.76,62.81,23.74,65.38,1,0.1544,0.1029,2.6604,74.7,74.71,16.25
2291,247,10,29.02,65.51,23.88,60.19,23.77,65.33,1,0.1537,0.1023,2.6604,74.68,74.7,15.69
2292,247,11,29.41,63.85,23.95,58.73,23.8,65.25,1,0.1531,0.1016,2.6604,74.67,74.69,15.38
2293,247,12,30.93,60.14,23.93,57.8,23.83,65.17,1,0.1524,0.1009,2.6604,74.67,74.69,15.11
2294,247,13,30.92,56.75,24,56.41,23.86,65.07,1,0.1517,0.1003,2.6604,74.66,74.68,14.8
2295,247,14,30.06,56.01,24.02,55.78,23.89,64.97,1,0.1511,0.0996,2.6604,74.66,74.68,14.64
2296,247,15,29.18,56.17,24.05,55.29,23.92,64.86,1,0.1504,0.0989,2.6604,74.65,74.67,14.53
2297,247,16,29.09,58.3,24.05,55.57,23.95,64.76,1,0.1497,0.0983,2.6604,74.65,74.67,14.61
2298,247,17,28.34,59.88,24.29,56.3,24.02,64.66,0,0.1491,0.0976,2.6604,74.61,74.66,15.04
2299,247,18,28.44,63.65,24.55,56.52,24.12,64.57,0,0.1484,0.0969,2.6604,74.57,74.64,15.34
2300,247,19,27.9,66.13,24.76,57.4,24.25,64.49,0,0.1477,0.0963,2.6604,74.54,74.62,15.78
2301,247,20,27.99,69.22,24.91,58.06,24.38,64.42,0,0.1471,0.0956,2.6604,74.52,74.6,16.1
2302,247,21,27.59,74.77,25.01,59.6,24.51,64.37,0,0.1464,0.0949,2.6604,74.5,74.58,16.6
2303,247,22,27.11,78.7,25.2,60.85,24.65,64.33,0,0.1457,0.0943,2.6604,74.48,74.56,17.11
2304,247,23,25.99,80.65,25.15,61.98,24.75,64.3,0,0.1451,0.0936,2.6604,74.48,74.54,17.35
2305,248,0,22.89,93.58,24.86,63.44,24.77,64.29,0,0.1444,0.0929,2.6604,74.52,74.54,17.45
2306,248,1,22.5,85.92,24.54,64.91,24.73,64.3,0,0.1437,0.0923,2.6604,74.57,74.54,17.51
2307,248,2,21.87,86.52,24.18,65.85,24.62,64.32,0,0.1431,0.0916,2.6604,74.63,74.56,17.39
2308,248,3,19.97,96.38,23.73,67.92,24.44,64.36,0,0.1424,0.0909,2.6604,74.71,74.59,17.46
2309,248,4,22.22,85.24,23.48,69.19,24.25,64.41,0,0.1417,0.0903,2.6604,74.75,74.62,17.51
2310,248,5,22.68,85.58,23.35,70.52,24.07,64.48,0,0.1411,0.0896,2.6604,74.78,74.65,17.69
2311,248,6,21.82,95.01,23,72.26,23.86,64.57,0,0.1404,0.0889,2.6604,74.85,74.68,17.74
2312,248,7,24.03,84.85,23.03,73.24,23.69,64.66,0,0.1397,0.0883,2.6604,74.84,74.71,17.98
2313,248,8,24.41,83.29,23.03,74.09,23.56,64.77,0,0.1391,0.0876,2.6604,74.84,74.74,18.16
2314,248,9,27.44,83.13,23.55,67.14,23.56,64.79,1,0.1384,0.0869,2.6604,74.74,74.74,17.1
2315,248,10,29.44,78.24,23.84,62.85,23.61,64.77,1,0.1377,0.0863,2.6604,74.69,74.73,16.33
2316,248,11,31.17,75.61,23.87,60.33,23.66,64.72,1,0.1371,0.0856,2.6604,74.68,74.72,15.73
2317,248,12,32.09,73.46,23.88,58.28,23.71,64.65,1,0.1364,0.0849,2.6604,74.68,74.71,15.19
2318,248,13,33.78,68.2,23.93,56.87,23.75,64.56,1,0.1357,0.0843,2.6604,74.67,74.7,14.86
2319,248,14,34.7,71.19,23.96,56.78,23.79,64.48,1,0.1351,0.0836,2.6604,74.67,74.7,14.86
2320,248,15,33.4,69.25,24,56.33,23.83,64.39,1,0.1344,0.0829,2.6604,74.66,74.69,14.77
2321,248,16,33.8,68.79,23.99,56.02,23.87,64.29,1,0.1337,0.0823,2.6604,74.66,74.68,14.68
2322,248,17,32.82,70.43,24.63,56.95,24.02,64.21,0,0.1331,0.0816,2.6604,74.56,74.66,15.53
2323,248,18,30.34,80,25,58.18,24.22,64.15,0,0.1324,0.0809,2.6604,74.5,74.62,16.22
2324,248,19,30.56,71.39,25.42,59.07,24.46,64.09,0,0.1317,0.0803,2.6604,74.45,74.59,16.84
2325,248,20,29.15,75.69,25.59,60.36,24.68,64.05,0,0.1311,0.0796,2.6604,74.43,74.55,17.35
2326,248,21,28.84,80.14,25.7,61.54,24.89,64.02,0,0.1304,0.0789,2.6604,74.41,74.52,17.76
2327,248,22,30.26,87.56,25.95,63.73,25.1,64.02,0,0.1297,0.0783,2.6604,74.39,74.49,18.55
2328,248,23,28.51,99,26.13,65.95,25.31,64.04,0,0.1291,0.0776,2.6604,74.37,74.46,19.27
2329,249,0,28.15,88.78,26.2,67.16,25.48,64.07,0,0.1284,0.0769,2.6604,74.36,74.44,19.63
2330,249,1,27.2,91.01,26.05,68.99,25.6,64.13,0,0.1277,0.0762,2.6604,74.37,74.43,19.92
2331,249,2,27.35,91.02,25.98,70.49,25.67,64.2,0,0.1271,0.0756,2.6604,74.38,74.42,20.2
2332,249,3,26.38,88.34,25.97,71.45,25.73,64.28,0,0.1264,0.0749,2.6604,74.38,74.41,20.41
2333,249,4,25.21,85.41,25.81,72.02,25.75,64.36,0,0.1257,0.0742,2.6604,74.4,74.41,20.38
2334,249,5,26.38,82.82,25.77,73.18,25.75,64.46,0,0.1251,0.0736,2.6604,74.41,74.41,20.61
2335,249,6,26.97,81.87,25.82,73.98,25.77,64.57,0,0.1244,0.0729,2.6604,74.4,74.41,20.83
2336,249,7,25.77,90.19,25.78,74.83,25.77,64.68,0,0.1237,0.0722,2.6604,74.41,74.41,20.97
2337,249,8,27.11,75.05,25.78,75.19,25.77,64.8,0,0.1231,0.0716,2.6604,74.4,74.41,21.06
2338,249,9,28.89,72.2,24.85,67.92,25.59,64.83,1,0.1224,0.0709,2.6604,74.53,74.43,18.52
2339,249,10,29.4,70.89,24.38,63.69,25.34,64.82,1,0.1217,0.0702,2.6604,74.6,74.46,17.05
2340,249,11,31.1,67.66,24.14,60.83,25.1,64.78,1,0.1211,0.0696,2.6604,74.64,74.49,16.11
2341,249,12,32.1,66.25,24.07,58.44,24.9,64.71,1,0.1204,0.0689,2.6604,74.65,74.52,15.41
2342,249,13,32.13,66.26,23.99,57.49,24.72,64.63,1,0.1197,0.0682,2.6604,74.66,74.55,15.08
2343,249,14,33.52,62.5,23.96,56.27,24.56,64.53,1,0.1191,0.0676,2.6604,74.67,74.57,14.72
2344,249,15,33.81,59.98,24.03,55.81,24.46,64.44,1,0.1184,0.0669,2.6604,74.66,74.59,14.66
2345,249,16,32.41,62.58,24.06,55.3,24.38,64.33,1,0.1177,0.0662,2.6604,74.65,74.6,14.54
2346,249,17,31.48,63.66,24.55,56.12,24.41,64.24,0,0.117,0.0656,2.6604,74.57,74.59,15.23
2347,249,18,30.78,66.18,25.06,56.84,24.54,64.16,0,0.1164,0.0649,2.6604,74.5,74.57,15.9
2348,249,19,30.05,74.89,25.41,58.14,24.71,64.09,0,0.1157,0.0642,2.6604,74.45,74.55,16.59
2349,249,20,29.84,67.92,25.71,58.94,24.91,64.04,0,0.115,0.0636,2.6604,74.41,74.52,17.08
2350,249,21,28.3,71.81,25.76,59.98,25.08,63.99,0,0.1144,0.0629,2.6604,74.41,74.49,17.4
2351,249,22,26.15,74.67,25.73,61.33,25.21,63.96,0,0.1137,0.0622,2.6604,74.41,74.48,17.73
2352,249,23,25.46,78.53,25.56,62.18,25.28,63.94,0,0.113,0.0616,2.6604,74.43,74.47,17.79
2353,250,0,24.29,81.93,25.34,63.5,25.29,63.94,0,0.1124,0.0609,2.6604,74.46,74.47,17.91
2354,250,1,25.25,86.1,25.23,64.95,25.28,63.95,0,0.1117,0.0602,2.6604,74.47,74.47,18.17
2355,250,2,24.72,87.7,25.05,66.47,25.23,63.98,0,0.111,0.0596,2.6604,74.5,74.47,18.37
2356,250,3,25.37,90.85,25,68.13,25.19,64.02,0,0.1104,0.0589,2.6604,74.51,74.48,18.71
2357,250,4,25.34,88.81,24.85,69.21,25.12,64.08,0,0.1097,0.0582,2.6604,74.53,74.49,18.83
2358,250,5,25.36,99,24.82,71.01,25.06,64.16,0,0.109,0.0576,2.6604,74.53,74.5,19.21
2359,250,6,26.73,84.68,24.88,71.83,25.02,64.24,0,0.1084,0.0569,2.6604,74.52,74.5,19.45
2360,250,7,26.73,83.23,24.95,72.15,25.01,64.33,0,0.1077,0.0562,2.6604,74.51,74.5,19.58
2361,250,8,26.87,80.15,25.03,73,25.01,64.43,0,0.107,0.0556,2.6604,74.5,74.5,19.85
2362,250,9,28.3,74.57,25.19,72.98,25.05,64.52,0,0.1064,0.0549,2.6604,74.48,74.5,20
2363,250,10,28.73,70.88,25.43,72.77,25.12,64.61,0,0.1057,0.0542,2.6604,74.45,74.49,20.18
2364,250,11,29,67.33,25.62,72.28,25.22,64.7,0,0.105,0.0536,2.6604,74.42,74.47,20.26
2365,250,12,30.49,64.11,25.89,71.9,25.36,64.78,0,0.1044,0.0529,2.6604,74.39,74.46,20.43
2366,250,13,31.06,63.86,26.27,71.71,25.54,64.86,0,0.1037,0.0522,2.6604,74.35,74.43,20.76
2367,250,14,30.9,64.42,26.5,71.98,25.73,64.94,0,0.103,0.0516,2.6604,74.33,74.41,21.04
2368,250,15,32.09,63.33,26.87,71.59,25.96,65.01,0,0.1024,0.0509,2.6604,74.29,74.38,21.31
2369,250,16,30.5,61.27,27.06,70.92,26.18,65.07,0,0.1017,0.0502,2.6604,74.28,74.36,21.34
2370,250,17,29.07,64.84,27.1,70.85,26.36,65.14,0,0.101,0.0496,2.6604,74.28,74.34,21.35
2371,250,18,26.88,62.28,26.94,70.58,26.48,65.2,0,0.1004,0.0489,2.6604,74.29,74.33,21.13
2372,250,19,25.07,65.91,26.73,70.25,26.53,65.26,0,0.0997,0.0482,2.6604,74.31,74.33,20.86
2373,250,20,23.19,68.57,26.29,69.81,26.48,65.31,0,0.099,0.0476,2.6604,74.35,74.33,20.34
2374,250,21,22.35,73.83,25.9,70.07,26.37,65.36,0,0.0984,0.0469,2.6604,74.39,74.34,20.03
2375,250,22,21.14,77.64,25.4,70.43,26.17,65.42,0,0.0977,0.0462,2.6604,74.45,74.36,19.63
2376,250,23,22.23,81.52,25.08,71.39,25.95,65.48,0,0.097,0.0456,2.6604,74.49,74.39,19.54
2377,251,0,19.96,93.76,24.65,73.15,25.69,65.57,0,0.0964,0.0449,2.6604,74.55,74.42,19.52
2378,251,1,21.02,86.67,24.29,74.28,25.41,65.66,0,0.0957,0.0442,2.6604,74.61,74.45,19.42
2379,251,2,19.86,86.28,23.82,74.63,25.1,65.76,0,0.095,0.0436,2.6604,74.69,74.49,19.04
2380,251,3,20.41,90.31,23.48,75.48,24.77,65.87,0,0.0944,0.0429,2.6604,74.75,74.54,18.89
2381,251,4,21.19,90.93,23.17,76.55,24.45,65.99,0,0.0937,0.0422,2.6604,74.81,74.59,18.82
2382,251,5,22,91.24,22.92,77.33,24.14,66.12,0,0.093,0.0416,2.6604,74.86,74.64,18.74
2383,251,6,23.89,92.37,22.88,78.02,23.89,66.25,0,0.0924,0.0409,2.6604,74.87,74.68,18.85
2384,251,7,24.08,99,22.95,79.8,23.7,66.4,0,0.0917,0.0402,2.6604,74.86,74.71,19.28
2385,251,8,26.47,88.68,23.13,80.75,23.59,66.56,0,0.0969,0.0396,2.6604,74.82,74.73,19.64
2386,251,9,26.63,83.99,23.64,71.9,23.6,66.62,1,0.0956,0.0389,2.6604,74.72,74.73,18.27
2387,251,10,27.21,82.79,23.86,66.13,23.65,66.61,1,0.0943,0.0382,2.6604,74.68,74.72,17.15
2388,251,11,27.96,81.29,23.92,61.78,23.71,66.56,1,0.0929,0.0376,2.6604,74.67,74.71,16.14
2389,251,12,28.91,76.79,24.02,59.42,23.77,66.48,1,0.0916,0.0369,2.6604,74.66,74.7,15.62
2390,251,13,28.64,74.29,24,57.89,23.81,66.38,1,0.0903,0.0362,2.6604,74.66,74.69,15.2
2391,251,14,28.25,71.95,23.96,56.81,23.84,66.28,1,0.0889,0.0356,2.6604,74.67,74.69,14.87
2392,251,15,28.16,73.4,24.07,56.48,23.89,66.17,1,0.0889,0.0349,2.6604,74.65,74.68,14.88
2393,251,16,26.5,68.44,24.05,55.95,23.92,66.06,1,0.0889,0.0342,2.6604,74.65,74.67,14.72
2394,251,17,26.33,72.49,24.11,56.94,23.96,65.95,0,0.0889,0.0336,2.6604,74.64,74.67,15.04
2395,251,18,24.96,70.82,24.08,58.06,23.98,65.87,0,0.0889,0.0329,2.6604,74.65,74.66,15.32
2396,251,19,24.89,71.46,24.07,58.54,24,65.78,0,0.0889,0.0322,2.6604,74.65,74.66,15.44
2397,251,20,23.26,75.21,23.96,59.6,23.99,65.72,0,0.0889,0.0316,2.6604,74.67,74.66,15.62
2398,251,21,23.6,75.91,23.86,60.88,23.97,65.66,0,0.0889,0.0309,2.6604,74.68,74.67,15.85
2399,251,22,23.16,77.99,23.73,61.92,23.92,65.62,0,0.0889,0.0302,2.6604,74.71,74.67,15.99
2400,251,23,23.57,78.85,23.58,62.79,23.85,65.59,0,0.0889,0.0296,2.6604,74.73,74.69,16.08
2401,252,0,23.62,82.35,23.36,64.81,23.75,65.58,0,0.0889,0.0289,2.6604,74.78,74.7,16.36
2402,252,1,25.19,85.37,23.52,66.44,23.71,65.59,0,0.0889,0.0282,2.6604,74.74,74.71,16.91
2403,252,2,24.94,87.83,23.51,67.63,23.67,65.61,0,0.0889,0.0276,2.6604,74.75,74.72,17.18
2404,252,3,25.1,85.1,23.55,68.74,23.64,65.65,0,0.0889,0.0269,2.6604,74.74,74.72,17.47
2405,252,4,25.41,82.37,23.66,70.38,23.65,65.7,0,0.0889,0.0262,2.6604,74.72,74.72,17.95
2406,252,5,25.27,80.67,23.68,70.9,23.65,65.76,0,0.0889,0.0256,2.6604,74.72,74.72,18.09
2407,252,6,25.86,75.98,23.83,71.7,23.69,65.82,0,0.0889,0.0249,2.6604,74.69,74.71,18.41
2408,252,7,26.91,76.52,23.97,72.16,23.75,65.89,0,0.0889,0.0242,2.6604,74.66,74.7,18.65
2409,252,8,27.71,73.3,24.17,71.97,23.83,65.96,0,0.0889,0.0236,2.6604,74.63,74.69,18.8
2410,252,9,27.31,74.89,24.09,66.04,23.88,65.96,1,0.0883,0.0229,2.6604,74.64,74.68,17.36
2411,252,10,27.69,69.86,24.07,62.22,23.92,65.92,1,0.0876,0.0222,2.6604,74.65,74.67,16.39
2412,252,11,29.02,69.15,24.11,59.67,23.96,65.85,1,0.0869,0.0216,2.6604,74.64,74.67,15.78
2413,252,12,29.58,68.83,24.05,57.82,23.98,65.76,1,0.0863,0.0209,2.6604,74.65,74.66,15.22
2414,252,13,29.6,70.78,24.1,57.46,24,65.67,1,0.0856,0.0202,2.6604,74.64,74.66,15.18
2415,252,14,29.31,81.9,24.13,57.11,24.03,65.58,1,0.0849,0.0196,2.6604,74.64,74.66,15.11
2416,252,15,28.69,72.02,24.08,56.78,24.04,65.48,1,0.0843,0.0189,2.6604,74.65,74.65,14.98
2417,252,16,28.62,71.77,24.07,56.36,24.04,65.38,1,0.0836,0.0182,2.6604,74.65,74.65,14.85
2418,252,17,28.6,73.23,24.31,57.63,24.1,65.29,0,0.0829,0.0176,2.6604,74.61,74.64,15.42
2419,252,18,28.11,73.94,24.58,58.65,24.19,65.22,0,0.0823,0.0169,2.6604,74.57,74.63,15.95
2420,252,19,28.66,72.49,24.87,60.05,24.33,65.16,0,0.0816,0.0162,2.6604,74.52,74.61,16.59
2421,252,20,26.63,74.12,24.92,60.76,24.45,65.11,0,0.0809,0.0156,2.6604,74.52,74.59,16.82
2422,252,21,25.15,76.1,24.87,62.32,24.53,65.08,0,0.0803,0.0149,2.6604,74.52,74.57,17.17
2423,252,22,23.92,81.59,24.72,63.26,24.57,65.06,0,0.0796,0.0142,2.6604,74.54,74.57,17.27
2424,252,23,23,80.51,24.42,64.32,24.54,65.05,0,0.0789,0.0136,2.6604,74.59,74.57,17.24
2425,253,0,22.26,84.27,24.28,65.57,24.49,65.06,0,0.0783,0.0129,2.6604,74.61,74.58,17.41
2426,253,1,22.6,86.71,24.1,67.32,24.41,65.08,0,0.0776,0.0122,2.6604,74.64,74.59,17.67
2427,253,2,21.43,91.81,23.84,69.43,24.3,65.13,0,0.0769,0.0116,2.6604,74.69,74.61,17.91
2428,253,3,21.59,91.28,23.52,71.01,24.14,65.2,0,0.0763,0.0109,2.6604,74.75,74.64,17.96
2429,253,4,22.04,90.17,23.21,72.78,23.96,65.28,0,0.0756,0.0102,2.6604,74.8,74.67,18.06
2430,253,5,21.82,90.61,22.99,73.97,23.76,65.38,0,0.0749,0.0095,2.6604,74.85,74.7,18.1
2431,253,6,23.14,88.83,22.8,74.68,23.57,65.48,0,0.0743,0.0089,2.6604,74.89,74.74,18.07
2432,253,7,25.21,84.42,22.92,76.2,23.44,65.6,0,0.0736,0.0082,2.6604,74.86,74.76,18.51
2433,253,8,25.63,85.39,23.07,77.01,23.37,65.73,0,0.0729,0.0075,2.6604,74.83,74.77,18.82
2434,253,9,26.9,84.67,23.57,69.14,23.41,65.76,1,0.0723,0.0069,2.6604,74.74,74.77,17.59
2435,253,10,27.6,79.58,23.79,64.84,23.48,65.75,1,0.0716,0.0062,2.6604,74.7,74.75,16.78
2436,253,11,27.26,83.71,23.95,61.32,23.58,65.7,1,0.0709,0.0055,2.6604,74.67,74.73,16.05
2437,253,12,29.34,76.54,23.95,59.39,23.65,65.63,1,0.0703,0.0049,2.6604,74.67,74.72,15.56
2438,253,13,30.38,74.93,23.95,58.07,23.71,65.55,1,0.0696,0.0042,2.6604,74.67,74.71,15.21
2439,253,14,29.6,72.48,24.05,57.14,23.78,65.46,1,0.0689,0.0035,2.6604,74.65,74.7,15.05
2440,253,15,27.35,69.2,24.09,55.94,23.84,65.35,1,0.0683,0.0029,2.6604,74.65,74.69,14.75
2441,253,16,27.29,73.4,24.01,56.01,23.87,65.25,1,0.0676,0.0022,2.6604,74.66,74.68,14.69
2442,253,17,28.43,63.93,24.31,56.75,23.96,65.15,0,0.0669,0.0015,2.6604,74.61,74.67,15.18
2443,253,18,26.82,64.24,24.35,58.08,24.04,65.07,0,0.0663,9e-04,2.6604,74.6,74.65,15.57
2444,253,19,26.21,63.92,24.45,58.82,24.12,65,0,0.0656,2e-04,2.6604,74.59,74.64,15.87
2445,253,20,26.56,65.86,24.57,59.44,24.21,64.94,0,0.0649,0,2.6604,74.57,74.62,16.14
2446,253,21,26.7,67.87,24.64,60.18,24.3,64.89,0,0.0643,0,2.6604,74.56,74.61,16.41
2447,253,22,26,69.35,24.63,60.95,24.36,64.85,0,0.0636,0,2.6604,74.56,74.6,16.6
2448,253,23,25.45,71.9,24.61,61.84,24.41,64.81,0,0.0629,0,2.6604,74.56,74.59,16.8
2449,254,0,24.77,76.14,24.48,62.85,24.43,64.79,0,0.0623,0,2.6604,74.58,74.59,16.94
2450,254,1,24.07,74.69,24.36,63.93,24.41,64.78,0,0.0616,0,2.6604,74.6,74.59,17.09
2451,254,2,23.52,72.96,24.27,64.47,24.38,64.78,0,0.0609,0,2.6604,74.62,74.6,17.14
2452,254,3,23.76,72.43,24.18,64.98,24.34,64.78,0,0.0603,0,2.6604,74.63,74.6,17.18
2453,254,4,22.88,71.09,24.03,65.4,24.28,64.79,0,0.0596,0,2.6604,74.65,74.61,17.15
2454,254,5,23.38,69.36,23.82,65.28,24.19,64.79,0,0.0589,0,2.6604,74.69,74.63,16.91
2455,254,6,25.22,68.18,23.76,65.63,24.1,64.8,0,0.0583,0,2.6604,74.7,74.64,16.94
2456,254,7,26.13,65.65,23.8,65.71,24.04,64.81,0,0.0576,0,2.6604,74.7,74.65,17
2457,254,8,26.66,64.79,23.84,65.54,24,64.82,0,0.0569,0,2.6604,74.69,74.66,17
2458,254,9,28.04,63.3,23.98,62.01,24,64.79,1,0.0563,0,2.6604,74.66,74.66,16.25
2459,254,10,28.09,65.73,24.01,59.58,24,64.73,1,0.0556,0,2.6604,74.66,74.66,15.66
2460,254,11,28.48,65.53,23.99,57.7,24,64.65,1,0.0549,0,2.6604,74.66,74.66,15.14
2461,254,12,30.4,64.34,24.05,57.21,24.01,64.57,1,0.0543,0,2.6604,74.65,74.66,15.06
2462,254,13,29.97,61.38,24.09,56.38,24.03,64.48,1,0.0536,0,2.6604,74.64,74.66,14.88
2463,254,14,31.49,60.73,24.1,56.01,24.04,64.38,1,0.0529,0,2.6604,74.64,74.65,14.78
2464,254,15,30.94,60.67,24.03,55.77,24.04,64.29,1,0.0523,0,2.6604,74.65,74.65,14.65
2465,254,16,32.02,58.75,23.99,55.55,24.03,64.19,1,0.0516,0,2.6604,74.66,74.65,14.55
2466,254,17,32.02,62,24.59,56.13,24.14,64.1,0,0.0509,0,2.6604,74.57,74.64,15.27
2467,254,18,32.21,65.71,25.09,56.97,24.33,64.02,0,0.0503,0,2.6604,74.49,74.61,15.96
2468,254,19,31.02,68.89,25.48,57.84,24.56,63.95,0,0.0496,0,2.6604,74.44,74.57,16.57
2469,254,20,28.61,69.86,25.62,59.23,24.77,63.9,0,0.0489,0,2.6604,74.42,74.54,17.07
2470,254,21,29.4,77.49,25.79,60.16,24.97,63.86,0,0.0483,0,2.6604,74.4,74.51,17.48
2471,254,22,29.54,78.56,25.99,60.9,25.18,63.83,0,0.0476,0,2.6604,74.38,74.48,17.86
2472,254,23,26.48,82.57,25.96,62.52,25.33,63.81,0,0.0469,0,2.6604,74.38,74.46,18.26
2473,255,0,24.35,82.13,25.68,63.69,25.4,63.81,0,0.0463,0,2.6604,74.42,74.45,18.29
2474,255,1,22.96,94.8,25.36,65.89,25.4,63.83,0,0.0456,0,2.6604,74.46,74.45,18.52
2475,255,2,25.52,86.5,25.37,67.44,25.39,63.87,0,0.0449,0,2.6604,74.46,74.45,18.9
2476,255,3,26.25,86.38,25.32,69.32,25.38,63.94,0,0.0443,0,2.6604,74.46,74.45,19.3
2477,255,4,25.1,83.86,25.22,70.29,25.34,64.01,0,0.0436,0,2.6604,74.47,74.46,19.42
2478,255,5,25.86,81.7,25.19,71.34,25.31,64.09,0,0.0429,0,2.6604,74.48,74.46,19.63
2479,255,6,27.41,84.21,25.28,72.04,25.31,64.18,0,0.0423,0,2.6604,74.47,74.46,19.88
2480,255,7,26.62,81.57,25.32,72.41,25.31,64.27,0,0.0416,0,2.6604,74.46,74.46,20
2481,255,8,26.83,76.08,25.4,72.24,25.33,64.36,0,0.0409,0,2.6604,74.45,74.46,20.04
2482,255,9,27.68,74.79,24.59,66.28,25.18,64.38,1,0.0403,0,2.6604,74.56,74.48,17.88
2483,255,10,30.01,72.64,24.29,62.48,25,64.36,1,0.0396,0,2.6604,74.61,74.5,16.66
2484,255,11,30.59,73.08,24.1,59.76,24.82,64.3,1,0.0389,0,2.6604,74.64,74.53,15.79
2485,255,12,31.79,76.45,24.11,58.11,24.68,64.24,1,0.0383,0,2.6604,74.64,74.55,15.36
2486,255,13,31.27,74.57,23.99,57.14,24.54,64.16,1,0.0376,0,2.6604,74.66,74.57,14.99
2487,255,14,31.02,72.93,23.99,56.58,24.43,64.07,1,0.0369,0,2.6604,74.66,74.59,14.84
2488,255,15,32.12,76.98,24.05,55.57,24.36,63.98,1,0.0363,0,2.6604,74.65,74.6,14.61
2489,255,16,32.03,79.6,23.95,55.72,24.27,63.89,1,0.0356,0,2.6604,74.67,74.61,14.56
2490,255,17,30.29,86.58,24.3,57.71,24.28,63.82,0,0.0349,0,2.6604,74.61,74.61,15.43
2491,255,18,30.61,80.11,24.75,59.58,24.38,63.77,0,0.0343,0,2.6604,74.54,74.6,16.36
2492,255,19,29.17,82.66,25,61.17,24.5,63.74,0,0.0336,0,2.6604,74.51,74.58,17
2493,255,20,28.05,86.62,25.17,62.62,24.63,63.73,0,0.0329,0,2.6604,74.48,74.56,17.54
2494,255,21,27.61,89.33,25.32,64.13,24.77,63.73,0,0.0323,0,2.6604,74.46,74.54,18.05
2495,255,22,28.27,92.41,25.44,65.77,24.9,63.76,0,0.0316,0,2.6604,74.45,74.52,18.57
2496,255,23,28.31,92.53,25.49,67.2,25.02,63.79,0,0.0309,0,2.6604,74.44,74.5,18.96
2497,256,0,27.57,93.93,25.54,68.87,25.12,63.85,0,0.0303,0,2.6604,74.43,74.49,19.4
2498,256,1,27.19,93.25,25.58,70.35,25.22,63.92,0,0.0296,0,2.6604,74.43,74.48,19.78
2499,256,2,26.24,96.11,25.55,72.25,25.28,64.02,0,0.0289,0,2.6604,74.43,74.47,20.18
2500,256,3,26.9,96.14,25.58,74.23,25.34,64.13,0,0.0283,0,2.6604,74.43,74.46,20.65
2501,256,4,27.69,96.46,25.62,75.79,25.4,64.26,0,0.0276,0,2.6604,74.42,74.45,21.03
2502,256,5,27.84,91.98,25.71,76.8,25.46,64.4,0,0.0269,0,2.6604,74.41,74.44,21.33
2503,256,6,27.61,91.78,25.71,77.91,25.51,64.55,0,0.0263,0,2.6604,74.41,74.44,21.57
2504,256,7,28.41,85.02,25.79,78.27,25.57,64.7,0,0.0256,0,2.6604,74.4,74.43,21.72
2505,256,8,29.35,85.06,25.99,78.61,25.65,64.86,0,0.0249,0,2.6604,74.38,74.42,21.98
2506,256,9,29.15,93.03,24.8,70.21,25.48,64.92,1,0.0243,0,2.6604,74.53,74.44,19
2507,256,10,31.66,78.25,24.29,64.59,25.24,64.91,1,0.0236,0,2.6604,74.61,74.47,17.2
2508,256,11,34.43,74.67,24.12,60.95,25.02,64.87,1,0.0229,0,2.6604,74.64,74.5,16.12
2509,256,12,35.57,72.03,24.09,58.17,24.83,64.79,1,0.0222,0,2.6604,74.64,74.53,15.36
2510,256,13,35.38,70.57,24.07,57.06,24.68,64.71,1,0.0216,0,2.6604,74.65,74.55,15.04
2511,256,14,35.9,70.68,24.03,56.42,24.55,64.61,1,0.0209,0,2.6604,74.65,74.57,14.83
2512,256,15,35.98,71.04,24,55.83,24.44,64.52,1,0.0202,0,2.6604,74.66,74.59,14.64
2513,256,16,35.73,67.02,23.99,55.18,24.35,64.41,1,0.0196,0,2.6604,74.66,74.6,14.45
2514,256,17,35.6,67.15,24.83,56.15,24.45,64.32,0,0.0189,0,2.6604,74.53,74.59,15.5
2515,256,18,35.25,73.91,25.58,57.15,24.67,64.24,0,0.0182,0,2.6604,74.43,74.55,16.48
2516,256,19,33.24,76.73,26.14,58.3,24.97,64.18,0,0.0176,0,2.6604,74.36,74.51,17.31
2517,256,20,31.31,79.99,26.53,60.03,25.28,64.13,0,0.0169,0,2.6604,74.33,74.47,18.14
2518,256,21,27.4,81.32,26.47,61.43,25.52,64.1,0,0.0162,0,2.6604,74.33,74.44,18.45
2519,256,22,24.49,92.43,26.18,64,25.65,64.1,0,0.0156,0,2.6604,74.36,74.42,18.83
2520,256,23,25.7,85.54,26.09,66.2,25.74,64.12,0,0.0149,0,2.6604,74.37,74.41,19.29
2521,257,0,23.15,95.81,25.78,68.26,25.75,64.17,0,0.0142,0,2.6604,74.4,74.41,19.49
2522,257,1,24.73,88.13,25.69,69.49,25.73,64.23,0,0.0136,0,2.6604,74.42,74.41,19.69
2523,257,2,23.57,89.24,25.48,70.67,25.68,64.3,0,0.0129,0,2.6604,74.44,74.42,19.76
2524,257,3,23.74,92.6,25.21,71.72,25.59,64.38,0,0.0122,0,2.6604,74.48,74.43,19.74
2525,257,4,23.81,93.15,25.01,73.39,25.47,64.48,0,0.0116,0,2.6604,74.5,74.44,19.92
2526,257,5,25.16,94.22,24.95,74.54,25.37,64.59,0,0.0109,0,2.6604,74.51,74.46,20.11
2527,257,6,26.13,96.9,24.88,75.78,25.27,64.72,0,0.0102,0,2.6604,74.52,74.47,20.32
2528,257,7,26.32,99,24.89,77.15,25.19,64.86,0,0.0096,0,2.6604,74.52,74.48,20.61
2529,257,8,29.74,87.08,25.18,77.51,25.19,65,0,0.0089,0,2.6604,74.48,74.48,20.97
2530,257,9,30.66,87.2,25.54,77.98,25.26,65.14,0,0.0082,0,2.6604,74.43,74.47,21.41
2531,257,10,32.91,84.25,26.11,78.15,25.43,65.29,0,0.0076,0,2.6604,74.37,74.45,22.01
2532,257,11,32.32,81.94,26.57,78.41,25.66,65.43,0,0.0069,0,2.6604,74.32,74.42,22.5
2533,257,12,32.65,78.26,27.03,78.61,25.93,65.58,0,0.0062,0,2.6604,74.28,74.39,22.99
2534,257,13,32.85,77.3,27.41,78.53,26.23,65.72,0,0.0056,0,2.6604,74.25,74.36,23.35
2535,257,14,31.25,75.68,27.59,78.56,26.5,65.86,0,0.0049,0,2.6604,74.24,74.33,23.52
2536,257,15,31.11,75.44,27.71,78.82,26.74,66.01,0,0.0042,0,2.6604,74.23,74.31,23.7
2537,257,16,31,69.94,27.97,78.98,26.99,66.15,0,0.0036,0,2.6604,74.22,74.29,23.98
2538,257,17,29.74,80.81,28.06,79.09,27.2,66.3,0,0.0029,0,2.6604,74.21,74.27,24.09
2539,257,18,29.5,73,28.03,79.15,27.37,66.44,0,0.0022,0,2.6604,74.22,74.26,24.07
2540,257,19,28.76,77.41,27.93,79,27.48,66.58,0,0.0016,0,2.6604,74.22,74.25,23.95
2541,257,20,29.55,77.12,27.96,79.34,27.58,66.72,0,9e-04,0,2.6604,74.22,74.24,24.05
2542,257,21,27.73,81.65,27.8,79.25,27.62,66.86,0,2e-04,0,2.6604,74.23,74.24,23.88
2543,257,22,27.02,80.23,27.66,79.33,27.63,67,0,0,0,2.6604,74.24,74.24,23.75
2544,257,23,26.11,80.43,27.42,78.85,27.59,67.13,0,0,0,2.6604,74.25,74.24,23.42
2545,258,0,25.34,82.64,27.11,79.78,27.49,67.27,0,0,0,2.6604,74.28,74.25,23.32
2546,258,1,25.1,85.86,26.87,80.61,27.37,67.42,0,0.006,0,2.6604,74.29,74.26,23.26
2547,258,2,26.26,88.5,26.71,81.07,27.24,67.57,0,0.0133,0,2.6604,74.31,74.27,23.2
2548,258,3,25.42,99,26.52,82.01,27.09,67.73,0,0.0232,0,2.6604,74.33,74.28,23.19
2549,258,4,25.81,91.08,26.31,82.49,26.94,67.89,0,0.0342,0,2.6604,74.35,74.29,23.09
2550,258,5,27.22,90.5,26.26,83.08,26.8,68.06,0,0.0467,0,2.6604,74.35,74.3,23.16
2551,258,6,27.29,90.83,26.26,83,26.69,68.23,0,0.059,0,2.6604,74.35,74.31,23.14
2552,258,7,30.41,88.13,26.51,83.46,26.66,68.4,0,0.0726,0,2.6604,74.33,74.31,23.48
2553,258,8,31.18,85.83,26.8,83.07,26.69,68.56,0,0.0852,0,2.6604,74.3,74.31,23.69
2554,258,9,31.36,84.38,25.28,73.62,26.4,68.62,1,0.0839,0,2.6604,74.47,74.34,20.23
2555,258,10,31.86,77.61,24.54,66.56,26.03,68.59,1,0.0826,0,2.6604,74.57,74.38,17.91
2556,258,11,32.99,75.19,24.27,62.22,25.68,68.52,1,0.0812,0,2.6604,74.61,74.42,16.58
2557,258,12,32.8,71.37,24.2,59.71,25.38,68.43,1,0.0799,0,2.6604,74.63,74.45,15.87
2558,258,13,33.13,70.45,24.09,57.65,25.12,68.31,1,0.0786,0,2.6604,74.64,74.49,15.22
2559,258,14,33.81,71.21,24.07,56.87,24.91,68.18,1,0.0772,0,2.6604,74.65,74.52,14.98
2560,258,15,34.37,72.17,24.13,56.46,24.76,68.05,1,0.0772,0,2.6604,74.64,74.54,14.94
2561,258,16,33.41,74.44,24.06,56.06,24.62,67.92,1,0.0772,0,2.6604,74.65,74.56,14.76
2562,258,17,34.15,73.71,24.74,57.55,24.64,67.8,0,0.0772,0,2.6604,74.54,74.56,15.8
2563,258,18,34.27,74.69,25.46,58.7,24.81,67.7,0,0.0772,0,2.6604,74.44,74.53,16.79
2564,258,19,33.33,79.11,25.97,60.34,25.04,67.62,0,0.0772,0,2.6604,74.38,74.5,17.69
2565,258,20,30.61,79.78,26.15,61.43,25.26,67.55,0,0.0772,0,2.6604,74.36,74.47,18.16
2566,258,21,30.11,83.34,26.37,63,25.48,67.5,0,0.0772,0,2.6604,74.34,74.44,18.76
2567,258,22,29.98,84.38,26.62,64.89,25.71,67.47,0,0.0772,0,2.6604,74.32,74.41,19.47
2568,258,23,28.86,88.11,26.72,66.5,25.91,67.46,0,0.0772,0,2.6604,74.31,74.39,19.96
2569,259,0,27.12,92.17,26.72,68.5,26.07,67.47,0,0.0772,0,2.6604,74.31,74.37,20.44
2570,259,1,24.82,99,26.55,70.56,26.17,67.5,0,0.0772,0,2.6604,74.32,74.36,20.76
2571,259,2,24.53,95.25,26.32,71.75,26.2,67.55,0,0.0772,0,2.6604,74.35,74.36,20.81
2572,259,3,23.17,99,26.07,72.91,26.17,67.61,0,0.0772,0,2.6604,74.37,74.36,20.83
2573,259,4,25.03,90.83,25.91,74.24,26.12,67.68,0,0.0772,0,2.6604,74.39,74.37,20.97
2574,259,5,24.26,93.61,25.69,75.4,26.03,67.77,0,0.0772,0,2.6604,74.42,74.38,21.01
2575,259,6,24.76,91.91,25.54,76.63,25.93,67.87,0,0.0772,0,2.6604,74.43,74.39,21.13
2576,259,7,25.35,90.3,25.39,77.7,25.83,67.98,0,0.0772,0,2.6604,74.45,74.4,21.21
2577,259,8,25.79,86.99,25.33,78.56,25.73,68.1,0,0.0772,0,2.6604,74.46,74.41,21.33
2578,259,9,27.22,81.72,24.55,71,25.49,68.13,1,0.0766,0,2.6604,74.57,74.44,18.95
2579,259,10,27.64,78.06,24.25,65.42,25.24,68.1,1,0.0759,0,2.6604,74.62,74.47,17.35
2580,259,11,29.23,76.74,24.18,62.11,25.03,68.03,1,0.0752,0,2.6604,74.63,74.5,16.47
2581,259,12,29.17,73.95,24.07,59.33,24.84,67.93,1,0.0746,0,2.6604,74.65,74.53,15.65
2582,259,13,30.85,70.74,24.07,57.46,24.68,67.82,1,0.0739,0,2.6604,74.65,74.55,15.15
2583,259,14,31.16,68.03,24.01,56.52,24.55,67.69,1,0.0732,0,2.6604,74.66,74.57,14.83
2584,259,15,30.99,67.67,24,56.18,24.44,67.57,1,0.0726,0,2.6604,74.66,74.59,14.74
2585,259,16,30.56,67.37,24.07,55.72,24.36,67.43,1,0.0719,0,2.6604,74.65,74.6,14.67
2586,259,17,30.08,67.84,24.35,56.66,24.36,67.31,0,0.0712,0,2.6604,74.6,74.6,15.19
2587,259,18,30.3,67.7,24.68,57.29,24.42,67.2,0,0.0706,0,2.6604,74.55,74.59,15.67
2588,259,19,29.56,67.37,24.96,58.16,24.53,67.1,0,0.0699,0,2.6604,74.51,74.57,16.17
2589,259,20,27.96,66.84,25.05,59.23,24.64,67.01,0,0.0692,0,2.6604,74.5,74.56,16.54
2590,259,21,28.18,71.18,25.23,60.09,24.75,66.94,0,0.0686,0,2.6604,74.47,74.54,16.94
2591,259,22,26.19,72.83,25.13,60.93,24.83,66.87,0,0.0679,0,2.6604,74.49,74.53,17.06
2592,259,23,24.1,76.23,25.04,61.8,24.87,66.81,0,0.0672,0,2.6604,74.5,74.52,17.2
2593,260,0,22.32,78.89,24.75,62.9,24.85,66.77,0,0.0666,0,2.6604,74.54,74.53,17.21
2594,260,1,22.64,79.22,24.55,64,24.79,66.74,0,0.0659,0,2.6604,74.57,74.54,17.29
2595,260,2,21.93,81.62,24.23,65.33,24.68,66.72,0,0.0652,0,2.6604,74.62,74.55,17.31
2596,260,3,22.41,84.88,24.06,66.61,24.55,66.72,0,0.0646,0,2.6604,74.65,74.57,17.46
2597,260,4,22.59,84.45,23.86,67.44,24.41,66.73,0,0.0639,0,2.6604,74.68,74.59,17.47
2598,260,5,22.51,84.34,23.63,68.43,24.26,66.75,0,0.0632,0,2.6604,74.72,74.62,17.48
2599,260,6,23.19,82.9,23.44,69.23,24.09,66.78,0,0.0626,0,2.6604,74.76,74.64,17.48
2600,260,7,23.32,81.67,23.39,69.74,23.95,66.81,0,0.0619,0,2.6604,74.77,74.67,17.55
2601,260,8,23.95,79.24,23.32,70.55,23.83,66.85,0,0.0612,0,2.6604,74.78,74.69,17.66
2602,260,9,25.12,74.47,23.65,65.32,23.79,66.83,1,0.0606,0,2.6604,74.72,74.7,16.76
2603,260,10,27.61,72.88,23.82,61.97,23.8,66.78,1,0.0599,0,2.6604,74.69,74.69,16.09
2604,260,11,27.87,80.92,23.93,59.89,23.82,66.7,1,0.0592,0,2.6604,74.67,74.69,15.66
2605,260,12,30.45,72.32,24,58.49,23.86,66.61,1,0.0586,0,2.6604,74.66,74.68,15.36
2606,260,13,31.23,71.78,23.96,57.64,23.88,66.51,1,0.0579,0,2.6604,74.67,74.68,15.1
2607,260,14,31.16,71.14,23.99,56.71,23.9,66.4,1,0.0572,0,2.6604,74.66,74.68,14.87
2608,260,15,31.82,72.12,23.95,56.37,23.91,66.29,1,0.0566,0,2.6604,74.67,74.68,14.74
2609,260,16,30.93,73.2,24.02,55.51,23.93,66.17,1,0.0559,0,2.6604,74.66,74.67,14.56
2610,260,17,32.21,77.02,24.65,56.68,24.08,66.07,0,0.0552,0,2.6604,74.56,74.65,15.48
2611,260,18,30.71,76.35,25,57.83,24.26,65.98,0,0.0546,0,2.6604,74.5,74.62,16.12
2612,260,19,29.19,78.86,25.19,59.6,24.45,65.91,0,0.0539,0,2.6604,74.48,74.59,16.77
2613,260,20,27.93,81.91,25.29,61.03,24.62,65.85,0,0.0532,0,2.6604,74.47,74.56,17.23
2614,260,21,25.61,89.12,25.26,62.73,24.74,65.82,0,0.0526,0,2.6604,74.47,74.54,17.65
2615,260,22,26.5,83.23,25.27,63.52,24.85,65.79,0,0.0519,0,2.6604,74.47,74.53,17.86
2616,260,23,24.9,86.46,25.18,65.24,24.92,65.78,0,0.0512,0,2.6604,74.48,74.52,18.2
2617,261,0,22.2,95.04,24.77,66.89,24.89,65.8,0,0.0506,0,2.6604,74.54,74.52,18.21
2618,261,1,21.3,95.8,24.4,68.84,24.79,65.83,0,0.0499,0,2.6604,74.59,74.53,18.31
2619,261,2,22.27,88.46,24.18,70.07,24.67,65.88,0,0.0492,0,2.6604,74.63,74.55,18.38
2620,261,3,22.42,87.33,23.98,71.07,24.53,65.94,0,0.0486,0,2.6604,74.66,74.57,18.41
2621,261,4,23.56,92.81,23.92,72.46,24.41,66.01,0,0.0479,0,2.6604,74.67,74.59,18.67
2622,261,5,24.08,89.69,23.75,73.13,24.28,66.09,0,0.0472,0,2.6604,74.7,74.61,18.65
2623,261,6,26.12,87.65,23.83,73.77,24.19,66.17,0,0.0466,0,2.6604,74.69,74.63,18.86
2624,261,7,25.75,83.36,23.79,74.48,24.11,66.26,0,0.0459,0,2.6604,74.7,74.64,18.98
2625,261,8,26.41,81.43,23.9,75.31,24.06,66.37,0,0.0452,0,2.6604,74.68,74.65,19.26
2626,261,9,29.63,75.93,23.86,67.99,24.02,66.38,1,0.0446,0,2.6604,74.68,74.66,17.59
2627,261,10,29.79,71.52,23.95,63.37,24.01,66.35,1,0.0439,0,2.6604,74.67,74.66,16.57
2628,261,11,30.73,71.43,24.06,59.84,24.02,66.28,1,0.0432,0,2.6604,74.65,74.66,15.78
2629,261,12,31.35,65.35,24.08,58.48,24.03,66.19,1,0.0426,0,2.6604,74.65,74.65,15.43
2630,261,13,32.75,66.09,24.04,57.78,24.03,66.1,1,0.0419,0,2.6604,74.65,74.65,15.21
2631,261,14,33.47,66.01,24.04,56.44,24.03,65.99,1,0.0412,0,2.6604,74.65,74.65,14.85
2632,261,15,33.57,63.43,24.05,55.55,24.04,65.87,1,0.0406,0,2.6604,74.65,74.65,14.61
2633,261,16,32.98,61.64,24.02,54.87,24.03,65.75,1,0.0399,0,2.6604,74.66,74.65,14.38
2634,261,17,31.3,60.32,24.56,56.02,24.14,65.64,0,0.0392,0,2.6604,74.57,74.64,15.21
2635,261,18,32.07,62.23,25.09,56.13,24.33,65.54,0,0.0386,0,2.6604,74.49,74.61,15.74
2636,261,19,31.42,66.83,25.44,57.25,24.55,65.45,0,0.0379,0,2.6604,74.45,74.57,16.37
2637,261,20,30.88,74.79,25.83,58.71,24.81,65.37,0,0.0372,0,2.6604,74.4,74.53,17.13
2638,261,21,30.05,80.81,25.97,60.64,25.04,65.32,0,0.0366,0,2.6604,74.38,74.5,17.78
2639,261,22,27.94,86.57,26.01,62.46,25.23,65.29,0,0.0359,0,2.6604,74.38,74.47,18.28
2640,261,23,25.53,84.92,25.98,63.6,25.38,65.27,0,0.0352,0,2.6604,74.38,74.45,18.54
2641,262,0,25.48,88.35,25.85,65.26,25.48,65.27,0,0.0346,0,2.6604,74.4,74.44,18.83
2642,262,1,24.83,90.73,25.76,67.04,25.53,65.29,0,0.0339,0,2.6604,74.41,74.43,19.18
2643,262,2,24.28,91.73,25.55,68.85,25.54,65.33,0,0.0332,0,2.6604,74.43,74.43,19.41
2644,262,3,23.4,93.35,25.26,70.96,25.48,65.39,0,0.0326,0,2.6604,74.47,74.44,19.62
2645,262,4,23.57,92.48,24.95,72.49,25.38,65.47,0,0.0319,0,2.6604,74.51,74.45,19.67
2646,262,5,24.18,95.34,24.76,74.76,25.25,65.57,0,0.0312,0,2.6604,74.54,74.47,19.98
2647,262,6,24.8,90.86,24.75,76.02,25.15,65.69,0,0.0306,0,2.6604,74.54,74.48,20.24
2648,262,7,25.87,86.82,24.76,77.33,25.08,65.82,0,0.0299,0,2.6604,74.54,74.49,20.53
2649,262,8,25.7,82.14,24.78,77.96,25.02,65.95,0,0.0292,0,2.6604,74.54,74.5,20.67
2650,262,9,26.91,76.08,24.37,69.66,24.89,65.99,1,0.0286,0,2.6604,74.6,74.52,18.46
2651,262,10,27.92,74.21,24.09,64.47,24.73,65.98,1,0.0279,0,2.6604,74.64,74.54,16.98
2652,262,11,29.12,72.43,24.07,61.18,24.6,65.92,1,0.0272,0,2.6604,74.65,74.56,16.13
2653,262,12,28.77,70.89,24,59.04,24.48,65.85,1,0.0265,0,2.6604,74.66,74.58,15.51
2654,262,13,29.12,67.01,23.99,56.87,24.38,65.75,1,0.0259,0,2.6604,74.66,74.6,14.91
2655,262,14,30.02,67.72,23.95,56.61,24.29,65.65,1,0.0252,0,2.6604,74.67,74.61,14.81
2656,262,15,31.5,66.95,24.08,55.84,24.25,65.54,1,0.0245,0,2.6604,74.65,74.62,14.72
2657,262,16,32.18,64.44,24.09,56.2,24.22,65.43,1,0.0239,0,2.6604,74.65,74.62,14.82
2658,262,17,32.42,67.19,24.74,57.17,24.32,65.34,0,0.0232,0,2.6604,74.54,74.61,15.7
2659,262,18,30.78,66.59,25.12,58.22,24.48,65.26,0,0.0225,0,2.6604,74.49,74.58,16.33
2660,262,19,30.58,71.65,25.44,58.89,24.67,65.19,0,0.0219,0,2.6604,74.45,74.55,16.81
2661,262,20,30.38,76.73,25.72,60.07,24.88,65.13,0,0.0212,0,2.6604,74.41,74.52,17.39
2662,262,21,29.5,75.1,26,61.71,25.11,65.1,0,0.0205,0,2.6604,74.38,74.49,18.08
2663,262,22,26.91,77.7,26.08,63.38,25.3,65.08,0,0.0199,0,2.6604,74.37,74.46,18.58
2664,262,23,26.53,82.32,25.96,64.64,25.43,65.07,0,0.0192,0,2.6604,74.38,74.45,18.79
2665,263,0,24,83.44,25.7,65.91,25.49,65.08,0,0.0185,0,2.6604,74.41,74.44,18.85
2666,263,1,22.89,85.64,25.39,67.52,25.47,65.11,0,0.0179,0,2.6604,74.45,74.44,18.94
2667,263,2,22.52,89.03,25.01,69.17,25.38,65.15,0,0.0172,0,2.6604,74.5,74.45,18.97
2668,263,3,21.87,87.13,24.76,70.8,25.25,65.22,0,0.0165,0,2.6604,74.54,74.47,19.1
2669,263,4,22.21,86.98,24.54,72.28,25.11,65.3,0,0.0159,0,2.6604,74.57,74.49,19.22
2670,263,5,22.38,89.57,24.27,73.29,24.94,65.38,0,0.0152,0,2.6604,74.61,74.51,19.18
2671,263,6,22.35,86.46,23.98,74.27,24.75,65.48,0,0.0145,0,2.6604,74.66,74.54,19.12
2672,263,7,24.5,81.1,23.99,74.7,24.6,65.59,0,0.0139,0,2.6604,74.66,74.56,19.22
2673,263,8,26.77,80.62,24,75.54,24.48,65.7,0,0.0132,0,2.6604,74.66,74.58,19.41
2674,263,9,28.1,78.2,24,68.54,24.38,65.73,1,0.0125,0,2.6604,74.66,74.6,17.86
2675,263,10,28.86,76.71,23.92,64.17,24.29,65.71,1,0.0119,0,2.6604,74.67,74.61,16.74
2676,263,11,28.82,73.46,24,60.97,24.23,65.66,1,0.0112,0,2.6604,74.66,74.62,16.01
2677,263,12,29.7,75.03,24.01,58.61,24.19,65.58,1,0.0105,0,2.6604,74.66,74.63,15.4
2678,263,13,30.92,74.3,24.05,57.23,24.16,65.49,1,0.0099,0,2.6604,74.65,74.63,15.07
2679,263,14,31.54,85.73,24.05,56.31,24.14,65.38,1,0.0092,0,2.6604,74.65,74.64,14.81
2680,263,15,34.03,71.82,24.05,55.78,24.12,65.28,1,0.0085,0,2.6604,74.65,74.64,14.67
2681,263,16,33.6,68.37,24.05,55.15,24.1,65.16,1,0.0079,0,2.6604,74.65,74.64,14.49
2682,263,17,32.83,70.42,24.73,56.63,24.23,65.07,0,0.0072,0,2.6604,74.54,74.62,15.54
2683,263,18,32.12,75.23,25.26,57.36,24.44,64.98,0,0.0065,0,2.6604,74.47,74.59,16.23
2684,263,19,31.9,74.75,25.64,58.42,24.68,64.91,0,0.0059,0,2.6604,74.42,74.55,16.88
2685,263,20,29.4,77.95,25.86,60.03,24.91,64.86,0,0.0052,0,2.6604,74.4,74.52,17.51
2686,263,21,28.55,78.42,26.04,61.16,25.14,64.82,0,0.0045,0,2.6604,74.38,74.49,17.98
2687,263,22,28.38,82.35,26.2,62.54,25.35,64.79,0,0.0039,0,2.6604,74.36,74.46,18.48
2688,263,23,28.11,82.16,26.26,64.01,25.53,64.78,0,0.0032,0,2.6604,74.35,74.43,18.91
2689,264,0,26.63,84.24,26.18,65,25.66,64.78,0,0.0025,0,2.6604,74.36,74.42,19.09
2690,264,1,25.42,84.91,26.08,65.8,25.75,64.8,0,0.0019,0,2.6604,74.37,74.41,19.19
2691,264,2,24.62,87.71,25.96,67.41,25.79,64.82,0,0.0012,0,2.6604,74.38,74.4,19.46
2692,264,3,23.14,87.6,25.61,68.93,25.76,64.87,0,5e-04,0,2.6604,74.42,74.41,19.49
2693,264,4,24.18,88.41,25.32,70.09,25.67,64.93,0,0,0,2.6604,74.46,74.42,19.48
2694,264,5,23.82,89.82,25.13,71.42,25.56,65,0,0,0,2.6604,74.49,74.43,19.6
2695,264,6,24.32,89.64,24.94,73.12,25.44,65.09,0,0,0,2.6604,74.51,74.45,19.79
2696,264,7,24.52,89.93,24.84,74.78,25.32,65.2,0,0,0,2.6604,74.53,74.46,20.06
2697,264,8,25.31,87.41,24.75,75.42,25.2,65.31,0,0,0,2.6604,74.54,74.48,20.11
2698,264,9,24.95,97.02,24.66,76.71,25.1,65.44,0,0,0,2.6604,74.55,74.49,20.29
2699,264,10,27.9,80.61,24.8,77.12,25.04,65.57,0,0,0,2.6604,74.53,74.5,20.52
2700,264,11,28.96,79.34,24.99,77.49,25.03,65.7,0,0,0,2.6604,74.51,74.5,20.78
2701,264,12,28.11,77.94,25.07,77.85,25.04,65.84,0,0,0,2.6604,74.5,74.5,20.93
2702,264,13,29.74,74.34,25.25,77.84,25.08,65.97,0,0,0,2.6604,74.47,74.49,21.1
2703,264,14,30.37,70.51,25.52,77.37,25.17,66.1,0,0,0,2.6604,74.44,74.48,21.27
2704,264,15,29.87,67.73,25.77,76.79,25.29,66.21,0,0,0,2.6604,74.41,74.47,21.39
2705,264,16,28.69,68.17,25.92,77.04,25.41,66.34,0,0,0,2.6604,74.39,74.45,21.59
2706,264,17,30.31,70.95,26.13,76.61,25.56,66.45,0,0,0,2.6604,74.37,74.43,21.69
2707,264,18,30.6,71.77,26.43,76.51,25.73,66.56,0,0,0,2.6604,74.34,74.41,21.96
2708,264,19,30.09,76.66,26.56,76.23,25.9,66.67,0,0,0,2.6604,74.32,74.39,22.03
2709,264,20,28.08,78.44,26.58,76.55,26.03,66.78,0,0,0,2.6604,74.32,74.38,22.12
2710,264,21,26.78,82.67,26.53,77.26,26.13,66.89,0,0,0,2.6604,74.33,74.37,22.22
2711,264,22,25.51,87.24,26.37,77.7,26.18,67.01,0,0,0,2.6604,74.34,74.36,22.16
2712,264,23,24.14,88.16,25.99,78.24,26.14,67.14,0,0,0,2.6604,74.38,74.36,21.91
2713,265,0,23.09,90.19,25.69,79.42,26.05,67.28,0,0,0,2.6604,74.42,74.37,21.86
2714,265,1,24.3,96.07,25.41,80.67,25.92,67.42,0,0.006,0,2.6604,74.45,74.39,21.84
2715,265,2,22.89,92.37,25.1,81.76,25.76,67.58,0,0.0148,0,2.6604,74.49,74.41,21.76
2716,265,3,23.96,92.53,24.95,82.41,25.6,67.75,0,0.0252,0,2.6604,74.51,74.43,21.75
2717,265,4,26.12,91.31,24.92,83.2,25.46,67.92,0,0.0377,0,2.6604,74.52,74.44,21.88
2718,265,5,26.99,90.42,24.96,83.31,25.36,68.09,0,0.0504,0,2.6604,74.51,74.46,21.93
2719,265,6,27.82,87.81,25.09,84.42,25.31,68.27,0,0.0662,0,2.6604,74.49,74.46,22.27
2720,265,7,27.28,84.05,25.12,83.96,25.27,68.45,0,0.0807,0,2.6604,74.49,74.47,22.22
2721,265,8,27.4,80.84,25.22,83.39,25.26,68.61,0,0.0936,0,2.6604,74.47,74.47,22.21
2722,265,9,28.28,79.02,24.52,73.6,25.11,68.67,1,0.0923,0,2.6604,74.58,74.49,19.49
2723,265,10,29.2,75.96,24.23,67.17,24.93,68.65,1,0.0909,0,2.6604,74.62,74.51,17.75
2724,265,11,28.65,74.66,24.06,62.25,24.76,68.58,1,0.0896,0,2.6604,74.65,74.54,16.39
2725,265,12,30.53,73.29,24,60.13,24.61,68.49,1,0.0883,0,2.6604,74.66,74.56,15.79
2726,265,13,31.48,69.82,23.95,58.06,24.48,68.37,1,0.0869,0,2.6604,74.67,74.58,15.2
2727,265,14,33.27,67.07,23.99,57.27,24.38,68.25,1,0.0856,0,2.6604,74.66,74.6,15.02
2728,265,15,31.78,64.42,23.98,55.75,24.3,68.11,1,0.0856,0,2.6604,74.66,74.61,14.59
2729,265,16,32.34,63.5,23.95,55.43,24.23,67.97,1,0.0856,0,2.6604,74.67,74.62,14.48
2730,265,17,33.48,63.13,24.57,55.82,24.3,67.83,0,0.0856,0,2.6604,74.57,74.61,15.16
2731,265,18,31.07,65.99,24.95,56.72,24.43,67.71,0,0.0856,0,2.6604,74.51,74.59,15.77
2732,265,19,27.91,78.44,25.16,58.28,24.57,67.6,0,0.0856,0,2.6604,74.48,74.57,16.39
2733,265,20,28.57,66.83,25.41,59.3,24.74,67.51,0,0.0856,0,2.6604,74.45,74.54,16.9
2734,265,21,28.06,74.01,25.59,60.09,24.91,67.43,0,0.0856,0,2.6604,74.43,74.52,17.27
2735,265,22,27.55,77.78,25.69,61.03,25.07,67.36,0,0.0856,0,2.6604,74.42,74.5,17.62
2736,265,23,28.98,80.35,25.93,62.39,25.24,67.3,0,0.0856,0,2.6604,74.39,74.47,18.19
2737,266,0,28.02,78.98,25.95,63.65,25.38,67.26,0,0.0856,0,2.6604,74.39,74.45,18.53
2738,266,1,28.87,78.55,26.12,64.71,25.53,67.23,0,0.0856,0,2.6604,74.37,74.44,18.95
2739,266,2,25.16,89.91,25.98,66.1,25.62,67.22,0,0.0856,0,2.6604,74.38,74.42,19.16
2740,266,3,24.39,86.31,25.85,67.43,25.66,67.22,0,0.0856,0,2.6604,74.4,74.42,19.36
2741,266,4,24.84,86.74,25.64,68.23,25.66,67.24,0,0.0856,0,2.6604,74.42,74.42,19.35
2742,266,5,26.47,87.94,25.6,69.61,25.65,67.26,0,0.0856,0,2.6604,74.43,74.42,19.63
2743,266,6,28.7,83.71,25.71,71.45,25.66,67.31,0,0.0856,0,2.6604,74.41,74.42,20.16
2744,266,7,28.29,85.86,25.89,72.88,25.71,67.37,0,0.0856,0,2.6604,74.39,74.41,20.65
2745,266,8,29.29,79.71,26.02,73.58,25.77,67.44,0,0.0856,0,2.6604,74.38,74.41,20.93
2746,266,9,29.29,74.43,24.92,67.23,25.6,67.44,1,0.0849,0,2.6604,74.52,74.43,18.43
2747,266,10,30.18,72.54,24.39,63.31,25.36,67.39,1,0.0843,0,2.6604,74.6,74.46,16.97
2748,266,11,32.19,70.15,24.18,60.91,25.12,67.32,1,0.0836,0,2.6604,74.63,74.49,16.17
2749,266,12,32.39,67.09,24.03,58.96,24.9,67.23,1,0.0829,0,2.6604,74.65,74.52,15.51
2750,266,13,32.2,62.4,23.96,58.22,24.72,67.13,1,0.0823,0,2.6604,74.67,74.55,15.26
2751,266,14,31.82,60.2,23.94,57.12,24.56,67.02,1,0.0816,0,2.6604,74.67,74.57,14.93
2752,266,15,31.44,60.69,24.06,56.36,24.46,66.9,1,0.0809,0,2.6604,74.65,74.58,14.84
2753,266,16,32.08,63.24,24.07,55.81,24.38,66.77,1,0.0803,0,2.6604,74.65,74.6,14.7
2754,266,17,31.78,66.74,24.55,55.95,24.42,66.65,0,0.0796,0,2.6604,74.57,74.59,15.18
2755,266,18,31.08,65.89,24.93,56.2,24.52,66.54,0,0.0789,0,2.6604,74.51,74.58,15.61
2756,266,19,29.3,76.85,25.23,57.31,24.66,66.43,0,0.0783,0,2.6604,74.47,74.55,16.19
2757,266,20,30.76,74.09,25.62,58.67,24.85,66.35,0,0.0776,0,2.6604,74.42,74.53,16.93
2758,266,21,30.18,77.25,25.87,59.73,25.06,66.27,0,0.0769,0,2.6604,74.39,74.5,17.44
2759,266,22,29.51,79.09,26.06,61.28,25.26,66.22,0,0.0763,0,2.6604,74.37,74.47,18.02
2760,266,23,27.2,88.19,26.03,63.47,25.41,66.19,0,0.0756,0,2.6604,74.38,74.45,18.57
2761,267,0,28.75,79.61,26.12,64.52,25.55,66.17,0,0.0749,0,2.6604,74.37,74.43,18.91
2762,267,1,27.69,84.8,26.18,66.58,25.68,66.17,0,0.0743,0,2.6604,74.36,74.42,19.47
2763,267,2,26.19,87.54,26.06,67.81,25.76,66.19,0,0.0736,0,2.6604,74.37,74.41,19.65
2764,267,3,24.5,84.95,25.81,67.95,25.77,66.21,0,0.0729,0,2.6604,74.4,74.41,19.44
2765,267,4,24.1,86.3,25.63,69.4,25.74,66.25,0,0.0723,0,2.6604,74.42,74.41,19.61
2766,267,5,23.15,83.71,25.45,70.48,25.68,66.3,0,0.0716,0,2.6604,74.44,74.42,19.69
2767,267,6,22.09,84.02,25.01,71.28,25.55,66.35,0,0.0709,0,2.6604,74.5,74.43,19.45
2768,267,7,23.88,81.48,24.85,71.96,25.41,66.41,0,0.0703,0,2.6604,74.53,74.45,19.45
2769,267,8,24.07,76.32,24.63,72.27,25.25,66.48,0,0.0696,0,2.6604,74.56,74.47,19.31
2770,267,9,25.29,71.34,24.24,66.18,25.05,66.47,1,0.0689,0,2.6604,74.62,74.5,17.53
2771,267,10,25.93,70.37,24.06,62.52,24.85,66.43,1,0.0683,0,2.6604,74.65,74.53,16.46
2772,267,11,26.48,66.73,23.98,60.39,24.68,66.36,1,0.0676,0,2.6604,74.66,74.55,15.84
2773,267,12,26.66,66.18,24,58.53,24.54,66.28,1,0.0669,0,2.6604,74.66,74.57,15.37
2774,267,13,28.17,63.4,23.96,57.21,24.43,66.18,1,0.0663,0,2.6604,74.67,74.59,14.98
2775,267,14,29.23,58.65,24.04,56.64,24.35,66.07,1,0.0656,0,2.6604,74.65,74.6,14.9
2776,267,15,28.11,61.97,23.95,55.98,24.27,65.96,1,0.0649,0,2.6604,74.67,74.61,14.63
2777,267,16,27.45,61.02,23.9,55.8,24.2,65.84,1,0.0643,0,2.6604,74.68,74.63,14.54
2778,267,17,27.16,62.54,24.05,56.16,24.17,65.74,0,0.0636,0,2.6604,74.65,74.63,14.78
2779,267,18,27.7,62.35,24.24,57.12,24.18,65.64,0,0.0629,0,2.6604,74.62,74.63,15.21
2780,267,19,27.1,66.61,24.34,57.39,24.21,65.55,0,0.0623,0,2.6604,74.6,74.62,15.38
2781,267,20,26.65,65.35,24.35,57.68,24.24,65.46,0,0.0616,0,2.6604,74.6,74.62,15.47
2782,267,21,24.45,71.33,24.22,58.08,24.24,65.38,0,0.0609,0,2.6604,74.62,74.62,15.45
2783,267,22,22.9,79.12,23.97,59.43,24.18,65.31,0,0.0603,0,2.6604,74.67,74.63,15.58
2784,267,23,20.25,90.13,23.65,61.66,24.08,65.27,0,0.0596,0,2.6604,74.72,74.65,15.86
2785,268,0,21.59,83.47,23.37,62.65,23.93,65.24,0,0.0589,0,2.6604,74.77,74.67,15.84
2786,268,1,20.57,83.55,22.95,64.29,23.74,65.23,0,0.0583,0,2.6604,74.86,74.71,15.85
2787,268,2,20.19,90.46,22.56,65.94,23.5,65.24,0,0.0576,0,2.6604,74.94,74.75,15.88
2788,268,3,20.47,92.22,22.31,67.91,23.26,65.27,0,0.0569,0,2.6604,74.99,74.79,16.1
2789,268,4,19.41,90.08,22.02,69.29,23.02,65.32,0,0.0563,0,2.6604,75.06,74.84,16.14
2790,268,5,21.22,89.35,21.87,70.64,22.79,65.38,0,0.0556,0,2.6604,75.1,74.89,16.3
2791,268,6,21.06,86.82,21.71,71.95,22.57,65.45,0,0.0549,0,2.6604,75.14,74.94,16.43
2792,268,7,21.81,84.4,21.61,72.8,22.38,65.53,0,0.0543,0,2.6604,75.16,74.98,16.52
2793,268,8,23.68,82.87,21.65,73.8,22.23,65.62,0,0.0536,0,2.6604,75.15,75.01,16.77
2794,268,9,24.65,80.77,23.05,66.68,22.4,65.63,1,0.0529,0,2.6604,74.84,74.98,16.51
2795,268,10,27.03,75.65,23.68,62.44,22.65,65.6,1,0.0523,0,2.6604,74.72,74.92,16.08
2796,268,11,29.39,76.63,23.85,58.97,22.89,65.52,1,0.0516,0,2.6604,74.69,74.87,15.34
2797,268,12,28.94,71.75,23.89,57.81,23.09,65.44,1,0.0509,0,2.6604,74.68,74.83,15.08
2798,268,13,31.44,69.02,24.03,56.84,23.28,65.34,1,0.0503,0,2.6604,74.65,74.79,14.94
2799,268,14,32.01,67.35,24.07,56.46,23.44,65.24,1,0.0496,0,2.6604,74.65,74.76,14.87
2800,268,15,33.13,66.13,24.05,56.13,23.56,65.14,1,0.0489,0,2.6604,74.65,74.74,14.76
2801,268,16,32.57,68.14,23.95,55.58,23.64,65.04,1,0.0483,0,2.6604,74.67,74.72,14.52
2802,268,17,31.76,71.15,24.54,56.66,23.82,64.94,0,0.0476,0,2.6604,74.57,74.69,15.37
2803,268,18,30.76,72.44,24.96,58.4,24.04,64.87,0,0.0469,0,2.6604,74.51,74.65,16.23
2804,268,19,30.21,75.77,25.25,59.63,24.29,64.81,0,0.0463,0,2.6604,74.47,74.61,16.84
2805,268,20,29.46,75.83,25.53,60.85,24.54,64.77,0,0.0456,0,2.6604,74.43,74.57,17.42
2806,268,21,29.32,75.98,25.74,61.6,24.78,64.73,0,0.0449,0,2.6604,74.41,74.54,17.81
2807,268,22,28.22,84.96,25.96,64.08,25.01,64.73,0,0.0443,0,2.6604,74.38,74.5,18.64
2808,268,23,28.9,78.74,26.17,64.88,25.24,64.73,0,0.0436,0,2.6604,74.36,74.47,19.05
2809,269,0,27.85,80.73,26.21,65.94,25.44,64.74,0,0.0429,0,2.6604,74.36,74.45,19.34
2810,269,1,27.2,81.83,26.17,66.72,25.58,64.76,0,0.0423,0,2.6604,74.36,74.43,19.5
2811,269,2,27.19,84.19,26.14,67.92,25.7,64.8,0,0.0416,0,2.6604,74.36,74.41,19.75
2812,269,3,26.83,87.01,26.1,69.61,25.78,64.85,0,0.0409,0,2.6604,74.37,74.41,20.11
2813,269,4,27.68,88.56,26.15,70.74,25.85,64.92,0,0.0403,0,2.6604,74.36,74.4,20.42
2814,269,5,25.59,94.67,26.06,71.98,25.89,65,0,0.0396,0,2.6604,74.37,74.39,20.62
2815,269,6,26.95,81.78,25.99,72.8,25.91,65.08,0,0.0389,0,2.6604,74.38,74.39,20.73
2816,269,7,28.27,81.84,26.14,73.62,25.96,65.18,0,0.0383,0,2.6604,74.37,74.38,21.06
2817,269,8,30.69,79.85,26.43,73.88,26.05,65.27,0,0.0376,0,2.6604,74.34,74.37,21.4
2818,269,9,30.68,78.67,25.09,67.14,25.86,65.3,1,0.0369,0,2.6604,74.49,74.4,18.56
2819,269,10,30.5,76.43,24.47,62.58,25.58,65.27,1,0.0363,0,2.6604,74.58,74.43,16.87
2820,269,11,31.33,78.07,24.29,59.7,25.32,65.2,1,0.0356,0,2.6604,74.61,74.46,15.95
2821,269,12,32.69,76.64,24.07,57.96,25.07,65.12,1,0.0349,0,2.6604,74.65,74.49,15.28
2822,269,13,33.8,72.86,23.99,57.22,24.86,65.03,1,0.0343,0,2.6604,74.66,74.53,15
2823,269,14,33.81,68.73,24.06,56.65,24.7,64.94,1,0.0336,0,2.6604,74.65,74.55,14.92
2824,269,15,34.62,68.14,23.98,56.23,24.55,64.84,1,0.0329,0,2.6604,74.66,74.57,14.73
2825,269,16,34.43,67.9,23.88,55.51,24.42,64.74,1,0.0323,0,2.6604,74.68,74.59,14.43
2826,269,17,34.77,70.13,24.66,57.01,24.47,64.66,0,0.0316,0,2.6604,74.55,74.58,15.58
2827,269,18,33.49,73.36,25.3,58.34,24.63,64.59,0,0.0309,0,2.6604,74.46,74.56,16.54
2828,269,19,31.99,78.06,25.75,59.31,24.86,64.53,0,0.0303,0,2.6604,74.41,74.53,17.21
2829,269,20,30.66,81.09,26.01,60.67,25.09,64.48,0,0.0296,0,2.6604,74.38,74.49,17.82
2830,269,21,29.39,83.66,26.31,61.92,25.33,64.46,0,0.0289,0,2.6604,74.35,74.46,18.43
2831,269,22,27.32,87.1,26.16,63.41,25.5,64.44,0,0.0283,0,2.6604,74.36,74.44,18.66
2832,269,23,26.58,92.07,26.05,65.31,25.61,64.45,0,0.0276,0,2.6604,74.37,74.43,19.04
2833,270,0,23.53,90.33,25.62,67.23,25.61,64.48,0,0.0269,0,2.6604,74.42,74.43,19.09
2834,270,1,23.72,92.1,25.44,68.84,25.58,64.53,0,0.0263,0,2.6604,74.45,74.43,19.3
2835,270,2,23.78,94.48,25.16,70.19,25.49,64.6,0,0.0256,0,2.6604,74.48,74.44,19.34
2836,270,3,22.98,91.86,24.85,71.36,25.36,64.67,0,0.0249,0,2.6604,74.53,74.46,19.31
2837,270,4,23.6,92.78,24.76,73.04,25.24,64.76,0,0.0243,0,2.6604,74.54,74.47,19.6
2838,270,5,23.73,90.16,24.58,74.04,25.11,64.87,0,0.0236,0,2.6604,74.57,74.49,19.64
2839,270,6,25.91,93.37,24.58,75.57,25,64.99,0,0.0229,0,2.6604,74.57,74.5,19.98
2840,270,7,26.63,89.95,24.66,76.3,24.94,65.11,0,0.0223,0,2.6604,74.55,74.51,20.21
2841,270,8,28.1,87,24.85,76.92,24.92,65.24,0,0.0216,0,2.6604,74.53,74.52,20.53
2842,270,9,29.97,82.06,24.38,69.3,24.81,65.29,1,0.0209,0,2.6604,74.6,74.53,18.39
2843,270,10,30.87,80.25,24.24,64.09,24.7,65.27,1,0.0202,0,2.6604,74.62,74.55,17.02
2844,270,11,31.34,78.41,24.17,60.92,24.59,65.23,1,0.0196,0,2.6604,74.63,74.56,16.16
2845,270,12,30.86,73.46,24.14,58.77,24.5,65.15,1,0.0189,0,2.6604,74.64,74.58,15.56
2846,270,13,31.11,70.07,24.04,57.59,24.41,65.07,1,0.0182,0,2.6604,74.65,74.59,15.16
2847,270,14,32.23,64.62,23.93,56.82,24.31,64.98,1,0.0176,0,2.6604,74.67,74.61,14.84
2848,270,15,32.01,65.09,23.98,56.17,24.25,64.88,1,0.0169,0,2.6604,74.66,74.62,14.71
2849,270,16,31.59,69.29,24.08,55.53,24.21,64.78,1,0.0162,0,2.6604,74.65,74.62,14.63
2850,270,17,32.2,71.69,24.67,57,24.3,64.69,0,0.0156,0,2.6604,74.55,74.61,15.59
2851,270,18,32.87,66.42,25.2,57.62,24.48,64.61,0,0.0149,0,2.6604,74.48,74.58,16.25
2852,270,19,31.28,69.34,25.59,57.77,24.7,64.54,0,0.0142,0,2.6604,74.43,74.55,16.65
2853,270,20,31.01,72.61,25.91,58.79,24.95,64.47,0,0.0136,0,2.6604,74.39,74.51,17.23
2854,270,21,29.65,72.85,26.14,59.71,25.19,64.42,0,0.0129,0,2.6604,74.36,74.48,17.69
2855,270,22,29.15,73.57,26.26,60.4,25.4,64.37,0,0.0122,0,2.6604,74.35,74.45,17.99
2856,270,23,28.56,76.5,26.28,61.31,25.58,64.34,0,0.0116,0,2.6604,74.35,74.43,18.24
2857,271,0,27.22,77.01,26.23,62.55,25.71,64.32,0,0.0109,0,2.6604,74.36,74.41,18.52
2858,271,1,25.35,79.24,26.05,63.51,25.78,64.31,0,0.0102,0,2.6604,74.37,74.41,18.59
2859,271,2,25.57,79.59,25.89,64.48,25.8,64.31,0,0.0096,0,2.6604,74.39,74.4,18.68
2860,271,3,25.6,82.98,25.77,66.15,25.79,64.33,0,0.0089,0,2.6604,74.41,74.4,18.98
2861,271,4,25.28,82.15,25.63,67.08,25.76,64.36,0,0.0082,0,2.6604,74.42,74.41,19.07
2862,271,5,24.43,81.63,25.41,68.63,25.69,64.41,0,0.0076,0,2.6604,74.45,74.42,19.22
2863,271,6,25.78,75.78,25.34,69,25.62,64.46,0,0.0069,0,2.6604,74.46,74.42,19.24
2864,271,7,25.65,72,25.36,69.54,25.57,64.52,0,0.0062,0,2.6604,74.46,74.43,19.38
2865,271,8,27.01,70.42,25.44,69.65,25.54,64.58,0,0.0056,0,2.6604,74.45,74.43,19.49
2866,271,9,27.96,68.86,25.54,69.6,25.54,64.63,0,0.0049,0,2.6604,74.43,74.43,19.57
2867,271,10,28.22,67.55,25.68,69.83,25.57,64.69,0,0.0042,0,2.6604,74.42,74.43,19.76
2868,271,11,28.27,74.72,25.76,70.35,25.61,64.75,0,0.0036,0,2.6604,74.41,74.43,19.95
2869,271,12,30.07,66.75,25.96,70.48,25.68,64.82,0,0.0029,0,2.6604,74.38,74.42,20.17
2870,271,13,31.01,67.14,26.35,70.76,25.81,64.88,0,0.0022,0,2.6604,74.34,74.4,20.61
2871,271,14,30.9,65.88,26.57,70.63,25.96,64.95,0,0.0016,0,2.6604,74.32,74.38,20.8
2872,271,15,31.3,66.63,26.87,70.11,26.15,65,0,9e-04,0,2.6604,74.29,74.36,20.97
2873,271,16,30.95,66.59,27.16,70.21,26.35,65.06,0,2e-04,0,2.6604,74.27,74.34,21.27
2874,271,17,31.03,62.3,27.39,69.76,26.56,65.11,0,0,0,2.6604,74.25,74.32,21.38
2875,271,18,30.06,64.07,27.53,69.91,26.75,65.17,0,0,0,2.6604,74.24,74.31,21.55
2876,271,19,30.2,66.81,27.62,70,26.93,65.22,0,0,0,2.6604,74.24,74.29,21.66
2877,271,20,29.51,69.94,27.6,69.76,27.06,65.27,0,0,0,2.6604,74.24,74.28,21.58
2878,271,21,27.19,80.97,27.43,70.83,27.14,65.33,0,0,0,2.6604,74.25,74.27,21.67
2879,271,22,27.13,72.86,27.32,70.35,27.17,65.39,0,0,0,2.6604,74.26,74.27,21.45
2880,271,23,26.45,77.48,27.13,70.68,27.16,65.45,0,0,0,2.6604,74.27,74.27,21.35
2881,272,0,26.04,81.47,26.95,71.93,27.12,65.52,0,0,0,2.6604,74.29,74.27,21.46
2882,272,1,24.33,85.09,26.6,72.88,27.02,65.6,0,0,0,2.6604,74.32,74.28,21.33
2883,272,2,23.25,89.05,26.29,74.12,26.87,65.7,0,0,0,2.6604,74.35,74.3,21.31
2884,272,3,21.93,89.31,25.83,74.95,26.66,65.8,0,0,0,2.6604,74.4,74.31,21.05
2885,272,4,21.73,91.33,25.36,76.13,26.4,65.91,0,0,0,2.6604,74.46,74.34,20.85
2886,272,5,21.72,89.11,24.93,76.97,26.11,66.04,0,0,0,2.6604,74.51,74.37,20.62
2887,272,6,22.81,89.94,24.61,77.89,25.81,66.17,0,0,0,2.6604,74.56,74.4,20.5
2888,272,7,24.35,87.85,24.48,77.76,25.54,66.3,0,0,0,2.6604,74.58,74.43,20.35
2889,272,8,24.26,83.65,24.39,77.99,25.31,66.43,0,0,0,2.6604,74.6,74.46,20.3
2890,272,9,24.26,81.48,24.12,69.82,25.08,66.46,1,0,0,2.6604,74.64,74.49,18.27
2891,272,10,25.67,76.67,24.07,64.7,24.87,66.44,1,0,0,2.6604,74.65,74.52,17.01
2892,272,11,26.72,73.73,24.01,61.7,24.7,66.39,1,0,0,2.6604,74.66,74.55,16.21
2893,272,12,26.29,73.03,24.01,59.18,24.56,66.31,1,0,0,2.6604,74.66,74.57,15.55
2894,272,13,26.12,71.22,24.02,58.02,24.45,66.22,1,0,0,2.6604,74.66,74.59,15.26
2895,272,14,26.75,69.21,23.99,56.57,24.36,66.11,1,0,0,2.6604,74.66,74.6,14.84
2896,272,15,28.16,68.05,24,55.89,24.29,66,1,0,0,2.6604,74.66,74.61,14.65
2897,272,16,27.29,69.63,24.07,55.14,24.25,65.88,1,0,0,2.6604,74.65,74.62,14.51
2898,272,17,27.2,72.14,24.27,56.84,24.25,65.78,0,0,0,2.6604,74.61,74.62,15.17
2899,272,18,27.18,70.88,24.4,58.46,24.28,65.7,0,0,0,2.6604,74.59,74.61,15.72
2900,272,19,25.94,71.8,24.43,59.48,24.31,65.63,0,0,0,2.6604,74.59,74.61,16.02
2901,272,20,24.03,71.84,24.26,60.39,24.3,65.57,0,0,0,2.6604,74.62,74.61,16.1
2902,272,21,22.3,71.12,24.04,61.34,24.25,65.52,0,0,0,2.6604,74.65,74.62,16.14
2903,272,22,21.41,73.97,23.79,62.29,24.16,65.49,0,0,0,2.6604,74.7,74.63,16.15
2904,272,23,21.12,75.83,23.53,63.29,24.03,65.46,0,0,0,2.6604,74.74,74.65,16.15
2905,273,0,21.48,77.2,23.26,64.41,23.88,65.45,0,0,0,2.6604,74.79,74.68,16.17
2906,273,1,22.6,77.03,23.05,65.36,23.71,65.45,0,0,0,2.6604,74.84,74.71,16.2
2907,273,2,19.88,81.64,22.74,66.51,23.52,65.46,0,0,0,2.6604,74.9,74.75,16.18
2908,273,3,19.93,78.73,22.48,67.5,23.31,65.48,0,0,0,2.6604,74.96,74.79,16.17
2909,273,4,20.07,77.47,22.16,68.2,23.08,65.51,0,0,0,2.6604,75.03,74.83,16.02
2910,273,5,18.92,76.37,21.84,68.09,22.83,65.54,0,0,0,2.6604,75.1,74.88,15.69
2911,273,6,19.89,75.54,21.54,68.59,22.57,65.58,0,0,0,2.6604,75.18,74.94,15.52
2912,273,7,21.75,73.51,21.52,68.5,22.36,65.61,0,0,0,2.6604,75.19,74.98,15.48
2913,273,8,22.86,73.57,21.54,68.67,22.2,65.64,0,0,0,2.6604,75.18,75.02,15.54
2914,273,9,22.9,69.32,22.91,64,22.34,65.62,1,0,0,2.6604,74.87,74.99,15.74
2915,273,10,23.33,68.74,23.48,61.08,22.57,65.57,1,0,0,2.6604,74.75,74.94,15.55
2916,273,11,24.86,63.85,23.87,59.02,22.83,65.5,1,0,0,2.6604,74.68,74.88,15.38
2917,273,12,27.3,65.25,24.03,57.66,23.07,65.41,1,0,0,2.6604,74.65,74.83,15.17
2918,273,13,28.29,61.88,23.98,56.53,23.25,65.32,1,0,0,2.6604,74.66,74.8,14.81
2919,273,14,28.92,60.43,23.91,56.32,23.38,65.22,1,0,0,2.6604,74.68,74.77,14.69
2920,273,15,27.95,59.86,23.97,56.03,23.5,65.11,1,0,0,2.6604,74.66,74.75,14.67
2921,273,16,28.96,60.67,24.02,55.92,23.61,65.01,1,0,0,2.6604,74.66,74.73,14.68
2922,273,17,27.37,65.94,24.12,56.28,23.71,64.91,0,0,0,2.6604,74.64,74.71,14.87
2923,273,18,26.95,68.69,24.19,58.07,23.8,64.84,0,0,0,2.6604,74.63,74.69,15.43
2924,273,19,24.84,71.63,24.17,58.49,23.88,64.77,0,0,0,2.6604,74.63,74.68,15.52
2925,273,20,23.62,72.42,23.97,60.02,23.9,64.71,0,0,0,2.6604,74.67,74.68,15.73
2926,273,21,21.35,73.7,23.66,60.82,23.85,64.67,0,0,0,2.6604,74.72,74.69,15.65
2927,273,22,20.14,71.64,23.32,61.71,23.74,64.64,0,0,0,2.6604,74.78,74.7,15.56
2928,273,23,19.92,77.73,22.95,62.37,23.58,64.61,0,0,0,2.6604,74.86,74.73,15.37
