R.Time (min)
,22890,23011,23132,23253,23374,23495,23617,23738,23859,23980,24102,24223,24344,24466,24587,24709,24830,24952,25073,25195,25316,25438,25559,25681,25802,25924,26046
0.00000,0,0,0,0,0,0,0,0,0,0,0,0,0,0,0,0,0,0,0,0,0,0,0,0,0,0,0
0.01067,0,0,0,0,0,0,0,0,0,0,0,0,0,0,0,0,0,0,0,0,0,0,0,0,0,0,0
0.02133,0,0,0,0,0,0,0,0,0,0,0,0,0,0,0,0,0,0,0,0,0,0,0,0,0,0,0
0.03200,0,0,0,0,0,0,0,0,0,0,0,0,0,0,0,0,0,0,0,0,0,0,0,0,0,0,0
0.04267,0,0,0,0,0,0,0,0,0,0,0,0,0,0,0,0,0,0,0,0,0,0,0,0,0,0,0
0.05333,0,0,0,0,0,0,0,0,0,0,0,0,0,0,0,0,0,0,0,0,0,0,0,0,0,0,0
0.06400,0,0,0,0,0,0,0,0,0,0,0,0,0,0,0,0,0,0,0,0,0,0,0,0,0,0,0
0.07467,0,0,0,0,0,0,0,0,0,0,0,0,0,0,0,0,0,0,0,0,0,0,0,0,0,0,0
0.08533,0,0,0,0,0,0,0,0,0,0,0,0,0,0,0,0,0,0,0,0,0,0,0,0,0,0,0
0.09600,0,0,0,0,0,0,0,0,0,0,0,0,0,0,0,0,0,0,0,0,0,0,0,0,0,0,0
0.10667,0,0,0,0,0,0,0,0,0,0,0,0,0,0,0,0,0,0,0,0,0,0,0,0,0,0,0
0.11733,0,6,-16,19,-4,14,-8,0,-3,-3,8,-4,5,0,4,-2,0,-9,-12,-9,-16,2,-4,5,8,-3,-10
0.12800,-22,13,-14,17,-2,13,-19,0,-9,-13,16,-17,-1,-2,-7,-10,-11,-11,-20,-12,-22,-15,4,-4,7,-16,-6
0.13867,-5,28,8,15,4,7,-16,-13,-11,-5,5,-16,-8,-13,-11,-21,-11,-19,-17,-15,-30,-8,5,-1,5,-13,-17
0.14933,-25,19,-13,11,-20,15,-4,-16,-16,-10,-1,-19,-2,-2,1,-24,-6,-29,-19,-1,-28,-15,10,-18,1,-15,-27
0.16000,-30,-10,-14,4,-24,-4,-9,-11,-26,-13,5,-22,-3,-6,-6,-32,-21,-38,-7,-2,-12,-20,6,-29,-3,-27,-18
0.17067,-30,8,-11,6,-7,-2,-20,-14,-17,-7,4,-36,-16,3,-13,-32,-17,-37,-31,2,-21,-12,7,-21,-1,-25,-19
0.18133,-49,13,-5,8,3,14,-30,-22,-25,-22,2,-34,-19,-1,-8,-26,-12,-29,-27,-10,3,-33,2,-10,4,-24,-5
0.19200,-32,4,-8,19,-3,11,-30,-3,-23,-13,8,-37,-3,8,-12,-43,-10,-34,-21,-18,0,-11,-11,-15,0,-33,0
0.20267,1,22,-6,-4,-1,7,-24,-14,-17,-11,-1,-37,1,0,-14,-41,-14,-19,-45,-17,-11,-9,4,-27,-5,-26,6
0.21333,-19,29,-6,9,-8,22,-31,-10,-13,-15,2,-38,-2,-7,-14,-34,-21,-36,-36,-18,-1,-16,-4,-20,-13,-18,6
0.22400,-19,29,-17,23,-3,24,-29,-12,-21,-14,0,-36,-6,-16,-15,-32,-26,-31,-34,-12,-11,-26,8,-9,-17,-22,5
0.23467,-36,1,-15,30,6,14,-31,-26,-30,-20,-3,-33,-17,-19,-7,-24,-25,-32,-28,-13,-15,-22,3,-10,-7,-19,-12
0.24533,-22,13,-21,19,-11,29,-23,-23,-18,-19,8,-23,-17,-21,-16,-10,-14,-16,-32,-15,-8,-26,10,-22,-11,-18,-14
0.25600,-15,14,-11,15,-2,6,-30,-22,-13,-18,3,-29,-17,-22,-12,-28,-17,-26,-36,-27,2,-18,-3,-8,-1,-17,-25
0.26667,-5,8,-1,2,-5,18,-31,-22,-6,-23,-3,-29,-8,-25,-19,-27,-24,-23,-14,-19,3,-23,-8,-6,-9,-4,-23
0.27733,-20,-1,0,19,-3,16,-33,-19,-9,-22,-3,-21,-2,-13,-21,-34,-20,-28,-25,-20,-1,-16,-11,-3,-6,-16,-18
0.28800,-42,-5,-20,22,-6,26,-21,-33,-18,-19,-2,-28,-4,-9,0,-19,-17,-33,-37,-18,-8,-27,-7,-10,-7,-26,-12
0.29867,-36,4,-22,8,1,15,-25,-8,-26,-11,12,-36,-17,-15,-12,-15,-8,-17,-39,-30,-5,-3,-4,-5,-8,-12,-4
0.30933,-15,4,1,8,-6,23,-19,-16,-15,-15,2,-25,-19,-34,-15,-23,-3,-27,-36,-17,-9,-15,1,-6,2,-30,-16
0.32000,-12,11,-5,4,0,18,-28,-26,-14,-19,4,-31,-20,-24,1,-24,-9,-34,-29,3,-7,-21,-2,-9,-5,-18,-19
0.33067,-4,6,-5,21,5,18,-18,-14,-7,-18,-1,-35,-10,-3,-5,-15,-19,-25,-21,0,-9,-17,3,-11,-2,-12,-30
0.34133,-28,4,-18,23,15,17,-10,-6,-11,-15,4,-36,-2,1,-13,-27,-8,-24,-32,-8,-22,-22,1,0,-6,-21,-20
0.35200,-7,5,-17,10,12,7,-12,1,-22,-19,9,-31,4,-21,-18,-17,-21,-33,-36,-16,14,1,2,3,4,-20,-12
0.36267,-12,8,-4,12,-10,20,-22,-11,-12,-20,-4,-36,0,-21,-18,-23,-19,-20,-28,-26,10,-18,5,-9,7,-1,-12
0.37333,-52,8,-16,10,-6,22,-29,-19,-22,-36,-1,-25,-8,-12,-14,-27,-8,-14,-44,-20,1,-31,2,-8,-3,-8,-23
0.38400,-36,-14,-10,12,-11,22,-20,-19,-21,-38,-11,-32,4,2,-19,-26,-19,-21,-19,-15,-19,-16,16,2,-5,-15,-24
0.39467,-27,-6,-5,-11,-14,24,-21,-21,-22,-22,-20,-31,-5,-8,-15,-17,-14,-22,-32,-19,-6,-8,17,-1,9,-22,-16
0.40533,-45,11,-5,0,-13,29,-27,-22,-15,-26,-4,-33,-11,-11,-7,-19,-9,-19,-38,11,-11,-6,6,6,-6,-14,-18
0.41600,-25,-1,-27,10,-15,20,-29,-18,-24,-29,6,-30,-6,-15,-7,-17,-1,-6,-34,-2,0,-4,2,-6,-8,-13,-21
0.42667,-7,0,-4,17,-22,29,-35,-20,-24,-20,9,-28,-6,-20,9,-28,0,-17,-21,-5,-8,-6,12,1,-12,-17,-8
0.43733,-33,-6,-24,6,2,12,-18,-20,-24,-25,3,-14,-16,-24,0,-16,-14,-15,-11,-8,-3,-10,-1,0,-9,-23,-19
0.44800,-45,-23,-24,3,5,5,-31,-22,-24,-25,11,-17,-17,-15,-3,-15,-7,-14,-6,-9,6,-8,-12,1,-6,-27,-28
0.45867,-26,-20,-19,14,-16,17,-18,-24,-22,-22,-5,-31,-14,-12,-11,-17,1,-18,-18,-14,6,-19,-6,-4,-13,-9,-18
0.46933,-36,-8,-9,12,0,8,-36,-17,-19,-21,-4,-27,-9,-18,-9,-32,-5,-26,-8,-16,-3,-11,-3,-14,-19,-27,-24
0.48000,-18,10,-23,-3,-18,7,-41,-13,-12,-26,3,-29,-9,-4,-9,-20,-16,-30,-2,-15,-22,-8,-1,-24,-22,-35,-9
0.49067,-30,-11,-14,3,-14,0,-27,-25,-24,-23,1,-30,-11,-13,-11,-29,-17,-37,-15,-21,-8,-28,4,-13,-6,-14,-14
0.50133,-53,-9,-16,-7,-16,-3,-32,-22,-24,-20,4,-30,-9,-5,-12,-25,-16,-33,-4,-8,9,-22,-13,-24,-14,0,-10
0.51200,-40,-17,-16,18,-20,3,-40,-8,-32,-17,-3,-29,-8,-11,-27,-34,-19,-37,-11,-27,0,-23,10,-2,-12,-9,-18
0.52267,-33,-9,-26,11,-6,8,-37,-26,-28,-21,4,-30,-6,-25,-18,-33,-31,-28,-20,-33,-1,-10,16,-10,-15,-24,-15
0.53333,-26,-11,-8,9,-16,15,-19,-16,-21,-29,-1,-20,-7,-28,-12,-26,-30,-32,-35,-24,-12,-8,4,-16,1,-10,-13
0.54400,-8,-3,-12,-4,-26,14,-38,-21,-12,-36,-1,-22,4,-2,0,-39,-13,-20,-32,-18,-9,-34,7,-12,0,-22,-23
0.55467,-22,-9,-8,1,-4,10,-34,-10,-15,-31,-1,-31,22,-3,-13,-21,0,-16,-39,-21,-11,-26,-3,-13,2,-24,-12
0.56533,-27,-14,-30,-17,-14,11,-28,-22,-12,-32,-1,-15,0,-3,-27,-7,-10,-4,-40,-8,-1,-34,0,-8,15,-27,-12
0.57600,-37,3,-24,-2,-30,6,-16,-25,-13,-16,4,-24,-4,-2,-8,-19,-25,-14,-28,-16,-3,-27,9,-12,2,-29,-9
0.58667,-18,16,-15,-8,-21,12,-21,-17,-12,-19,8,-38,2,-3,0,-8,-25,-26,-22,-9,3,-21,10,-31,-4,-20,-26
0.59733,3,14,-20,-10,-24,10,-29,-17,-22,-22,-11,-18,-4,-12,-2,-31,-22,-24,-35,-15,4,-25,15,-19,-2,-16,-10
0.60800,-17,9,2,-1,-22,8,-23,-14,-23,-21,-3,-31,-15,-13,-2,-29,-26,-7,-36,-17,-3,-3,7,-20,-9,-22,-24
0.61867,-30,7,11,-3,-25,18,-14,-14,-16,-18,-4,-24,-13,0,0,-13,-21,-7,-12,-26,-20,-16,4,-19,-5,-19,-12
0.62933,-41,7,4,12,-13,14,-8,-13,-15,-22,-4,-20,-3,-1,-10,-12,-17,-27,-16,-15,-8,-10,14,-13,-9,-17,-22
0.64000,-39,10,-8,7,-12,12,-12,-16,-25,-17,-2,-27,0,-13,2,-17,-10,-33,-32,-4,-9,-13,22,-16,2,-11,-13
0.65067,-51,-1,-15,-3,-9,22,-18,-28,-24,-35,7,-29,-18,-10,-13,-18,-17,-28,-11,-5,-8,-18,4,-20,-2,-19,-16
0.66133,-16,-10,-36,4,-8,12,-33,-21,-17,-22,0,-28,-13,-12,-3,-21,-9,-19,-16,-4,-17,-15,5,-6,-11,-11,-7
0.67200,-14,-7,-27,-5,-11,25,-29,-18,-22,-17,3,-26,-11,-15,-3,-22,-16,-28,-16,-6,-15,-29,-4,5,-1,-33,0
0.68267,-20,3,-4,-2,-2,30,-16,-15,-20,-18,5,-24,-11,-12,-13,-30,-10,-22,-5,2,-4,-10,-7,1,4,-29,-12
0.69333,-42,9,6,6,-11,16,-22,-11,-22,-24,6,-21,-22,-14,-6,-19,-18,-13,-19,-19,-8,-13,-2,-12,8,-35,-8
0.70400,-30,13,0,24,-8,7,-31,-14,-23,-23,6,-27,-10,-1,4,-25,-8,-17,-18,-19,15,-28,-1,-20,8,-19,-17
0.71467,-5,3,2,21,0,-2,-18,-6,-26,-13,2,-31,-16,6,-10,-25,-21,-17,-31,-13,-12,-16,14,-25,-15,-16,-14
0.72533,-25,4,0,25,-13,3,-19,-11,-20,-28,-1,-33,-9,-3,-10,-37,-25,-6,-26,-16,-23,-14,4,-24,-13,-12,-23
0.73600,-47,6,1,15,-14,-3,-27,-24,-17,-22,-6,-37,-2,4,-17,-30,1,-10,-26,-16,-20,-38,3,-22,-20,-15,-16
0.74667,-14,5,-25,-1,-25,-7,-35,-24,-26,-15,3,-35,0,-6,-8,-28,0,-7,-29,-17,-9,-35,-1,-4,-16,-16,-17
0.75733,-5,-8,-29,-12,-24,-10,-37,-31,-30,-20,5,-22,2,-4,-10,-27,-12,-4,-29,-15,-21,-11,11,-19,-20,-16,-11
0.76800,-22,-6,-27,-14,-26,2,-29,-25,-29,-16,14,-29,-4,-14,-10,-29,-16,4,-13,-3,-21,-17,18,5,-11,-17,-16
0.77867,-36,5,-27,6,-18,3,-32,-18,-17,-14,6,-31,-9,-4,-7,-28,-4,-14,1,-2,-13,-18,11,-10,-6,-11,-8
0.78933,-42,-7,-5,9,-16,0,-29,-22,-27,-15,2,-40,-5,0,13,-30,-24,-10,-8,-3,4,-13,8,-3,10,-15,-18
0.80000,-44,-9,3,-7,-28,-12,-27,-11,-24,-23,12,-24,-1,-2,7,-11,-8,-16,-21,-20,-8,-26,19,-9,-1,-30,-11
0.81067,-10,-4,-25,-18,-18,-16,-30,-21,-29,-19,1,-16,11,-10,-8,-10,-19,-5,-20,-16,-17,-5,3,-11,-18,-13,-16
0.82133,-17,4,-19,1,-24,-17,-31,-27,-26,-16,9,-27,14,-7,-24,-20,-22,-23,-21,-26,-21,-13,-11,0,-12,-23,-17
0.83200,-27,-3,-34,-10,-29,-16,-28,-14,-18,-26,-6,-10,2,2,-2,-21,-9,-18,-11,-4,6,-8,-6,-2,-11,-22,-23
0.84267,-28,-16,-37,9,-21,-6,-42,-13,-23,-23,3,-17,-6,-12,-3,-3,-18,-17,-18,-9,14,-17,-4,-8,0,-17,-30
0.85333,-48,5,-36,-5,-11,7,-33,-23,-11,-18,6,-27,-4,-5,-1,-21,1,-30,-11,-2,5,-21,3,-8,5,-24,-28
0.86400,-31,5,-37,-8,-19,5,-19,-10,-19,-27,-7,-32,4,-1,6,-19,6,-10,-12,0,-9,-37,16,-15,-3,-24,-19
0.87467,-47,9,-28,-5,-28,12,-18,-17,-16,-16,-6,-22,-1,-15,8,-20,-4,-6,-3,3,3,-19,0,-12,-14,-19,-20
0.88533,-52,11,-6,-8,-15,6,-19,-24,-26,-32,2,-22,-7,0,5,-11,-8,-12,-12,-5,-2,-9,0,-10,-3,-23,-22
0.89600,-48,-7,-30,-16,-21,-16,-20,-25,-30,-25,-8,-17,-14,-4,-6,-18,-3,-15,-16,-9,-2,-8,12,-4,-9,-24,-30
0.90667,-52,-9,-29,-16,-13,-11,-24,-27,-27,-22,-7,-21,-3,7,7,-7,-1,-23,-30,2,-6,-17,6,-16,-10,-31,-23
0.91733,-59,-8,-36,9,-16,-1,-37,-18,-18,-13,-1,-23,-7,-5,-6,-27,0,-27,-24,2,-11,-17,-9,-2,-3,-20,-25
0.92800,-47,-9,-34,-13,-13,3,-26,-31,-18,-26,-2,-22,-2,3,-2,-33,-8,-4,-31,9,-16,-12,-10,-20,12,-25,-25
0.93867,-39,-19,-19,1,-18,4,-38,-23,-25,-29,-4,-25,-3,-15,-12,-22,-13,-19,-23,15,-24,-15,-7,-22,-18,-11,-12
0.94933,-13,-3,-14,5,-13,9,-41,-17,-32,-31,-4,-27,-15,4,-13,-16,-17,-13,-26,-5,-4,-21,-11,-11,-2,-13,-7
0.96000,-31,0,-7,11,-12,13,-41,-19,-26,-22,7,-16,-12,-3,1,-10,-22,-21,-24,-8,-3,-16,-7,-15,7,-22,-14
0.97067,-39,3,-29,11,-14,13,-30,-27,-27,-20,13,-8,-12,-9,1,-11,-11,-33,-17,10,9,-18,-9,-13,-2,-10,-20
0.98133,-29,-13,-21,7,-16,12,-30,-22,-25,-34,8,-20,-4,5,-5,-20,-9,-29,-25,-15,-11,-18,-4,-11,-7,-7,-8
0.99200,-29,-8,-24,2,-39,4,-26,-21,-24,-29,6,-32,-7,-15,2,-25,-15,-32,-24,-11,-5,-18,-7,-1,1,-24,-11
1.00267,-29,-37,-9,-11,-28,9,-27,-18,-30,-28,2,-23,-10,-24,-17,-32,-10,-29,-30,-8,-8,-27,-11,-3,-9,-17,-14
1.01333,-7,-7,-9,9,-24,11,-31,-25,-27,-15,8,-26,-11,-20,-18,-32,-21,-21,-21,-5,-17,-18,4,-22,-11,-11,-16
1.02400,-22,-12,-12,6,-29,6,-27,-24,-27,-18,2,-32,-8,-21,-18,-20,-27,-16,-20,2,-17,-25,17,-34,-16,-14,-29
1.03467,-10,-14,-28,-1,-11,-5,-25,-22,-21,-32,5,-34,-3,-12,-12,-31,-13,-27,-37,-11,-3,-21,9,-35,-3,-9,-29
1.04533,-32,-11,-19,2,-19,6,-33,-27,-26,-37,-1,-27,-12,1,-5,-34,-10,-29,-32,-1,6,-18,-4,-24,-12,-12,-28
1.05600,-30,-6,-22,-6,-9,3,-32,-35,-25,-32,-6,-20,-7,-7,-10,-30,-6,-43,-30,-11,-1,-9,15,-18,-15,-10,-32
1.06667,-27,6,4,-10,-23,8,-16,-29,-27,-23,-3,-20,4,-9,-14,-24,-6,-31,-17,-13,-15,-18,18,-16,2,-12,-33
1.07733,-29,-17,-20,-7,-24,2,-21,-24,-18,-17,-4,-30,4,-5,-20,-37,-12,-34,-5,-6,-13,-7,-4,-18,5,-34,-17
1.08800,-24,5,-15,2,-3,-1,-23,-30,-17,-25,-8,-33,-5,-4,-14,-15,-28,-25,-13,-14,-16,-11,9,-11,-7,-26,-13
1.09867,-37,2,-30,-4,-16,2,-27,-30,-29,-29,-16,-30,-6,-8,-28,-16,-10,-17,-23,-12,-12,-18,2,-32,4,-28,-22
1.10933,-52,0,-26,-8,-24,2,-39,-36,-34,-24,2,-26,-12,-9,-16,-10,-13,-17,-33,-19,-1,-18,-11,1,-10,-23,-15
1.12000,-59,10,-20,-6,-23,6,-25,-32,-30,-27,-1,-37,-19,-11,0,-17,-23,-28,-20,-28,4,-26,5,7,-9,-20,-26
1.13067,-39,2,-18,-9,-26,8,-27,-23,-29,-28,4,-35,-13,-7,-2,-19,-40,-41,-37,-12,0,-25,4,-15,1,-20,-20
1.14133,-32,-7,-12,0,-22,-6,-31,-25,-18,-20,-6,-41,-9,-10,-1,-17,-17,-35,-17,-5,-15,-34,12,-4,-2,-32,-28
1.15200,-37,-9,-23,1,-20,0,-42,-29,-13,-32,-7,-32,-5,-3,5,-27,-4,-12,-22,-17,-3,-23,3,-18,-9,-17,-19
1.16267,-42,-38,-19,0,-29,6,-32,-18,-20,-31,13,-25,3,-3,0,-21,-9,-16,-32,-31,-12,-25,-9,-32,-2,-24,-22
1.17333,-34,-33,-31,-18,-21,8,-42,-18,-31,-28,3,-14,3,7,-4,-24,-10,-16,-32,-9,1,-18,-4,-22,-15,-17,-29
1.18400,-51,-18,-34,-20,-33,-1,-41,-20,-38,-22,9,-14,1,-2,12,-8,-6,-21,-20,-4,-1,-17,9,-22,-24,-13,-8
1.19467,-35,-4,-23,-4,-30,-2,-20,-13,-35,-17,8,-19,-10,-12,5,-22,-1,-23,-21,5,-10,-26,24,-20,-18,-16,-20
1.20533,-46,-27,-11,11,-34,1,-21,-21,-14,-27,3,-17,-2,-2,-10,-17,-11,-21,-31,-29,-19,-16,17,-20,-11,-30,-8
1.21600,-26,-13,-7,10,-10,17,-26,-18,-19,-14,0,-19,-3,-7,-13,-13,-7,-16,-32,-17,-1,-26,14,-21,-3,-26,-6
1.22667,-5,-5,-12,-3,-16,13,-18,-10,-16,-17,8,-22,7,-1,-2,-17,-3,-27,-24,-10,9,-19,6,-12,22,-11,-10
1.23733,-23,-17,-4,-4,-11,9,-28,-8,-33,-16,3,-19,-4,-2,-2,-16,-8,-28,-24,-25,5,-12,0,-8,2,-11,-6
1.24800,-18,2,-7,-12,-18,8,-20,-25,-28,-18,-4,-18,-13,-18,-10,-22,-12,-23,-2,-8,-8,-30,-12,-15,2,-4,-8
1.25867,-39,-10,-26,-1,-26,4,-30,-15,-27,-23,-11,-38,-13,-11,-6,-29,-11,-12,-11,-16,-17,-23,-2,0,2,-13,-17
1.26933,-30,-20,-28,4,-11,11,-18,-16,-29,-22,-6,-25,-18,-13,-18,-35,-12,-18,-8,-22,-12,-24,-6,-18,0,-28,-28
1.28000,-10,5,-31,-1,-21,4,-20,-18,-28,-31,-2,-31,-19,-12,6,-44,-12,-12,-26,-13,-12,-22,13,-9,-3,-15,-26
1.29067,-10,-8,-1,4,-20,11,-34,-25,-25,-31,-1,-27,-4,-20,-1,-22,-21,-9,-29,-16,-8,-24,16,-12,5,-20,-20
1.30133,-47,-42,-8,9,-24,11,-39,-23,-19,-35,-9,-28,-6,-14,4,-24,-21,-13,-38,-24,-17,-16,11,-17,0,-19,-17
1.31200,-39,-28,-33,13,-19,4,-21,-28,-26,-15,-17,-23,0,-8,-1,-13,-12,-7,-22,-5,-12,6,-1,-17,-1,-19,-21
1.32267,-38,-16,-23,-5,-16,2,-27,-14,-23,-19,0,-38,-2,-16,-1,-19,-7,-16,-8,-18,-4,3,6,-9,-18,-11,-18
1.33333,-30,7,-22,-4,-27,8,-22,-8,-23,-24,-5,-42,-11,-13,2,-18,-14,-26,-14,-25,-13,-7,5,-13,-10,-7,-14
1.34400,-36,-8,-23,7,-29,9,-35,-21,-23,-29,-2,-38,1,-19,-13,-26,-15,-26,-20,-10,-11,-20,2,-5,1,-18,-25
1.35467,-37,-7,-21,12,-21,2,-36,-22,-23,-34,-3,-34,-7,-9,-13,-12,-16,-14,-14,-31,0,-20,6,-29,6,-32,-33
1.36533,-39,9,12,16,-13,-12,-36,-22,-19,-27,6,-34,-9,-4,-11,-22,-16,-14,-18,-28,-21,-16,7,-18,-2,-29,-10
1.37600,-30,7,-3,17,-15,-12,-33,-17,-26,-30,9,-25,-10,-11,-20,-7,-10,-15,-27,-30,-14,-26,14,-13,-25,-20,-15
1.38667,-25,-3,-10,4,-13,1,-32,-26,-28,-26,5,-30,-10,-23,-21,-20,-7,-28,-13,-26,-11,-27,-13,-26,-18,-26,-10
1.39733,-46,-6,-4,-6,-16,4,-32,-27,-30,-29,9,-37,-19,-8,-9,-29,-11,-28,-19,-41,-15,-14,-4,-31,-2,-19,-14
1.40800,-26,15,-5,-11,-1,10,-30,-24,-30,-27,9,-26,-17,-18,-16,-30,-9,-31,-16,-19,-13,-5,9,-32,3,-22,-25
1.41867,-19,-6,-9,-11,-8,9,-32,-31,-22,-32,11,-42,-24,-15,-22,-39,-8,-33,-18,-24,13,-3,11,-23,3,-31,-19
1.42933,3,-7,-5,-28,-15,2,-28,-37,-22,-25,-5,-40,-26,-10,-7,-35,-23,-20,-31,-4,-5,-10,11,-18,-6,-39,3
1.44000,-28,-11,-16,-25,-3,1,-32,-24,-21,-32,-13,-38,-14,-6,0,-30,-32,-18,-31,-10,-12,-16,5,-27,3,-23,3
1.45067,-26,-15,-24,-9,-22,-2,-31,-30,-23,-31,-16,-16,-11,-11,-17,-25,-25,-26,-30,-18,-14,-8,-9,-15,4,-17,-4
1.46133,-15,-11,-24,-4,-23,8,-29,-16,-26,-20,-13,-24,-24,-7,-10,-33,-16,-41,-29,-2,-9,-25,-7,-3,-13,-10,-24
1.47200,-22,-4,-26,3,-11,16,-27,-20,-12,-25,-11,-30,-7,-15,-13,-16,-13,-34,-25,-16,-13,-10,-7,2,-2,-3,-8
1.48267,-12,-4,-5,-16,-18,16,-14,-16,-4,-30,-12,-34,-10,-10,-12,-21,-12,-29,-35,-14,-14,-3,0,-2,-7,-21,-27
1.49333,-13,-5,-12,-17,-10,4,-25,-25,-20,-27,-6,-32,-10,-14,-5,-29,-18,-34,-17,-23,-5,-8,4,-13,13,-15,-10
1.50400,-4,5,12,-2,-8,6,-30,-23,-8,-27,-5,-20,-8,-23,-4,-21,-30,-17,-16,-18,-3,-27,13,-10,-1,-14,-13
1.51467,-29,12,-8,-4,-14,15,-31,-22,-18,-21,-2,-31,-13,-19,-18,-24,-40,-23,1,-24,0,-16,28,8,-1,-13,-15
1.52533,-23,16,-4,-1,-8,22,-32,-6,-22,-24,-4,-43,-22,-17,-15,-25,-22,-41,-28,-19,7,-33,5,-16,5,-4,-12
1.53600,-18,3,-8,-10,-15,14,-26,-19,-24,-22,-8,-52,-9,-21,-8,-16,-19,-34,-30,-16,-9,-11,6,-5,10,-17,-20
1.54667,-40,22,-14,-3,-14,13,-41,-18,-26,-24,-9,-48,-21,-29,-10,-23,-24,-27,-26,-15,2,-22,2,-11,9,-13,-10
1.55733,-37,15,-8,13,-18,20,-24,-29,-31,-23,-5,-35,-26,-27,-7,-27,-20,-34,-8,-20,14,-10,7,-7,13,-1,-14
1.56800,-15,20,-5,24,-26,6,-25,-23,-28,-31,3,-25,-19,-24,-5,-34,-30,-27,-20,-22,17,-14,-1,-5,-3,-11,-13
1.57867,-15,12,-14,16,-7,12,-20,-17,-19,-19,-12,-31,-8,-23,-1,-32,-27,-26,-33,-13,1,-27,0,1,-8,-7,-18
1.58933,-19,-5,-19,-1,-15,7,-17,-32,-19,-17,-1,-34,-26,-17,-6,-38,-16,-20,-14,-21,3,-28,20,0,-8,-15,-10
1.60000,-28,10,-25,3,-16,15,-21,-40,-27,-26,-10,-39,-18,-6,-3,-21,-22,-17,-25,-13,-7,-21,24,1,4,-22,-8
1.61067,-38,11,-17,-3,-23,15,-24,-28,-25,-26,-16,-45,-21,-7,-7,-12,-34,-24,-33,-10,-3,-21,22,-6,9,-22,-11
1.62133,-32,-6,-30,-7,-25,13,-50,-21,-34,-29,-19,-41,-24,-34,-18,-37,-30,-49,-22,-20,-13,-13,10,-9,-5,-36,-24
1.63200,-32,-17,-52,-3,-38,15,-51,-49,-41,-30,-15,-62,-26,-34,-20,-42,-42,-29,-39,-28,-21,-25,-5,-1,-14,-25,-41
1.64267,-46,-29,-56,-20,-36,-2,-57,-49,-44,-44,-28,-60,-25,-43,-17,-44,-37,-34,-56,-19,-21,-34,-19,-30,-38,-33,-36
1.65333,-40,-42,-48,-32,-48,-2,-62,-44,-59,-56,-34,-59,-38,-42,-13,-45,-44,-43,-49,-23,-30,-31,-4,-34,-35,-37,-34
1.66400,-69,-51,-54,-41,-52,-18,-61,-71,-61,-63,-31,-62,-38,-50,-23,-42,-42,-49,-58,-23,-37,-36,0,-38,-36,-30,-31
1.67467,-73,-41,-68,-34,-66,-29,-65,-82,-65,-56,-37,-67,-42,-52,-36,-54,-56,-47,-63,-37,-28,-32,-6,-26,-34,-49,-31
1.68533,-68,-49,-66,-48,-60,-45,-73,-70,-60,-56,-44,-63,-41,-52,-39,-60,-47,-51,-54,-32,-35,-35,-20,-8,-21,-57,-33
1.69600,-75,-49,-77,-49,-60,-44,-65,-67,-51,-72,-47,-66,-36,-47,-39,-59,-61,-59,-58,-36,-29,-42,-29,-40,-35,-43,-39
1.70667,-73,-31,-76,-53,-67,-50,-83,-62,-69,-68,-45,-68,-49,-37,-41,-72,-55,-84,-56,-43,-35,-49,-31,-64,-24,-30,-48
1.71733,-91,-40,-62,-59,-71,-41,-78,-68,-76,-68,-48,-68,-45,-40,-43,-62,-52,-73,-59,-71,-52,-26,-28,-53,-35,-38,-52
1.72800,-82,-37,-52,-48,-72,-41,-78,-62,-79,-78,-45,-71,-45,-48,-54,-52,-58,-79,-61,-56,-37,-51,-44,-50,-36,-52,-56
1.73867,-82,-30,-64,-54,-56,-36,-78,-85,-71,-79,-41,-61,-52,-47,-48,-66,-53,-69,-51,-45,-42,-55,-39,-51,-30,-59,-44
1.74933,-86,-37,-82,-52,-64,-42,-83,-85,-82,-70,-30,-58,-46,-48,-45,-48,-53,-56,-60,-37,-46,-44,-40,-41,-32,-63,-50
1.76000,-110,-31,-59,-43,-60,-48,-87,-84,-80,-70,-44,-63,-52,-42,-52,-68,-47,-63,-49,-53,-38,-50,-32,-53,-38,-66,-47
1.77067,-114,-39,-63,-55,-65,-43,-80,-72,-74,-64,-52,-64,-63,-44,-66,-59,-55,-63,-61,-62,-35,-40,-36,-47,-34,-59,-43
1.78133,-96,-39,-70,-64,-56,-42,-73,-74,-71,-63,-41,-67,-62,-43,-54,-61,-52,-55,-64,-50,-33,-49,-26,-32,-32,-54,-58
1.79200,-101,-33,-57,-49,-71,-51,-74,-73,-61,-80,-43,-68,-53,-40,-49,-67,-47,-67,-83,-58,-43,-50,-36,-47,-27,-53,-42
1.80267,-116,-46,-52,-70,-75,-41,-72,-67,-69,-71,-48,-65,-54,-54,-51,-65,-49,-49,-64,-43,-33,-61,-44,-40,-49,-53,-55
1.81333,-81,-60,-55,-65,-84,-27,-74,-68,-70,-72,-47,-76,-56,-56,-42,-64,-48,-64,-80,-42,-43,-53,-50,-29,-37,-43,-52
1.82400,-89,-58,-73,-43,-65,-38,-79,-75,-75,-66,-46,-88,-58,-60,-49,-73,-44,-65,-75,-49,-41,-47,-41,-38,-31,-41,-49
1.83467,-74,-57,-76,-58,-65,-32,-91,-70,-70,-76,-54,-87,-47,-58,-37,-61,-35,-55,-79,-45,-40,-42,-40,-36,-36,-54,-39
1.84533,-77,-50,-77,-69,-80,-53,-95,-82,-76,-64,-44,-76,-54,-47,-48,-62,-52,-54,-70,-48,-47,-57,-37,-51,-45,-65,-37
1.85600,-80,-65,-82,-51,-85,-58,-82,-87,-70,-71,-48,-73,-56,-47,-64,-57,-43,-49,-63,-56,-48,-40,-33,-53,-46,-73,-30
1.86667,-86,-71,-84,-58,-70,-62,-81,-94,-78,-58,-43,-87,-45,-52,-73,-58,-43,-62,-55,-60,-55,-48,-31,-39,-40,-55,-51
1.87733,-86,-82,-93,-73,-83,-66,-82,-93,-79,-63,-53,-77,-55,-47,-61,-64,-55,-62,-70,-36,-54,-50,-43,-55,-52,-55,-41
1.88800,-95,-70,-89,-79,-84,-51,-87,-85,-86,-67,-67,-92,-48,-46,-62,-77,-55,-60,-72,-53,-42,-53,-41,-47,-41,-49,-52
1.89867,-74,-63,-78,-84,-90,-57,-101,-77,-87,-69,-52,-93,-57,-38,-63,-74,-48,-67,-52,-68,-57,-42,-47,-45,-46,-59,-57
1.90933,-108,-81,-114,-70,-95,-61,-97,-89,-87,-78,-67,-89,-60,-45,-55,-85,-70,-78,-63,-67,-63,-56,-39,-57,-49,-72,-57
1.92000,-154,-129,-138,-98,-138,-106,-117,-128,-114,-113,-86,-110,-86,-84,-87,-98,-82,-87,-77,-92,-70,-88,-46,-76,-66,-91,-86
1.93067,-254,-200,-215,-185,-218,-170,-179,-198,-192,-179,-151,-173,-142,-159,-136,-154,-156,-143,-131,-138,-132,-135,-111,-137,-117,-123,-146
1.94133,-375,-320,-334,-295,-334,-279,-310,-295,-292,-285,-255,-272,-245,-253,-230,-255,-227,-232,-222,-223,-206,-190,-189,-211,-184,-200,-220
1.95200,-489,-444,-447,-415,-435,-384,-414,-398,-394,-387,-345,-366,-344,-337,-329,-342,-305,-323,-319,-305,-281,-281,-280,-274,-265,-270,-281
1.96267,-555,-518,-509,-500,-512,-464,-488,-473,-461,-453,-405,-422,-404,-391,-388,-391,-374,-382,-352,-361,-332,-332,-324,-331,-311,-306,-326
1.97333,-573,-519,-519,-496,-510,-472,-498,-472,-469,-456,-411,-432,-397,-396,-388,-386,-393,-387,-359,-358,-346,-334,-323,-332,-319,-315,-308
1.98400,-568,-509,-479,-491,-474,-435,-472,-454,-444,-437,-383,-415,-383,-377,-367,-364,-358,-346,-341,-329,-311,-331,-299,-309,-305,-296,-292
1.99467,-482,-447,-451,-430,-437,-409,-435,-396,-400,-385,-360,-365,-326,-339,-323,-334,-324,-328,-307,-297,-298,-291,-273,-280,-263,-288,-271
2.00533,-426,-410,-394,-374,-396,-357,-381,-359,-344,-341,-311,-323,-290,-302,-273,-284,-292,-285,-275,-243,-242,-242,-226,-236,-222,-252,-229
2.01600,-383,-364,-358,-318,-345,-310,-321,-319,-296,-291,-268,-277,-269,-255,-248,-255,-246,-222,-244,-223,-208,-208,-190,-220,-187,-209,-196
2.02667,-352,-304,-300,-276,-284,-258,-280,-261,-259,-252,-225,-241,-214,-215,-205,-209,-204,-196,-198,-179,-186,-160,-156,-182,-156,-190,-160
2.03733,-298,-260,-234,-232,-219,-202,-235,-224,-225,-214,-171,-194,-173,-182,-158,-178,-169,-170,-169,-146,-150,-130,-122,-138,-135,-149,-130
2.04800,-236,-221,-194,-182,-178,-157,-194,-181,-172,-165,-154,-161,-138,-139,-122,-146,-139,-138,-133,-114,-106,-115,-93,-105,-88,-124,-115
2.05867,-230,-194,-203,-170,-170,-142,-162,-164,-144,-133,-121,-132,-97,-102,-98,-106,-92,-103,-93,-98,-66,-97,-71,-97,-77,-85,-84
2.06933,-299,-230,-237,-206,-185,-150,-181,-162,-134,-128,-97,-117,-88,-84,-61,-91,-72,-87,-88,-69,-51,-59,-40,-68,-57,-66,-68
2.08000,-573,-506,-456,-388,-333,-271,-274,-233,-205,-175,-123,-133,-118,-76,-65,-83,-59,-80,-80,-62,-37,-58,-25,-45,-36,-50,-52
2.09067,-1741,-1520,-1325,-1133,-960,-797,-718,-583,-495,-411,-291,-282,-224,-170,-130,-120,-106,-108,-102,-72,-55,-60,-38,-54,-47,-50,-45
2.10133,-4660,-4091,-3534,-3022,-2585,-2160,-1848,-1517,-1257,-1036,-807,-678,-545,-419,-333,-291,-211,-207,-181,-142,-116,-104,-69,-95,-85,-89,-94
2.11200,-9580,-8373,-7252,-6214,-5315,-4459,-3757,-3098,-2555,-2080,-1643,-1355,-1070,-850,-684,-546,-424,-360,-318,-250,-236,-190,-144,-162,-146,-150,-162
2.12267,-15126,-13204,-11436,-9797,-8379,-7031,-5897,-4869,-4004,-3256,-2596,-2098,-1650,-1300,-1042,-831,-651,-548,-444,-375,-306,-269,-220,-230,-203,-199,-197
2.13333,-19409,-16903,-14651,-12558,-10717,-9000,-7550,-6217,-5104,-4134,-3309,-2659,-2079,-1654,-1291,-1030,-820,-648,-520,-449,-362,-309,-252,-243,-223,-215,-200
2.14400,-21424,-18698,-16173,-13886,-11814,-9919,-8312,-6855,-5599,-4545,-3611,-2909,-2262,-1792,-1396,-1100,-869,-674,-546,-446,-361,-304,-247,-226,-225,-205,-193
2.15467,-21330,-18614,-16095,-13826,-11767,-9874,-8281,-6824,-5560,-4511,-3586,-2875,-2232,-1765,-1359,-1081,-828,-654,-523,-401,-336,-278,-226,-215,-180,-175,-154
2.16533,-19708,-17224,-14903,-12809,-10901,-9162,-7673,-6340,-5167,-4176,-3337,-2654,-2072,-1627,-1257,-992,-761,-595,-483,-364,-293,-260,-201,-183,-150,-161,-149
2.17600,-17441,-15258,-13228,-11375,-9712,-8157,-6832,-5649,-4611,-3723,-2966,-2375,-1842,-1449,-1114,-861,-673,-526,-417,-327,-268,-237,-161,-152,-131,-135,-111
2.18667,-15242,-13343,-11588,-9932,-8496,-7121,-5978,-4948,-4037,-3258,-2590,-2075,-1607,-1267,-983,-760,-576,-464,-367,-274,-229,-204,-138,-118,-124,-120,-95
2.19733,-13184,-11517,-10010,-8570,-7325,-6135,-5157,-4260,-3476,-2814,-2237,-1796,-1391,-1105,-851,-670,-511,-399,-331,-261,-197,-176,-126,-118,-97,-97,-75
2.20800,-10913,-9529,-8287,-7124,-6085,-5105,-4303,-3558,-2900,-2360,-1876,-1511,-1172,-929,-719,-562,-432,-350,-280,-219,-166,-159,-103,-107,-73,-83,-74
2.21867,-8494,-7463,-6515,-5617,-4830,-4069,-3437,-2860,-2347,-1909,-1524,-1226,-965,-763,-598,-480,-365,-300,-238,-174,-141,-131,-90,-92,-63,-78,-60
2.22933,-6382,-5651,-4962,-4313,-3741,-3142,-2694,-2236,-1856,-1508,-1212,-988,-779,-605,-494,-401,-293,-248,-201,-155,-132,-117,-84,-91,-63,-78,-65
2.24000,-4737,-4210,-3740,-3269,-2861,-2423,-2084,-1741,-1453,-1199,-956,-794,-628,-499,-406,-332,-252,-216,-195,-155,-121,-124,-76,-92,-72,-83,-52
2.25067,-3455,-3107,-2784,-2442,-2158,-1836,-1588,-1343,-1121,-940,-747,-621,-491,-403,-330,-273,-219,-193,-165,-149,-109,-115,-75,-85,-73,-77,-57
2.26133,-2044,-1855,-1696,-1483,-1347,-1159,-1017,-865,-737,-618,-501,-441,-331,-284,-241,-221,-176,-151,-144,-128,-100,-100,-86,-76,-64,-66,-72
2.27200,800,679,532,429,311,256,151,109,70,50,26,-17,-5,-27,-30,-55,-40,-58,-80,-69,-50,-48,-35,-49,-41,-51,-47
2.28267,7774,6901,6032,5244,4508,3876,3266,2750,2315,1920,1604,1314,1106,930,776,656,576,498,425,404,383,368,365,341,338,326,339
2.29333,18454,16468,14583,12860,11205,9752,8393,7219,6184,5291,4546,3886,3378,2958,2593,2307,2105,1918,1790,1715,1632,1567,1546,1499,1486,1452,1436
2.30400,27941,25061,22300,19753,17323,15115,13095,11327,9758,8414,7287,6281,5504,4850,4300,3867,3549,3268,3091,2932,2827,2717,2661,2586,2559,2512,2487
2.31467,34180,30748,27423,24337,21376,18698,16213,14036,12115,10458,9045,7803,6841,6026,5337,4809,4399,4066,3821,3623,3481,3353,3272,3187,3140,3087,3062
2.32533,37779,34046,30433,27048,23809,20850,18099,15677,13538,11678,10107,8731,7645,6722,5958,5347,4897,4522,4226,4015,3847,3715,3612,3516,3466,3410,3371
2.33600,39333,35578,31873,28386,25062,22000,19146,16626,14381,12432,10791,9360,8194,7238,6436,5788,5306,4900,4606,4369,4194,4053,3945,3840,3777,3707,3664
2.34667,38156,34667,31174,27880,24725,21787,19042,16600,14413,12530,10937,9539,8414,7458,6672,6036,5556,5162,4858,4630,4472,4309,4197,4104,4031,3963,3918
2.35733,33803,30909,27971,25189,22424,19873,17485,15339,13411,11724,10318,9059,8053,7189,6516,5934,5488,5141,4845,4650,4481,4332,4217,4120,4061,3991,3947
2.36800,25940,24067,22072,20112,18114,16262,14471,12857,11405,10108,9047,8070,7322,6641,6101,5662,5295,5013,4790,4606,4479,4359,4252,4156,4120,4059,4001
2.37867,11558,11463,11168,10747,10175,9598,8958,8350,7781,7243,6820,6386,6067,5758,5499,5271,5081,4943,4784,4699,4617,4512,4454,4369,4329,4296,4231
2.38933,-7965,-5786,-3929,-2313,-1031,89,954,1676,2273,2746,3157,3435,3703,3849,3962,4028,4082,4090,4082,4079,4078,4020,3964,3919,3897,3856,3828
2.40000,-26696,-22443,-18602,-15151,-12174,-9494,-7245,-5270,-3603,-2194,-994,-79,729,1327,1798,2144,2417,2575,2686,2764,2847,2820,2814,2792,2780,2758,2742
2.41067,-40289,-34589,-29458,-24757,-20558,-16825,-13595,-10746,-8319,-6260,-4495,-3118,-1923,-1019,-294,252,681,963,1180,1335,1446,1473,1516,1509,1507,1503,1493
2.42133,-47426,-41084,-35304,-30027,-25274,-21025,-17314,-14041,-11234,-8850,-6813,-5185,-3805,-2744,-1903,-1223,-735,-365,-102,92,221,295,357,356,368,368,387
2.43200,-48892,-42542,-36764,-31457,-26688,-22392,-18642,-15316,-12463,-10033,-7942,-6293,-4885,-3794,-2913,-2224,-1703,-1318,-1056,-837,-692,-612,-538,-529,-494,-484,-481
2.44267,-46407,-40527,-35158,-30211,-25761,-21732,-18223,-15103,-12419,-10142,-8196,-6644,-5309,-4294,-3452,-2813,-2303,-1946,-1692,-1472,-1338,-1244,-1164,-1157,-1104,-1096,-1094
2.45333,-41695,-36535,-31767,-27404,-23443,-19871,-16763,-14010,-11614,-9593,-7857,-6467,-5291,-4375,-3615,-3059,-2609,-2281,-2056,-1840,-1727,-1632,-1560,-1532,-1497,-1490,-1481
2.46400,-36043,-31653,-27594,-23874,-20517,-17448,-14796,-12433,-10401,-8681,-7178,-6002,-4998,-4204,-3546,-3082,-2684,-2384,-2182,-2016,-1922,-1822,-1756,-1738,-1701,-1699,-1674
2.47467,-30232,-26592,-23276,-20167,-17405,-14854,-12652,-10701,-9005,-7572,-6318,-5346,-4515,-3838,-3300,-2923,-2575,-2338,-2148,-2004,-1905,-1840,-1779,-1766,-1729,-1742,-1722
2.48533,-24806,-21855,-19164,-16670,-14425,-12339,-10570,-8973,-7595,-6427,-5399,-4617,-3921,-3368,-2936,-2629,-2340,-2156,-2002,-1885,-1796,-1752,-1701,-1689,-1653,-1646,-1643
2.49600,-20005,-17686,-15524,-13518,-11720,-10059,-8639,-7370,-6264,-5323,-4498,-3888,-3294,-2870,-2532,-2272,-2043,-1901,-1779,-1694,-1596,-1584,-1531,-1515,-1484,-1474,-1464
2.50667,-15936,-14104,-12416,-10828,-9400,-8085,-6971,-5955,-5086,-4335,-3671,-3188,-2730,-2393,-2124,-1901,-1724,-1594,-1497,-1435,-1358,-1354,-1299,-1312,-1276,-1279,-1260
2.51733,-12647,-11184,-9845,-8610,-7493,-6437,-5569,-4760,-4068,-3487,-2952,-2560,-2202,-1936,-1712,-1546,-1402,-1311,-1217,-1171,-1101,-1112,-1072,-1077,-1040,-1061,-1036
2.52800,-10036,-8870,-7842,-6848,-5946,-5113,-4438,-3779,-3235,-2765,-2348,-2036,-1741,-1534,-1355,-1225,-1116,-1055,-965,-926,-879,-866,-856,-853,-825,-839,-825
2.53867,-8037,-7097,-6273,-5495,-4759,-4109,-3556,-3033,-2589,-2212,-1862,-1620,-1379,-1211,-1058,-963,-866,-814,-765,-708,-668,-700,-646,-652,-636,-642,-650
2.54933,-6579,-5802,-5133,-4466,-3891,-3329,-2896,-2462,-2098,-1789,-1493,-1301,-1100,-969,-834,-760,-668,-638,-611,-555,-500,-534,-499,-517,-500,-501,-498
2.56000,-5479,-4817,-4263,-3710,-3235,-2756,-2395,-2050,-1733,-1474,-1235,-1064,-880,-777,-670,-592,-538,-496,-495,-434,-414,-433,-388,-418,-401,-411,-402
2.57067,-4667,-4102,-3626,-3154,-2739,-2323,-2037,-1729,-1470,-1236,-1025,-879,-733,-653,-556,-480,-445,-392,-405,-369,-343,-357,-313,-356,-312,-334,-344
2.58133,-4057,-3567,-3140,-2731,-2380,-2014,-1772,-1485,-1256,-1066,-889,-767,-635,-550,-479,-442,-377,-348,-345,-322,-304,-299,-281,-303,-271,-291,-291
2.59200,-3609,-3151,-2756,-2414,-2100,-1773,-1560,-1327,-1114,-948,-778,-679,-568,-482,-419,-390,-333,-306,-299,-283,-269,-285,-245,-277,-236,-261,-285
2.60267,-3244,-2866,-2482,-2166,-1888,-1606,-1399,-1196,-1011,-854,-699,-622,-510,-444,-374,-354,-308,-292,-276,-254,-236,-263,-228,-252,-220,-246,-238
2.61333,-2967,-2615,-2270,-1963,-1711,-1464,-1274,-1100,-918,-789,-635,-578,-469,-406,-343,-334,-301,-275,-260,-260,-214,-247,-222,-215,-204,-234,-236
2.62400,-2718,-2404,-2108,-1802,-1593,-1342,-1185,-1008,-853,-730,-585,-531,-440,-383,-321,-328,-292,-263,-261,-232,-204,-241,-200,-207,-195,-228,-232
2.63467,-2524,-2233,-1973,-1693,-1487,-1257,-1106,-942,-803,-692,-555,-502,-413,-372,-322,-302,-285,-255,-253,-237,-201,-225,-204,-206,-204,-221,-237
2.64533,-2369,-2075,-1839,-1571,-1385,-1179,-1030,-891,-760,-651,-531,-475,-392,-363,-313,-292,-273,-252,-243,-242,-196,-224,-204,-218,-219,-225,-243
2.65600,-2264,-1965,-1737,-1472,-1329,-1124,-986,-850,-728,-629,-519,-466,-385,-346,-303,-304,-258,-254,-259,-231,-217,-217,-208,-222,-222,-232,-236
2.66667,-2137,-1864,-1642,-1406,-1261,-1070,-937,-809,-690,-606,-496,-442,-372,-336,-310,-292,-262,-248,-243,-243,-222,-227,-217,-233,-223,-234,-223
2.67733,-2035,-1767,-1576,-1338,-1191,-1025,-904,-784,-667,-587,-489,-446,-374,-328,-305,-288,-260,-259,-244,-251,-228,-239,-219,-246,-219,-232,-243
2.68800,-1929,-1686,-1525,-1309,-1168,-982,-877,-754,-656,-570,-469,-447,-364,-337,-299,-299,-272,-269,-255,-250,-237,-240,-241,-230,-246,-238,-249
2.69867,-1838,-1595,-1434,-1245,-1107,-945,-857,-734,-644,-561,-469,-434,-362,-337,-312,-313,-259,-276,-285,-251,-248,-234,-246,-243,-258,-255,-275
2.70933,-1742,-1524,-1368,-1182,-1079,-907,-822,-711,-631,-559,-469,-442,-366,-334,-315,-319,-288,-287,-286,-265,-256,-250,-242,-259,-259,-262,-281
2.72000,-1657,-1444,-1301,-1133,-1035,-876,-803,-702,-623,-542,-476,-449,-388,-355,-332,-341,-303,-294,-309,-282,-263,-266,-273,-289,-276,-273,-279
2.73067,-1553,-1371,-1238,-1097,-990,-851,-795,-711,-628,-555,-486,-473,-405,-394,-363,-363,-334,-350,-329,-313,-309,-322,-298,-305,-311,-319,-312
2.74133,-1436,-1271,-1155,-1029,-951,-838,-787,-714,-655,-583,-519,-506,-465,-449,-406,-412,-385,-399,-403,-377,-361,-389,-356,-354,-340,-381,-376
2.75200,-1297,-1170,-1094,-969,-921,-831,-798,-738,-686,-642,-579,-566,-536,-513,-512,-498,-463,-487,-476,-463,-449,-477,-432,-444,-430,-469,-474
2.76267,-1089,-995,-954,-907,-898,-830,-814,-780,-744,-713,-662,-667,-631,-628,-617,-603,-575,-594,-592,-585,-558,-576,-553,-572,-559,-573,-576
2.77333,-817,-764,-813,-794,-818,-800,-818,-816,-811,-810,-762,-780,-753,-763,-754,-758,-760,-738,-744,-734,-715,-716,-695,-720,-711,-719,-712
2.78400,-408,-438,-561,-636,-709,-737,-823,-848,-872,-907,-874,-928,-908,-926,-917,-934,-929,-932,-938,-908,-904,-914,-889,-903,-896,-894,-887
2.79467,152,5,-207,-359,-525,-638,-769,-838,-905,-971,-979,-1053,-1051,-1079,-1090,-1114,-1110,-1114,-1121,-1091,-1098,-1101,-1082,-1075,-1068,-1064,-1062
2.80533,886,595,263,5,-254,-439,-650,-785,-905,-1012,-1055,-1142,-1190,-1224,-1226,-1276,-1292,-1295,-1295,-1265,-1285,-1287,-1240,-1262,-1255,-1238,-1238
2.81600,1759,1311,854,462,105,-170,-476,-673,-854,-994,-1093,-1212,-1302,-1342,-1376,-1418,-1444,-1463,-1445,-1438,-1435,-1452,-1394,-1417,-1404,-1395,-1400
2.82667,2797,2164,1555,1037,559,154,-225,-516,-763,-953,-1097,-1272,-1357,-1417,-1483,-1547,-1573,-1590,-1595,-1576,-1582,-1589,-1541,-1562,-1532,-1544,-1539
2.83733,3948,3137,2358,1679,1077,558,81,-287,-605,-863,-1058,-1270,-1386,-1481,-1546,-1620,-1671,-1681,-1700,-1686,-1684,-1696,-1635,-1664,-1650,-1641,-1637
2.84800,5231,4227,3256,2457,1692,1066,469,5,-380,-706,-958,-1196,-1351,-1458,-1558,-1644,-1704,-1729,-1757,-1751,-1733,-1756,-1713,-1714,-1701,-1707,-1700
2.85867,6657,5442,4290,3324,2425,1694,980,434,-30,-414,-709,-1003,-1181,-1341,-1459,-1549,-1610,-1664,-1682,-1694,-1685,-1686,-1656,-1660,-1650,-1656,-1643
2.86933,8047,6677,5368,4272,3266,2408,1624,994,464,26,-315,-644,-864,-1037,-1175,-1300,-1345,-1415,-1437,-1453,-1454,-1465,-1429,-1436,-1413,-1432,-1409
2.88000,9280,7770,6356,5152,4042,3100,2246,1548,970,473,100,-246,-493,-686,-843,-966,-1045,-1115,-1126,-1156,-1170,-1173,-1129,-1152,-1136,-1136,-1113
2.89067,10309,8662,7177,5865,4680,3691,2758,2028,1390,868,472,90,-158,-383,-552,-676,-759,-836,-866,-878,-900,-907,-870,-899,-876,-887,-882
2.90133,11124,9390,7838,6453,5201,4145,3172,2406,1727,1186,745,367,89,-142,-307,-448,-534,-611,-657,-681,-696,-704,-679,-706,-684,-683,-692
2.91200,11814,10029,8399,6953,5650,4553,3543,2733,2033,1479,1019,621,327,88,-94,-234,-333,-409,-466,-487,-507,-516,-490,-517,-502,-512,-506
2.92267,12427,10587,8909,7419,6087,4951,3917,3073,2361,1775,1314,903,598,369,163,11,-81,-152,-213,-217,-267,-270,-260,-293,-288,-282,-279
2.93333,12890,11013,9312,7830,6471,5326,4275,3438,2701,2118,1648,1237,917,691,487,311,222,156,96,51,37,45,25,2,27,12,7
2.94400,13091,11237,9547,8070,6739,5587,4553,3720,2991,2408,1943,1526,1215,988,783,618,523,455,395,353,324,310,326,287,309,296,284
2.95467,13047,11233,9609,8151,6855,5729,4731,3905,3181,2608,2168,1756,1459,1219,1020,862,754,686,621,575,586,548,570,515,531,522,500
2.96533,12827,11097,9518,8132,6859,5780,4799,4015,3316,2762,2327,1929,1666,1414,1224,1074,966,886,835,793,784,752,778,734,725,718,717
2.97600,12432,10794,9264,7952,6739,5710,4796,4035,3373,2841,2413,2045,1789,1552,1377,1217,1129,1054,985,955,938,900,923,890,876,874,868
2.98667,11889,10348,8886,7659,6499,5535,4632,3935,3321,2812,2407,2068,1797,1591,1422,1268,1185,1100,1046,1014,1010,975,983,950,935,923,904
2.99733,11293,9850,8480,7295,6205,5302,4453,3774,3208,2718,2353,2023,1772,1567,1402,1269,1187,1111,1046,1021,1002,975,963,948,959,939,920
3.00800,10745,9377,8095,6987,5991,5134,4346,3695,3165,2717,2359,2043,1810,1625,1470,1339,1273,1181,1130,1095,1088,1061,1063,1036,1036,1017,1011
3.01867,10112,8907,7717,6705,5784,5011,4280,3686,3199,2784,2480,2174,1968,1795,1671,1535,1462,1373,1328,1294,1289,1260,1254,1250,1225,1207,1220
3.02933,9288,8189,7165,6264,5437,4752,4099,3588,3164,2781,2521,2243,2082,1925,1806,1681,1631,1534,1507,1472,1438,1426,1429,1414,1392,1387,1374
3.04000,8247,7308,6407,5650,4936,4362,3784,3353,2974,2657,2441,2202,2065,1916,1817,1693,1659,1594,1549,1510,1505,1504,1499,1468,1465,1420,1427
3.05067,7056,6280,5529,4921,4318,3848,3369,3018,2706,2435,2254,2064,1944,1829,1735,1664,1611,1553,1530,1486,1480,1467,1469,1434,1441,1394,1392
3.06133,5819,5201,4621,4144,3656,3280,2883,2605,2385,2178,2025,1867,1790,1685,1598,1551,1517,1448,1436,1408,1407,1374,1378,1352,1346,1325,1305
3.07200,4601,4141,3692,3327,2953,2671,2363,2154,1978,1816,1714,1594,1536,1453,1388,1347,1316,1253,1249,1227,1228,1207,1206,1181,1183,1154,1149
3.08267,3515,3200,2842,2567,2294,2089,1852,1694,1571,1439,1368,1283,1231,1180,1131,1100,1069,1035,1028,1014,1015,991,994,975,962,955,938
3.09333,2587,2348,2093,1908,1706,1576,1385,1277,1194,1109,1059,988,957,919,878,844,851,807,812,797,789,771,791,770,749,753,726
3.10400,1820,1683,1501,1365,1214,1130,996,925,868,809,794,728,725,689,666,629,641,617,607,602,591,597,594,565,567,559,546
3.11467,1213,1137,1036,930,831,774,670,626,598,549,564,505,498,492,470,448,441,425,424,414,422,418,417,411,407,395,383
3.12533,763,726,640,579,519,502,413,405,382,350,365,321,331,323,316,277,282,284,268,267,270,273,282,254,267,263,230
3.13600,466,472,391,344,298,302,248,230,213,200,234,202,212,193,189,164,186,149,173,153,177,157,178,145,161,149,147
3.14667,259,254,211,199,170,169,116,130,121,105,136,101,123,114,110,89,96,77,89,97,100,84,98,94,87,77,83
3.15733,154,156,106,116,87,91,57,51,46,48,74,51,66,64,69,37,62,40,52,41,53,43,55,38,40,29,41
3.16800,87,85,56,72,31,46,17,9,10,8,34,22,52,30,49,15,42,16,6,19,17,25,33,20,21,13,4
3.17867,47,73,23,49,9,14,-5,-15,-23,-7,36,2,11,1,28,-3,25,-3,-7,1,9,11,21,-2,11,-2,1
3.18933,-2,35,9,20,-5,-6,-31,-19,-39,-23,18,-11,2,-4,5,-18,14,-3,-17,-11,6,-16,-9,-12,14,-1,-9
3.20000,-22,-31,4,11,-12,-10,-42,-26,-29,-29,-4,-29,-3,-2,-9,-11,-4,-11,-8,-16,-4,-3,10,-18,0,-16,0
3.21067,-36,-25,-23,0,-7,3,-47,-32,-43,-19,0,-37,-1,-16,-18,-5,-4,-13,-7,-14,-14,-13,12,-11,-11,-18,-7
3.22133,-28,-31,-35,-13,-28,0,-53,-39,-40,-36,-19,-49,2,-25,-20,-19,4,-19,-32,-15,-15,-5,3,-22,-12,-14,-18
3.23200,-60,-27,-50,-14,-39,-10,-66,-42,-54,-53,-26,-42,-13,-25,-21,-20,3,-12,-33,-15,-22,-8,-12,-31,-8,-7,-35
3.24267,-64,-2,-55,-38,-49,-19,-62,-54,-49,-60,-26,-37,-26,-20,-22,2,-27,-15,-31,-17,-5,-19,-21,-7,11,-15,-22
3.25333,-79,-23,-53,-37,-54,-28,-57,-54,-59,-61,-23,-43,-22,-16,-16,-6,-13,-27,-28,-14,-10,-20,-5,-29,-12,-25,-27
3.26400,-61,-21,-54,-37,-48,-21,-65,-56,-60,-43,-26,-58,-15,-19,-12,-4,-15,-31,-34,-17,2,-37,7,-20,-30,-35,-5
3.27467,-71,-36,-61,-37,-60,-19,-61,-55,-54,-38,-21,-54,-21,-23,-2,-12,-3,-30,-34,-10,-6,-26,5,-23,-19,-28,3
3.28533,-96,-37,-59,-39,-60,-47,-65,-52,-60,-36,-25,-31,-13,-13,4,-30,0,-32,-41,-5,1,-9,6,-19,-8,-24,-4
3.29600,-95,-34,-71,-45,-65,-34,-77,-55,-43,-40,-20,-32,-16,-10,0,-19,-1,-26,-25,-31,-7,-22,-10,-20,-8,-28,-11
3.30667,-89,-59,-70,-44,-68,-35,-63,-56,-51,-49,-18,-31,-14,-9,-11,-23,-6,-28,-9,-19,2,-13,8,-7,12,-14,1
3.31733,-88,-52,-74,-44,-60,-34,-71,-57,-46,-39,-19,-35,-10,-10,-6,-17,-6,-12,-17,-13,-16,-6,13,0,1,-23,-15
3.32800,-99,-61,-81,-72,-69,-42,-76,-62,-50,-41,-19,-37,-2,-15,-3,-15,-4,-16,-15,-2,-18,-17,13,-4,-1,-27,-9
3.33867,-97,-48,-87,-57,-86,-43,-74,-65,-64,-47,-10,-43,-13,-7,-11,-30,-20,-16,-20,-23,-20,-12,6,-2,-7,-32,-7
3.34933,-103,-63,-81,-67,-85,-48,-80,-60,-68,-45,-6,-42,-14,-11,-6,-33,-16,-26,-23,-32,-23,-17,14,-29,-11,-35,-33
3.36000,-93,-67,-89,-80,-90,-53,-75,-70,-54,-41,-21,-37,-13,-14,-10,-37,-13,-30,-15,-28,-4,-27,-5,-31,-13,-37,-38
3.37067,-100,-85,-93,-81,-77,-60,-75,-72,-61,-51,-16,-37,-12,-22,-16,-41,-22,-36,-44,-18,-22,-12,-17,-30,-14,-30,-29
3.38133,-111,-77,-81,-68,-86,-56,-76,-75,-60,-59,-24,-47,-14,-26,-26,-26,-24,-33,-32,-33,-4,-26,-20,-25,-9,-27,-42
3.39200,-89,-77,-88,-85,-83,-58,-91,-63,-70,-66,-28,-59,-20,-27,-20,-34,-16,-23,-34,-32,-25,-30,-11,-24,-14,-32,-40
3.40267,-88,-91,-91,-78,-83,-67,-89,-73,-57,-68,-29,-64,-26,-28,-21,-17,-20,-19,-39,-35,-30,-33,-18,-30,-19,-24,-42
3.41333,-119,-83,-89,-81,-93,-64,-80,-72,-57,-63,-27,-69,-29,-25,-31,-26,-30,-26,-50,-24,-24,-27,-5,-23,-24,-15,-53
3.42400,-119,-70,-110,-63,-108,-52,-85,-71,-75,-71,-33,-59,-33,-33,-35,-37,-19,-31,-56,-29,-39,-31,-21,-24,-29,-13,-50
3.43467,-134,-76,-91,-83,-108,-80,-93,-83,-79,-61,-28,-57,-36,-34,-22,-32,-15,-36,-51,-37,-19,-32,-33,-24,-37,-20,-49
3.44533,-124,-101,-101,-72,-112,-74,-88,-88,-76,-65,-20,-51,-27,-29,-20,-33,-25,-38,-34,-38,9,-34,-35,-33,-50,-32,-41
3.45600,-118,-96,-115,-82,-99,-87,-93,-73,-74,-71,-34,-60,-19,-36,-15,-42,-31,-31,-35,-38,-25,-25,-34,-37,-31,-37,-42
3.46667,-109,-78,-95,-79,-104,-84,-99,-76,-74,-63,-34,-62,-31,-39,-18,-47,-33,-50,-37,-49,-32,-33,-10,-36,-36,-34,-46
3.47733,-132,-103,-102,-87,-100,-87,-110,-88,-88,-65,-35,-73,-20,-44,-28,-37,-32,-50,-35,-47,-33,-31,-7,-28,-35,-36,-29
3.48800,-112,-89,-99,-88,-100,-88,-114,-97,-65,-71,-26,-72,-28,-44,-33,-33,-47,-43,-37,-32,-38,-40,-11,-3,-20,-41,-35
3.49867,-113,-103,-99,-95,-109,-85,-113,-85,-76,-59,-32,-62,-33,-27,-25,-34,-29,-42,-45,-37,-27,-18,-18,-27,-46,-37,-34
3.50933,-109,-89,-103,-84,-101,-75,-97,-91,-76,-69,-32,-56,-30,-34,-22,-46,-35,-38,-60,-41,-29,-22,-9,-25,-25,-41,-46
3.52000,-115,-79,-108,-95,-90,-73,-103,-82,-69,-59,-37,-55,-38,-45,-36,-55,-29,-35,-51,-35,-30,-20,-8,-28,-20,-33,-48
3.53067,-111,-83,-109,-93,-100,-61,-97,-99,-77,-72,-53,-60,-44,-36,-37,-58,-18,-49,-64,-36,-35,-53,-28,-24,-35,-35,-50
3.54133,-120,-88,-112,-89,-94,-75,-99,-96,-82,-71,-56,-69,-41,-31,-34,-65,-33,-49,-68,-25,-43,-50,-20,-34,-26,-45,-49
3.55200,-122,-99,-103,-84,-106,-79,-82,-89,-83,-74,-48,-59,-44,-28,-43,-53,-35,-52,-46,-44,-37,-46,-28,-36,-15,-57,-37
3.56267,-98,-80,-119,-97,-104,-73,-95,-84,-85,-74,-48,-65,-43,-26,-40,-41,-32,-55,-52,-49,-42,-54,-29,-43,-38,-45,-44
3.57333,-92,-84,-113,-85,-112,-69,-101,-88,-91,-78,-32,-72,-42,-34,-41,-44,-24,-65,-38,-47,-37,-59,-19,-62,-23,-43,-48
3.58400,-120,-94,-117,-85,-100,-80,-111,-84,-82,-61,-45,-67,-39,-36,-37,-42,-41,-49,-35,-45,-41,-54,-31,-51,-24,-45,-44
3.59467,-143,-95,-117,-102,-93,-82,-103,-81,-80,-58,-35,-49,-28,-30,-33,-30,-45,-46,-36,-52,-26,-46,-13,-42,-23,-50,-55
3.60533,-114,-98,-109,-96,-98,-83,-103,-89,-69,-64,-41,-70,-16,-18,-25,-36,-40,-50,-36,-37,-30,-30,-17,-47,-21,-52,-46
3.61600,-130,-93,-118,-83,-102,-76,-103,-105,-80,-72,-42,-65,-34,-20,-23,-24,-12,-36,-46,-25,-35,-36,-10,-62,-33,-50,-55
3.62667,-132,-106,-119,-94,-107,-71,-104,-101,-80,-76,-42,-56,-14,-22,-23,-42,-20,-41,-42,-26,-26,-51,-8,-53,-32,-51,-59
3.63733,-122,-112,-104,-91,-116,-64,-94,-82,-80,-77,-37,-44,-27,-21,-15,-40,-20,-39,-52,-26,-23,-48,-22,-46,-32,-46,-60
3.64800,-100,-111,-105,-92,-107,-72,-95,-89,-86,-67,-26,-42,-14,-34,-14,-38,-18,-49,-36,-30,-19,-39,-28,-49,-39,-55,-58
3.65867,-113,-108,-121,-101,-118,-71,-98,-73,-92,-74,-28,-50,-13,-26,-3,-32,-26,-46,-32,-30,-16,-38,-25,-29,-36,-59,-51
3.66933,-106,-110,-125,-89,-106,-71,-99,-90,-79,-69,-21,-51,-17,-36,-14,-24,-22,-43,-61,-25,-29,-51,-7,-20,-35,-42,-46
3.68000,-127,-87,-91,-78,-96,-66,-101,-87,-80,-73,-15,-49,-22,-32,-24,-30,-15,-30,-38,-27,-29,-42,-18,-36,-30,-43,-32
3.69067,-125,-88,-91,-83,-92,-68,-90,-79,-81,-58,-24,-54,-19,-26,-9,-30,-28,-39,-33,-38,-23,-38,-17,-36,-46,-31,-50
3.70133,-145,-85,-101,-85,-96,-68,-98,-74,-57,-59,-33,-54,-17,-26,-29,-37,-25,-44,-18,-34,-26,-36,-10,-40,-17,-41,-52
3.71200,-149,-80,-91,-86,-78,-57,-84,-73,-64,-74,-37,-51,-17,-24,-21,-42,-22,-38,-34,-29,-19,-29,-19,-41,-28,-41,-44
3.72267,-121,-107,-90,-82,-107,-70,-94,-74,-58,-59,-25,-44,-20,-29,-17,-34,-23,-32,-42,-36,-21,-22,-15,-23,-25,-43,-57
3.73333,-104,-91,-95,-82,-102,-63,-101,-83,-63,-58,-22,-42,-27,-23,-24,-30,-33,-27,-36,-25,-20,-29,-19,-47,-20,-38,-32
3.74400,-91,-83,-103,-66,-93,-68,-92,-74,-59,-67,-14,-37,-38,-26,-19,-38,-32,-24,-42,-32,-25,-40,-22,-40,-37,-46,-35
3.75467,-91,-96,-100,-67,-93,-59,-96,-77,-68,-65,-22,-53,-27,-24,-12,-25,-30,-23,-31,-39,-23,-30,-30,-40,-25,-27,-34
3.76533,-79,-102,-95,-65,-93,-80,-93,-77,-75,-58,-36,-57,-19,-30,-16,-38,-30,-46,-31,-21,-15,-19,-16,-37,-22,-38,-42
3.77600,-132,-89,-86,-73,-99,-71,-90,-78,-69,-54,-25,-55,-22,-25,-28,-49,-41,-41,-34,-23,-30,-28,-6,-41,-27,-47,-22
3.78667,-132,-65,-89,-79,-100,-67,-91,-75,-72,-58,-22,-52,-14,-28,-27,-44,-27,-42,-40,-27,-20,-21,-5,-24,-18,-44,-36
3.79733,-129,-54,-100,-75,-94,-72,-89,-74,-71,-65,-21,-42,-20,-26,-20,-37,-39,-30,-47,-29,-16,-37,3,-41,-40,-39,-46
3.80800,-130,-75,-98,-77,-96,-67,-85,-80,-74,-63,-27,-50,-24,-33,-18,-33,-40,-20,-38,-17,-35,-38,-15,-17,-19,-47,-45
3.81867,-115,-79,-87,-77,-105,-51,-80,-77,-73,-63,-30,-53,-33,-24,-17,-35,-35,-22,-54,-6,-27,-29,-11,-43,-25,-46,-39
3.82933,-109,-92,-103,-83,-97,-78,-77,-73,-60,-69,-31,-51,-26,-29,-19,-39,-40,-26,-36,0,-2,-21,-29,-35,-38,-36,-22
3.84000,-107,-87,-111,-82,-84,-64,-82,-77,-61,-53,-22,-56,-26,-35,-15,-36,-53,-42,-31,-1,-18,-34,-19,-33,-32,-33,-26
3.85067,-123,-68,-98,-77,-74,-61,-80,-78,-51,-48,-25,-54,-23,-29,-4,-27,-37,-46,-40,-25,-29,-33,-16,-19,-27,-46,-27
3.86133,-115,-53,-83,-72,-75,-51,-79,-85,-64,-55,-48,-61,-11,-25,-20,-20,-43,-27,-40,-35,-35,-21,-10,-29,-14,-39,-35
3.87200,-104,-51,-91,-70,-62,-55,-83,-81,-62,-46,-35,-55,-18,-37,-12,-38,-39,-22,-35,-18,-29,-26,-16,-31,-11,-27,-22
3.88267,-124,-55,-78,-68,-73,-58,-91,-73,-61,-45,-41,-48,-19,-35,-18,-40,-29,-25,-37,-25,-19,-18,-3,-22,-3,-24,-31
3.89333,-106,-68,-85,-61,-70,-49,-95,-65,-52,-46,-40,-55,-16,-30,-10,-36,-29,-32,-37,-20,-19,-2,-14,-17,-9,-16,-29
3.90400,-97,-65,-94,-54,-72,-61,-80,-64,-67,-50,-27,-44,-19,-32,-25,-35,-20,-52,-16,-26,-8,-13,2,-14,-7,-29,-30
3.91467,-122,-67,-102,-63,-71,-57,-74,-69,-63,-60,-32,-62,-24,-44,-31,-33,-22,-39,-17,-29,-6,-19,9,-35,-26,-24,-21
3.92533,-108,-65,-88,-53,-81,-67,-86,-69,-63,-54,-21,-46,-25,-37,-20,-45,-15,-43,-33,-32,-18,-24,10,-32,-39,-21,-41
3.93600,-113,-64,-81,-73,-74,-66,-76,-70,-53,-57,-25,-51,-19,-46,-28,-39,-25,-38,-39,-23,-17,-47,8,-29,-29,-22,-27
3.94667,-84,-72,-73,-77,-83,-51,-92,-75,-63,-66,-36,-55,-29,-39,-16,-39,-19,-39,-49,-33,-6,-40,2,-9,-26,-35,-32
3.95733,-87,-80,-83,-64,-75,-64,-88,-70,-66,-66,-39,-51,-19,-37,-20,-39,-27,-29,-53,-24,-14,-33,11,-7,-23,-31,-32
3.96800,-112,-77,-87,-74,-81,-54,-86,-68,-66,-66,-44,-52,-26,-19,-31,-44,-19,-32,-49,-29,-13,-44,-5,-33,-26,-17,-35
3.97867,-106,-94,-93,-72,-90,-61,-103,-72,-58,-68,-42,-42,-29,-24,-31,-49,-33,-36,-55,-35,-11,-53,-14,-41,-29,-30,-39
3.98933,-112,-84,-91,-82,-81,-68,-96,-81,-69,-67,-32,-54,-30,-22,-26,-40,-39,-42,-44,-30,-16,-34,-14,-47,-29,-30,-37
4.00000,-114,-70,-98,-84,-85,-69,-86,-74,-67,-68,-29,-73,-37,-29,-26,-50,-19,-41,-34,-27,-17,-44,-4,-41,-38,-44,-50
4.01067,-109,-80,-90,-83,-92,-69,-91,-80,-66,-76,-23,-53,-35,-35,-33,-37,-27,-41,-39,-41,-10,-52,-10,-21,-23,-34,-50
4.02133,-109,-65,-101,-75,-93,-66,-106,-77,-61,-59,-27,-49,-24,-31,-20,-41,-18,-36,-44,-39,-9,-23,-37,-38,-26,-45,-50
4.03200,-106,-74,-87,-67,-91,-64,-107,-81,-69,-57,-24,-47,-26,-16,-23,-26,-29,-29,-42,-24,-38,-41,-24,-39,-32,-37,-37
4.04267,-105,-64,-103,-81,-83,-69,-107,-69,-64,-70,-28,-55,-15,-24,-27,-30,-25,-29,-46,-26,-15,-42,-13,-60,-38,-52,-45
4.05333,-84,-67,-80,-61,-82,-75,-96,-76,-75,-73,-41,-60,-31,-32,-23,-49,-25,-35,-38,-27,-21,-42,-20,-42,-24,-47,-47
4.06400,-115,-59,-80,-71,-97,-79,-95,-97,-88,-65,-51,-50,-21,-31,-27,-46,-25,-42,-35,-30,-34,-48,-25,-31,-3,-43,-50
4.07467,-110,-69,-95,-67,-94,-73,-100,-83,-90,-62,-38,-53,-12,-33,-17,-34,-23,-36,-37,-24,-29,-42,-12,-41,-12,-43,-53
4.08533,-111,-77,-103,-83,-93,-71,-91,-77,-87,-77,-37,-66,-20,-25,-9,-24,-32,-39,-37,-39,-31,-30,-27,-30,-29,-43,-53
4.09600,-125,-81,-109,-68,-87,-69,-98,-80,-68,-81,-36,-72,-35,-25,-19,-29,-32,-37,-47,-31,-33,-20,-11,-27,-38,-45,-60
4.10667,-144,-70,-102,-67,-74,-73,-98,-96,-75,-90,-43,-59,-23,-26,-29,-46,-36,-29,-47,-28,-13,-15,-6,-29,-38,-40,-49
4.11733,-123,-96,-98,-58,-95,-67,-99,-95,-67,-73,-38,-57,-28,-25,-30,-37,-30,-43,-42,-27,-32,-42,-10,-36,-29,-44,-45
4.12800,-122,-102,-102,-71,-90,-70,-93,-82,-72,-69,-35,-61,-35,-27,-37,-27,-35,-41,-41,-13,-26,-43,0,-27,-34,-51,-40
4.13867,-123,-93,-96,-91,-83,-63,-110,-90,-63,-62,-32,-55,-15,-32,-29,-39,-38,-44,-32,-23,-18,-42,-22,-34,-40,-39,-42
4.14933,-137,-112,-124,-94,-102,-66,-102,-74,-72,-61,-24,-54,-27,-27,-11,-46,-35,-28,-26,-31,-25,-41,-14,-33,-34,-34,-45
4.16000,-142,-121,-125,-77,-93,-74,-86,-78,-63,-67,-32,-51,-28,-31,-35,-53,-36,-32,-41,-26,-13,-29,-15,-48,-22,-36,-40
4.17067,-123,-138,-115,-92,-106,-73,-91,-91,-80,-73,-34,-57,-17,-35,-22,-40,-48,-32,-41,-33,-31,-51,-24,-39,-25,-41,-51
4.18133,-116,-111,-97,-84,-104,-67,-103,-91,-82,-70,-26,-52,-27,-30,-16,-41,-37,-24,-57,-39,-29,-38,-6,-36,-25,-36,-44
4.19200,-125,-108,-109,-71,-104,-67,-104,-81,-80,-72,-32,-52,-26,-40,-23,-33,-26,-31,-46,-31,-21,-44,-17,-44,-39,-44,-38
4.20267,-142,-89,-113,-90,-95,-49,-104,-77,-68,-60,-33,-48,-28,-22,-26,-36,-29,-37,-46,-39,-35,-46,-10,-34,-18,-33,-51
4.21333,-120,-109,-103,-86,-88,-57,-84,-71,-70,-55,-32,-50,-33,-19,-26,-41,-45,-27,-29,-36,-37,-46,-6,-51,-32,-42,-38
4.22400,-121,-82,-101,-95,-84,-63,-77,-82,-69,-62,-38,-60,-25,-39,-23,-33,-39,-20,-46,-33,-29,-36,-14,-40,-29,-60,-50
4.23467,-141,-83,-104,-82,-93,-55,-81,-79,-86,-62,-30,-58,-26,-27,-31,-50,-29,-31,-38,-28,-29,-53,-9,-35,-30,-49,-48
4.24533,-135,-72,-108,-65,-91,-62,-87,-79,-86,-63,-39,-57,-8,-26,-29,-56,-51,-35,-49,-43,-32,-37,-5,-31,-33,-48,-45
4.25600,-111,-71,-100,-74,-80,-69,-98,-65,-80,-66,-30,-65,-26,-29,-31,-43,-38,-28,-47,-37,-25,-42,-10,-25,-35,-59,-33
4.26667,-121,-85,-95,-70,-84,-71,-88,-70,-81,-54,-25,-56,-22,-13,-23,-32,-14,-40,-27,-38,-14,-50,-21,-26,-17,-55,-46
4.27733,-114,-91,-83,-76,-84,-74,-94,-72,-77,-61,-27,-49,-30,-26,-28,-37,-15,-48,-33,-31,-33,-48,-21,-28,-29,-51,-48
4.28800,-108,-90,-87,-71,-83,-72,-91,-77,-77,-53,-25,-53,-42,-28,-22,-39,-28,-40,-33,-37,-16,-51,-14,-32,-43,-46,-52
4.29867,-115,-81,-91,-61,-85,-55,-86,-82,-75,-52,-28,-46,-19,-16,-37,-43,-36,-37,-66,-37,-15,-48,-18,-23,-27,-40,-45
4.30933,-122,-82,-109,-73,-88,-61,-92,-72,-71,-53,-29,-52,-22,-21,-37,-45,-36,-38,-43,-37,-19,-39,-9,-26,-32,-50,-51
4.32000,-91,-104,-97,-67,-86,-66,-102,-83,-68,-47,-31,-47,-27,-21,-27,-48,-36,-47,-48,-28,-36,-38,-3,-41,-23,-46,-43
4.33067,-127,-95,-108,-72,-104,-66,-92,-81,-61,-54,-36,-52,-37,-18,-38,-37,-23,-36,-32,-29,-29,-37,-16,-32,-29,-49,-59
4.34133,-120,-86,-110,-72,-97,-67,-80,-73,-63,-63,-21,-44,-32,-22,-26,-45,-27,-28,-38,-26,-29,-45,-19,-34,-37,-58,-39
4.35200,-85,-69,-99,-51,-88,-52,-83,-88,-75,-67,-23,-42,-30,-28,-25,-59,-25,-42,-27,-25,-13,-35,-19,-56,-30,-60,-47
4.36267,-95,-74,-95,-75,-93,-64,-86,-89,-66,-56,-26,-50,-29,-11,-7,-44,-28,-52,-26,-35,0,-32,-17,-47,-37,-51,-47
4.37333,-96,-117,-84,-96,-84,-64,-86,-83,-80,-60,-36,-42,-29,-23,-28,-39,-33,-39,-45,-44,-28,-24,-12,-48,-26,-57,-42
4.38400,-96,-104,-81,-91,-82,-77,-87,-72,-73,-66,-28,-53,-19,-31,-24,-31,-40,-35,-43,-42,-17,-29,-10,-43,-20,-55,-26
4.39467,-92,-86,-113,-77,-83,-70,-92,-76,-79,-75,-34,-45,-12,-27,-26,-52,-18,-29,-48,-39,-30,-43,-7,-37,-32,-58,-49
4.40533,-91,-87,-93,-78,-79,-82,-96,-87,-62,-61,-33,-57,-25,-22,-22,-27,-36,-35,-33,-31,-21,-34,-25,-35,-35,-44,-45
4.41600,-128,-72,-96,-66,-88,-58,-97,-81,-68,-55,-33,-51,-24,-34,-16,-33,-14,-41,-37,-24,-28,-54,-32,-33,-29,-38,-38
4.42667,-125,-97,-96,-67,-108,-44,-96,-85,-72,-57,-37,-62,-25,-19,-18,-48,-17,-40,-39,-34,-17,-32,-25,-47,-49,-42,-37
4.43733,-128,-103,-102,-69,-101,-63,-79,-95,-80,-52,-30,-55,-20,-32,-33,-33,-17,-23,-29,-51,-27,-47,-28,-24,-28,-60,-54
4.44800,-112,-91,-117,-64,-94,-58,-87,-80,-63,-54,-36,-49,-30,-34,-29,-46,-33,-44,-51,-50,-40,-43,-13,-40,-19,-42,-39
4.45867,-103,-68,-106,-72,-90,-73,-95,-74,-64,-57,-34,-48,-34,-34,-24,-43,-31,-39,-61,-45,-26,-48,-22,-29,-22,-42,-47
4.46933,-109,-94,-91,-86,-89,-67,-107,-73,-62,-62,-34,-58,-33,-34,-36,-30,-30,-39,-51,-17,-29,-32,-8,-37,-20,-44,-53
4.48000,-125,-84,-102,-89,-73,-65,-87,-79,-68,-60,-37,-56,-38,-37,-31,-31,-30,-38,-37,-28,-13,-33,-26,-27,-28,-47,-50
4.49067,-107,-87,-104,-82,-87,-70,-96,-93,-78,-61,-39,-58,-39,-45,-22,-24,-26,-39,-30,-39,-22,-40,-19,-33,-26,-44,-50
4.50133,-99,-84,-116,-95,-95,-61,-103,-88,-76,-55,-24,-57,-44,-38,-10,-42,-23,-37,-30,-37,-26,-36,-15,-45,-20,-39,-44
4.51200,-105,-83,-114,-81,-92,-75,-92,-88,-79,-62,-42,-65,-35,-30,-10,-34,-41,-30,-41,-25,-24,-34,-21,-40,-20,-43,-32
4.52267,-119,-71,-96,-75,-95,-71,-109,-82,-66,-62,-31,-48,-42,-36,-24,-46,-26,-55,-45,-40,-17,-28,-17,-37,-15,-54,-35
4.53333,-108,-81,-107,-60,-96,-64,-96,-81,-84,-59,-41,-51,-41,-28,-37,-50,-14,-41,-46,-49,-19,-33,-4,-23,-20,-32,-30
4.54400,-137,-93,-118,-88,-93,-72,-94,-84,-82,-67,-30,-53,-40,-41,-23,-49,-18,-33,-30,-48,-17,-26,2,-40,-11,-47,-43
4.55467,-109,-89,-97,-89,-93,-74,-92,-81,-79,-71,-29,-54,-45,-39,-21,-52,-21,-35,-41,-22,-23,-40,-9,-41,-22,-48,-22
4.56533,-110,-79,-90,-83,-98,-61,-75,-76,-80,-61,-33,-45,-37,-38,-14,-39,-21,-28,-27,-17,-21,-45,-12,-38,-23,-44,-19
4.57600,-125,-89,-114,-86,-87,-65,-76,-75,-73,-64,-30,-52,-34,-30,-12,-36,-15,-27,-29,-29,-32,-39,-17,-48,-24,-46,-30
4.58667,-132,-80,-96,-70,-74,-69,-92,-71,-75,-65,-23,-58,-27,-45,-11,-43,-28,-36,-35,-35,-31,-38,-7,-36,-25,-39,-43
4.59733,-133,-66,-100,-95,-87,-79,-88,-79,-68,-54,-20,-53,-29,-21,-22,-34,-23,-20,-47,-24,-36,-49,-28,-44,-23,-43,-38
4.60800,-142,-102,-85,-84,-100,-71,-101,-84,-68,-62,-14,-49,-25,-25,-24,-38,-35,-35,-38,-17,-27,-39,-12,-36,-36,-41,-45
4.61867,-122,-92,-95,-93,-92,-77,-103,-89,-71,-57,-30,-54,-3,-30,-31,-30,-15,-45,-35,-19,-26,-35,0,-27,-28,-48,-40
4.62933,-114,-82,-101,-89,-103,-72,-106,-90,-64,-51,-35,-44,-2,-28,-19,-34,-23,-54,-41,-34,-21,-42,-28,-49,-21,-32,-47
4.64000,-105,-88,-104,-84,-104,-71,-99,-80,-51,-47,-32,-36,-19,-32,-13,-41,-19,-40,-48,-21,-27,-43,3,-45,-31,-32,-47
4.65067,-103,-71,-99,-76,-95,-63,-81,-76,-66,-51,-33,-53,-31,-25,-17,-34,-17,-38,-39,-12,-18,-41,2,-41,-29,-44,-28
4.66133,-106,-57,-91,-83,-82,-55,-83,-75,-65,-51,-26,-44,-6,-20,-27,-13,-10,-32,-26,-13,-27,-29,7,-12,-11,-41,-14
4.67200,-89,-49,-83,-87,-70,-55,-88,-74,-63,-60,-21,-40,-19,-15,-21,-19,2,-21,-12,-7,-13,-14,-4,-20,-3,-16,0
4.68267,-77,-47,-81,-87,-68,-49,-77,-60,-55,-52,-16,-38,-12,-9,-15,-28,-2,-17,-14,8,2,-21,19,-3,-1,1,-3
4.69333,-85,-45,-83,-78,-75,-47,-79,-59,-72,-51,-21,-37,-3,5,9,-26,1,-15,0,6,15,-1,42,15,42,11,13
4.70400,-105,-56,-69,-59,-74,-46,-65,-56,-52,-48,-14,-28,-7,-1,15,-20,3,-11,2,12,17,2,32,26,45,32,18
4.71467,-110,-34,-62,-77,-71,-37,-71,-67,-62,-49,-17,-36,-12,-13,11,-15,-6,-12,-12,16,21,12,39,20,51,33,32
4.72533,-90,-58,-84,-66,-86,-35,-79,-51,-65,-49,-8,-34,-16,-12,5,-24,7,8,-10,13,28,28,37,13,39,25,21
4.73600,-87,-72,-75,-59,-87,-50,-73,-58,-57,-56,-18,-28,0,2,11,-22,16,-4,7,7,30,11,32,4,21,15,14
4.74667,-87,-44,-53,-74,-95,-49,-78,-59,-42,-55,-14,-37,-6,-4,-1,-15,-5,-25,-5,-8,18,9,34,3,19,11,18
4.75733,-104,-54,-75,-62,-87,-32,-87,-67,-50,-46,-24,-54,-19,-5,-12,-26,-15,-15,-5,-14,4,-20,18,-4,0,8,7
4.76800,-86,-72,-85,-71,-79,-45,-83,-67,-59,-46,-22,-52,-12,-12,-5,-24,-16,-19,3,-32,-19,-15,12,-20,10,-7,-13
4.77867,-108,-82,-82,-67,-66,-56,-93,-74,-57,-63,-20,-55,-23,-19,-9,-31,-18,-31,-18,-33,-12,-30,0,-20,-11,-29,-23
4.78933,-100,-82,-101,-67,-98,-57,-91,-83,-59,-58,-17,-56,-24,-32,-25,-30,-31,-48,-36,-26,-21,-35,-26,-27,-16,-54,-39
4.80000,-95,-82,-101,-63,-85,-53,-83,-83,-60,-68,-14,-68,-31,-37,-14,-30,-30,-47,-18,-8,-25,-57,-19,-39,-12,-45,-32
4.81067,-81,-63,-102,-59,-83,-53,-87,-75,-74,-58,-28,-53,-32,-35,-25,-40,-28,-42,-24,-22,-27,-50,-13,-34,-20,-35,-36
4.82133,-106,-73,-109,-66,-92,-63,-94,-69,-67,-58,-30,-39,-38,-31,-30,-29,-33,-43,-26,-29,-29,-48,-19,-45,-39,-42,-31
4.83200,-108,-65,-92,-73,-86,-75,-98,-69,-66,-56,-21,-50,-28,-34,-26,-28,-31,-46,-39,-23,-29,-36,-30,-35,-35,-46,-46
4.84267,-90,-61,-82,-64,-74,-53,-97,-71,-71,-48,-33,-43,-22,-34,2,-30,-20,-25,-43,-45,-27,-46,-28,-49,-25,-40,-41
4.85333,-110,-61,-84,-74,-77,-57,-91,-68,-69,-34,-26,-49,-24,-37,-11,-45,-23,-32,-47,-32,-21,-51,-31,-48,-43,-50,-47
4.86400,-112,-73,-78,-55,-71,-52,-85,-61,-63,-59,-30,-36,-37,-40,-15,-40,-14,-48,-41,-30,-37,-36,-35,-54,-19,-53,-46
4.87467,-87,-85,-75,-52,-84,-66,-69,-69,-65,-53,-38,-47,-16,-46,-12,-38,-27,-31,-46,-29,-39,-27,-32,-46,-25,-38,-43
4.88533,-93,-83,-73,-65,-70,-64,-82,-74,-73,-49,-38,-44,-20,-32,-16,-18,-28,-31,-32,-24,-36,-59,-18,-50,-26,-55,-47
4.89600,-101,-70,-84,-73,-75,-66,-84,-64,-63,-48,-24,-46,-23,-23,-23,-25,-16,-37,-41,-17,-26,-51,-19,-60,-34,-42,-53
4.90667,-104,-70,-81,-79,-72,-63,-88,-78,-66,-44,-30,-68,-16,-22,-18,-33,-13,-37,-25,-27,-23,-23,-4,-34,-31,-56,-59
4.91733,-117,-72,-79,-68,-82,-49,-85,-78,-61,-49,-20,-49,-17,-14,-18,-29,-19,-35,-41,-30,-24,-30,-22,-32,-25,-38,-49
4.92800,-112,-56,-71,-66,-90,-64,-82,-72,-58,-44,-25,-49,-19,-13,-19,-42,-11,-26,-26,-30,-19,-28,-19,-39,-27,-49,-41
4.93867,-111,-61,-74,-75,-87,-52,-84,-76,-57,-55,-25,-34,-10,-7,-6,-47,-26,-32,-22,-30,-18,-17,-19,-42,-29,-48,-41
4.94933,-99,-77,-87,-71,-78,-64,-73,-66,-49,-54,-19,-28,-14,-13,-11,-44,-31,-29,-41,-16,-31,-32,-15,-26,-21,-25,-33
4.96000,-94,-82,-79,-76,-77,-65,-89,-66,-54,-63,-20,-39,-12,-14,-5,-18,-22,-22,-43,-20,-25,-39,-21,-29,-19,-45,-38
4.97067,-76,-87,-80,-84,-82,-76,-83,-73,-63,-59,-34,-42,-21,-25,-2,-28,-21,-20,-51,-28,-18,-41,-18,-36,-33,-52,-26
4.98133,-114,-73,-89,-84,-74,-71,-80,-79,-63,-58,-27,-46,-27,-19,-15,-26,-11,-23,-42,-23,-12,-30,-7,-24,-38,-38,-35
4.99200,-108,-74,-93,-61,-91,-64,-102,-77,-66,-60,-24,-41,-23,-16,-11,-39,-12,-8,-39,-14,-20,-27,-17,-25,-34,-56,-36
5.00267,-104,-54,-91,-60,-103,-70,-97,-80,-75,-53,-24,-44,-19,-13,-19,-28,-8,-8,-35,-26,-14,-33,-2,-30,-25,-56,-42
5.01333,-109,-61,-121,-67,-97,-61,-89,-74,-69,-51,-23,-22,-12,-28,-12,-31,-6,-31,-40,-28,-8,-41,-7,-35,-11,-51,-42
5.02400,-111,-59,-102,-64,-86,-58,-78,-81,-60,-53,-29,-35,-22,-20,-13,-36,-17,-36,-44,-26,-13,-25,-5,-25,-18,-40,-42
5.03467,-102,-73,-110,-61,-90,-70,-81,-81,-74,-53,-23,-45,-13,-18,-19,-37,-21,-51,-45,-23,-19,-38,-23,-35,-36,-43,-41
5.04533,-107,-61,-101,-61,-87,-72,-88,-77,-69,-55,-19,-43,-18,-5,-17,-40,-31,-39,-42,-29,-27,-31,-18,-26,-41,-50,-44
5.05600,-91,-74,-108,-61,-98,-51,-85,-70,-68,-60,-29,-44,-2,-18,-17,-38,-15,-36,-44,-23,-23,-30,-20,-40,-43,-34,-57
5.06667,-75,-40,-99,-69,-100,-53,-88,-72,-64,-57,-22,-47,-25,-15,-13,-27,-18,-35,-37,-36,-17,-43,-21,-24,-37,-41,-41
5.07733,-104,-58,-99,-87,-93,-59,-86,-71,-68,-51,-18,-63,-33,-18,-4,-27,-27,-19,-37,-25,-28,-39,-18,-23,-30,-49,-44
5.08800,-107,-63,-88,-101,-98,-63,-96,-77,-74,-59,-26,-56,-19,-24,-18,-48,-37,-32,-50,-21,-31,-33,-27,-23,-36,-39,-28
5.09867,-86,-70,-79,-88,-90,-70,-98,-68,-71,-64,-21,-55,-25,-23,-14,-29,-27,-29,-46,-15,-35,-54,-31,-32,-36,-46,-32
5.10933,-100,-67,-100,-87,-80,-65,-92,-82,-69,-52,-25,-53,-19,-29,-16,-29,-25,-20,-35,-34,-26,-44,-17,-28,-36,-58,-47
5.12000,-103,-84,-82,-64,-100,-66,-90,-76,-64,-54,-23,-48,-20,-22,-20,-35,-26,-26,-42,-41,-39,-41,-24,-40,-35,-50,-46
5.13067,-124,-74,-100,-71,-97,-70,-98,-84,-73,-55,-29,-41,-8,-19,-10,-36,-31,-35,-44,-31,-27,-48,-34,-43,-24,-58,-47
5.14133,-106,-85,-98,-69,-92,-62,-82,-82,-72,-56,-35,-36,-20,-18,-29,-38,-36,-30,-36,-26,-41,-39,-27,-22,-30,-57,-60
5.15200,-117,-83,-112,-72,-92,-60,-83,-76,-63,-61,-39,-45,-15,-21,-27,-37,-24,-43,-40,-48,-32,-36,-27,-2,-46,-41,-47
5.16267,-118,-94,-108,-89,-87,-65,-85,-81,-75,-51,-31,-42,-18,-32,-21,-36,-20,-47,-34,-40,-18,-31,-24,-18,-38,-50,-37
5.17333,-121,-73,-100,-80,-101,-62,-85,-80,-74,-49,-23,-33,-28,-30,-35,-33,-28,-31,-39,-32,-24,-38,-20,-26,-36,-46,-33
5.18400,-117,-102,-104,-74,-98,-53,-90,-86,-70,-60,-38,-36,-15,-28,-13,-28,-29,-27,-55,-30,-33,-34,-16,-19,-30,-46,-36
5.19467,-128,-90,-113,-91,-97,-63,-109,-75,-63,-68,-32,-42,-23,-19,-18,-22,-22,-28,-35,-42,-27,-30,-24,-44,-43,-44,-42
5.20533,-120,-71,-102,-93,-86,-71,-95,-67,-76,-63,-30,-52,-23,-29,-12,-29,-4,-25,-36,-31,-38,-51,-20,-50,-29,-49,-58
5.21600,-139,-69,-99,-93,-92,-80,-97,-75,-72,-57,-18,-59,-25,-28,-16,-37,-7,-29,-31,-16,-42,-50,-25,-39,-26,-49,-51
5.22667,-148,-73,-93,-89,-91,-75,-101,-81,-81,-69,-22,-58,-15,-15,-19,-32,-3,-37,-34,-22,-37,-53,-18,-35,-36,-59,-59
5.23733,-116,-79,-111,-101,-96,-64,-102,-92,-73,-66,-24,-45,-9,-25,-13,-32,-12,-31,-37,-11,-29,-45,0,-41,-32,-50,-60
5.24800,-107,-92,-111,-112,-95,-65,-95,-87,-69,-62,-22,-57,-16,-20,-15,-17,-22,-39,-46,-25,-25,-55,-13,-44,-29,-55,-65
5.25867,-119,-89,-102,-99,-89,-65,-100,-85,-78,-64,-29,-59,-24,-14,-18,-13,-29,-38,-39,-20,-29,-60,-27,-50,-22,-55,-57
5.26933,-129,-80,-100,-98,-102,-71,-109,-87,-73,-67,-27,-59,-16,-10,1,-30,-25,-29,-33,-19,-41,-49,-22,-33,-41,-55,-64
5.28000,-130,-87,-96,-86,-92,-81,-95,-83,-71,-62,-33,-49,-7,-3,3,-25,-37,-28,-25,-18,-17,-52,-8,-40,-47,-55,-61
5.29067,-125,-111,-119,-88,-108,-84,-104,-86,-68,-58,-40,-48,-18,0,10,-18,-15,-14,-29,-16,-16,-47,-18,-42,-46,-52,-60
5.30133,-119,-111,-128,-85,-112,-75,-110,-98,-81,-53,-35,-51,-17,-9,4,-30,-27,-18,-29,-20,-25,-36,-30,-42,-31,-54,-57
5.31200,-142,-89,-134,-91,-96,-96,-98,-89,-80,-55,-37,-46,-23,-1,-10,-25,-17,-21,-46,-25,-15,-38,-18,-31,-30,-48,-68
5.32267,-153,-86,-134,-106,-108,-82,-99,-104,-84,-76,-19,-46,-15,-13,-15,-20,-13,-17,-37,-17,-25,-38,-16,-41,-38,-49,-62
5.33333,-141,-91,-133,-100,-123,-98,-104,-100,-84,-67,-32,-41,-13,-16,-14,-12,-27,-26,-39,-35,-23,-40,-4,-36,-50,-50,-60
5.34400,-131,-106,-108,-106,-118,-87,-91,-99,-80,-51,-22,-43,-15,-25,-6,-22,-12,-37,-31,-36,-18,-31,-14,-38,-53,-58,-55
5.35467,-121,-102,-104,-89,-105,-105,-102,-93,-77,-63,-16,-45,-8,-10,-4,-29,-6,-26,-9,-28,-23,-33,-21,-40,-45,-67,-62
5.36533,-147,-118,-108,-105,-112,-102,-107,-80,-77,-70,-23,-46,-17,-16,5,-34,-12,-33,-39,-23,-15,-36,-24,-37,-40,-63,-69
5.37600,-131,-119,-109,-97,-119,-89,-110,-98,-77,-69,-39,-41,-19,-21,1,-21,-6,-31,-40,-31,-15,-32,-8,-40,-44,-59,-56
5.38667,-133,-114,-124,-95,-114,-83,-105,-94,-69,-68,-40,-47,-14,-11,-13,-5,-17,-44,-18,-18,-14,-42,-18,-25,-39,-48,-53
5.39733,-130,-98,-122,-81,-102,-77,-86,-85,-83,-71,-27,-57,-20,-12,-18,-4,-21,-45,-23,-32,-16,-37,-20,-36,-47,-33,-56
5.40800,-137,-87,-114,-95,-112,-80,-98,-83,-71,-73,-24,-27,-9,-15,-15,-24,-17,-46,-32,-21,-13,-58,-22,-43,-28,-63,-60
5.41867,-125,-82,-109,-109,-110,-76,-105,-79,-72,-62,-35,-31,-6,-19,2,-37,-4,-25,-31,-23,-13,-53,-8,-32,-41,-52,-50
5.42933,-119,-92,-113,-102,-104,-83,-99,-82,-86,-41,-22,-37,-10,-22,-3,-21,-14,-16,-38,-29,-32,-29,-20,-39,-41,-44,-58
5.44000,-124,-107,-122,-116,-102,-80,-101,-80,-67,-58,-25,-48,-10,-21,-17,-17,-16,-23,-32,-34,-34,-25,-8,-40,-38,-53,-61
5.45067,-121,-107,-106,-111,-92,-80,-101,-78,-77,-52,-28,-40,-13,-4,-10,-38,-12,-34,-48,-30,-34,-39,-22,-41,-37,-58,-57
5.46133,-111,-107,-119,-93,-102,-67,-92,-86,-66,-56,-20,-46,-16,-27,-21,-46,-26,-36,-44,-30,-27,-52,-11,-42,-34,-59,-58
5.47200,-118,-98,-122,-102,-99,-79,-90,-92,-65,-68,-16,-39,-20,-20,-18,-38,-28,-53,-44,-37,-29,-54,-6,-47,-26,-50,-60
5.48267,-124,-94,-96,-93,-102,-81,-87,-86,-89,-58,-25,-40,-11,-2,-12,-40,-23,-45,-38,-34,-22,-31,-21,-49,-38,-52,-39
5.49333,-125,-82,-121,-64,-112,-69,-86,-93,-76,-58,-24,-45,-17,-8,-20,-29,-11,-63,-27,-24,-26,-37,-27,-37,-25,-56,-33
5.50400,-112,-91,-111,-78,-111,-72,-97,-95,-73,-52,-23,-41,-6,-13,-19,-20,-20,-41,-45,-43,-39,-36,-16,-50,-30,-49,-37
5.51467,-122,-81,-116,-90,-104,-67,-113,-94,-74,-48,-20,-49,-20,-2,-15,-42,-12,-49,-36,-49,-9,-32,-10,-35,-27,-53,-43
5.52533,-112,-72,-113,-89,-98,-65,-108,-86,-74,-47,-19,-50,-32,-19,-11,-49,-12,-41,-32,-35,-18,-32,-29,-44,-32,-62,-40
5.53600,-107,-71,-110,-103,-99,-62,-110,-82,-61,-56,-17,-41,-16,-29,-16,-35,-2,-31,-34,-34,-27,-49,-13,-35,-23,-58,-44
5.54667,-136,-82,-106,-81,-94,-79,-122,-85,-72,-68,-30,-29,-23,-24,-21,-39,-27,-24,-27,-27,-24,-46,-24,-41,-41,-48,-47
5.55733,-113,-90,-103,-74,-97,-80,-114,-91,-81,-59,-24,-40,-19,-1,-4,-36,-20,-21,-34,-11,-30,-48,-30,-42,-29,-43,-47
5.56800,-122,-86,-103,-80,-98,-78,-111,-89,-86,-54,-34,-43,-18,-13,-6,-31,-8,-20,-56,-29,-29,-49,-25,-54,-49,-54,-54
5.57867,-135,-88,-112,-85,-94,-76,-118,-78,-78,-58,-32,-39,-14,-12,-5,-46,-11,-15,-34,-23,-24,-34,-18,-29,-31,-43,-68
5.58933,-139,-84,-119,-71,-109,-69,-95,-69,-85,-75,-37,-40,-11,-10,-9,-45,-15,-25,-44,-25,-21,-42,-22,-48,-22,-57,-59
5.60000,-118,-77,-115,-101,-101,-71,-105,-80,-72,-67,-35,-51,-26,-17,0,-31,-14,-20,-40,-27,-5,-52,-20,-48,-27,-53,-64
5.61067,-111,-106,-115,-96,-107,-71,-101,-79,-76,-61,-23,-53,-20,-14,-18,-40,-26,-24,-32,-26,-23,-46,-13,-52,-19,-48,-59
5.62133,-130,-97,-106,-99,-97,-78,-106,-95,-62,-65,-26,-54,-13,-14,-12,-46,-18,-39,-32,-28,-40,-32,2,-59,-38,-44,-52
5.63200,-114,-80,-96,-79,-99,-91,-105,-96,-58,-69,-32,-40,-16,-6,-12,-35,-14,-47,-28,-22,-29,-50,0,-41,-28,-34,-42
5.64267,-113,-92,-96,-92,-109,-74,-92,-99,-70,-81,-33,-46,-4,10,-3,-31,-23,-44,-14,-35,-25,-53,-18,-25,-38,-40,-49
5.65333,-119,-103,-102,-99,-108,-69,-105,-98,-75,-88,-34,-45,-17,-6,-21,-20,-19,-45,-20,-53,-16,-39,-19,-33,-39,-55,-58
5.66400,-114,-94,-94,-81,-110,-65,-91,-76,-72,-67,-26,-67,-22,-10,-16,-23,-10,-23,-28,-35,-23,-27,-7,-32,-33,-35,-41
5.67467,-111,-85,-98,-83,-110,-78,-85,-79,-64,-61,-27,-56,-18,-6,-13,-13,-20,-15,-32,-31,-28,-23,-16,-44,-20,-47,-23
5.68533,-116,-68,-110,-66,-97,-86,-85,-84,-68,-69,-32,-49,-17,-17,-6,-20,-16,-28,-33,-17,-33,-43,-23,-23,-8,-62,-38
5.69600,-104,-92,-95,-75,-94,-71,-87,-86,-68,-58,-32,-44,-9,-24,-2,-22,-8,-28,-38,-11,-37,-42,-17,-39,-7,-63,-36
5.70667,-102,-73,-89,-84,-84,-71,-82,-86,-64,-65,-23,-42,-15,-30,4,-17,-13,-33,-33,-16,-25,-43,-19,-42,-19,-56,-49
5.71733,-88,-73,-92,-88,-98,-71,-91,-93,-69,-64,-29,-50,-16,-32,-13,-27,-12,-45,-26,-25,-20,-44,-16,-53,-18,-34,-49
5.72800,-95,-89,-90,-80,-95,-61,-86,-73,-73,-60,-25,-45,-13,-32,-16,-36,-16,-38,-40,-14,-23,-33,-26,-34,-27,-41,-40
5.73867,-105,-87,-101,-87,-95,-72,-101,-74,-77,-59,-25,-57,-8,-35,-21,-40,-24,-46,-39,-16,-24,-40,-8,-35,-32,-41,-33
5.74933,-77,-81,-100,-77,-101,-71,-107,-74,-68,-55,-18,-59,-19,-36,-21,-49,-19,-23,-50,-23,-33,-29,-9,-60,-33,-40,-32
5.76000,-104,-86,-91,-64,-99,-66,-110,-71,-69,-66,-22,-53,-24,-35,-26,-47,-25,-19,-53,-25,-16,-29,0,-43,-26,-40,-47
5.77067,-112,-81,-99,-81,-90,-65,-99,-82,-78,-74,-25,-45,-27,-28,-24,-35,-42,-16,-51,-24,-34,-37,-33,-45,-30,-61,-58
5.78133,-106,-102,-92,-71,-82,-62,-94,-79,-81,-61,-19,-61,-19,-42,-15,-31,-34,-22,-39,-30,-32,-45,-34,-37,-46,-35,-48
5.79200,-106,-85,-99,-65,-86,-61,-92,-79,-83,-53,-26,-55,-26,-34,-8,-46,-22,-37,-30,-32,-36,-31,-30,-40,-45,-53,-48
5.80267,-111,-107,-97,-89,-96,-52,-84,-71,-80,-70,-22,-53,-25,-13,-13,-51,-19,-10,-35,-53,-30,-50,-23,-41,-28,-67,-50
5.81333,-115,-77,-112,-93,-91,-49,-89,-73,-67,-54,-26,-42,-20,-8,-24,-56,-24,-19,-55,-31,-20,-42,-14,-50,-42,-65,-53
5.82400,-112,-82,-99,-83,-97,-59,-91,-84,-66,-65,-42,-38,-21,-10,-10,-28,-13,-38,-37,-36,-22,-47,-19,-54,-45,-55,-46
5.83467,-85,-78,-97,-69,-82,-64,-92,-78,-60,-64,-30,-42,-15,-18,0,-31,-21,-36,-50,-31,-30,-41,-28,-54,-41,-57,-37
5.84533,-88,-83,-101,-73,-87,-80,-88,-75,-62,-68,-33,-43,-30,-28,-14,-29,-16,-45,-53,-37,-28,-41,-26,-39,-30,-57,-33
5.85600,-76,-80,-102,-74,-73,-76,-83,-77,-63,-57,-27,-50,-40,-22,-18,-28,-22,-36,-35,-25,-18,-32,-21,-42,-23,-59,-47
5.86667,-77,-73,-97,-65,-88,-78,-88,-67,-57,-56,-33,-43,-28,-15,-5,-28,-22,-53,-47,-24,-26,-27,-13,-33,-28,-62,-50
5.87733,-111,-79,-78,-61,-94,-56,-89,-65,-56,-62,-31,-36,-21,-15,-4,-17,-20,-43,-31,-30,-32,-29,-9,-34,-35,-44,-47
5.88800,-68,-81,-84,-58,-77,-51,-88,-73,-66,-47,-21,-32,-13,-12,-15,-20,-30,-34,-31,-29,-28,-43,-9,-53,-31,-46,-56
5.89867,-81,-73,-80,-66,-78,-46,-95,-67,-78,-47,-22,-37,-24,-18,-19,-25,-23,-36,-42,-24,-19,-48,-30,-56,-22,-56,-36
5.90933,-71,-71,-83,-66,-74,-54,-81,-66,-74,-55,-9,-47,-11,-12,-12,-34,-16,-33,-32,-31,-36,-54,-23,-46,-52,-60,-51
5.92000,-102,-68,-93,-75,-78,-49,-82,-67,-54,-57,-17,-49,-6,-17,-3,-23,-28,-38,-33,-24,-43,-56,-26,-30,-39,-43,-49
5.93067,-97,-60,-78,-70,-102,-69,-69,-75,-62,-54,-23,-55,-6,-21,-11,-36,-31,-24,-40,-27,-34,-53,-13,-34,-42,-40,-48
5.94133,-94,-57,-87,-70,-81,-71,-93,-78,-58,-49,-29,-47,-16,-13,-5,-31,-25,-20,-39,-31,-28,-42,-15,-42,-32,-50,-68
5.95200,-85,-72,-95,-75,-78,-62,-88,-86,-68,-53,-23,-39,-31,-17,-12,-39,-14,-29,-26,-27,-29,-45,-9,-39,-25,-70,-64
5.96267,-116,-91,-101,-67,-84,-55,-91,-72,-64,-68,-15,-42,-16,-21,-15,-50,-19,-32,-40,-19,-28,-40,-9,-39,-37,-64,-63
5.97333,-121,-77,-124,-57,-83,-53,-102,-86,-64,-53,-22,-41,-16,-16,-13,-50,-6,-44,-48,-21,-35,-32,-16,-41,-37,-52,-46
5.98400,-106,-99,-123,-70,-79,-68,-95,-81,-66,-58,-25,-38,-11,-17,-17,-25,-28,-38,-34,-37,-35,-51,-12,-42,-43,-48,-60
5.99467,-100,-90,-118,-67,-92,-59,-102,-77,-56,-58,-40,-49,-6,-18,-30,-33,-18,-32,-35,-51,-40,-56,-10,-63,-50,-58,-74
6.00533,-103,-66,-107,-86,-96,-71,-112,-75,-71,-55,-19,-40,-6,-18,-13,-43,-24,-36,-38,-49,-32,-63,-16,-58,-48,-46,-47
6.01600,-99,-78,-81,-100,-91,-63,-88,-75,-65,-53,-16,-31,-10,-26,-6,-44,-22,-22,-44,-37,-34,-49,-17,-53,-41,-61,-57
6.02667,-110,-79,-87,-94,-106,-63,-94,-77,-67,-55,-25,-21,-26,-11,-8,-36,-23,-35,-41,-22,-37,-39,-22,-56,-39,-71,-57
6.03733,-83,-81,-95,-78,-83,-62,-97,-79,-59,-66,-25,-26,-22,-10,-3,-30,-18,-26,-39,-22,-17,-53,-23,-53,-43,-61,-58
6.04800,-97,-63,-80,-76,-102,-57,-100,-85,-60,-54,-24,-26,-23,-19,6,-33,-19,-40,-32,-11,-28,-57,-35,-42,-45,-59,-67
6.05867,-97,-58,-85,-71,-94,-60,-98,-80,-63,-54,-29,-37,-12,-13,6,-18,-3,-42,-39,-41,-32,-58,-41,-38,-34,-52,-61
6.06933,-104,-75,-85,-55,-106,-64,-92,-87,-63,-56,-30,-33,-13,-19,-16,-28,6,-31,-46,-34,-20,-38,-31,-55,-22,-39,-56
6.08000,-93,-64,-84,-63,-95,-44,-86,-87,-68,-41,-24,-37,-13,-8,-14,-27,-9,-14,-48,-31,-16,-31,-13,-51,-32,-54,-52
6.09067,-100,-55,-82,-66,-85,-46,-85,-80,-61,-54,-21,-38,-2,-9,-8,-29,-5,-42,-61,-37,-15,-30,-9,-44,-35,-59,-49
6.10133,-91,-61,-84,-60,-85,-52,-83,-65,-67,-58,-27,-33,-4,-1,-15,-28,-22,-35,-50,-33,-18,-42,4,-58,-47,-61,-54
6.11200,-77,-59,-84,-60,-95,-46,-84,-72,-62,-60,-19,-33,-11,-15,-19,-21,-28,-30,-45,-22,-24,-42,-20,-41,-41,-60,-41
6.12267,-77,-68,-76,-67,-93,-44,-82,-72,-62,-48,-22,-43,-21,-14,-12,-41,-18,-29,-48,-20,-21,-48,-25,-47,-57,-47,-57
6.13333,-84,-59,-82,-52,-97,-59,-88,-67,-62,-47,-19,-48,-8,-10,8,-47,-13,-29,-32,-25,-16,-42,1,-30,-35,-42,-52
6.14400,-95,-50,-79,-46,-105,-66,-79,-62,-52,-51,-19,-44,-2,-18,-9,-40,-25,-36,-29,-16,-15,-65,-22,-42,-35,-56,-52
6.15467,-108,-71,-81,-48,-87,-70,-84,-67,-58,-56,-23,-38,-12,-20,-7,-48,-21,-38,-27,-21,-27,-48,-24,-41,-33,-58,-64
6.16533,-93,-64,-83,-59,-81,-60,-74,-85,-64,-66,-20,-42,-10,-13,-18,-38,-25,-37,-43,-24,-43,-37,-33,-49,-34,-59,-64
6.17600,-97,-64,-80,-74,-75,-47,-74,-66,-60,-48,-22,-47,-12,-20,-23,-21,-33,-35,-47,-41,-33,-37,-16,-32,-28,-49,-62
6.18667,-116,-54,-80,-70,-86,-51,-73,-71,-65,-46,-16,-43,-13,-18,-25,-21,-14,-23,-41,-46,-39,-30,-20,-45,-31,-53,-52
6.19733,-95,-73,-73,-71,-83,-45,-85,-68,-60,-50,-14,-50,-6,-17,-13,-24,-31,-24,-37,-43,-35,-37,-34,-42,-41,-69,-69
6.20800,-86,-50,-89,-59,-85,-40,-93,-87,-55,-41,-25,-62,-13,-18,-6,-18,-42,-32,-43,-50,-14,-45,-30,-28,-40,-54,-62
6.21867,-63,-56,-82,-58,-89,-39,-83,-85,-62,-36,-27,-46,-14,-6,-14,-14,-32,-36,-41,-35,-10,-34,-23,-31,-25,-64,-61
6.22933,-68,-46,-74,-56,-88,-47,-79,-80,-52,-36,-19,-53,-16,6,-19,-22,-12,-36,-27,-21,-24,-39,-19,-32,-44,-62,-57
6.24000,-85,-65,-70,-68,-69,-52,-81,-71,-58,-40,-21,-53,-17,-15,-27,-26,-18,-35,-36,-31,-31,-40,-17,-33,-51,-62,-47
6.25067,-92,-56,-78,-73,-73,-46,-86,-67,-72,-41,-38,-40,-13,-14,-24,-45,-22,-43,-55,-22,-27,-57,-34,-29,-58,-59,-39
6.26133,-101,-68,-70,-76,-83,-44,-79,-68,-72,-51,-34,-41,-19,-13,-15,-37,-29,-47,-40,-9,-21,-55,-16,-36,-55,-57,-49
6.27200,-110,-64,-74,-68,-81,-59,-84,-74,-63,-40,-40,-36,-13,-11,-8,-29,-38,-26,-24,-23,-36,-31,-26,-43,-41,-60,-70
6.28267,-73,-71,-87,-61,-89,-69,-86,-77,-66,-38,-19,-50,-12,-16,-14,-24,-27,-34,-26,-33,-42,-43,-14,-50,-28,-57,-56
6.29333,-83,-57,-95,-75,-78,-62,-93,-72,-57,-48,-24,-48,-5,-29,-15,-17,-24,-29,-33,-14,-31,-31,-26,-43,-41,-68,-58
6.30400,-99,-56,-71,-66,-90,-66,-84,-88,-69,-56,-25,-45,-13,-26,-17,-9,-31,-41,-37,-30,-26,-44,-22,-47,-42,-74,-59
6.31467,-99,-69,-72,-74,-76,-60,-90,-83,-69,-59,-20,-52,-7,-28,-20,-21,-30,-47,-39,-32,-39,-44,-31,-42,-33,-53,-56
6.32533,-85,-62,-90,-64,-74,-62,-90,-66,-68,-55,-21,-45,-8,-14,-11,-45,-29,-26,-47,-29,-41,-30,-41,-48,-39,-57,-36
6.33600,-94,-70,-74,-72,-73,-59,-101,-71,-63,-46,-20,-47,-26,-4,-13,-43,-33,-19,-34,-38,-31,-49,-12,-49,-41,-47,-47
6.34667,-78,-74,-96,-72,-69,-64,-95,-72,-69,-50,-16,-47,-17,-7,-13,-55,-22,-27,-30,-36,-25,-41,-26,-57,-34,-58,-64
6.35733,-83,-70,-81,-70,-82,-54,-92,-81,-66,-61,-19,-40,2,-23,-10,-48,-24,-42,-41,-29,-27,-45,-34,-52,-41,-64,-59
6.36800,-93,-82,-91,-69,-67,-65,-85,-88,-62,-65,-9,-34,-4,-22,-7,-42,-21,-46,-45,-36,-42,-49,-34,-27,-33,-66,-56
6.37867,-94,-91,-80,-74,-86,-58,-89,-81,-69,-57,-12,-27,-22,-12,-15,-30,-23,-42,-47,-28,-33,-41,-22,-42,-48,-49,-55
6.38933,-99,-79,-71,-63,-82,-67,-90,-75,-60,-62,-18,-50,-9,-9,-19,-18,-26,-34,-47,-26,-30,-57,-23,-39,-59,-60,-48
6.40000,-98,-51,-73,-68,-77,-71,-89,-72,-71,-58,-16,-43,-2,-18,-5,-11,-30,-38,-38,-17,-28,-54,-28,-47,-53,-51,-61
6.41067,-88,-56,-74,-67,-92,-59,-91,-81,-70,-53,-21,-41,-9,-8,-7,-13,-21,-40,-43,-27,-29,-40,-23,-48,-43,-56,-64
6.42133,-110,-45,-92,-74,-94,-56,-87,-70,-49,-50,-19,-41,-13,-15,-14,-29,-28,-57,-47,-31,-43,-61,-18,-47,-39,-49,-51
6.43200,-92,-58,-84,-45,-109,-45,-93,-72,-63,-59,-15,-35,-6,-16,-17,-41,-34,-32,-40,-29,-31,-48,-16,-31,-23,-57,-52
6.44267,-101,-66,-86,-71,-79,-50,-84,-68,-50,-46,-24,-33,-15,-31,-10,-45,-19,-47,-35,-23,-32,-43,-3,-35,-30,-60,-39
6.45333,-101,-73,-92,-68,-65,-56,-80,-69,-55,-66,-23,-38,-24,-31,-12,-57,-12,-45,-22,-21,-31,-49,-17,-43,-33,-51,-43
6.46400,-70,-44,-87,-37,-71,-52,-78,-65,-60,-61,-14,-37,-11,-20,-9,-54,-23,-42,-23,-38,-14,-51,-30,-38,-33,-45,-47
6.47467,-83,-33,-87,-67,-61,-39,-80,-69,-60,-50,-17,-25,-10,-11,-3,-42,-29,-33,-29,-33,-18,-32,-20,-33,-26,-50,-41
6.48533,-57,-48,-94,-58,-66,-35,-67,-70,-55,-36,-15,-36,-9,-24,-3,-30,-21,-26,-28,-31,-27,-36,-8,-28,-27,-48,-39
6.49600,-49,-56,-70,-36,-58,-32,-71,-48,-48,-44,-10,-33,-15,-11,-6,-38,-15,-21,-31,-52,-16,-55,-20,-26,-18,-48,-39
6.50667,-76,-37,-58,-42,-68,-33,-65,-52,-44,-39,-2,-44,-3,-20,-16,-33,-10,-28,-21,-31,-27,-47,-13,-21,-20,-42,-35
6.51733,-68,-26,-54,-33,-39,-24,-53,-45,-38,-45,-2,-39,6,-16,-7,-24,-3,-34,-48,-17,-33,-47,-5,-33,-23,-55,-35
6.52800,-52,-18,-47,-26,-16,-19,-47,-44,-39,-50,0,-28,-2,-10,-1,-22,-14,-17,-38,-26,-29,-41,-15,-36,-25,-49,-33
6.53867,-46,-11,-21,-14,-19,-10,-47,-26,-26,-30,2,-29,11,-23,-14,-17,-11,-22,-30,-13,-24,-23,-16,-24,-31,-42,-15
6.54933,-25,6,-10,-7,-16,2,-36,-24,-32,-36,6,-23,9,-20,-8,-16,-5,-32,-23,-18,-9,-21,-10,-29,2,-39,-29
6.56000,-37,-2,-14,-1,-20,19,-23,-26,-21,-20,-3,-31,10,-15,-4,-16,-2,-24,-20,-17,-7,-12,-20,-21,-15,-29,-20
6.57067,-19,5,-22,-9,-13,17,-22,-18,-26,-31,1,-20,9,-3,-4,-22,7,-30,-22,-19,-23,-30,-1,-17,-11,-17,-30
6.58133,-13,18,-4,21,-14,12,-43,-9,-22,-31,0,-18,4,2,1,-21,-5,-22,-37,-15,-14,-27,9,-17,-24,-12,-31
6.59200,-6,12,-14,20,-5,18,-28,-10,-24,-22,-6,-28,1,-12,-15,-16,0,-29,-31,-20,-6,-40,-1,-15,-15,-26,-14
6.60267,-33,14,-14,9,-20,-7,-34,-25,-17,-21,-2,-29,-5,1,-9,-15,-6,-35,-10,-20,-15,-38,-12,-26,-17,-33,-2
6.61333,-46,-6,-31,9,-37,-19,-47,-32,-26,-20,2,-37,-16,-8,-7,-1,-16,-33,-26,-39,-16,-17,-12,-34,-17,-22,-34
6.62400,-45,-14,-31,10,-44,-18,-67,-40,-26,-18,-4,-28,-9,-5,-4,-15,-20,-25,-33,-37,-18,-30,-4,-37,-26,-37,-27
6.63467,-63,-17,-38,-10,-52,-15,-70,-41,-43,-24,-22,-29,-2,-10,-15,-27,-18,-24,-35,-34,-19,-31,-18,-27,-28,-52,-32
6.64533,-50,-22,-53,-29,-47,-30,-64,-45,-54,-34,-16,-31,-3,-15,-19,-14,-16,-22,-42,-43,-21,-25,-13,-25,-28,-51,-44
6.65600,-48,-44,-51,-38,-40,-39,-56,-54,-43,-50,-14,-45,-3,-32,-12,-21,-28,-27,-30,-50,-40,-38,-20,-35,-30,-51,-32
6.66667,-58,-25,-52,-42,-52,-28,-68,-50,-41,-56,-19,-51,-18,-28,-10,-27,-29,-17,-37,-48,-22,-38,-22,-30,-39,-44,-45
6.67733,-52,-27,-55,-58,-52,-26,-69,-60,-61,-48,-30,-51,-19,-22,-14,-34,-26,-19,-29,-51,-33,-35,-21,-39,-43,-48,-49
6.68800,-53,-37,-61,-52,-60,-41,-67,-52,-63,-52,-35,-33,-24,-15,-23,-24,-31,-42,-21,-45,-42,-46,-18,-35,-25,-51,-50
6.69867,-42,-35,-72,-47,-69,-38,-65,-55,-66,-61,-19,-44,-33,-21,-25,-35,-30,-41,-43,-37,-26,-45,-28,-40,-29,-50,-54
6.70933,-54,-30,-60,-54,-63,-43,-69,-65,-53,-58,-27,-58,-34,-11,-20,-23,-24,-44,-48,-45,-44,-52,-19,-42,-46,-59,-73
6.72000,-56,-43,-77,-37,-74,-38,-71,-56,-63,-50,-25,-59,-19,-16,-29,-37,-28,-31,-46,-49,-42,-55,-26,-33,-44,-64,-71
6.73067,-73,-26,-76,-35,-69,-44,-77,-51,-53,-44,-29,-55,-9,-19,-18,-38,-26,-41,-51,-36,-41,-44,-11,-37,-42,-68,-53
6.74133,-65,-40,-85,-33,-80,-63,-77,-70,-55,-56,-30,-52,-25,-32,-19,-51,-28,-49,-35,-41,-32,-44,-15,-51,-52,-54,-53
6.75200,-71,-48,-90,-37,-83,-51,-78,-59,-47,-61,-32,-54,-20,-39,-21,-42,-37,-50,-45,-33,-39,-49,-28,-45,-52,-51,-55
6.76267,-65,-38,-72,-35,-76,-60,-74,-54,-43,-60,-45,-58,-28,-30,-14,-53,-36,-49,-55,-44,-26,-47,-33,-46,-41,-47,-61
6.77333,-86,-58,-64,-35,-78,-60,-79,-65,-49,-70,-51,-50,-23,-33,-38,-41,-24,-49,-52,-41,-28,-55,-23,-48,-39,-49,-59
6.78400,-59,-63,-59,-44,-96,-58,-84,-62,-60,-63,-34,-53,-26,-43,-34,-50,-42,-60,-48,-36,-41,-49,-18,-62,-39,-31,-58
6.79467,-107,-61,-50,-41,-77,-48,-77,-64,-54,-64,-32,-50,-22,-31,-33,-59,-22,-65,-38,-33,-31,-36,-21,-41,-45,-42,-56
6.80533,-83,-45,-56,-55,-74,-55,-84,-73,-56,-69,-35,-60,-43,-32,-28,-51,-23,-65,-47,-39,-35,-48,-16,-35,-55,-49,-54
6.81600,-78,-38,-75,-59,-73,-64,-85,-76,-62,-66,-29,-48,-43,-31,-34,-54,-19,-34,-46,-26,-42,-49,-16,-39,-43,-63,-46
6.82667,-99,-49,-82,-54,-80,-51,-87,-76,-71,-52,-32,-45,-30,-36,-25,-55,-42,-32,-66,-46,-26,-47,-9,-52,-20,-42,-49
6.83733,-90,-48,-88,-65,-82,-41,-97,-72,-63,-69,-36,-40,-25,-41,-26,-45,-47,-53,-51,-38,-36,-53,-19,-47,-35,-46,-39
6.84800,-98,-56,-94,-56,-59,-46,-110,-77,-68,-75,-31,-49,-21,-32,-31,-47,-44,-39,-47,-38,-26,-45,-14,-34,-41,-40,-34
6.85867,-78,-56,-104,-61,-66,-49,-105,-70,-64,-75,-36,-56,-29,-36,-31,-38,-28,-57,-60,-47,-17,-37,-16,-41,-36,-53,-35
6.86933,-72,-76,-88,-60,-73,-58,-90,-82,-65,-73,-31,-53,-32,-27,-23,-34,-33,-45,-41,-49,-16,-43,-10,-49,-34,-46,-46
6.88000,-69,-68,-78,-54,-89,-60,-98,-82,-68,-68,-34,-53,-30,-25,-19,-42,-41,-44,-45,-40,-35,-53,-16,-38,-41,-57,-59
6.89067,-64,-63,-71,-72,-84,-55,-85,-74,-72,-60,-33,-52,-27,-30,-31,-45,-30,-56,-43,-35,-37,-53,-11,-33,-34,-57,-53
6.90133,-92,-72,-67,-66,-84,-61,-94,-75,-70,-57,-30,-50,-33,-18,-14,-48,-26,-47,-44,-38,-42,-31,-23,-37,-35,-44,-54
6.91200,-92,-58,-78,-70,-91,-60,-89,-88,-70,-66,-32,-51,-15,-26,-24,-50,-26,-35,-36,-34,-37,-39,-39,-35,-51,-56,-49
6.92267,-96,-83,-96,-82,-97,-74,-91,-87,-65,-70,-32,-48,-15,-21,-26,-48,-27,-50,-44,-39,-45,-44,-36,-43,-50,-58,-57
6.93333,-96,-73,-92,-88,-94,-70,-93,-90,-73,-71,-41,-50,-17,-37,-26,-38,-36,-50,-54,-46,-36,-37,-38,-37,-45,-55,-52
6.94400,-98,-86,-99,-85,-95,-59,-91,-99,-82,-63,-49,-60,-27,-35,-23,-29,-37,-40,-60,-28,-33,-54,-23,-52,-36,-34,-53
6.95467,-80,-104,-93,-73,-103,-58,-98,-79,-75,-61,-41,-56,-25,-31,-13,-38,-24,-31,-51,-18,-39,-55,-21,-44,-27,-34,-50
6.96533,-79,-77,-95,-81,-92,-69,-83,-77,-69,-67,-29,-63,-19,-34,-20,-51,-40,-40,-43,-27,-39,-59,-15,-46,-51,-52,-52
6.97600,-46,-90,-93,-78,-100,-73,-95,-83,-69,-77,-38,-63,-20,-37,-37,-39,-41,-31,-40,-29,-22,-76,-30,-55,-52,-55,-52
6.98667,-68,-69,-90,-66,-92,-61,-105,-91,-75,-79,-40,-58,-24,-38,-34,-47,-45,-44,-51,-54,-25,-53,-38,-49,-62,-49,-56
6.99733,-82,-64,-100,-69,-91,-81,-95,-91,-72,-70,-36,-52,-29,-25,-41,-49,-47,-52,-56,-50,-54,-52,-37,-48,-61,-63,-49
7.00800,-85,-62,-104,-58,-99,-76,-93,-88,-72,-76,-33,-52,-36,-23,-35,-58,-42,-53,-53,-32,-37,-31,-40,-56,-46,-58,-45
7.01867,-102,-77,-101,-65,-89,-68,-92,-98,-71,-67,-27,-67,-25,-28,-27,-49,-43,-56,-46,-44,-22,-57,-33,-60,-40,-55,-62
7.02933,-101,-73,-86,-68,-81,-69,-97,-87,-75,-68,-35,-60,-32,-42,-35,-39,-37,-59,-62,-50,-48,-54,-19,-61,-42,-73,-65
7.04000,-106,-69,-82,-75,-79,-68,-81,-86,-80,-70,-40,-58,-36,-42,-25,-49,-42,-39,-53,-42,-37,-52,-34,-35,-34,-52,-74
7.05067,-107,-82,-86,-75,-84,-64,-105,-84,-66,-62,-41,-57,-41,-21,-26,-55,-41,-57,-46,-34,-42,-47,-35,-31,-37,-47,-56
7.06133,-102,-72,-84,-82,-80,-65,-91,-88,-75,-68,-42,-48,-33,-32,-38,-51,-23,-59,-37,-41,-45,-42,-31,-40,-44,-48,-57
7.07200,-94,-83,-97,-71,-94,-64,-96,-95,-74,-57,-41,-62,-37,-42,-28,-61,-39,-64,-46,-28,-51,-42,-40,-38,-53,-52,-53
7.08267,-107,-81,-95,-71,-79,-65,-109,-99,-66,-59,-42,-63,-40,-47,-43,-46,-41,-42,-48,-49,-45,-55,-43,-37,-47,-49,-56
7.09333,-83,-89,-79,-71,-97,-69,-102,-88,-76,-68,-37,-67,-41,-58,-40,-38,-40,-50,-59,-47,-38,-56,-22,-44,-48,-61,-45
7.10400,-105,-92,-77,-67,-93,-72,-93,-76,-71,-74,-52,-63,-41,-45,-36,-48,-41,-57,-42,-53,-34,-71,-29,-49,-39,-65,-43
7.11467,-88,-93,-111,-75,-82,-62,-101,-92,-80,-66,-41,-61,-42,-41,-26,-42,-44,-52,-54,-47,-50,-71,-37,-45,-47,-67,-48
7.12533,-132,-83,-105,-94,-80,-76,-111,-101,-85,-65,-50,-56,-29,-36,-27,-44,-45,-55,-56,-64,-45,-55,-30,-48,-47,-62,-60
7.13600,-133,-59,-122,-88,-99,-74,-103,-102,-85,-71,-49,-54,-33,-46,-30,-35,-36,-51,-52,-53,-50,-33,-24,-63,-55,-68,-55
7.14667,-107,-76,-109,-95,-102,-72,-116,-103,-89,-71,-49,-56,-32,-33,-32,-56,-38,-38,-56,-46,-50,-23,-18,-71,-34,-74,-73
7.15733,-127,-78,-101,-83,-100,-73,-109,-90,-85,-69,-42,-63,-23,-40,-36,-45,-26,-51,-45,-42,-50,-38,-23,-56,-37,-47,-67
7.16800,-128,-76,-107,-93,-104,-79,-103,-94,-88,-61,-44,-54,-20,-31,-27,-40,-29,-50,-51,-38,-41,-51,-21,-47,-43,-47,-53
7.17867,-101,-71,-121,-75,-107,-88,-102,-89,-88,-68,-46,-59,-22,-33,-38,-34,-36,-44,-61,-36,-40,-52,-39,-41,-44,-50,-56
7.18933,-103,-92,-113,-68,-98,-80,-106,-91,-81,-76,-41,-69,-30,-34,-36,-34,-17,-26,-59,-36,-43,-53,-31,-42,-43,-64,-63
7.20000,-121,-73,-108,-83,-104,-89,-111,-105,-78,-72,-47,-69,-27,-32,-42,-39,-25,-51,-46,-33,-33,-52,-29,-57,-50,-67,-46
7.21067,-115,-83,-127,-103,-104,-104,-116,-95,-87,-66,-47,-58,-43,-25,-29,-41,-27,-51,-43,-38,-24,-35,-26,-55,-50,-45,-41
7.22133,-119,-88,-106,-83,-98,-89,-105,-88,-76,-69,-55,-65,-30,-33,-11,-44,-26,-51,-44,-37,-29,-58,-33,-38,-69,-53,-50
7.23200,-127,-86,-106,-80,-101,-86,-104,-85,-91,-74,-36,-60,-37,-41,-19,-66,-28,-48,-59,-34,-35,-41,-45,-38,-58,-70,-39
7.24267,-124,-81,-110,-85,-82,-85,-91,-83,-91,-63,-55,-67,-36,-44,-23,-47,-35,-59,-58,-44,-48,-52,-35,-40,-54,-60,-56
7.25333,-113,-83,-96,-78,-97,-74,-90,-83,-82,-74,-48,-62,-37,-47,-33,-48,-45,-49,-37,-41,-48,-54,-27,-46,-43,-58,-63
7.26400,-84,-77,-104,-93,-90,-76,-102,-99,-81,-68,-52,-60,-32,-19,-30,-48,-34,-51,-52,-27,-43,-42,-16,-31,-38,-58,-67
7.27467,-96,-77,-109,-81,-97,-66,-107,-99,-85,-76,-60,-66,-30,-30,-30,-50,-34,-50,-44,-22,-47,-41,-28,-49,-30,-48,-59
7.28533,-118,-80,-105,-88,-105,-77,-110,-100,-85,-79,-58,-49,-26,-48,-38,-59,-40,-53,-48,-36,-50,-42,-27,-58,-36,-56,-65
7.29600,-106,-103,-105,-81,-103,-86,-109,-96,-80,-84,-52,-61,-29,-33,-38,-47,-44,-48,-58,-41,-38,-60,-14,-55,-38,-57,-65
7.30667,-105,-96,-112,-79,-93,-83,-87,-89,-81,-77,-44,-59,-31,-33,-36,-48,-42,-56,-55,-48,-39,-74,-38,-71,-66,-64,-52
7.31733,-105,-82,-96,-98,-103,-83,-90,-91,-87,-79,-42,-54,-35,-36,-37,-46,-47,-56,-67,-57,-49,-72,-17,-55,-49,-61,-51
7.32800,-98,-68,-82,-112,-80,-83,-106,-75,-81,-79,-41,-59,-42,-35,-36,-43,-38,-44,-63,-68,-59,-60,-21,-48,-51,-61,-63
7.33867,-95,-71,-88,-97,-100,-89,-109,-87,-70,-67,-36,-67,-51,-35,-40,-47,-41,-38,-59,-50,-40,-42,-22,-51,-51,-67,-60
7.34933,-115,-90,-102,-114,-91,-79,-103,-88,-81,-73,-36,-66,-50,-35,-42,-63,-32,-60,-52,-48,-33,-45,-31,-47,-49,-61,-50
7.36000,-119,-97,-108,-85,-100,-81,-104,-103,-87,-75,-44,-71,-42,-28,-37,-31,-45,-46,-63,-57,-46,-40,-38,-50,-44,-51,-56
7.37067,-114,-117,-114,-81,-83,-80,-107,-95,-83,-72,-38,-64,-51,-32,-31,-53,-42,-49,-68,-48,-41,-47,-33,-43,-41,-58,-56
7.38133,-134,-99,-103,-93,-85,-78,-115,-100,-90,-82,-44,-58,-58,-41,-31,-60,-52,-68,-60,-49,-51,-32,-40,-32,-42,-59,-54
7.39200,-132,-90,-91,-97,-98,-93,-119,-110,-90,-69,-43,-69,-50,-32,-39,-60,-56,-57,-48,-62,-37,-39,-40,-41,-43,-77,-61
7.40267,-125,-98,-104,-81,-99,-92,-107,-97,-93,-79,-51,-77,-50,-16,-31,-53,-35,-32,-67,-56,-44,-57,-49,-51,-39,-71,-62
7.41333,-129,-102,-96,-80,-104,-100,-109,-99,-85,-84,-55,-71,-57,-29,-31,-54,-44,-48,-54,-43,-37,-49,-36,-47,-43,-59,-75
7.42400,-137,-100,-117,-92,-110,-91,-119,-99,-82,-81,-64,-80,-34,-40,-35,-68,-34,-44,-58,-43,-49,-59,-37,-54,-47,-66,-70
7.43467,-128,-82,-107,-88,-101,-76,-117,-95,-83,-76,-65,-77,-38,-42,-42,-57,-46,-62,-63,-41,-46,-58,-43,-58,-50,-61,-63
7.44533,-143,-82,-125,-93,-116,-80,-119,-96,-87,-88,-62,-63,-33,-45,-44,-56,-40,-53,-72,-37,-49,-49,-23,-53,-50,-62,-76
7.45600,-123,-87,-108,-81,-102,-79,-114,-92,-84,-78,-49,-65,-41,-45,-45,-53,-43,-57,-69,-49,-34,-64,-34,-53,-52,-62,-66
7.46667,-126,-85,-92,-75,-96,-83,-112,-99,-80,-78,-34,-76,-33,-51,-52,-52,-58,-50,-65,-53,-37,-61,-32,-48,-48,-65,-67
7.47733,-132,-81,-101,-94,-95,-79,-118,-101,-86,-80,-42,-72,-47,-57,-50,-54,-49,-39,-50,-54,-34,-54,-38,-48,-52,-60,-65
7.48800,-138,-116,-98,-86,-103,-82,-109,-89,-96,-82,-49,-71,-60,-52,-48,-55,-55,-48,-55,-54,-36,-57,-38,-52,-58,-57,-55
7.49867,-125,-86,-109,-87,-110,-71,-117,-85,-92,-75,-42,-88,-62,-53,-50,-43,-50,-54,-57,-54,-51,-80,-41,-50,-49,-60,-59
7.50933,-110,-109,-83,-62,-116,-75,-111,-98,-95,-80,-38,-84,-45,-39,-39,-38,-42,-60,-53,-51,-47,-48,-45,-46,-57,-53,-52
7.52000,-92,-101,-94,-86,-104,-71,-90,-96,-94,-90,-53,-84,-51,-31,-38,-50,-38,-60,-56,-48,-63,-54,-33,-48,-46,-66,-60
7.53067,-114,-100,-105,-74,-93,-78,-88,-83,-82,-82,-45,-79,-30,-36,-42,-67,-39,-68,-54,-51,-35,-55,-56,-42,-34,-61,-61
7.54133,-125,-89,-86,-90,-95,-77,-92,-93,-88,-95,-50,-75,-20,-53,-47,-66,-40,-77,-61,-51,-39,-62,-62,-58,-40,-60,-68
7.55200,-96,-83,-92,-75,-97,-78,-100,-82,-90,-90,-51,-77,-31,-43,-23,-52,-49,-56,-58,-39,-36,-54,-47,-50,-35,-64,-70
7.56267,-104,-86,-108,-79,-98,-59,-114,-90,-90,-83,-69,-71,-35,-54,-41,-49,-48,-41,-56,-29,-34,-48,-44,-43,-43,-60,-53
7.57333,-104,-92,-102,-80,-93,-64,-116,-87,-81,-74,-54,-76,-36,-44,-39,-52,-54,-42,-59,-53,-38,-51,-49,-43,-48,-69,-53
7.58400,-127,-72,-116,-88,-97,-66,-97,-105,-81,-77,-50,-67,-34,-39,-42,-50,-48,-49,-63,-45,-50,-51,-39,-43,-46,-72,-57
7.59467,-128,-79,-106,-90,-87,-69,-98,-87,-80,-76,-48,-79,-38,-34,-34,-62,-46,-47,-61,-39,-49,-59,-24,-36,-42,-74,-58
7.60533,-119,-109,-82,-81,-91,-73,-109,-87,-78,-77,-51,-83,-42,-36,-35,-54,-50,-57,-66,-42,-42,-54,-35,-51,-46,-80,-44
7.61600,-116,-88,-95,-84,-81,-68,-108,-90,-95,-79,-47,-80,-35,-46,-42,-49,-52,-55,-54,-41,-51,-63,-40,-63,-41,-66,-48
7.62667,-112,-91,-109,-91,-92,-76,-104,-97,-88,-80,-44,-74,-44,-46,-46,-56,-59,-56,-67,-57,-47,-56,-42,-49,-56,-56,-50
7.63733,-121,-103,-93,-92,-102,-84,-106,-96,-75,-85,-40,-71,-41,-41,-52,-50,-61,-65,-59,-43,-46,-56,-28,-65,-50,-55,-49
7.64800,-117,-89,-98,-108,-102,-71,-112,-103,-88,-84,-49,-76,-51,-38,-36,-50,-56,-76,-58,-54,-47,-58,-29,-55,-54,-70,-69
7.65867,-110,-79,-96,-102,-118,-79,-117,-89,-84,-80,-53,-68,-47,-42,-39,-52,-42,-48,-76,-49,-57,-55,-34,-66,-57,-60,-71
7.66933,-123,-70,-114,-99,-101,-74,-120,-94,-71,-94,-50,-74,-28,-37,-37,-54,-40,-47,-63,-48,-45,-63,-32,-49,-39,-59,-60
7.68000,-118,-73,-112,-88,-107,-82,-102,-99,-89,-85,-48,-64,-32,-51,-38,-50,-35,-48,-71,-48,-44,-66,-44,-65,-52,-66,-54
7.69067,-134,-56,-122,-78,-102,-71,-96,-96,-82,-76,-42,-67,-30,-52,-42,-45,-49,-50,-70,-45,-51,-58,-46,-48,-48,-69,-72
7.70133,-130,-94,-106,-80,-108,-65,-103,-85,-84,-77,-51,-76,-27,-25,-43,-50,-42,-59,-49,-47,-50,-54,-43,-52,-51,-82,-61
7.71200,-136,-95,-107,-99,-117,-77,-111,-87,-79,-77,-56,-82,-43,-40,-46,-47,-36,-56,-59,-42,-40,-56,-35,-47,-43,-74,-55
7.72267,-111,-95,-90,-85,-103,-67,-101,-79,-84,-81,-57,-69,-40,-42,-39,-52,-44,-54,-68,-45,-41,-58,-40,-55,-48,-68,-50
7.73333,-119,-90,-98,-79,-115,-68,-100,-101,-87,-75,-62,-75,-49,-36,-50,-46,-42,-50,-60,-51,-41,-44,-41,-63,-35,-51,-53
7.74400,-104,-81,-111,-74,-104,-72,-115,-93,-84,-81,-65,-62,-38,-46,-40,-47,-49,-50,-67,-54,-42,-59,-24,-60,-31,-44,-52
7.75467,-99,-70,-98,-84,-107,-83,-109,-92,-84,-80,-65,-65,-38,-44,-46,-53,-60,-52,-57,-44,-35,-63,-37,-57,-53,-46,-44
7.76533,-136,-91,-92,-106,-109,-85,-113,-96,-92,-90,-67,-68,-43,-43,-44,-57,-48,-53,-67,-46,-31,-52,-40,-77,-35,-51,-64
7.77600,-133,-96,-110,-90,-94,-97,-106,-99,-93,-97,-47,-72,-41,-33,-48,-58,-50,-41,-69,-48,-44,-53,-37,-70,-52,-64,-60
7.78667,-122,-94,-122,-95,-116,-85,-113,-94,-82,-98,-52,-72,-43,-41,-57,-52,-61,-50,-67,-43,-44,-63,-29,-51,-46,-70,-55
7.79733,-121,-98,-119,-105,-110,-87,-116,-94,-84,-79,-62,-81,-50,-37,-52,-51,-61,-58,-57,-49,-40,-59,-34,-58,-37,-78,-42
7.80800,-121,-96,-125,-96,-98,-82,-105,-96,-84,-95,-60,-78,-23,-43,-41,-50,-59,-69,-62,-42,-56,-65,-46,-61,-28,-69,-46
7.81867,-153,-98,-122,-103,-100,-90,-107,-97,-94,-96,-41,-80,-32,-44,-36,-51,-40,-71,-60,-50,-50,-51,-49,-47,-37,-77,-60
7.82933,-135,-102,-115,-105,-112,-79,-116,-104,-108,-80,-50,-70,-44,-52,-38,-51,-54,-51,-49,-47,-57,-62,-30,-49,-46,-63,-47
7.84000,-122,-103,-100,-100,-110,-86,-109,-104,-93,-85,-34,-66,-38,-37,-33,-35,-45,-67,-54,-48,-40,-48,-23,-63,-46,-65,-52
7.85067,-123,-110,-85,-103,-107,-86,-113,-108,-92,-80,-34,-73,-46,-34,-54,-50,-26,-67,-59,-48,-44,-62,-28,-69,-47,-73,-52
7.86133,-101,-100,-104,-90,-116,-77,-116,-97,-95,-78,-44,-71,-48,-40,-54,-55,-47,-57,-63,-52,-40,-64,-39,-55,-63,-70,-67
7.87200,-119,-101,-125,-83,-112,-72,-126,-97,-89,-89,-49,-70,-35,-53,-45,-57,-46,-80,-70,-51,-54,-65,-38,-62,-46,-53,-79
7.88267,-127,-68,-131,-93,-100,-69,-117,-83,-86,-81,-52,-78,-42,-41,-43,-55,-54,-58,-58,-49,-47,-53,-45,-49,-59,-52,-73
7.89333,-115,-77,-104,-86,-91,-68,-109,-98,-89,-77,-52,-73,-37,-43,-50,-60,-58,-64,-63,-52,-36,-55,-45,-48,-41,-74,-66
7.90400,-128,-98,-108,-88,-99,-75,-107,-86,-91,-77,-44,-80,-43,-56,-31,-52,-54,-71,-55,-42,-50,-43,-35,-41,-52,-71,-64
7.91467,-102,-98,-106,-85,-106,-65,-115,-96,-92,-80,-56,-82,-55,-55,-31,-52,-48,-62,-54,-58,-43,-47,-25,-32,-52,-64,-58
7.92533,-93,-107,-111,-77,-107,-66,-109,-98,-80,-82,-57,-70,-54,-55,-36,-65,-45,-64,-83,-54,-44,-54,-14,-56,-47,-56,-63
7.93600,-111,-109,-107,-64,-91,-68,-105,-88,-75,-82,-64,-63,-56,-41,-51,-63,-52,-57,-80,-61,-59,-50,-26,-45,-35,-66,-54
7.94667,-98,-108,-110,-75,-90,-74,-95,-88,-79,-80,-62,-78,-45,-39,-54,-70,-46,-64,-59,-49,-28,-56,-44,-41,-39,-58,-69
7.95733,-123,-92,-106,-81,-77,-82,-110,-72,-78,-78,-59,-85,-51,-47,-54,-60,-49,-65,-62,-55,-40,-56,-32,-57,-57,-60,-69
7.96800,-109,-86,-107,-87,-90,-70,-113,-80,-78,-83,-54,-85,-53,-42,-55,-75,-49,-68,-66,-68,-50,-52,-28,-57,-68,-63,-59
7.97867,-128,-87,-97,-73,-95,-66,-106,-88,-79,-80,-49,-87,-55,-50,-43,-85,-69,-58,-48,-54,-35,-62,-35,-66,-61,-57,-65
7.98933,-141,-80,-103,-74,-98,-71,-101,-89,-68,-88,-46,-83,-48,-46,-51,-71,-56,-48,-80,-54,-34,-68,-42,-63,-59,-62,-69
8.00000,-128,-87,-106,-82,-92,-75,-101,-93,-90,-93,-45,-76,-60,-51,-56,-69,-47,-59,-83,-66,-40,-63,-54,-51,-41,-66,-56
8.01067,-118,-92,-109,-75,-97,-62,-97,-99,-103,-90,-52,-75,-55,-56,-49,-81,-51,-49,-86,-69,-45,-58,-41,-55,-24,-53,-71
8.02133,-112,-78,-93,-86,-85,-65,-116,-89,-96,-88,-48,-74,-58,-55,-46,-82,-57,-52,-66,-71,-38,-72,-35,-48,-28,-42,-72
8.03200,-97,-113,-102,-105,-87,-71,-99,-95,-92,-88,-45,-76,-43,-50,-29,-81,-54,-70,-64,-57,-48,-60,-42,-62,-31,-43,-58
8.04267,-104,-96,-110,-99,-88,-76,-102,-97,-94,-81,-55,-75,-38,-41,-52,-85,-48,-61,-61,-68,-37,-68,-59,-66,-40,-67,-73
8.05333,-136,-99,-111,-87,-88,-70,-102,-99,-100,-85,-52,-71,-46,-44,-50,-81,-42,-73,-61,-51,-37,-73,-62,-60,-44,-65,-68
8.06400,-139,-91,-110,-103,-91,-73,-91,-106,-88,-94,-64,-76,-58,-53,-59,-74,-52,-64,-57,-48,-65,-59,-43,-67,-52,-60,-57
8.07467,-118,-79,-124,-91,-104,-82,-93,-105,-93,-95,-65,-79,-60,-53,-52,-75,-52,-60,-66,-46,-49,-66,-63,-74,-59,-63,-69
8.08533,-123,-91,-121,-89,-104,-90,-113,-86,-106,-92,-69,-98,-67,-46,-58,-78,-54,-59,-60,-40,-41,-64,-53,-72,-35,-62,-61
8.09600,-127,-106,-112,-69,-90,-74,-111,-81,-107,-92,-66,-84,-65,-43,-59,-66,-57,-64,-56,-44,-51,-58,-53,-67,-48,-68,-64
8.10667,-122,-80,-117,-91,-104,-76,-111,-108,-98,-89,-51,-83,-52,-35,-60,-68,-64,-65,-65,-64,-52,-63,-37,-50,-56,-62,-62
8.11733,-110,-75,-116,-84,-105,-80,-110,-90,-99,-88,-64,-92,-58,-54,-61,-68,-49,-79,-58,-46,-53,-72,-40,-49,-53,-62,-67
8.12800,-112,-90,-104,-74,-99,-75,-109,-99,-86,-95,-69,-88,-55,-60,-62,-68,-65,-78,-55,-55,-43,-80,-37,-48,-58,-77,-66
8.13867,-102,-86,-99,-86,-93,-79,-103,-99,-90,-82,-60,-88,-48,-57,-69,-59,-58,-69,-80,-63,-55,-54,-43,-50,-56,-70,-73
8.14933,-122,-89,-86,-72,-94,-73,-111,-97,-101,-75,-66,-89,-48,-58,-64,-60,-54,-63,-93,-61,-43,-53,-48,-46,-34,-66,-72
8.16000,-142,-96,-93,-69,-103,-79,-96,-94,-88,-83,-64,-78,-41,-64,-46,-52,-57,-65,-87,-74,-40,-55,-49,-52,-38,-59,-69
8.17067,-139,-92,-97,-86,-93,-84,-105,-97,-80,-97,-61,-79,-45,-61,-61,-57,-63,-72,-77,-69,-55,-59,-46,-72,-34,-52,-62
8.18133,-111,-102,-105,-92,-103,-78,-100,-94,-85,-102,-65,-79,-50,-69,-58,-68,-57,-64,-52,-68,-54,-82,-25,-64,-45,-66,-69
8.19200,-117,-92,-119,-95,-121,-84,-100,-94,-87,-92,-48,-70,-54,-64,-56,-82,-59,-69,-68,-57,-55,-77,-31,-43,-51,-61,-66
8.20267,-112,-105,-145,-80,-100,-64,-130,-96,-87,-94,-60,-86,-60,-54,-56,-68,-57,-59,-71,-62,-40,-59,-42,-54,-55,-55,-64
8.21333,-117,-85,-119,-78,-94,-75,-128,-104,-87,-80,-60,-95,-61,-58,-54,-78,-50,-65,-86,-71,-36,-69,-38,-57,-46,-60,-58
8.22400,-125,-81,-81,-94,-106,-83,-115,-102,-88,-90,-49,-97,-53,-67,-47,-83,-57,-66,-73,-74,-68,-62,-41,-53,-56,-76,-70
8.23467,-101,-72,-89,-90,-110,-78,-112,-103,-82,-78,-52,-93,-51,-58,-56,-80,-39,-76,-73,-69,-56,-60,-35,-56,-60,-70,-81
8.24533,-114,-106,-95,-92,-92,-79,-125,-87,-87,-86,-62,-96,-50,-53,-55,-79,-56,-69,-58,-71,-44,-63,-24,-71,-54,-60,-72
8.25600,-110,-99,-107,-86,-87,-81,-113,-88,-82,-83,-53,-89,-54,-58,-65,-78,-41,-62,-70,-76,-58,-75,-37,-53,-37,-66,-70
8.26667,-107,-77,-96,-78,-93,-89,-119,-93,-90,-85,-54,-79,-43,-59,-61,-76,-46,-46,-69,-67,-55,-75,-34,-56,-38,-53,-70
8.27733,-86,-93,-92,-77,-103,-76,-117,-93,-92,-84,-56,-73,-41,-66,-56,-73,-63,-54,-75,-77,-47,-52,-33,-52,-45,-71,-74
8.28800,-81,-78,-97,-74,-104,-78,-119,-104,-87,-89,-46,-79,-45,-55,-49,-64,-59,-49,-67,-67,-44,-54,-45,-61,-53,-70,-61
8.29867,-102,-88,-102,-74,-98,-70,-112,-106,-85,-93,-56,-87,-43,-61,-44,-53,-56,-69,-72,-71,-68,-52,-43,-44,-38,-74,-61
8.30933,-112,-79,-103,-77,-100,-76,-119,-109,-83,-97,-56,-87,-55,-58,-42,-59,-71,-67,-74,-52,-61,-55,-40,-69,-44,-61,-69
8.32000,-107,-100,-103,-81,-108,-80,-118,-104,-90,-99,-69,-72,-54,-70,-57,-61,-72,-73,-70,-61,-44,-67,-38,-80,-47,-53,-75
8.33067,-120,-105,-88,-81,-107,-87,-121,-110,-90,-91,-55,-82,-44,-61,-46,-64,-62,-83,-58,-76,-36,-62,-52,-93,-57,-55,-70
8.34133,-134,-90,-97,-67,-97,-86,-122,-113,-97,-85,-51,-76,-43,-58,-49,-66,-61,-71,-61,-69,-40,-53,-52,-70,-44,-53,-74
8.35200,-151,-82,-102,-93,-97,-81,-121,-105,-89,-83,-49,-84,-41,-52,-54,-75,-52,-86,-60,-65,-63,-65,-55,-62,-60,-60,-74
8.36267,-128,-87,-112,-92,-104,-69,-127,-117,-100,-92,-57,-76,-48,-48,-50,-71,-42,-66,-69,-56,-54,-57,-43,-75,-60,-58,-74
8.37333,-122,-92,-116,-112,-111,-79,-134,-115,-99,-103,-62,-78,-48,-42,-44,-56,-39,-51,-74,-50,-61,-57,-47,-73,-77,-81,-78
8.38400,-143,-108,-144,-101,-120,-92,-127,-114,-103,-92,-56,-68,-48,-40,-52,-59,-52,-69,-63,-51,-44,-57,-47,-83,-72,-79,-80
8.39467,-121,-114,-129,-92,-115,-101,-124,-114,-111,-92,-55,-78,-41,-54,-44,-50,-50,-72,-57,-59,-50,-58,-35,-87,-57,-79,-74
8.40533,-125,-130,-153,-105,-126,-105,-122,-110,-112,-117,-62,-75,-48,-53,-51,-66,-59,-64,-66,-54,-60,-55,-35,-79,-60,-88,-71
8.41600,-180,-117,-129,-120,-123,-112,-125,-121,-104,-106,-57,-91,-52,-52,-48,-64,-58,-79,-50,-70,-38,-65,-41,-70,-66,-86,-67
8.42667,-168,-119,-125,-117,-127,-105,-135,-111,-103,-106,-83,-89,-55,-33,-46,-57,-56,-77,-47,-67,-48,-73,-46,-64,-62,-81,-74
8.43733,-159,-119,-130,-100,-120,-99,-136,-109,-101,-96,-66,-82,-51,-42,-51,-59,-59,-76,-58,-58,-69,-80,-49,-56,-77,-78,-84
8.44800,-149,-132,-124,-102,-128,-93,-141,-121,-103,-108,-64,-72,-43,-57,-50,-67,-62,-72,-56,-55,-59,-70,-58,-74,-76,-81,-82
8.45867,-142,-111,-108,-120,-124,-97,-133,-112,-98,-87,-53,-79,-43,-52,-38,-67,-56,-75,-64,-59,-55,-62,-56,-72,-60,-85,-71
8.46933,-149,-105,-130,-113,-139,-105,-125,-108,-95,-82,-53,-87,-49,-43,-43,-62,-59,-82,-64,-63,-44,-64,-56,-76,-68,-76,-78
8.48000,-140,-100,-128,-116,-120,-98,-118,-99,-99,-104,-62,-96,-64,-33,-54,-77,-74,-77,-58,-75,-50,-69,-59,-57,-60,-78,-68
8.49067,-144,-101,-125,-134,-124,-96,-122,-103,-98,-96,-53,-81,-49,-46,-61,-73,-66,-72,-68,-61,-56,-57,-66,-52,-56,-79,-80
8.50133,-147,-109,-116,-119,-125,-95,-125,-104,-102,-95,-58,-82,-65,-54,-53,-64,-52,-75,-71,-67,-53,-84,-47,-65,-63,-83,-92
8.51200,-111,-126,-121,-105,-129,-84,-128,-114,-96,-87,-66,-85,-66,-57,-64,-79,-48,-82,-82,-63,-61,-68,-61,-70,-65,-89,-85
8.52267,-133,-107,-124,-112,-117,-91,-121,-121,-98,-99,-63,-83,-59,-67,-70,-71,-46,-80,-92,-69,-58,-76,-56,-60,-55,-70,-95
8.53333,-151,-118,-122,-99,-132,-83,-114,-129,-105,-94,-60,-89,-57,-66,-54,-73,-47,-72,-81,-85,-71,-81,-57,-70,-53,-69,-97
8.54400,-142,-112,-130,-118,-129,-91,-108,-117,-95,-93,-70,-92,-57,-56,-45,-76,-68,-63,-85,-73,-63,-61,-53,-63,-62,-78,-92
8.55467,-145,-116,-117,-119,-129,-96,-104,-122,-94,-101,-73,-87,-59,-64,-51,-75,-58,-71,-81,-68,-61,-77,-57,-75,-54,-74,-93
8.56533,-126,-109,-128,-109,-112,-80,-111,-109,-97,-99,-70,-90,-49,-56,-56,-71,-53,-81,-71,-74,-66,-88,-51,-62,-59,-74,-76
8.57600,-115,-111,-112,-102,-105,-84,-99,-112,-89,-90,-70,-83,-44,-59,-48,-57,-42,-71,-71,-59,-57,-73,-45,-67,-48,-71,-69
8.58667,-127,-131,-112,-94,-98,-81,-108,-106,-90,-96,-60,-84,-46,-66,-48,-65,-47,-55,-86,-69,-46,-63,-47,-69,-50,-77,-62
8.59733,-101,-110,-110,-87,-107,-88,-120,-109,-104,-90,-74,-83,-46,-59,-53,-70,-49,-75,-78,-64,-59,-67,-45,-76,-63,-79,-67
8.60800,-114,-88,-95,-98,-111,-83,-110,-98,-102,-94,-68,-84,-55,-58,-42,-86,-51,-67,-80,-75,-50,-61,-39,-69,-68,-76,-72
8.61867,-105,-89,-107,-78,-110,-79,-102,-104,-95,-100,-61,-74,-70,-49,-62,-72,-60,-66,-75,-58,-52,-53,-44,-67,-56,-69,-64
8.62933,-133,-103,-121,-72,-95,-93,-105,-94,-96,-97,-53,-77,-68,-55,-56,-65,-55,-68,-66,-69,-60,-63,-45,-59,-59,-58,-71
8.64000,-121,-95,-125,-92,-89,-93,-101,-94,-81,-82,-49,-78,-54,-61,-63,-56,-62,-61,-70,-78,-52,-62,-50,-68,-67,-60,-73
8.65067,-137,-96,-107,-92,-85,-75,-104,-97,-95,-84,-45,-80,-61,-65,-53,-78,-52,-71,-54,-63,-47,-75,-48,-78,-54,-78,-73
8.66133,-124,-95,-117,-78,-90,-79,-100,-91,-97,-92,-61,-83,-52,-56,-61,-82,-58,-79,-67,-53,-46,-67,-50,-71,-44,-84,-70
8.67200,-130,-84,-107,-64,-95,-75,-103,-89,-91,-83,-61,-68,-56,-47,-45,-82,-67,-76,-64,-53,-35,-48,-45,-67,-37,-76,-77
8.68267,-114,-89,-88,-68,-93,-80,-108,-91,-92,-83,-46,-70,-49,-39,-54,-74,-66,-76,-63,-49,-52,-57,-39,-62,-45,-72,-61
8.69333,-102,-100,-103,-73,-72,-78,-101,-86,-86,-71,-54,-75,-48,-48,-50,-72,-70,-74,-64,-67,-58,-74,-47,-66,-62,-70,-71
8.70400,-92,-90,-88,-65,-82,-68,-91,-89,-85,-84,-52,-72,-47,-49,-39,-80,-67,-69,-55,-57,-65,-71,-42,-63,-54,-69,-58
8.71467,-90,-81,-92,-69,-78,-48,-90,-87,-84,-68,-50,-75,-48,-47,-38,-82,-52,-73,-84,-47,-59,-65,-52,-52,-61,-61,-69
8.72533,-82,-60,-79,-33,-61,-45,-71,-81,-78,-65,-46,-70,-52,-63,-40,-77,-52,-69,-67,-47,-57,-63,-35,-51,-71,-72,-71
8.73600,-65,-35,-67,-24,-69,-35,-68,-61,-72,-61,-43,-73,-41,-46,-44,-71,-61,-72,-73,-60,-42,-75,-54,-53,-55,-70,-64
8.74667,-50,-35,-59,-29,-40,-34,-57,-52,-75,-57,-55,-67,-44,-49,-54,-81,-53,-64,-82,-46,-53,-60,-47,-65,-52,-51,-75
8.75733,-31,-30,-37,-11,-46,-28,-62,-50,-63,-59,-47,-63,-30,-58,-46,-60,-42,-59,-76,-52,-42,-47,-44,-43,-53,-46,-67
8.76800,-32,-22,-35,-12,-22,-12,-46,-39,-42,-63,-33,-69,-27,-54,-42,-64,-46,-63,-78,-42,-65,-50,-46,-61,-61,-56,-63
8.77867,-48,-18,-20,-19,-11,-12,-41,-29,-40,-54,-20,-69,-31,-50,-48,-56,-46,-73,-76,-46,-47,-58,-38,-65,-45,-68,-54
8.78933,-22,8,-17,10,-10,2,-28,-29,-39,-45,-20,-60,-31,-29,-35,-62,-53,-56,-72,-57,-56,-75,-52,-71,-31,-58,-56
8.80000,-2,23,12,21,-11,13,-30,-15,-29,-33,-22,-53,-40,-31,-54,-51,-36,-61,-73,-47,-55,-75,-54,-61,-45,-61,-65
8.81067,-1,29,29,21,7,18,-26,-11,-12,-39,-11,-45,-22,-22,-39,-43,-42,-52,-75,-55,-59,-52,-48,-56,-45,-70,-63
8.82133,42,46,19,32,23,24,-4,-9,-3,-35,-7,-45,-15,-26,-36,-40,-56,-64,-73,-61,-54,-57,-57,-59,-58,-64,-63
8.83200,24,37,28,38,0,22,-20,1,-13,-30,-12,-32,-22,-21,-30,-62,-48,-65,-66,-42,-71,-64,-52,-63,-57,-62,-62
8.84267,27,55,36,49,15,24,-8,12,-17,-25,-20,-31,-21,-28,-43,-49,-50,-74,-61,-47,-73,-57,-60,-57,-57,-48,-57
8.85333,28,52,34,52,20,17,-13,9,-25,-28,-21,-39,-32,-23,-34,-65,-41,-66,-50,-58,-58,-61,-41,-62,-51,-51,-63
8.86400,31,36,19,42,26,25,-17,4,-17,-26,-21,-39,-25,-44,-17,-54,-49,-52,-59,-57,-63,-57,-51,-63,-42,-56,-71
8.87467,16,12,11,47,5,34,-15,-6,-27,-26,-12,-52,-25,-33,-20,-65,-44,-56,-76,-56,-58,-53,-38,-58,-58,-64,-53
8.88533,-10,18,7,32,14,15,-25,-14,-26,-38,-23,-53,-18,-38,-23,-69,-61,-63,-78,-52,-56,-39,-44,-56,-41,-70,-55
8.89600,-22,16,27,19,-4,28,-41,-13,-23,-41,-12,-64,-33,-38,-35,-60,-49,-64,-76,-50,-63,-34,-56,-49,-38,-71,-55
8.90667,-40,9,-10,2,-2,10,-41,-25,-30,-46,-26,-65,-33,-52,-34,-60,-51,-73,-67,-64,-40,-50,-67,-47,-46,-81,-68
8.91733,-41,2,-24,-2,-16,-10,-45,-26,-31,-49,-32,-53,-41,-50,-45,-74,-58,-62,-76,-52,-46,-74,-51,-67,-57,-74,-81
8.92800,-44,4,-32,-9,-28,-12,-49,-39,-47,-63,-30,-62,-37,-36,-39,-67,-53,-65,-70,-54,-49,-72,-54,-57,-45,-73,-74
8.93867,-56,3,-56,-5,-38,-29,-61,-56,-67,-61,-35,-68,-45,-56,-41,-72,-63,-57,-76,-53,-56,-67,-42,-70,-40,-67,-64
8.94933,-55,-20,-39,-14,-44,-39,-68,-63,-59,-65,-43,-84,-38,-62,-43,-56,-70,-68,-70,-42,-62,-61,-47,-71,-66,-69,-69
8.96000,-68,-48,-55,-44,-68,-53,-82,-79,-64,-77,-53,-82,-55,-54,-47,-54,-60,-56,-65,-61,-52,-66,-56,-64,-58,-65,-69
8.97067,-98,-52,-76,-58,-74,-58,-84,-82,-78,-77,-53,-83,-50,-53,-50,-59,-52,-69,-65,-68,-68,-71,-37,-66,-43,-57,-80
8.98133,-114,-61,-91,-78,-79,-64,-108,-81,-83,-87,-46,-82,-53,-60,-50,-70,-64,-67,-57,-56,-64,-83,-43,-83,-56,-69,-70
8.99200,-132,-64,-73,-81,-85,-70,-103,-93,-84,-83,-51,-68,-56,-71,-39,-73,-63,-68,-61,-61,-58,-70,-63,-75,-60,-77,-79
9.00267,-118,-72,-96,-78,-93,-65,-91,-98,-91,-88,-62,-76,-51,-54,-40,-73,-58,-70,-63,-49,-47,-83,-70,-79,-46,-77,-79
9.01333,-140,-88,-106,-82,-108,-70,-105,-98,-76,-84,-65,-87,-49,-60,-44,-69,-49,-72,-73,-46,-53,-74,-49,-63,-48,-76,-82
9.02400,-122,-100,-130,-99,-110,-82,-119,-103,-88,-93,-52,-68,-49,-48,-49,-80,-45,-67,-76,-63,-49,-68,-46,-58,-59,-88,-78
9.03467,-117,-104,-121,-100,-119,-100,-113,-116,-93,-88,-50,-63,-54,-45,-37,-69,-49,-64,-80,-57,-56,-59,-41,-61,-80,-90,-72
9.04533,-126,-117,-107,-86,-107,-100,-125,-102,-100,-99,-57,-73,-56,-48,-59,-70,-53,-65,-81,-61,-61,-63,-48,-55,-63,-77,-76
9.05600,-118,-118,-119,-83,-113,-85,-135,-101,-104,-83,-58,-81,-62,-38,-52,-63,-58,-52,-80,-64,-60,-63,-55,-74,-70,-65,-74
9.06667,-136,-129,-106,-94,-106,-84,-129,-107,-104,-94,-62,-71,-62,-54,-56,-66,-72,-59,-72,-82,-60,-60,-65,-70,-69,-68,-91
9.07733,-139,-152,-126,-100,-120,-90,-121,-109,-96,-100,-55,-75,-75,-50,-52,-75,-74,-73,-69,-75,-39,-71,-60,-74,-60,-68,-91
9.08800,-137,-128,-130,-105,-126,-100,-130,-112,-100,-106,-54,-79,-69,-55,-54,-83,-61,-73,-65,-63,-40,-71,-67,-76,-67,-77,-81
9.09867,-171,-125,-143,-103,-115,-101,-129,-112,-89,-98,-62,-75,-60,-52,-33,-86,-64,-63,-70,-64,-42,-80,-54,-80,-67,-86,-78
9.10933,-177,-135,-151,-111,-112,-98,-112,-122,-91,-89,-61,-84,-43,-51,-34,-67,-79,-67,-80,-67,-52,-84,-44,-79,-68,-76,-85
9.12000,-160,-114,-136,-106,-118,-100,-125,-110,-97,-88,-70,-82,-42,-57,-35,-68,-67,-64,-77,-73,-54,-68,-38,-87,-67,-87,-86
9.13067,-154,-104,-131,-117,-113,-98,-138,-118,-98,-99,-69,-90,-44,-70,-46,-64,-73,-63,-63,-83,-62,-71,-67,-72,-63,-81,-74
9.14133,-128,-117,-122,-101,-122,-99,-139,-118,-99,-103,-72,-77,-51,-83,-61,-76,-55,-72,-87,-72,-65,-75,-63,-68,-56,-76,-76
9.15200,-144,-141,-145,-107,-130,-92,-126,-118,-101,-93,-76,-75,-61,-63,-46,-87,-78,-62,-82,-73,-71,-59,-52,-67,-68,-90,-75
9.16267,-134,-127,-130,-112,-116,-93,-116,-108,-108,-94,-72,-83,-66,-64,-56,-76,-56,-80,-79,-55,-69,-80,-66,-66,-61,-69,-80
9.17333,-136,-131,-134,-102,-122,-95,-114,-115,-106,-87,-73,-83,-56,-56,-58,-87,-64,-85,-81,-46,-64,-82,-78,-62,-69,-75,-85
9.18400,-120,-115,-130,-112,-116,-91,-111,-109,-110,-97,-69,-81,-60,-68,-60,-80,-56,-79,-69,-71,-62,-77,-65,-68,-66,-81,-69
9.19467,-142,-115,-113,-95,-134,-97,-111,-125,-99,-109,-60,-77,-51,-73,-51,-69,-59,-81,-77,-53,-60,-67,-66,-77,-64,-70,-73
9.20533,-131,-106,-127,-109,-119,-108,-120,-114,-82,-94,-53,-84,-44,-70,-48,-74,-60,-74,-92,-67,-55,-66,-60,-83,-61,-54,-87
9.21600,-111,-115,-100,-91,-115,-96,-119,-115,-91,-96,-55,-86,-55,-67,-48,-88,-59,-68,-91,-53,-57,-63,-57,-78,-49,-66,-78
9.22667,-111,-105,-117,-94,-116,-89,-123,-113,-87,-104,-58,-86,-56,-62,-61,-82,-53,-78,-83,-73,-55,-77,-50,-76,-77,-77,-79
9.23733,-108,-97,-108,-99,-115,-81,-107,-112,-88,-98,-68,-84,-61,-67,-64,-85,-69,-72,-80,-76,-58,-75,-52,-66,-69,-65,-81
9.24800,-108,-89,-101,-89,-102,-81,-123,-117,-93,-87,-61,-86,-56,-62,-51,-71,-61,-72,-78,-61,-54,-90,-36,-64,-72,-71,-74
9.25867,-124,-108,-107,-114,-102,-88,-120,-112,-99,-88,-63,-84,-77,-64,-63,-71,-66,-84,-83,-78,-57,-99,-42,-75,-76,-77,-75
9.26933,-102,-128,-110,-106,-117,-99,-127,-119,-99,-93,-71,-96,-68,-58,-67,-76,-64,-73,-81,-77,-47,-78,-44,-85,-79,-73,-83
9.28000,-119,-124,-106,-97,-114,-89,-122,-116,-97,-90,-81,-87,-68,-55,-58,-75,-60,-74,-87,-69,-75,-57,-56,-82,-63,-78,-86
9.29067,-131,-117,-120,-89,-130,-85,-122,-119,-95,-103,-49,-93,-60,-56,-62,-66,-64,-75,-80,-72,-56,-65,-65,-69,-65,-86,-97
9.30133,-123,-103,-125,-80,-113,-76,-120,-109,-102,-93,-65,-93,-63,-66,-64,-85,-69,-74,-74,-62,-54,-69,-53,-79,-69,-86,-85
9.31200,-107,-91,-137,-71,-112,-84,-101,-90,-101,-92,-54,-91,-64,-57,-51,-77,-73,-80,-58,-55,-55,-87,-49,-72,-61,-83,-79
9.32267,-122,-105,-138,-83,-128,-74,-122,-107,-110,-98,-63,-88,-67,-72,-59,-73,-72,-75,-54,-75,-55,-93,-56,-68,-51,-74,-82
9.33333,-129,-93,-134,-93,-115,-75,-117,-104,-96,-107,-70,-77,-47,-66,-48,-71,-58,-68,-61,-75,-67,-86,-45,-66,-61,-96,-63
9.34400,-103,-95,-127,-99,-114,-73,-124,-103,-92,-108,-69,-94,-46,-60,-54,-70,-70,-66,-61,-64,-57,-105,-39,-89,-53,-82,-71
9.35467,-129,-110,-117,-106,-111,-93,-107,-109,-95,-97,-73,-88,-52,-62,-36,-73,-42,-66,-74,-54,-40,-75,-39,-74,-63,-71,-66
9.36533,-133,-110,-106,-97,-115,-90,-113,-96,-100,-100,-55,-74,-57,-68,-64,-71,-64,-66,-67,-52,-41,-68,-54,-73,-68,-70,-74
9.37600,-134,-98,-122,-99,-116,-89,-110,-96,-101,-94,-63,-78,-57,-53,-60,-64,-59,-82,-62,-68,-45,-79,-58,-62,-64,-71,-92
9.38667,-113,-103,-129,-109,-118,-86,-112,-104,-94,-96,-55,-78,-66,-60,-53,-63,-54,-76,-84,-87,-41,-63,-54,-58,-69,-75,-79
9.39733,-141,-109,-101,-107,-110,-83,-126,-105,-98,-95,-63,-85,-60,-70,-68,-79,-51,-67,-77,-89,-61,-54,-38,-51,-64,-89,-70
9.40800,-153,-103,-113,-116,-110,-86,-131,-110,-107,-104,-75,-85,-55,-61,-62,-70,-63,-82,-69,-77,-43,-51,-47,-56,-80,-80,-67
9.41867,-148,-106,-117,-101,-114,-78,-132,-113,-97,-102,-78,-83,-66,-57,-66,-83,-69,-87,-85,-70,-50,-64,-67,-61,-67,-83,-65
9.42933,-145,-100,-113,-88,-115,-86,-131,-107,-94,-93,-84,-93,-71,-56,-70,-79,-69,-67,-70,-74,-54,-74,-67,-53,-78,-77,-83
9.44000,-139,-119,-121,-92,-120,-87,-127,-111,-112,-82,-65,-84,-69,-60,-67,-75,-70,-80,-72,-61,-62,-74,-57,-71,-57,-77,-69
9.45067,-148,-114,-109,-78,-113,-91,-122,-106,-96,-95,-79,-90,-60,-59,-53,-78,-57,-74,-84,-43,-43,-75,-63,-81,-68,-81,-69
9.46133,-151,-122,-135,-95,-118,-87,-127,-101,-107,-96,-73,-86,-61,-59,-65,-61,-59,-76,-82,-67,-55,-76,-49,-73,-65,-72,-65
9.47200,-152,-119,-141,-102,-114,-94,-125,-105,-107,-96,-69,-80,-54,-49,-55,-71,-68,-61,-83,-65,-68,-72,-42,-65,-78,-88,-66
9.48267,-173,-108,-117,-104,-129,-83,-125,-111,-102,-95,-69,-82,-64,-59,-63,-68,-76,-56,-70,-64,-77,-80,-43,-56,-72,-69,-70
9.49333,-154,-126,-118,-111,-135,-86,-116,-115,-101,-89,-64,-86,-65,-62,-63,-78,-83,-77,-69,-60,-55,-69,-47,-66,-70,-73,-76
9.50400,-153,-127,-108,-117,-138,-104,-116,-99,-92,-93,-61,-90,-70,-67,-52,-85,-81,-83,-71,-79,-54,-69,-43,-81,-64,-70,-78
9.51467,-134,-130,-118,-106,-135,-102,-122,-117,-104,-93,-74,-96,-61,-64,-52,-79,-74,-73,-74,-79,-77,-63,-43,-75,-58,-71,-83
9.52533,-154,-106,-125,-122,-145,-104,-133,-118,-98,-105,-74,-88,-55,-52,-45,-68,-63,-73,-90,-67,-80,-58,-62,-69,-51,-68,-77
9.53600,-155,-121,-134,-118,-135,-109,-126,-112,-104,-104,-59,-91,-56,-56,-48,-79,-71,-73,-92,-62,-70,-69,-57,-75,-57,-75,-62
9.54667,-182,-119,-136,-135,-127,-111,-135,-108,-114,-95,-58,-81,-63,-69,-60,-76,-69,-67,-79,-72,-64,-68,-73,-77,-57,-89,-75
9.55733,-144,-132,-141,-125,-119,-109,-121,-113,-111,-88,-59,-85,-67,-52,-70,-83,-74,-67,-63,-72,-67,-75,-68,-65,-55,-88,-71
9.56800,-157,-133,-136,-115,-137,-111,-129,-104,-99,-89,-59,-94,-56,-70,-62,-80,-59,-63,-67,-67,-50,-78,-48,-68,-62,-87,-92
9.57867,-160,-127,-129,-116,-137,-109,-132,-110,-119,-101,-71,-78,-46,-62,-58,-77,-57,-75,-80,-51,-55,-67,-55,-72,-71,-85,-75
9.58933,-161,-127,-155,-120,-138,-114,-133,-108,-110,-108,-63,-80,-56,-65,-58,-63,-65,-52,-83,-67,-49,-71,-39,-97,-63,-79,-77
9.60000,-169,-126,-147,-113,-131,-112,-137,-113,-101,-94,-65,-89,-50,-49,-53,-70,-64,-64,-91,-65,-60,-84,-50,-88,-72,-85,-71
9.61067,-130,-129,-158,-126,-140,-99,-137,-131,-96,-96,-80,-73,-60,-50,-64,-73,-61,-69,-81,-71,-66,-83,-51,-74,-74,-76,-82
9.62133,-150,-128,-150,-131,-141,-108,-138,-127,-109,-104,-67,-76,-47,-58,-60,-65,-55,-76,-74,-82,-66,-75,-57,-69,-75,-78,-94
9.63200,-156,-115,-142,-132,-130,-110,-136,-124,-107,-110,-76,-81,-44,-56,-53,-68,-57,-76,-86,-78,-60,-66,-61,-83,-71,-74,-86
9.64267,-128,-134,-138,-130,-137,-103,-133,-115,-111,-96,-70,-86,-51,-56,-49,-63,-56,-64,-83,-68,-59,-63,-61,-72,-66,-83,-90
9.65333,-141,-121,-132,-120,-140,-82,-119,-119,-101,-96,-64,-95,-59,-67,-51,-63,-47,-67,-85,-60,-37,-77,-53,-73,-57,-77,-88
9.66400,-143,-120,-119,-114,-118,-84,-119,-113,-101,-99,-65,-98,-61,-63,-58,-72,-45,-81,-72,-64,-49,-82,-54,-68,-64,-81,-68
9.67467,-124,-116,-131,-115,-143,-91,-108,-118,-103,-97,-61,-88,-66,-69,-71,-58,-52,-73,-68,-94,-56,-85,-58,-77,-61,-69,-78
9.68533,-145,-109,-126,-111,-119,-93,-118,-113,-101,-100,-61,-85,-62,-67,-63,-60,-60,-89,-78,-80,-49,-91,-40,-86,-61,-70,-86
9.69600,-144,-128,-122,-107,-130,-110,-130,-120,-95,-92,-73,-92,-57,-62,-50,-65,-63,-83,-67,-72,-47,-77,-49,-58,-55,-71,-76
9.70667,-148,-137,-129,-104,-132,-101,-122,-115,-99,-99,-65,-87,-64,-56,-57,-57,-51,-79,-82,-57,-55,-73,-47,-62,-41,-83,-80
9.71733,-141,-130,-124,-112,-145,-98,-123,-119,-100,-108,-66,-81,-64,-60,-46,-59,-64,-83,-87,-64,-56,-67,-62,-54,-49,-78,-64
9.72800,-148,-107,-126,-114,-135,-88,-113,-118,-107,-106,-58,-78,-60,-59,-54,-71,-69,-95,-72,-61,-63,-70,-46,-65,-64,-77,-80
9.73867,-130,-97,-134,-107,-130,-101,-133,-117,-104,-105,-60,-85,-58,-59,-52,-69,-55,-88,-75,-80,-49,-64,-35,-68,-50,-72,-79
9.74933,-117,-109,-136,-108,-130,-88,-129,-116,-113,-95,-66,-68,-53,-66,-47,-69,-62,-92,-75,-74,-70,-42,-54,-51,-58,-81,-78
9.76000,-125,-97,-132,-104,-141,-108,-127,-118,-110,-97,-62,-83,-42,-62,-59,-56,-60,-76,-81,-62,-54,-60,-59,-57,-69,-72,-61
9.77067,-118,-100,-142,-113,-123,-101,-138,-125,-108,-93,-58,-91,-60,-69,-58,-57,-76,-82,-84,-42,-44,-69,-41,-79,-76,-66,-73
9.78133,-151,-87,-153,-107,-128,-110,-136,-114,-110,-96,-65,-90,-52,-55,-50,-63,-73,-79,-84,-46,-41,-66,-44,-82,-57,-78,-81
9.79200,-136,-106,-123,-93,-122,-100,-134,-106,-123,-92,-76,-82,-51,-71,-48,-62,-64,-75,-67,-45,-57,-64,-42,-79,-65,-73,-65
9.80267,-129,-117,-125,-96,-116,-97,-126,-112,-122,-88,-61,-86,-44,-51,-42,-66,-58,-65,-60,-52,-37,-64,-40,-68,-61,-73,-59
9.81333,-156,-133,-132,-116,-125,-105,-120,-115,-121,-106,-74,-86,-57,-47,-47,-77,-55,-77,-72,-50,-47,-63,-39,-63,-56,-63,-67
9.82400,-150,-101,-118,-100,-131,-104,-133,-114,-115,-112,-71,-99,-52,-57,-46,-64,-61,-76,-78,-53,-50,-72,-54,-76,-58,-58,-52
9.83467,-139,-111,-113,-123,-138,-102,-124,-115,-102,-108,-62,-101,-62,-64,-50,-67,-63,-77,-65,-63,-53,-64,-52,-70,-74,-68,-69
9.84533,-143,-118,-134,-110,-131,-96,-126,-110,-95,-105,-65,-105,-62,-71,-51,-80,-68,-68,-67,-71,-48,-67,-54,-76,-70,-77,-81
9.85600,-128,-97,-144,-119,-133,-82,-128,-109,-102,-108,-76,-92,-60,-67,-58,-76,-70,-84,-72,-75,-60,-85,-57,-73,-72,-77,-91
9.86667,-136,-101,-127,-113,-131,-92,-125,-121,-104,-113,-72,-85,-68,-76,-67,-82,-62,-73,-82,-78,-59,-72,-59,-71,-58,-90,-86
9.87733,-135,-120,-129,-118,-118,-101,-121,-121,-110,-110,-72,-94,-74,-83,-65,-73,-73,-77,-89,-70,-68,-75,-49,-74,-66,-82,-74
9.88800,-145,-96,-132,-116,-114,-97,-121,-121,-104,-101,-74,-80,-76,-87,-60,-72,-53,-71,-78,-58,-77,-85,-57,-76,-70,-93,-76
9.89867,-125,-122,-119,-111,-111,-105,-135,-131,-102,-104,-78,-83,-60,-73,-60,-75,-59,-84,-62,-60,-80,-81,-52,-71,-61,-75,-69
9.90933,-130,-119,-126,-128,-126,-109,-130,-138,-113,-98,-71,-90,-73,-65,-70,-76,-62,-86,-81,-70,-56,-81,-59,-84,-57,-82,-76
9.92000,-146,-127,-121,-116,-132,-105,-130,-121,-113,-92,-60,-93,-74,-71,-74,-82,-64,-84,-79,-70,-53,-84,-51,-79,-47,-94,-80
9.93067,-147,-117,-133,-133,-127,-86,-121,-113,-112,-106,-77,-92,-74,-66,-66,-69,-66,-93,-73,-79,-55,-73,-51,-66,-59,-91,-80
9.94133,-123,-113,-131,-111,-111,-90,-123,-116,-110,-92,-73,-89,-55,-63,-68,-77,-83,-78,-81,-68,-49,-73,-74,-72,-56,-91,-81
9.95200,-155,-124,-130,-113,-134,-96,-134,-120,-104,-103,-69,-92,-66,-67,-62,-73,-69,-81,-84,-70,-69,-91,-54,-71,-79,-81,-79
9.96267,-146,-131,-146,-113,-115,-91,-131,-124,-113,-98,-61,-78,-65,-60,-74,-80,-75,-77,-82,-67,-80,-81,-55,-70,-62,-84,-77
9.97333,-147,-120,-121,-103,-119,-90,-130,-127,-99,-98,-65,-89,-67,-59,-53,-76,-71,-79,-80,-81,-65,-73,-53,-78,-62,-84,-68
9.98400,-144,-122,-143,-109,-123,-103,-121,-118,-106,-95,-81,-87,-77,-65,-55,-71,-77,-75,-84,-75,-66,-77,-67,-77,-70,-77,-54
9.99467,-145,-133,-133,-117,-111,-107,-110,-111,-111,-103,-84,-90,-72,-57,-70,-88,-76,-78,-74,-60,-64,-70,-47,-78,-80,-88,-58
10.00533,-158,-99,-135,-111,-118,-107,-132,-127,-102,-99,-73,-96,-75,-68,-55,-78,-72,-64,-74,-52,-65,-78,-60,-68,-79,-86,-62
10.01600,-155,-118,-136,-104,-133,-97,-128,-127,-109,-97,-75,-95,-66,-74,-62,-87,-58,-79,-77,-61,-61,-82,-57,-67,-69,-80,-78
10.02667,-146,-120,-144,-99,-120,-90,-115,-100,-96,-87,-78,-85,-62,-64,-48,-85,-59,-68,-65,-61,-58,-85,-32,-56,-68,-104,-74
10.03733,-139,-122,-135,-102,-103,-104,-126,-104,-97,-112,-80,-88,-66,-76,-60,-74,-85,-72,-86,-58,-66,-74,-39,-57,-55,-80,-86
10.04800,-143,-125,-125,-92,-99,-90,-128,-107,-103,-106,-62,-94,-62,-73,-61,-78,-67,-80,-92,-68,-60,-82,-45,-75,-72,-87,-61
10.05867,-158,-138,-126,-101,-116,-99,-124,-114,-102,-101,-65,-93,-74,-76,-72,-77,-73,-86,-83,-72,-57,-60,-52,-84,-76,-75,-67
10.06933,-162,-116,-157,-109,-116,-95,-134,-118,-120,-110,-70,-100,-72,-70,-72,-82,-80,-80,-80,-67,-57,-56,-59,-79,-56,-77,-62
10.08000,-149,-116,-131,-102,-115,-99,-128,-107,-112,-97,-71,-88,-65,-67,-69,-83,-82,-76,-81,-63,-75,-59,-42,-80,-65,-79,-67
10.09067,-148,-111,-128,-108,-123,-88,-111,-92,-108,-113,-81,-93,-62,-78,-75,-97,-65,-66,-92,-57,-87,-66,-63,-76,-63,-95,-88
10.10133,-141,-121,-133,-104,-132,-89,-127,-104,-114,-113,-75,-79,-61,-69,-70,-91,-74,-77,-85,-61,-84,-90,-48,-81,-72,-82,-75
10.11200,-145,-107,-129,-104,-128,-101,-123,-117,-117,-106,-79,-87,-70,-72,-63,-108,-77,-92,-77,-78,-75,-98,-51,-71,-64,-88,-75
10.12267,-155,-111,-131,-110,-138,-103,-135,-115,-119,-109,-75,-87,-77,-62,-64,-95,-67,-83,-84,-68,-81,-76,-51,-76,-81,-83,-77
10.13333,-137,-130,-122,-108,-132,-118,-132,-116,-114,-103,-63,-95,-93,-72,-70,-82,-78,-74,-72,-66,-75,-75,-49,-80,-81,-77,-82
10.14400,-156,-139,-120,-99,-114,-99,-136,-122,-107,-96,-68,-85,-90,-82,-68,-73,-92,-76,-72,-70,-74,-83,-57,-77,-87,-86,-70
10.15467,-149,-117,-102,-108,-122,-96,-127,-115,-111,-111,-67,-92,-83,-65,-57,-77,-95,-81,-73,-91,-73,-91,-45,-89,-75,-78,-82
10.16533,-137,-120,-105,-122,-129,-99,-122,-121,-108,-108,-75,-98,-65,-63,-68,-80,-86,-85,-77,-70,-69,-71,-46,-77,-67,-67,-74
10.17600,-144,-113,-112,-104,-117,-97,-121,-135,-115,-111,-69,-94,-64,-59,-71,-88,-68,-81,-81,-63,-68,-82,-44,-77,-68,-82,-81
10.18667,-147,-128,-131,-111,-115,-110,-112,-129,-121,-106,-70,-109,-72,-64,-69,-82,-76,-82,-79,-77,-72,-88,-69,-68,-75,-73,-71
10.19733,-139,-132,-125,-95,-111,-102,-119,-114,-110,-106,-73,-85,-78,-66,-81,-89,-73,-83,-89,-86,-86,-86,-65,-57,-58,-73,-71
10.20800,-134,-107,-110,-89,-108,-97,-133,-104,-106,-101,-89,-88,-74,-76,-69,-77,-83,-75,-93,-75,-61,-72,-48,-63,-74,-84,-72
10.21867,-149,-125,-119,-103,-106,-94,-132,-103,-108,-93,-82,-102,-76,-76,-83,-83,-86,-84,-85,-68,-55,-81,-54,-51,-68,-77,-75
10.22933,-122,-127,-125,-98,-110,-86,-112,-105,-115,-101,-86,-98,-81,-91,-77,-88,-92,-83,-88,-71,-59,-80,-70,-49,-73,-75,-81
10.24000,-141,-112,-113,-91,-105,-79,-129,-110,-110,-114,-84,-100,-75,-85,-85,-78,-73,-90,-80,-64,-78,-69,-61,-66,-62,-88,-88
10.25067,-148,-120,-112,-85,-106,-100,-130,-110,-112,-115,-77,-98,-72,-88,-77,-79,-72,-83,-87,-82,-76,-59,-64,-73,-72,-84,-74
10.26133,-141,-124,-115,-100,-105,-98,-130,-127,-102,-107,-84,-92,-79,-88,-87,-84,-92,-84,-96,-92,-74,-64,-64,-65,-65,-89,-62
10.27200,-139,-103,-123,-115,-110,-93,-122,-121,-115,-99,-86,-102,-85,-87,-74,-89,-85,-101,-89,-90,-64,-84,-64,-67,-50,-93,-68
10.28267,-113,-86,-116,-114,-125,-93,-123,-110,-108,-98,-73,-88,-82,-77,-83,-89,-90,-85,-94,-79,-73,-86,-51,-66,-61,-73,-70
10.29333,-130,-118,-129,-112,-126,-96,-128,-115,-102,-110,-81,-104,-79,-80,-76,-98,-91,-85,-77,-79,-65,-88,-54,-66,-57,-88,-87
10.30400,-124,-111,-113,-88,-119,-92,-128,-108,-108,-102,-68,-99,-63,-80,-81,-85,-70,-85,-81,-61,-72,-75,-36,-61,-55,-70,-78
10.31467,-146,-115,-110,-96,-112,-100,-138,-106,-116,-101,-73,-104,-73,-67,-71,-85,-68,-95,-88,-72,-71,-78,-65,-62,-67,-83,-81
10.32533,-142,-110,-138,-103,-116,-90,-131,-112,-116,-116,-69,-111,-82,-72,-66,-87,-75,-81,-91,-58,-89,-78,-55,-84,-63,-83,-85
10.33600,-143,-104,-132,-113,-119,-88,-127,-119,-117,-119,-77,-104,-73,-65,-62,-96,-75,-88,-74,-69,-89,-77,-56,-76,-54,-82,-74
10.34667,-150,-118,-111,-107,-129,-88,-127,-113,-111,-109,-89,-102,-77,-74,-72,-95,-85,-71,-91,-83,-82,-82,-57,-85,-74,-87,-77
10.35733,-137,-120,-106,-104,-131,-94,-132,-117,-108,-102,-80,-93,-70,-75,-77,-72,-95,-89,-84,-90,-87,-77,-60,-81,-69,-79,-71
10.36800,-149,-86,-143,-93,-127,-73,-124,-127,-116,-115,-73,-101,-78,-84,-86,-70,-83,-90,-93,-92,-63,-83,-41,-73,-74,-78,-75
10.37867,-134,-102,-138,-93,-103,-76,-116,-107,-114,-114,-83,-101,-93,-87,-86,-79,-73,-84,-89,-85,-49,-87,-55,-77,-58,-78,-85
10.38933,-128,-112,-130,-94,-100,-86,-130,-107,-105,-106,-83,-103,-95,-93,-85,-88,-88,-99,-82,-86,-62,-94,-61,-84,-72,-68,-65
10.40000,-119,-102,-124,-94,-115,-87,-127,-115,-108,-115,-85,-109,-100,-91,-84,-96,-82,-94,-76,-93,-72,-79,-70,-76,-71,-74,-72
10.41067,-128,-106,-100,-95,-113,-75,-114,-107,-114,-106,-74,-107,-91,-77,-81,-95,-78,-80,-77,-77,-70,-81,-73,-59,-74,-80,-60
10.42133,-123,-78,-97,-86,-104,-88,-108,-109,-103,-99,-68,-106,-88,-87,-81,-99,-96,-95,-74,-74,-84,-84,-69,-64,-72,-80,-78
10.43200,-125,-80,-110,-89,-117,-85,-122,-119,-106,-110,-84,-94,-85,-102,-81,-96,-74,-97,-86,-65,-71,-88,-82,-61,-63,-76,-66
10.44267,-133,-93,-106,-93,-113,-92,-131,-113,-109,-108,-88,-107,-81,-88,-78,-107,-92,-81,-82,-74,-69,-94,-75,-76,-61,-76,-78
10.45333,-130,-89,-105,-95,-101,-103,-133,-114,-109,-119,-93,-108,-82,-90,-93,-102,-87,-87,-107,-85,-84,-88,-54,-89,-66,-85,-76
10.46400,-129,-80,-109,-93,-109,-79,-133,-115,-108,-108,-77,-109,-90,-80,-80,-103,-81,-94,-93,-69,-77,-99,-70,-98,-69,-84,-57
10.47467,-118,-97,-129,-86,-111,-84,-125,-118,-114,-118,-80,-103,-91,-85,-79,-96,-85,-100,-87,-74,-72,-81,-67,-67,-59,-95,-60
10.48533,-126,-88,-136,-84,-117,-82,-114,-122,-111,-120,-84,-106,-90,-95,-90,-88,-88,-94,-109,-72,-70,-76,-73,-72,-79,-78,-82
10.49600,-127,-84,-108,-88,-106,-83,-118,-123,-111,-119,-81,-111,-86,-80,-77,-96,-83,-88,-98,-79,-70,-78,-67,-71,-72,-78,-88
10.50667,-154,-96,-92,-87,-121,-78,-115,-122,-112,-114,-76,-105,-79,-84,-75,-102,-76,-85,-104,-84,-75,-92,-63,-77,-60,-89,-75
10.51733,-151,-100,-108,-74,-111,-87,-116,-129,-110,-110,-74,-112,-79,-86,-86,-103,-78,-83,-86,-93,-82,-78,-53,-87,-58,-84,-94
10.52800,-128,-111,-118,-93,-103,-90,-125,-122,-113,-105,-73,-113,-80,-79,-94,-106,-70,-71,-86,-95,-90,-88,-60,-84,-70,-87,-86
10.53867,-134,-107,-108,-102,-102,-67,-123,-107,-99,-103,-83,-111,-85,-92,-107,-107,-84,-92,-100,-88,-90,-85,-71,-79,-61,-85,-83
10.54933,-158,-91,-113,-97,-107,-70,-129,-106,-109,-101,-89,-121,-90,-96,-97,-100,-71,-97,-108,-87,-90,-68,-63,-75,-65,-73,-86
10.56000,-123,-94,-120,-90,-112,-80,-131,-99,-120,-114,-100,-120,-73,-98,-92,-113,-77,-99,-99,-85,-86,-64,-79,-81,-74,-72,-87
10.57067,-109,-103,-111,-95,-110,-91,-119,-114,-121,-119,-95,-123,-86,-92,-85,-119,-78,-107,-98,-72,-77,-64,-78,-82,-67,-85,-86
10.58133,-113,-115,-111,-102,-102,-100,-113,-114,-116,-118,-76,-128,-85,-102,-90,-108,-88,-92,-93,-87,-78,-99,-66,-85,-64,-77,-79
10.59200,-121,-96,-112,-85,-109,-93,-115,-112,-108,-122,-85,-126,-94,-93,-86,-100,-73,-105,-94,-107,-75,-102,-58,-88,-67,-82,-75
10.60267,-102,-122,-111,-85,-105,-82,-115,-114,-100,-125,-83,-125,-98,-92,-80,-95,-78,-114,-97,-97,-76,-86,-52,-73,-64,-73,-69
10.61333,-130,-118,-114,-76,-105,-82,-123,-111,-112,-125,-85,-131,-89,-82,-88,-114,-87,-96,-79,-83,-71,-102,-55,-66,-63,-77,-85
10.62400,-139,-107,-111,-87,-104,-79,-123,-105,-107,-116,-84,-129,-101,-77,-92,-107,-100,-102,-83,-93,-68,-88,-53,-75,-83,-88,-76
10.63467,-131,-109,-115,-88,-101,-81,-122,-117,-105,-115,-88,-120,-86,-78,-90,-108,-84,-85,-86,-74,-64,-86,-48,-77,-77,-81,-63
10.64533,-114,-108,-113,-85,-121,-89,-119,-120,-117,-121,-88,-118,-82,-82,-97,-95,-95,-88,-108,-82,-90,-94,-54,-85,-75,-80,-77
10.65600,-164,-88,-126,-95,-126,-79,-133,-111,-109,-120,-92,-115,-80,-92,-92,-80,-95,-73,-97,-89,-70,-94,-64,-85,-74,-86,-70
10.66667,-155,-111,-115,-102,-119,-77,-126,-117,-118,-118,-94,-111,-90,-92,-94,-101,-85,-95,-82,-81,-75,-96,-48,-92,-56,-89,-63
10.67733,-141,-131,-130,-111,-115,-93,-132,-125,-104,-112,-93,-114,-92,-102,-96,-110,-86,-80,-99,-93,-79,-89,-55,-77,-50,-87,-61
10.68800,-135,-120,-116,-96,-115,-90,-137,-121,-110,-115,-92,-110,-87,-102,-95,-92,-90,-85,-97,-97,-85,-84,-75,-84,-32,-83,-65
10.69867,-153,-104,-115,-100,-110,-81,-128,-115,-109,-112,-83,-105,-89,-97,-95,-111,-91,-98,-97,-73,-84,-78,-68,-89,-55,-72,-82
10.70933,-165,-115,-110,-92,-119,-90,-118,-113,-104,-112,-91,-116,-82,-90,-90,-93,-97,-92,-92,-68,-71,-83,-72,-80,-57,-75,-92
10.72000,-142,-115,-122,-115,-118,-94,-121,-131,-113,-110,-92,-128,-84,-89,-79,-94,-106,-86,-88,-75,-72,-72,-53,-87,-50,-89,-89
10.73067,-104,-131,-133,-110,-114,-104,-117,-124,-119,-117,-99,-121,-89,-96,-74,-109,-99,-89,-86,-69,-62,-75,-53,-77,-57,-84,-81
10.74133,-128,-122,-122,-111,-118,-99,-122,-125,-118,-117,-99,-117,-86,-94,-87,-100,-99,-96,-105,-95,-63,-77,-59,-77,-55,-89,-75
10.75200,-140,-159,-139,-112,-111,-94,-122,-119,-114,-120,-83,-114,-87,-93,-90,-104,-88,-105,-85,-85,-74,-77,-74,-67,-64,-88,-80
10.76267,-114,-144,-144,-105,-113,-100,-125,-116,-124,-116,-97,-112,-91,-89,-96,-104,-91,-100,-98,-76,-68,-76,-78,-82,-62,-90,-72
10.77333,-147,-120,-148,-109,-131,-97,-135,-120,-130,-119,-87,-111,-92,-90,-92,-115,-90,-93,-90,-76,-66,-101,-77,-78,-67,-90,-62
10.78400,-158,-112,-127,-117,-121,-95,-130,-117,-116,-128,-97,-115,-90,-82,-86,-115,-79,-89,-96,-79,-72,-91,-67,-80,-76,-89,-91
10.79467,-155,-135,-134,-116,-116,-112,-137,-117,-124,-119,-95,-125,-91,-87,-76,-107,-71,-98,-104,-79,-77,-95,-59,-80,-74,-90,-94
10.80533,-163,-125,-141,-119,-127,-104,-134,-117,-124,-124,-95,-109,-93,-96,-90,-113,-69,-101,-89,-88,-66,-85,-66,-93,-79,-85,-92
10.81600,-163,-164,-148,-102,-131,-105,-140,-127,-127,-112,-95,-119,-96,-87,-79,-106,-81,-79,-91,-82,-76,-88,-66,-78,-78,-85,-90
10.82667,-157,-137,-129,-95,-137,-102,-150,-134,-118,-120,-104,-122,-99,-91,-88,-106,-110,-102,-99,-95,-84,-102,-76,-97,-72,-86,-79
10.83733,-174,-123,-126,-104,-116,-97,-149,-132,-123,-118,-92,-113,-94,-89,-100,-99,-100,-100,-95,-87,-79,-101,-63,-91,-87,-80,-85
10.84800,-161,-122,-133,-99,-124,-95,-137,-124,-126,-128,-101,-111,-104,-96,-98,-104,-98,-87,-89,-86,-65,-74,-68,-90,-79,-77,-85
10.85867,-165,-124,-144,-94,-112,-80,-129,-119,-114,-124,-95,-127,-94,-104,-96,-118,-92,-95,-92,-82,-84,-99,-64,-96,-73,-76,-90
10.86933,-157,-108,-110,-88,-113,-95,-121,-127,-118,-125,-104,-124,-89,-93,-91,-113,-99,-105,-87,-92,-75,-92,-44,-86,-88,-85,-85
10.88000,-169,-114,-122,-92,-109,-93,-133,-127,-121,-126,-102,-126,-92,-84,-93,-122,-83,-98,-108,-88,-77,-81,-63,-90,-68,-91,-103
10.89067,-144,-112,-111,-107,-106,-89,-124,-116,-126,-128,-98,-128,-86,-98,-99,-121,-94,-85,-115,-93,-70,-100,-59,-90,-69,-88,-84
10.90133,-138,-116,-119,-97,-107,-89,-126,-132,-122,-119,-97,-121,-101,-93,-94,-120,-87,-93,-120,-98,-72,-88,-65,-77,-58,-82,-79
10.91200,-127,-119,-102,-82,-105,-88,-126,-129,-130,-119,-95,-117,-95,-85,-101,-107,-89,-88,-111,-89,-80,-93,-79,-76,-70,-73,-72
10.92267,-123,-88,-121,-89,-108,-101,-119,-125,-125,-119,-95,-121,-92,-94,-90,-102,-97,-102,-95,-82,-77,-84,-66,-85,-86,-92,-86
10.93333,-145,-81,-116,-88,-110,-95,-128,-124,-116,-126,-88,-110,-95,-99,-85,-101,-101,-111,-101,-102,-76,-88,-61,-77,-71,-91,-76
10.94400,-140,-92,-136,-89,-117,-94,-117,-117,-126,-126,-83,-116,-101,-101,-98,-108,-97,-118,-99,-96,-77,-101,-61,-75,-60,-75,-92
10.95467,-142,-110,-127,-93,-110,-85,-122,-122,-115,-131,-100,-128,-97,-98,-100,-122,-97,-122,-110,-93,-71,-94,-47,-73,-78,-74,-83
10.96533,-147,-112,-130,-87,-115,-80,-129,-122,-124,-119,-97,-121,-94,-91,-102,-112,-99,-109,-111,-94,-80,-85,-58,-80,-70,-82,-77
10.97600,-142,-99,-119,-81,-111,-94,-137,-136,-123,-129,-97,-109,-87,-100,-90,-112,-83,-115,-93,-88,-60,-72,-69,-76,-65,-64,-73
10.98667,-156,-110,-108,-73,-108,-92,-145,-130,-115,-118,-98,-113,-86,-97,-82,-114,-93,-97,-100,-89,-66,-89,-70,-72,-80,-70,-80
10.99733,-130,-114,-102,-103,-109,-89,-136,-127,-110,-119,-102,-126,-106,-94,-98,-110,-84,-101,-93,-91,-75,-104,-50,-66,-72,-101,-78
11.00800,-129,-113,-97,-109,-104,-94,-126,-125,-113,-133,-102,-138,-102,-113,-100,-110,-79,-111,-93,-91,-72,-96,-48,-66,-71,-98,-89
11.01867,-118,-102,-108,-96,-105,-87,-118,-134,-124,-106,-101,-122,-106,-92,-101,-107,-83,-105,-113,-79,-92,-98,-54,-70,-79,-73,-84
11.02933,-125,-97,-110,-102,-111,-83,-120,-123,-125,-112,-96,-133,-92,-90,-99,-113,-88,-106,-117,-95,-108,-110,-65,-77,-67,-75,-73
11.04000,-131,-105,-113,-103,-111,-78,-124,-109,-113,-107,-97,-112,-81,-84,-81,-115,-85,-107,-114,-82,-90,-78,-66,-83,-63,-66,-71
11.05067,-158,-120,-103,-105,-115,-77,-132,-122,-127,-111,-85,-113,-101,-93,-95,-104,-87,-111,-106,-86,-81,-78,-68,-85,-76,-77,-68
11.06133,-144,-119,-137,-86,-100,-83,-131,-119,-126,-111,-83,-119,-89,-104,-101,-100,-89,-90,-101,-81,-77,-82,-61,-88,-70,-87,-61
11.07200,-126,-104,-127,-89,-113,-85,-121,-138,-132,-115,-104,-119,-108,-103,-107,-109,-107,-91,-96,-99,-85,-71,-61,-84,-61,-72,-70
11.08267,-137,-93,-134,-112,-109,-85,-126,-117,-118,-106,-101,-122,-107,-99,-103,-107,-86,-102,-103,-90,-79,-94,-87,-82,-60,-80,-76
11.09333,-136,-96,-124,-107,-108,-91,-130,-122,-114,-122,-92,-123,-93,-97,-107,-116,-98,-115,-101,-95,-84,-79,-68,-83,-71,-68,-63
11.10400,-126,-88,-127,-107,-119,-87,-134,-130,-122,-121,-86,-125,-93,-98,-107,-108,-105,-111,-96,-85,-75,-89,-54,-84,-62,-71,-65
11.11467,-140,-101,-115,-107,-112,-86,-119,-127,-131,-120,-96,-121,-94,-103,-105,-109,-102,-109,-101,-81,-67,-95,-55,-85,-78,-81,-77
11.12533,-153,-106,-125,-112,-137,-90,-119,-121,-126,-114,-92,-126,-94,-100,-98,-117,-104,-109,-113,-85,-83,-80,-58,-76,-84,-89,-72
11.13600,-145,-107,-120,-94,-127,-92,-127,-111,-120,-123,-96,-135,-100,-104,-101,-125,-95,-96,-108,-92,-91,-76,-66,-89,-84,-92,-63
11.14667,-145,-97,-138,-96,-115,-97,-132,-117,-133,-120,-86,-131,-95,-101,-92,-121,-99,-112,-112,-96,-87,-80,-69,-99,-73,-109,-78
11.15733,-154,-117,-116,-92,-114,-107,-128,-117,-122,-122,-97,-129,-112,-93,-91,-112,-95,-118,-118,-87,-83,-99,-58,-89,-67,-84,-74
11.16800,-159,-124,-106,-87,-117,-97,-135,-111,-123,-112,-97,-128,-106,-106,-104,-120,-94,-104,-104,-99,-83,-89,-44,-74,-82,-73,-89
11.17867,-130,-109,-123,-95,-118,-98,-129,-122,-135,-122,-104,-130,-90,-101,-101,-106,-104,-94,-97,-102,-75,-91,-52,-71,-79,-74,-103
11.18933,-132,-98,-109,-108,-108,-104,-128,-120,-131,-123,-104,-139,-98,-93,-95,-108,-97,-88,-106,-102,-78,-95,-52,-63,-74,-74,-93
11.20000,-132,-114,-100,-104,-112,-88,-131,-138,-125,-123,-95,-123,-99,-106,-93,-99,-103,-92,-105,-96,-99,-94,-45,-75,-71,-75,-77
11.21067,-117,-132,-119,-109,-120,-94,-126,-127,-117,-125,-93,-127,-90,-107,-85,-92,-108,-104,-109,-99,-88,-77,-57,-67,-79,-70,-86
11.22133,-130,-121,-130,-106,-112,-91,-128,-124,-122,-125,-101,-121,-95,-103,-82,-109,-106,-104,-99,-89,-87,-79,-57,-69,-91,-57,-87
11.23200,-161,-127,-112,-110,-110,-91,-125,-128,-130,-139,-93,-128,-104,-102,-93,-108,-102,-118,-92,-87,-105,-77,-42,-82,-90,-74,-88
11.24267,-170,-115,-110,-117,-136,-97,-130,-127,-135,-135,-97,-128,-109,-96,-87,-96,-96,-108,-100,-95,-101,-78,-49,-78,-80,-81,-90
11.25333,-179,-113,-140,-114,-117,-118,-139,-134,-134,-121,-96,-126,-99,-91,-90,-103,-99,-102,-89,-99,-89,-87,-63,-82,-97,-85,-77
11.26400,-172,-104,-142,-117,-128,-113,-140,-146,-134,-127,-100,-108,-97,-99,-90,-103,-91,-104,-108,-94,-80,-96,-64,-79,-96,-89,-66
11.27467,-154,-118,-135,-120,-137,-120,-137,-130,-137,-129,-98,-115,-99,-88,-84,-108,-88,-85,-117,-99,-84,-103,-71,-89,-79,-80,-87
11.28533,-159,-123,-136,-105,-146,-118,-139,-130,-140,-117,-104,-114,-98,-102,-84,-107,-100,-91,-103,-119,-76,-97,-71,-89,-78,-81,-83
11.29600,-154,-110,-121,-104,-136,-109,-148,-136,-131,-121,-109,-120,-101,-98,-93,-104,-102,-90,-89,-98,-88,-101,-68,-96,-92,-84,-89
11.30667,-143,-115,-123,-114,-137,-113,-160,-135,-130,-121,-105,-122,-94,-91,-87,-104,-92,-91,-99,-96,-99,-107,-68,-107,-80,-81,-100
11.31733,-173,-143,-137,-117,-151,-130,-151,-127,-129,-122,-102,-127,-96,-100,-84,-108,-79,-91,-100,-92,-89,-106,-78,-81,-79,-91,-78
11.32800,-152,-117,-151,-131,-138,-126,-145,-130,-124,-131,-92,-122,-88,-92,-94,-110,-71,-95,-114,-93,-81,-97,-74,-88,-82,-96,-82
11.33867,-160,-125,-157,-137,-149,-120,-151,-140,-136,-138,-94,-116,-85,-101,-90,-117,-88,-100,-105,-88,-93,-103,-75,-84,-73,-96,-97
11.34933,-169,-142,-149,-147,-142,-110,-154,-151,-126,-135,-108,-123,-95,-99,-85,-112,-92,-103,-112,-88,-84,-90,-72,-94,-80,-94,-93
11.36000,-173,-131,-154,-126,-131,-118,-151,-150,-138,-135,-101,-119,-97,-98,-90,-105,-99,-110,-117,-86,-76,-99,-60,-96,-81,-100,-97
11.37067,-163,-120,-148,-119,-137,-118,-140,-137,-134,-134,-108,-119,-94,-86,-86,-101,-91,-103,-103,-90,-63,-101,-65,-86,-59,-100,-97
11.38133,-161,-127,-131,-118,-122,-127,-140,-143,-127,-131,-102,-133,-88,-85,-83,-100,-83,-111,-95,-96,-71,-90,-86,-87,-72,-98,-91
11.39200,-173,-134,-139,-118,-144,-121,-153,-143,-121,-133,-111,-120,-95,-105,-98,-105,-90,-112,-83,-113,-68,-85,-78,-100,-74,-100,-91
11.40267,-157,-132,-141,-120,-132,-124,-152,-142,-135,-124,-105,-125,-103,-103,-94,-108,-100,-111,-104,-101,-69,-98,-69,-96,-87,-86,-95
11.41333,-160,-139,-144,-129,-131,-105,-155,-132,-142,-136,-113,-132,-99,-105,-98,-115,-106,-109,-100,-91,-84,-104,-82,-97,-84,-88,-96
11.42400,-172,-146,-150,-126,-131,-114,-149,-136,-132,-141,-113,-134,-108,-92,-114,-119,-99,-125,-107,-98,-88,-105,-80,-83,-71,-89,-99
11.43467,-171,-129,-139,-122,-134,-106,-150,-140,-130,-137,-114,-123,-96,-97,-130,-116,-93,-106,-108,-93,-81,-107,-85,-96,-81,-94,-88
11.44533,-154,-119,-112,-129,-128,-109,-136,-146,-131,-131,-102,-129,-93,-104,-111,-111,-89,-92,-118,-86,-81,-88,-72,-91,-79,-88,-85
11.45600,-174,-110,-141,-120,-142,-106,-155,-158,-137,-132,-104,-135,-94,-110,-97,-112,-100,-95,-116,-84,-83,-93,-71,-84,-78,-97,-84
11.46667,-156,-124,-138,-119,-137,-117,-146,-158,-131,-130,-96,-128,-100,-117,-106,-111,-84,-113,-110,-95,-87,-84,-77,-103,-58,-101,-90
11.47733,-156,-134,-146,-119,-148,-103,-148,-142,-131,-136,-93,-131,-101,-111,-102,-106,-88,-102,-104,-95,-87,-99,-80,-101,-74,-95,-97
11.48800,-149,-135,-152,-120,-149,-110,-160,-148,-129,-131,-107,-148,-96,-104,-99,-102,-102,-92,-113,-107,-80,-111,-95,-94,-78,-103,-101
11.49867,-180,-143,-161,-141,-145,-117,-156,-143,-134,-144,-104,-142,-97,-100,-101,-115,-101,-110,-112,-112,-82,-98,-90,-98,-83,-95,-100
11.50933,-161,-124,-149,-146,-154,-116,-145,-149,-137,-141,-112,-136,-99,-109,-106,-118,-112,-96,-118,-111,-89,-84,-80,-105,-82,-92,-85
11.52000,-176,-128,-155,-137,-150,-119,-152,-149,-139,-130,-106,-121,-93,-108,-110,-108,-99,-94,-109,-107,-98,-98,-86,-110,-71,-92,-99
11.53067,-176,-135,-138,-126,-150,-106,-156,-154,-136,-134,-96,-130,-98,-95,-101,-118,-104,-109,-110,-93,-98,-91,-67,-108,-77,-97,-102
11.54133,-169,-137,-145,-134,-139,-115,-161,-144,-146,-135,-109,-128,-104,-101,-96,-113,-98,-107,-122,-100,-93,-107,-65,-107,-75,-103,-103
11.55200,-170,-144,-161,-141,-152,-130,-157,-150,-141,-137,-116,-131,-101,-110,-102,-118,-98,-114,-116,-107,-74,-97,-66,-103,-80,-103,-97
11.56267,-152,-147,-135,-136,-137,-130,-154,-156,-137,-143,-107,-129,-106,-106,-99,-123,-117,-113,-121,-110,-93,-77,-80,-105,-85,-108,-84
11.57333,-164,-134,-137,-116,-141,-125,-153,-150,-139,-143,-111,-124,-96,-102,-102,-126,-97,-128,-115,-105,-96,-103,-84,-98,-92,-90,-93
11.58400,-155,-143,-148,-118,-134,-127,-157,-150,-131,-153,-106,-129,-106,-108,-109,-124,-92,-120,-109,-101,-103,-93,-93,-100,-92,-79,-93
11.59467,-137,-129,-150,-137,-123,-128,-143,-155,-144,-159,-109,-129,-107,-109,-96,-123,-91,-105,-116,-104,-93,-115,-84,-73,-78,-74,-93
11.60533,-149,-133,-153,-126,-149,-120,-150,-149,-136,-150,-110,-138,-120,-111,-102,-108,-110,-110,-123,-108,-72,-89,-81,-95,-83,-87,-103
11.61600,-150,-131,-158,-126,-142,-122,-148,-138,-144,-139,-106,-142,-109,-112,-88,-104,-104,-123,-126,-113,-71,-88,-77,-98,-77,-73,-99
11.62667,-155,-131,-134,-134,-134,-118,-143,-140,-139,-131,-96,-140,-114,-101,-96,-102,-93,-98,-114,-103,-80,-100,-58,-97,-83,-82,-111
11.63733,-141,-142,-146,-131,-138,-123,-142,-149,-136,-121,-103,-125,-109,-117,-108,-117,-108,-101,-112,-100,-74,-122,-51,-87,-83,-91,-98
11.64800,-123,-141,-152,-122,-140,-111,-133,-151,-128,-135,-110,-138,-100,-117,-110,-117,-116,-104,-128,-96,-94,-110,-65,-87,-85,-95,-89
11.65867,-158,-140,-153,-123,-141,-111,-139,-147,-139,-145,-107,-144,-98,-126,-107,-99,-116,-95,-120,-94,-97,-119,-74,-105,-77,-96,-96
11.66933,-163,-137,-148,-117,-139,-122,-142,-134,-142,-145,-102,-139,-111,-122,-100,-117,-97,-113,-106,-88,-92,-108,-82,-102,-83,-91,-89
11.68000,-162,-126,-157,-113,-132,-102,-148,-137,-129,-141,-110,-135,-103,-104,-104,-113,-98,-120,-103,-90,-92,-93,-79,-83,-66,-91,-85
11.69067,-177,-121,-163,-111,-141,-110,-148,-147,-142,-134,-119,-122,-95,-102,-95,-111,-114,-127,-122,-85,-85,-108,-57,-93,-70,-98,-89
11.70133,-181,-102,-157,-113,-139,-125,-140,-142,-128,-127,-114,-127,-110,-104,-92,-115,-100,-118,-120,-80,-83,-105,-53,-91,-93,-83,-81
11.71200,-170,-135,-157,-100,-130,-122,-157,-138,-133,-134,-118,-131,-104,-107,-83,-117,-113,-114,-110,-97,-96,-95,-75,-91,-69,-90,-72
11.72267,-158,-131,-157,-89,-128,-121,-167,-145,-140,-148,-116,-146,-104,-107,-97,-112,-103,-105,-101,-98,-106,-100,-81,-87,-64,-84,-99
11.73333,-170,-148,-151,-124,-138,-112,-162,-135,-148,-140,-108,-144,-97,-99,-95,-120,-107,-118,-94,-91,-95,-98,-74,-92,-64,-93,-100
11.74400,-160,-135,-158,-126,-139,-131,-163,-148,-139,-143,-107,-141,-104,-102,-104,-117,-96,-112,-114,-103,-100,-96,-74,-84,-95,-92,-95
11.75467,-189,-155,-161,-149,-160,-129,-161,-139,-143,-141,-123,-134,-110,-95,-106,-115,-90,-106,-106,-114,-88,-102,-88,-90,-85,-114,-94
11.76533,-172,-172,-156,-133,-150,-122,-169,-135,-146,-150,-118,-144,-117,-89,-106,-117,-96,-120,-108,-109,-97,-92,-71,-101,-97,-109,-92
11.77600,-138,-146,-158,-134,-133,-112,-161,-143,-138,-140,-107,-124,-109,-96,-99,-141,-100,-113,-120,-114,-93,-97,-76,-101,-90,-112,-98
11.78667,-176,-166,-147,-121,-138,-118,-174,-147,-154,-145,-109,-136,-106,-113,-91,-131,-108,-106,-121,-103,-104,-111,-93,-104,-94,-108,-96
11.79733,-172,-160,-147,-138,-157,-120,-173,-156,-154,-142,-105,-136,-101,-104,-113,-135,-122,-116,-107,-99,-95,-94,-90,-81,-89,-97,-99
11.80800,-162,-150,-146,-141,-145,-121,-164,-149,-142,-142,-125,-145,-102,-109,-124,-136,-107,-105,-109,-96,-103,-101,-74,-78,-99,-113,-111
11.81867,-171,-142,-145,-142,-153,-119,-156,-159,-161,-141,-117,-137,-108,-110,-111,-123,-116,-108,-132,-94,-103,-111,-83,-99,-85,-103,-92
11.82933,-184,-160,-168,-148,-153,-127,-158,-148,-146,-136,-118,-143,-100,-118,-112,-124,-112,-114,-123,-86,-93,-106,-84,-97,-82,-96,-109
11.84000,-195,-152,-171,-143,-157,-142,-161,-150,-146,-146,-117,-131,-113,-117,-100,-128,-93,-119,-122,-91,-91,-110,-73,-105,-97,-97,-112
11.85067,-194,-144,-186,-125,-166,-121,-164,-150,-151,-140,-104,-131,-102,-109,-100,-122,-109,-108,-124,-92,-87,-120,-68,-93,-94,-95,-108
11.86133,-166,-152,-164,-139,-164,-122,-161,-146,-151,-140,-108,-125,-109,-111,-91,-112,-96,-109,-118,-82,-90,-120,-73,-86,-97,-99,-101
11.87200,-156,-163,-155,-155,-158,-109,-172,-164,-142,-147,-121,-125,-105,-104,-107,-113,-92,-101,-97,-97,-97,-93,-78,-94,-94,-92,-106
11.88267,-179,-164,-165,-158,-153,-128,-177,-166,-137,-150,-115,-130,-107,-94,-103,-128,-98,-99,-106,-102,-93,-117,-77,-100,-82,-96,-114
11.89333,-181,-146,-180,-152,-160,-142,-179,-155,-144,-152,-108,-136,-110,-104,-103,-116,-107,-101,-103,-95,-94,-123,-73,-96,-91,-91,-110
11.90400,-185,-149,-183,-148,-173,-130,-182,-176,-154,-157,-105,-122,-106,-97,-96,-114,-107,-106,-114,-106,-98,-115,-85,-107,-87,-96,-109
11.91467,-194,-169,-184,-144,-176,-148,-180,-172,-162,-150,-101,-137,-113,-103,-98,-113,-111,-122,-112,-102,-83,-113,-82,-106,-86,-96,-103
11.92533,-178,-142,-192,-146,-172,-144,-189,-172,-160,-152,-107,-143,-107,-120,-92,-104,-108,-101,-99,-106,-118,-118,-86,-106,-88,-106,-94
11.93600,-195,-155,-200,-158,-172,-141,-170,-174,-152,-160,-112,-133,-114,-103,-100,-113,-105,-95,-104,-120,-108,-114,-90,-103,-97,-97,-101
11.94667,-216,-154,-202,-171,-152,-146,-169,-164,-149,-142,-108,-140,-102,-102,-102,-104,-90,-94,-114,-105,-95,-109,-83,-87,-86,-103,-107
11.95733,-202,-158,-189,-157,-151,-135,-164,-165,-161,-144,-116,-136,-98,-108,-104,-118,-108,-111,-118,-113,-101,-110,-82,-101,-99,-108,-112
11.96800,-196,-163,-173,-147,-167,-148,-165,-163,-157,-156,-118,-129,-112,-105,-89,-117,-110,-106,-124,-97,-97,-111,-84,-108,-113,-107,-115
11.97867,-199,-166,-176,-141,-174,-139,-171,-164,-154,-150,-120,-136,-106,-108,-102,-122,-106,-106,-119,-100,-102,-118,-94,-116,-91,-107,-106
11.98933,-188,-178,-161,-150,-172,-133,-176,-152,-154,-147,-119,-131,-109,-110,-105,-114,-91,-114,-133,-105,-109,-118,-77,-108,-101,-113,-102
12.00000,-197,-135,-170,-158,-166,-130,-157,-161,-147,-154,-125,-146,-114,-115,-95,-104,-108,-113,-124,-108,-104,-109,-78,-99,-85,-113,-120
12.01067,-181,-141,-175,-143,-146,-123,-165,-155,-151,-143,-128,-142,-104,-123,-101,-111,-114,-125,-128,-90,-96,-106,-67,-93,-90,-118,-106
12.02133,-179,-141,-175,-154,-159,-129,-167,-152,-153,-148,-122,-132,-112,-122,-119,-121,-107,-117,-102,-101,-87,-122,-67,-95,-85,-109,-120
12.03200,-200,-154,-172,-146,-154,-131,-169,-153,-153,-149,-127,-137,-122,-115,-101,-121,-116,-129,-106,-99,-95,-97,-73,-97,-96,-114,-107
12.04267,-188,-148,-182,-148,-170,-128,-164,-157,-144,-155,-118,-136,-122,-124,-112,-127,-102,-115,-115,-100,-84,-117,-87,-89,-98,-118,-102
12.05333,-162,-155,-183,-148,-157,-137,-168,-171,-144,-154,-122,-142,-116,-127,-125,-123,-108,-108,-133,-116,-104,-110,-76,-102,-105,-103,-101
12.06400,-177,-144,-170,-152,-152,-126,-182,-159,-151,-162,-121,-140,-112,-124,-116,-128,-112,-94,-124,-112,-88,-118,-94,-104,-111,-106,-107
12.07467,-167,-144,-187,-154,-162,-143,-183,-158,-142,-163,-121,-155,-116,-124,-98,-116,-109,-116,-115,-112,-83,-103,-93,-100,-100,-116,-107
12.08533,-204,-175,-178,-154,-168,-154,-186,-164,-143,-164,-128,-159,-115,-117,-91,-132,-104,-127,-120,-116,-104,-105,-76,-101,-97,-107,-104
12.09600,-206,-174,-187,-166,-175,-144,-169,-168,-165,-150,-132,-147,-106,-117,-96,-123,-109,-120,-113,-114,-99,-125,-75,-108,-94,-96,-100
12.10667,-186,-187,-170,-184,-181,-143,-179,-168,-172,-151,-127,-140,-103,-125,-111,-126,-108,-106,-115,-110,-102,-123,-96,-114,-102,-107,-110
12.11733,-182,-184,-187,-169,-169,-151,-179,-173,-167,-157,-121,-145,-107,-116,-104,-138,-119,-125,-129,-121,-98,-117,-93,-121,-106,-105,-104
12.12800,-176,-161,-188,-163,-162,-160,-183,-171,-153,-163,-128,-145,-110,-108,-108,-140,-101,-134,-132,-112,-85,-127,-86,-122,-108,-106,-108
12.13867,-199,-169,-181,-167,-171,-166,-186,-175,-165,-158,-133,-157,-117,-126,-116,-135,-112,-123,-129,-107,-96,-116,-83,-109,-98,-109,-109
12.14933,-194,-165,-195,-177,-183,-160,-183,-174,-173,-146,-130,-149,-104,-127,-109,-125,-123,-122,-103,-118,-93,-115,-98,-102,-101,-116,-103
12.16000,-186,-183,-200,-176,-178,-149,-172,-185,-165,-154,-119,-146,-109,-114,-109,-122,-120,-122,-99,-111,-89,-122,-97,-110,-119,-118,-115
12.17067,-176,-183,-174,-170,-167,-149,-165,-177,-163,-156,-118,-146,-122,-102,-107,-135,-121,-116,-128,-112,-102,-116,-92,-100,-106,-131,-120
12.18133,-198,-171,-187,-159,-163,-143,-187,-172,-156,-167,-127,-140,-113,-105,-116,-131,-113,-119,-119,-110,-108,-115,-89,-109,-100,-125,-106
12.19200,-176,-158,-176,-157,-178,-150,-183,-176,-154,-151,-134,-138,-122,-110,-110,-123,-110,-121,-112,-101,-101,-111,-84,-114,-94,-123,-110
12.20267,-168,-163,-178,-165,-176,-160,-199,-172,-161,-156,-125,-141,-113,-112,-101,-122,-110,-125,-128,-111,-97,-118,-77,-105,-107,-112,-104
12.21333,-165,-172,-183,-169,-178,-153,-194,-178,-171,-148,-118,-134,-108,-109,-101,-106,-94,-111,-118,-116,-100,-114,-89,-113,-104,-115,-96
12.22400,-187,-163,-180,-168,-178,-159,-201,-178,-171,-145,-118,-136,-114,-117,-101,-123,-103,-110,-120,-109,-104,-120,-87,-96,-102,-123,-102
12.23467,-197,-194,-182,-176,-188,-155,-189,-182,-150,-152,-125,-146,-118,-116,-106,-111,-103,-118,-125,-101,-100,-111,-93,-104,-96,-101,-104
12.24533,-198,-174,-169,-173,-187,-138,-179,-167,-155,-170,-131,-151,-123,-116,-104,-115,-109,-124,-119,-106,-109,-130,-106,-109,-92,-113,-110
12.25600,-185,-178,-169,-146,-178,-150,-180,-170,-156,-174,-131,-162,-123,-105,-105,-108,-101,-125,-105,-115,-103,-130,-103,-109,-107,-114,-110
12.26667,-182,-171,-171,-148,-179,-156,-177,-172,-160,-170,-137,-150,-118,-114,-98,-120,-112,-124,-121,-105,-110,-107,-78,-114,-109,-123,-91
12.27733,-200,-177,-183,-152,-176,-171,-178,-176,-158,-165,-120,-149,-118,-113,-102,-116,-103,-113,-127,-125,-106,-113,-84,-95,-102,-119,-89
12.28800,-202,-185,-180,-144,-171,-154,-169,-181,-173,-161,-121,-145,-121,-112,-108,-124,-101,-116,-139,-124,-113,-115,-89,-104,-85,-113,-90
12.29867,-213,-175,-189,-151,-165,-153,-179,-169,-163,-160,-124,-148,-117,-123,-122,-129,-113,-122,-125,-119,-104,-100,-84,-99,-93,-108,-88
12.30933,-179,-178,-167,-146,-154,-152,-168,-177,-158,-157,-127,-152,-122,-113,-107,-117,-120,-132,-133,-126,-111,-89,-86,-92,-102,-114,-100
12.32000,-179,-174,-166,-146,-154,-148,-163,-169,-155,-160,-127,-152,-128,-124,-110,-112,-118,-124,-122,-98,-115,-86,-89,-104,-105,-103,-103
12.33067,-177,-156,-155,-155,-161,-140,-163,-175,-159,-160,-124,-143,-121,-133,-111,-129,-131,-130,-119,-103,-117,-112,-97,-108,-103,-105,-100
12.34133,-191,-159,-157,-168,-169,-150,-168,-165,-177,-153,-136,-143,-120,-131,-117,-129,-118,-129,-128,-83,-112,-123,-98,-115,-87,-107,-108
12.35200,-191,-150,-143,-167,-165,-142,-176,-169,-174,-162,-140,-157,-119,-124,-107,-124,-107,-138,-121,-104,-118,-117,-91,-104,-111,-122,-115
12.36267,-195,-157,-157,-150,-164,-151,-175,-168,-168,-168,-127,-150,-122,-109,-107,-129,-103,-131,-119,-107,-122,-110,-96,-99,-111,-101,-119
12.37333,-170,-159,-180,-141,-172,-152,-176,-174,-174,-155,-138,-155,-124,-129,-108,-136,-109,-129,-128,-114,-121,-105,-85,-114,-107,-100,-103
12.38400,-191,-164,-172,-147,-162,-143,-179,-172,-170,-158,-136,-152,-111,-129,-117,-127,-112,-122,-129,-101,-120,-121,-80,-115,-99,-101,-109
12.39467,-197,-172,-174,-159,-178,-145,-190,-155,-165,-170,-129,-158,-113,-131,-111,-119,-107,-117,-129,-111,-110,-120,-84,-88,-112,-98,-102
12.40533,-205,-179,-188,-158,-168,-146,-191,-163,-168,-166,-128,-150,-111,-118,-126,-117,-101,-124,-142,-124,-110,-111,-93,-105,-116,-111,-113
12.41600,-210,-183,-194,-175,-184,-130,-187,-163,-158,-164,-126,-154,-118,-110,-108,-129,-107,-129,-123,-118,-100,-119,-99,-113,-114,-113,-103
12.42667,-207,-165,-196,-166,-187,-137,-181,-180,-166,-164,-125,-153,-118,-121,-119,-143,-123,-130,-114,-116,-88,-107,-88,-107,-114,-105,-114
12.43733,-193,-165,-199,-164,-171,-135,-190,-180,-163,-175,-124,-149,-111,-135,-130,-137,-111,-138,-117,-108,-89,-108,-93,-119,-89,-104,-117
12.44800,-174,-166,-181,-162,-174,-133,-191,-176,-161,-161,-130,-150,-120,-121,-131,-140,-113,-136,-130,-107,-99,-116,-95,-115,-97,-104,-110
12.45867,-201,-187,-166,-156,-169,-144,-197,-166,-161,-164,-139,-146,-128,-132,-119,-140,-121,-132,-114,-123,-103,-113,-95,-99,-89,-94,-107
12.46933,-193,-179,-172,-150,-184,-157,-191,-170,-165,-162,-132,-147,-125,-133,-120,-127,-125,-128,-116,-110,-109,-120,-89,-105,-104,-103,-99
12.48000,-211,-174,-169,-155,-185,-144,-177,-173,-158,-168,-131,-154,-126,-125,-129,-146,-116,-111,-114,-110,-106,-110,-100,-98,-100,-121,-98
12.49067,-194,-190,-180,-155,-181,-149,-181,-176,-165,-160,-134,-148,-140,-136,-124,-134,-109,-116,-113,-113,-108,-117,-101,-119,-100,-125,-100
12.50133,-187,-174,-183,-167,-159,-155,-180,-169,-167,-162,-126,-148,-134,-145,-132,-123,-119,-113,-113,-128,-99,-118,-88,-107,-98,-118,-104
12.51200,-206,-180,-187,-177,-185,-160,-182,-167,-172,-163,-133,-158,-137,-132,-137,-136,-112,-139,-129,-122,-104,-109,-94,-106,-82,-128,-114
12.52267,-210,-189,-179,-165,-193,-164,-174,-172,-166,-173,-132,-153,-130,-131,-121,-128,-116,-132,-140,-122,-100,-111,-95,-100,-101,-119,-114
12.53333,-212,-180,-185,-165,-185,-165,-178,-178,-169,-164,-128,-156,-120,-130,-124,-120,-118,-137,-131,-112,-102,-112,-100,-112,-104,-117,-136
12.54400,-201,-182,-205,-166,-190,-155,-180,-178,-178,-169,-127,-162,-117,-131,-112,-127,-111,-117,-134,-118,-102,-118,-112,-114,-109,-119,-128
12.55467,-188,-184,-198,-166,-192,-153,-172,-176,-182,-167,-120,-153,-125,-121,-128,-128,-122,-119,-144,-115,-102,-114,-102,-129,-111,-119,-110
12.56533,-166,-182,-192,-166,-183,-140,-179,-179,-172,-166,-132,-147,-121,-116,-131,-129,-105,-129,-119,-120,-94,-119,-97,-126,-111,-115,-106
12.57600,-183,-158,-193,-176,-185,-151,-176,-172,-170,-165,-136,-145,-128,-127,-114,-135,-124,-136,-121,-127,-86,-129,-93,-107,-96,-112,-93
12.58667,-195,-187,-191,-157,-176,-153,-185,-162,-171,-172,-142,-150,-124,-128,-111,-132,-113,-144,-127,-127,-82,-112,-106,-91,-88,-100,-108
12.59733,-215,-186,-199,-159,-170,-157,-194,-167,-170,-166,-146,-152,-123,-138,-113,-135,-107,-138,-135,-113,-99,-117,-90,-83,-97,-111,-108
12.60800,-218,-168,-195,-165,-209,-145,-187,-184,-172,-146,-140,-168,-137,-124,-119,-118,-101,-120,-117,-112,-110,-129,-79,-85,-108,-112,-111
12.61867,-205,-172,-185,-170,-183,-157,-173,-182,-175,-158,-122,-151,-135,-135,-116,-132,-92,-130,-137,-106,-112,-121,-83,-103,-104,-105,-111
12.62933,-200,-168,-204,-175,-169,-158,-178,-176,-171,-156,-133,-143,-124,-135,-114,-144,-104,-123,-144,-103,-113,-115,-81,-118,-98,-120,-103
12.64000,-197,-173,-194,-161,-173,-165,-173,-179,-164,-160,-128,-154,-117,-138,-123,-136,-114,-133,-124,-102,-97,-127,-87,-122,-119,-101,-98
12.65067,-191,-176,-184,-167,-173,-166,-185,-176,-164,-171,-131,-159,-123,-122,-120,-136,-114,-131,-126,-113,-97,-113,-91,-118,-103,-107,-104
12.66133,-203,-191,-180,-167,-175,-159,-196,-182,-176,-158,-126,-153,-125,-125,-111,-138,-113,-131,-109,-97,-92,-116,-83,-134,-93,-101,-106
12.67200,-220,-162,-181,-173,-177,-167,-183,-178,-182,-171,-133,-151,-123,-112,-116,-138,-114,-139,-121,-105,-98,-108,-88,-113,-96,-114,-105
12.68267,-225,-180,-190,-172,-176,-161,-192,-166,-172,-166,-133,-153,-114,-111,-110,-145,-105,-131,-141,-114,-101,-110,-97,-118,-94,-129,-111
12.69333,-231,-188,-195,-176,-183,-167,-177,-167,-170,-170,-128,-153,-115,-114,-119,-146,-108,-124,-128,-111,-94,-119,-89,-115,-91,-114,-118
12.70400,-199,-184,-184,-170,-182,-177,-185,-162,-164,-156,-123,-157,-111,-129,-128,-143,-116,-127,-119,-107,-107,-119,-96,-122,-98,-111,-102
12.71467,-216,-170,-171,-172,-179,-160,-195,-168,-189,-164,-122,-163,-114,-135,-130,-125,-99,-135,-127,-114,-103,-122,-92,-120,-96,-103,-120
12.72533,-192,-174,-168,-158,-174,-157,-183,-175,-169,-167,-125,-161,-111,-145,-124,-121,-128,-135,-133,-111,-94,-132,-91,-117,-93,-104,-120
12.73600,-195,-189,-181,-173,-178,-159,-185,-187,-166,-166,-117,-162,-132,-137,-120,-123,-127,-140,-113,-131,-114,-127,-104,-117,-92,-110,-121
12.74667,-184,-194,-191,-160,-178,-152,-180,-189,-174,-158,-136,-148,-121,-138,-125,-125,-106,-126,-129,-124,-98,-120,-89,-107,-96,-120,-110
12.75733,-199,-169,-171,-169,-183,-159,-183,-196,-176,-164,-134,-152,-121,-128,-115,-145,-108,-126,-133,-131,-107,-123,-83,-117,-101,-109,-114
12.76800,-217,-183,-167,-163,-180,-159,-189,-183,-166,-164,-132,-157,-121,-131,-120,-138,-109,-128,-121,-117,-91,-133,-85,-114,-95,-112,-115
12.77867,-211,-174,-164,-168,-179,-150,-198,-172,-172,-168,-127,-149,-121,-121,-127,-131,-115,-134,-130,-116,-107,-134,-85,-106,-94,-107,-126
12.78933,-210,-178,-189,-183,-180,-162,-194,-171,-172,-174,-135,-162,-114,-120,-118,-134,-115,-135,-132,-121,-105,-119,-94,-107,-104,-114,-112
12.80000,-209,-183,-192,-167,-166,-174,-184,-183,-176,-167,-146,-168,-115,-123,-116,-125,-123,-124,-134,-114,-105,-121,-93,-112,-105,-115,-112
12.81067,-209,-187,-190,-179,-160,-161,-188,-189,-174,-169,-146,-167,-114,-125,-115,-139,-121,-125,-129,-123,-105,-116,-110,-117,-101,-106,-107
12.82133,-216,-185,-197,-163,-194,-161,-173,-174,-170,-170,-132,-162,-125,-122,-117,-135,-120,-121,-130,-120,-104,-127,-97,-109,-92,-106,-101
12.83200,-209,-175,-186,-165,-187,-157,-196,-183,-170,-162,-138,-149,-126,-128,-111,-133,-120,-128,-127,-124,-105,-118,-94,-110,-114,-109,-110
12.84267,-219,-176,-179,-160,-181,-165,-193,-189,-184,-170,-134,-148,-138,-125,-129,-139,-118,-125,-124,-133,-107,-119,-103,-119,-122,-121,-109
12.85333,-216,-189,-205,-160,-182,-174,-195,-193,-181,-174,-129,-152,-127,-113,-115,-150,-116,-136,-127,-117,-124,-109,-104,-125,-116,-121,-119
12.86400,-204,-178,-184,-180,-202,-160,-188,-192,-179,-183,-140,-154,-137,-121,-119,-149,-120,-144,-122,-131,-114,-108,-94,-123,-98,-124,-111
12.87467,-198,-170,-188,-173,-182,-165,-196,-185,-175,-171,-130,-155,-129,-132,-124,-122,-111,-128,-126,-120,-114,-113,-79,-113,-104,-117,-96
12.88533,-197,-167,-218,-176,-175,-174,-193,-184,-181,-170,-144,-151,-139,-132,-136,-119,-121,-119,-129,-122,-107,-111,-83,-119,-91,-125,-113
12.89600,-230,-178,-207,-187,-185,-160,-198,-173,-186,-174,-139,-163,-121,-130,-121,-131,-129,-124,-142,-123,-108,-125,-81,-117,-91,-128,-123
12.90667,-223,-167,-205,-179,-184,-172,-195,-181,-173,-174,-135,-153,-121,-120,-123,-137,-119,-141,-125,-105,-126,-121,-88,-110,-85,-134,-120
12.91733,-217,-158,-196,-183,-202,-174,-193,-184,-184,-179,-146,-166,-125,-110,-123,-134,-130,-150,-116,-113,-110,-113,-86,-125,-94,-139,-118
12.92800,-222,-161,-190,-186,-196,-181,-191,-191,-186,-168,-140,-161,-137,-125,-122,-136,-111,-131,-129,-114,-108,-132,-102,-114,-104,-142,-118
12.93867,-221,-194,-212,-183,-199,-184,-188,-189,-181,-178,-139,-159,-139,-130,-107,-147,-111,-122,-134,-107,-118,-129,-117,-123,-114,-116,-112
12.94933,-211,-176,-205,-185,-200,-175,-195,-192,-191,-173,-145,-146,-130,-123,-98,-132,-116,-122,-135,-110,-115,-140,-94,-130,-114,-122,-122
12.96000,-205,-159,-201,-175,-206,-170,-194,-189,-179,-186,-146,-156,-139,-122,-108,-141,-114,-143,-123,-117,-104,-132,-105,-122,-122,-136,-128
12.97067,-197,-179,-193,-180,-189,-163,-188,-187,-171,-174,-138,-162,-140,-119,-117,-132,-120,-143,-128,-110,-104,-133,-107,-121,-101,-122,-122
12.98133,-199,-166,-190,-192,-201,-180,-194,-188,-184,-170,-130,-165,-127,-124,-110,-141,-129,-130,-123,-113,-113,-137,-85,-104,-103,-124,-130
12.99200,-225,-186,-208,-178,-192,-168,-184,-193,-192,-178,-148,-168,-117,-126,-120,-141,-120,-125,-132,-122,-116,-128,-84,-121,-112,-122,-125
13.00267,-226,-177,-202,-164,-188,-166,-179,-184,-192,-181,-153,-161,-121,-120,-120,-145,-127,-130,-126,-121,-100,-130,-103,-115,-126,-122,-122
13.01333,-236,-210,-209,-189,-198,-177,-205,-196,-175,-174,-152,-158,-126,-123,-127,-128,-114,-129,-128,-108,-106,-124,-106,-117,-124,-130,-120
13.02400,-215,-199,-211,-180,-200,-162,-213,-195,-172,-173,-156,-145,-125,-127,-114,-112,-112,-128,-134,-110,-106,-114,-97,-123,-121,-136,-121
13.03467,-216,-198,-212,-171,-202,-174,-216,-189,-174,-179,-152,-153,-115,-127,-119,-122,-124,-128,-124,-121,-106,-115,-106,-109,-109,-136,-127
13.04533,-199,-180,-221,-179,-198,-166,-204,-192,-174,-179,-143,-152,-121,-134,-117,-133,-115,-137,-115,-125,-112,-118,-103,-110,-111,-119,-129
13.05600,-209,-192,-232,-170,-191,-152,-213,-196,-170,-183,-135,-149,-128,-122,-121,-146,-127,-117,-139,-122,-118,-132,-99,-106,-111,-114,-122
13.06667,-207,-189,-216,-164,-201,-166,-197,-206,-184,-183,-137,-152,-123,-125,-110,-124,-129,-131,-145,-125,-106,-114,-100,-124,-106,-123,-119
13.07733,-222,-204,-217,-164,-200,-175,-196,-193,-175,-163,-146,-157,-118,-123,-127,-131,-116,-131,-137,-131,-96,-121,-89,-115,-101,-114,-108
13.08800,-218,-197,-217,-178,-196,-164,-196,-191,-178,-171,-140,-146,-125,-124,-128,-141,-115,-121,-123,-122,-104,-134,-99,-117,-97,-110,-107
13.09867,-207,-191,-222,-182,-190,-169,-208,-181,-173,-167,-148,-148,-121,-111,-122,-129,-123,-120,-123,-128,-118,-122,-98,-104,-121,-113,-122
13.10933,-207,-201,-219,-185,-194,-161,-199,-195,-187,-169,-149,-161,-123,-119,-105,-121,-120,-135,-121,-116,-113,-113,-106,-111,-101,-126,-123
13.12000,-210,-198,-214,-174,-210,-173,-209,-186,-178,-176,-152,-148,-126,-114,-101,-110,-110,-128,-125,-106,-104,-105,-101,-130,-110,-122,-110
13.13067,-226,-184,-208,-171,-214,-172,-207,-194,-176,-163,-135,-149,-128,-112,-116,-119,-126,-136,-122,-107,-96,-121,-115,-118,-103,-129,-121
13.14133,-223,-193,-205,-181,-198,-173,-206,-189,-173,-170,-145,-155,-121,-126,-112,-125,-117,-139,-121,-108,-102,-124,-89,-123,-98,-120,-90
13.15200,-225,-180,-216,-182,-204,-169,-206,-195,-184,-178,-141,-152,-124,-129,-119,-137,-128,-136,-125,-116,-120,-120,-99,-114,-101,-127,-102
13.16267,-235,-193,-220,-189,-193,-183,-216,-191,-177,-193,-143,-162,-138,-113,-118,-135,-124,-139,-139,-120,-120,-120,-89,-117,-99,-124,-115
13.17333,-218,-182,-227,-167,-196,-182,-210,-198,-173,-180,-143,-161,-122,-118,-112,-123,-130,-124,-120,-119,-103,-119,-90,-111,-111,-129,-136
13.18400,-229,-187,-199,-171,-185,-175,-220,-204,-176,-181,-134,-161,-115,-114,-112,-119,-110,-125,-128,-126,-106,-121,-99,-115,-114,-128,-114
13.19467,-229,-205,-199,-176,-193,-166,-207,-200,-185,-176,-134,-152,-124,-119,-110,-111,-114,-102,-118,-115,-103,-132,-84,-117,-111,-122,-109
13.20533,-216,-197,-223,-193,-201,-165,-200,-185,-172,-173,-133,-152,-122,-130,-111,-122,-116,-105,-122,-121,-107,-119,-82,-136,-115,-111,-113
13.21600,-223,-187,-212,-178,-198,-171,-206,-185,-178,-161,-137,-146,-117,-126,-108,-119,-114,-128,-128,-118,-111,-128,-86,-116,-119,-111,-110
13.22667,-236,-191,-217,-174,-197,-181,-212,-187,-174,-171,-133,-148,-136,-120,-113,-127,-104,-115,-119,-135,-89,-134,-96,-104,-108,-115,-101
13.23733,-252,-192,-210,-172,-197,-185,-212,-181,-174,-172,-136,-159,-126,-118,-108,-126,-118,-98,-128,-127,-112,-129,-111,-109,-116,-117,-115
13.24800,-260,-210,-215,-175,-183,-175,-199,-190,-173,-178,-141,-155,-121,-122,-112,-121,-120,-98,-131,-110,-109,-115,-103,-104,-108,-127,-111
13.25867,-223,-203,-228,-190,-191,-160,-210,-196,-171,-176,-143,-148,-123,-131,-107,-129,-105,-119,-120,-106,-98,-130,-91,-110,-115,-121,-118
13.26933,-227,-194,-202,-213,-200,-154,-209,-188,-157,-175,-131,-152,-115,-119,-103,-124,-100,-123,-123,-107,-86,-135,-95,-121,-114,-123,-132
13.28000,-235,-169,-203,-182,-198,-162,-214,-191,-167,-166,-136,-155,-127,-121,-107,-102,-128,-116,-130,-104,-95,-122,-101,-123,-100,-120,-132
13.29067,-231,-174,-194,-198,-208,-155,-196,-185,-173,-160,-135,-162,-117,-118,-112,-115,-110,-120,-145,-103,-95,-129,-106,-126,-91,-106,-120
13.30133,-227,-186,-202,-189,-203,-157,-194,-185,-169,-164,-115,-148,-118,-118,-108,-114,-108,-118,-118,-99,-103,-112,-108,-123,-97,-111,-112
13.31200,-219,-172,-190,-190,-191,-172,-198,-190,-165,-161,-122,-156,-124,-108,-108,-116,-115,-118,-114,-109,-106,-115,-97,-113,-105,-125,-133
13.32267,-203,-167,-208,-165,-186,-164,-197,-172,-156,-153,-117,-145,-115,-103,-111,-103,-103,-119,-116,-99,-96,-102,-72,-95,-91,-114,-118
13.33333,-200,-181,-194,-180,-194,-159,-204,-186,-154,-152,-133,-146,-115,-114,-115,-103,-113,-139,-123,-115,-100,-102,-89,-106,-113,-123,-108
13.34400,-201,-180,-201,-182,-190,-158,-201,-184,-174,-163,-137,-143,-128,-113,-115,-115,-108,-144,-111,-120,-94,-115,-92,-121,-109,-123,-117
13.35467,-214,-190,-183,-183,-184,-167,-194,-200,-164,-168,-126,-155,-127,-106,-112,-125,-109,-114,-120,-104,-99,-119,-90,-106,-108,-125,-115
13.36533,-193,-191,-183,-160,-194,-166,-203,-191,-171,-175,-129,-137,-125,-103,-109,-126,-108,-123,-123,-121,-85,-120,-96,-112,-111,-126,-91
13.37600,-194,-208,-195,-171,-194,-170,-200,-192,-184,-173,-143,-151,-127,-106,-108,-112,-100,-127,-124,-92,-103,-118,-116,-121,-117,-135,-109
13.38667,-193,-209,-193,-170,-198,-168,-193,-188,-176,-180,-131,-152,-120,-107,-106,-127,-122,-106,-132,-95,-111,-112,-107,-109,-104,-131,-114
13.39733,-206,-176,-194,-180,-204,-178,-206,-194,-194,-164,-135,-154,-119,-132,-92,-118,-127,-116,-126,-103,-114,-115,-108,-123,-101,-123,-122
13.40800,-228,-172,-198,-182,-196,-168,-199,-192,-187,-173,-142,-157,-123,-129,-107,-113,-121,-117,-126,-103,-110,-108,-109,-109,-121,-114,-134
13.41867,-218,-189,-200,-194,-195,-176,-205,-183,-178,-175,-138,-160,-122,-125,-110,-127,-119,-119,-112,-120,-105,-111,-114,-112,-111,-133,-124
13.42933,-224,-180,-205,-189,-187,-169,-204,-186,-184,-169,-144,-158,-120,-121,-118,-121,-122,-126,-120,-118,-110,-121,-101,-130,-101,-126,-123
13.44000,-224,-189,-207,-196,-201,-171,-212,-182,-179,-164,-143,-159,-120,-116,-110,-122,-118,-120,-120,-117,-103,-118,-107,-119,-113,-126,-117
13.45067,-205,-184,-222,-185,-190,-187,-206,-196,-181,-168,-146,-154,-118,-125,-120,-129,-123,-132,-120,-120,-97,-125,-103,-123,-105,-131,-127
13.46133,-218,-194,-210,-179,-196,-185,-200,-203,-177,-164,-135,-156,-127,-124,-120,-125,-119,-120,-128,-113,-113,-134,-98,-113,-111,-131,-124
13.47200,-238,-209,-208,-187,-194,-184,-189,-194,-192,-179,-153,-168,-122,-122,-120,-119,-128,-119,-135,-128,-105,-127,-103,-109,-121,-131,-125
13.48267,-236,-212,-220,-180,-188,-183,-203,-197,-189,-185,-143,-168,-125,-128,-133,-132,-127,-129,-143,-129,-109,-134,-101,-117,-115,-125,-106
13.49333,-249,-197,-201,-186,-203,-189,-207,-197,-191,-179,-138,-168,-134,-119,-125,-129,-125,-121,-150,-111,-122,-110,-104,-117,-108,-122,-114
13.50400,-265,-170,-216,-189,-208,-180,-203,-195,-193,-180,-133,-163,-132,-123,-130,-121,-118,-122,-136,-112,-122,-115,-106,-115,-113,-116,-121
13.51467,-249,-181,-214,-183,-198,-185,-208,-201,-204,-172,-137,-160,-134,-128,-128,-138,-105,-124,-138,-109,-118,-120,-102,-112,-126,-118,-123
13.52533,-254,-193,-203,-197,-193,-174,-209,-199,-199,-173,-151,-167,-124,-131,-118,-132,-127,-115,-135,-108,-118,-120,-109,-117,-130,-126,-124
13.53600,-256,-207,-196,-190,-203,-185,-216,-197,-198,-179,-146,-161,-130,-129,-111,-142,-128,-126,-128,-119,-125,-126,-98,-144,-121,-133,-135
13.54667,-236,-194,-202,-189,-212,-176,-220,-196,-191,-179,-142,-159,-130,-124,-118,-139,-127,-130,-120,-123,-116,-118,-98,-118,-113,-127,-126
13.55733,-220,-178,-215,-195,-234,-170,-216,-195,-189,-176,-144,-159,-123,-125,-117,-135,-145,-137,-123,-127,-124,-124,-100,-115,-115,-126,-115
13.56800,-244,-181,-202,-197,-219,-190,-216,-206,-184,-172,-147,-146,-131,-126,-115,-131,-149,-150,-130,-137,-113,-117,-107,-111,-109,-127,-109
13.57867,-214,-183,-211,-207,-205,-175,-210,-196,-180,-170,-153,-153,-140,-121,-119,-136,-127,-141,-123,-135,-106,-130,-98,-127,-110,-114,-112
13.58933,-225,-199,-246,-203,-221,-183,-223,-198,-193,-179,-152,-155,-139,-128,-117,-131,-126,-128,-138,-132,-109,-134,-103,-129,-118,-117,-125
13.60000,-246,-209,-212,-188,-211,-185,-217,-193,-196,-182,-146,-156,-125,-131,-125,-123,-103,-138,-145,-123,-102,-131,-90,-107,-106,-123,-120
13.61067,-228,-184,-217,-182,-214,-181,-219,-200,-191,-183,-146,-166,-134,-136,-124,-136,-110,-137,-146,-110,-104,-100,-110,-122,-104,-115,-115
13.62133,-220,-178,-193,-177,-193,-174,-194,-191,-174,-184,-139,-142,-136,-121,-114,-127,-105,-118,-142,-101,-106,-108,-93,-116,-98,-123,-107
13.63200,-194,-185,-196,-185,-206,-182,-210,-189,-178,-186,-142,-155,-143,-127,-121,-128,-111,-135,-140,-122,-100,-111,-106,-119,-113,-131,-124
13.64267,-230,-186,-200,-181,-188,-194,-196,-192,-183,-185,-154,-163,-134,-136,-121,-129,-114,-133,-136,-112,-123,-129,-121,-131,-116,-126,-136
13.65333,-234,-191,-204,-180,-213,-174,-201,-195,-185,-176,-149,-174,-132,-129,-118,-137,-109,-120,-141,-122,-114,-124,-109,-133,-110,-120,-118
13.66400,-213,-199,-224,-183,-212,-167,-203,-200,-180,-172,-148,-170,-137,-139,-129,-133,-113,-130,-134,-100,-107,-136,-97,-132,-105,-119,-115
13.67467,-241,-217,-213,-202,-215,-190,-206,-196,-182,-169,-153,-165,-138,-132,-123,-128,-120,-132,-144,-112,-104,-125,-95,-126,-114,-116,-111
13.68533,-240,-205,-215,-209,-201,-182,-206,-203,-189,-182,-153,-166,-144,-133,-125,-138,-116,-119,-147,-110,-107,-136,-93,-126,-126,-128,-127
13.69600,-256,-195,-213,-195,-217,-178,-203,-196,-193,-185,-151,-164,-128,-123,-130,-135,-118,-122,-136,-117,-105,-132,-101,-111,-97,-122,-115
13.70667,-239,-204,-196,-203,-224,-175,-203,-193,-186,-177,-148,-168,-134,-135,-124,-131,-112,-120,-143,-115,-105,-124,-103,-115,-102,-130,-125
13.71733,-241,-207,-216,-200,-213,-186,-208,-197,-195,-192,-153,-157,-131,-130,-132,-128,-122,-126,-151,-144,-118,-118,-99,-117,-112,-121,-135
13.72800,-237,-203,-225,-212,-209,-184,-203,-192,-191,-188,-142,-165,-136,-125,-128,-142,-123,-133,-131,-139,-122,-132,-108,-122,-111,-126,-133
13.73867,-224,-216,-227,-194,-217,-167,-223,-199,-205,-189,-146,-171,-156,-121,-132,-132,-127,-129,-132,-116,-118,-136,-109,-116,-111,-133,-117
13.74933,-241,-215,-233,-200,-211,-175,-229,-195,-196,-192,-140,-163,-134,-129,-128,-142,-127,-128,-115,-127,-103,-132,-104,-120,-107,-124,-124
13.76000,-223,-202,-234,-214,-213,-189,-229,-209,-195,-186,-149,-166,-142,-126,-120,-142,-120,-139,-131,-130,-112,-144,-109,-128,-136,-131,-136
13.77067,-201,-196,-211,-198,-208,-185,-212,-202,-198,-180,-155,-168,-142,-115,-122,-146,-122,-155,-140,-133,-112,-121,-111,-119,-134,-113,-137
13.78133,-211,-207,-214,-201,-208,-190,-208,-201,-185,-179,-157,-165,-132,-120,-129,-148,-122,-128,-124,-129,-106,-126,-119,-109,-105,-123,-129
13.79200,-246,-198,-225,-186,-214,-187,-216,-192,-193,-187,-139,-164,-131,-130,-136,-151,-129,-126,-138,-126,-113,-123,-104,-113,-106,-111,-118
13.80267,-254,-203,-224,-180,-200,-192,-208,-189,-188,-182,-136,-170,-116,-120,-130,-116,-117,-124,-129,-118,-98,-116,-109,-127,-95,-111,-98
13.81333,-255,-207,-228,-188,-207,-200,-203,-198,-205,-185,-141,-176,-127,-136,-122,-124,-124,-115,-139,-111,-104,-132,-95,-115,-94,-132,-115
13.82400,-242,-202,-206,-198,-214,-191,-209,-211,-202,-190,-153,-171,-139,-132,-125,-117,-121,-130,-135,-114,-100,-119,-103,-119,-109,-127,-125
13.83467,-231,-220,-218,-211,-207,-174,-202,-203,-188,-185,-151,-156,-127,-124,-129,-120,-124,-144,-134,-130,-109,-117,-105,-118,-104,-136,-126
13.84533,-231,-229,-230,-230,-206,-171,-215,-201,-188,-185,-158,-153,-131,-135,-136,-134,-137,-135,-126,-118,-122,-112,-98,-127,-104,-123,-126
13.85600,-231,-206,-222,-209,-210,-166,-208,-201,-189,-202,-154,-160,-131,-134,-131,-134,-118,-125,-135,-128,-124,-127,-98,-117,-111,-121,-117
13.86667,-225,-193,-201,-197,-206,-171,-216,-209,-199,-185,-155,-169,-132,-134,-126,-146,-121,-124,-135,-129,-117,-110,-88,-126,-103,-114,-124
13.87733,-245,-222,-214,-200,-211,-161,-210,-216,-195,-194,-157,-166,-129,-137,-134,-147,-132,-133,-136,-136,-112,-124,-94,-120,-89,-124,-124
13.88800,-243,-187,-218,-200,-208,-178,-205,-204,-200,-189,-152,-163,-139,-138,-131,-139,-124,-138,-138,-117,-117,-125,-109,-120,-100,-122,-125
13.89867,-220,-174,-215,-204,-209,-189,-195,-203,-188,-194,-161,-165,-143,-143,-123,-146,-122,-141,-133,-117,-119,-126,-112,-114,-112,-115,-119
13.90933,-249,-206,-217,-204,-221,-199,-207,-205,-181,-194,-165,-167,-144,-137,-121,-146,-127,-146,-135,-138,-122,-143,-119,-106,-115,-108,-111
13.92000,-251,-213,-218,-209,-220,-188,-210,-205,-181,-190,-158,-170,-135,-131,-125,-140,-115,-147,-127,-140,-118,-126,-104,-114,-120,-114,-116
13.93067,-252,-216,-232,-214,-208,-186,-208,-204,-193,-191,-157,-160,-133,-131,-123,-136,-126,-142,-128,-127,-121,-124,-103,-106,-112,-121,-133
13.94133,-238,-225,-232,-204,-213,-188,-220,-207,-196,-189,-162,-158,-127,-135,-128,-123,-126,-142,-137,-131,-117,-119,-94,-108,-104,-115,-131
13.95200,-258,-212,-227,-195,-212,-208,-234,-213,-201,-203,-155,-154,-125,-135,-125,-118,-119,-134,-148,-117,-106,-122,-100,-104,-103,-126,-120
13.96267,-244,-225,-225,-204,-222,-205,-226,-215,-203,-182,-157,-151,-119,-134,-123,-139,-123,-130,-140,-122,-103,-126,-101,-110,-124,-120,-116
13.97333,-252,-228,-210,-203,-218,-198,-225,-211,-203,-192,-138,-145,-129,-130,-123,-129,-120,-129,-143,-125,-108,-139,-111,-108,-125,-107,-126
13.98400,-252,-221,-224,-202,-221,-204,-213,-218,-193,-189,-146,-156,-131,-123,-119,-129,-135,-136,-136,-123,-118,-133,-120,-132,-109,-118,-126
13.99467,-248,-221,-237,-214,-235,-204,-221,-210,-199,-192,-141,-153,-129,-134,-133,-128,-138,-145,-132,-132,-122,-135,-109,-135,-112,-112,-114
14.00533,-238,-224,-225,-224,-238,-202,-231,-218,-199,-188,-136,-160,-123,-142,-134,-150,-138,-144,-136,-106,-118,-117,-126,-117,-108,-116,-116
14.01600,-245,-215,-229,-217,-232,-209,-231,-208,-200,-185,-141,-160,-124,-135,-129,-143,-149,-148,-140,-115,-129,-129,-106,-137,-110,-134,-125
14.02667,-243,-197,-238,-216,-220,-212,-235,-206,-203,-192,-148,-167,-127,-137,-126,-150,-126,-135,-123,-115,-103,-130,-104,-126,-113,-141,-116
14.03733,-246,-230,-232,-219,-219,-201,-227,-211,-204,-185,-152,-162,-119,-122,-115,-149,-129,-134,-139,-102,-110,-113,-117,-130,-113,-123,-134
14.04800,-240,-245,-251,-209,-235,-193,-214,-219,-217,-176,-150,-159,-132,-129,-101,-150,-123,-133,-137,-124,-106,-131,-126,-130,-119,-124,-135
14.05867,-237,-215,-238,-213,-241,-191,-235,-210,-211,-177,-145,-162,-122,-127,-115,-132,-121,-137,-142,-128,-109,-127,-129,-135,-118,-120,-134
14.06933,-241,-224,-236,-206,-245,-191,-234,-214,-198,-180,-151,-169,-133,-127,-116,-133,-132,-135,-142,-121,-116,-148,-122,-121,-110,-132,-130
14.08000,-243,-224,-227,-214,-251,-200,-233,-212,-199,-176,-144,-163,-126,-137,-121,-130,-119,-121,-140,-122,-117,-128,-124,-128,-108,-135,-133
14.09067,-269,-240,-237,-208,-226,-204,-229,-208,-206,-187,-144,-162,-137,-139,-113,-136,-126,-129,-135,-120,-108,-121,-94,-118,-114,-132,-117
14.10133,-260,-239,-251,-206,-231,-215,-220,-204,-188,-183,-154,-154,-130,-134,-127,-138,-128,-128,-139,-120,-96,-120,-100,-124,-119,-137,-124
14.11200,-253,-240,-240,-214,-246,-208,-223,-216,-196,-190,-136,-153,-130,-139,-119,-134,-121,-144,-136,-123,-112,-122,-94,-113,-123,-127,-111
14.12267,-257,-238,-242,-206,-218,-211,-221,-211,-196,-184,-147,-164,-124,-141,-112,-136,-125,-128,-151,-114,-118,-127,-111,-117,-108,-134,-123
14.13333,-247,-247,-245,-218,-236,-207,-232,-198,-200,-189,-154,-157,-126,-135,-109,-137,-129,-112,-138,-121,-106,-128,-118,-124,-102,-123,-110
14.14400,-263,-229,-240,-219,-240,-208,-224,-211,-207,-190,-150,-180,-129,-131,-133,-121,-129,-120,-129,-123,-98,-128,-110,-123,-114,-133,-125
14.15467,-256,-228,-233,-205,-221,-206,-226,-212,-196,-190,-158,-168,-130,-125,-131,-143,-117,-139,-119,-107,-109,-121,-95,-127,-122,-140,-118
14.16533,-271,-207,-242,-208,-228,-198,-234,-204,-197,-186,-159,-171,-121,-124,-135,-148,-106,-133,-129,-108,-119,-122,-90,-126,-103,-126,-114
14.17600,-257,-224,-220,-203,-220,-196,-229,-204,-193,-183,-143,-170,-125,-134,-124,-134,-123,-132,-142,-120,-108,-119,-91,-126,-104,-127,-118
14.18667,-246,-209,-231,-209,-230,-201,-220,-208,-195,-189,-146,-166,-137,-127,-130,-140,-110,-140,-144,-124,-121,-124,-109,-114,-105,-141,-129
14.19733,-243,-220,-242,-197,-227,-204,-221,-204,-209,-188,-153,-169,-135,-118,-127,-133,-123,-146,-136,-123,-122,-128,-106,-117,-104,-133,-126
14.20800,-248,-219,-246,-207,-232,-214,-235,-205,-195,-188,-152,-163,-134,-121,-129,-128,-120,-154,-144,-112,-115,-143,-125,-121,-125,-141,-131
14.21867,-245,-242,-225,-194,-215,-219,-228,-210,-202,-194,-156,-177,-147,-126,-130,-127,-127,-151,-135,-116,-121,-130,-99,-115,-120,-139,-121
14.22933,-260,-220,-249,-204,-225,-209,-231,-225,-213,-199,-155,-169,-134,-135,-125,-131,-105,-130,-122,-111,-119,-135,-103,-115,-123,-126,-113
14.24000,-259,-230,-250,-210,-228,-204,-242,-218,-204,-193,-151,-157,-133,-127,-119,-138,-117,-140,-136,-120,-126,-126,-93,-128,-113,-139,-113
14.25067,-251,-226,-247,-228,-232,-198,-248,-212,-208,-187,-146,-171,-120,-130,-115,-129,-128,-127,-130,-132,-119,-118,-92,-131,-118,-146,-120
14.26133,-258,-219,-247,-220,-238,-215,-243,-225,-207,-188,-141,-162,-131,-121,-115,-127,-141,-136,-144,-138,-113,-141,-109,-121,-106,-148,-125
14.27200,-254,-227,-241,-210,-232,-194,-235,-218,-202,-188,-146,-156,-125,-125,-113,-122,-121,-134,-147,-135,-123,-134,-98,-123,-114,-134,-141
14.28267,-242,-241,-241,-211,-210,-198,-243,-218,-202,-201,-149,-170,-139,-128,-122,-130,-124,-133,-145,-119,-136,-135,-86,-123,-127,-135,-128
14.29333,-251,-224,-227,-217,-222,-208,-240,-230,-213,-202,-158,-169,-128,-116,-123,-129,-132,-134,-147,-125,-142,-115,-100,-139,-124,-140,-121
14.30400,-249,-249,-256,-248,-228,-209,-240,-222,-209,-201,-158,-164,-121,-125,-116,-142,-121,-122,-131,-118,-104,-119,-119,-123,-117,-130,-116
14.31467,-263,-246,-234,-227,-228,-216,-246,-228,-218,-187,-157,-160,-123,-121,-116,-147,-133,-129,-143,-121,-109,-132,-116,-125,-105,-131,-133
14.32533,-262,-220,-247,-249,-232,-212,-238,-222,-217,-183,-149,-159,-128,-127,-110,-137,-129,-131,-135,-111,-126,-128,-113,-117,-118,-134,-137
14.33600,-285,-245,-232,-217,-231,-209,-245,-229,-218,-181,-145,-168,-127,-139,-114,-129,-133,-129,-121,-114,-143,-133,-101,-138,-117,-111,-123
14.34667,-265,-241,-230,-226,-235,-215,-244,-222,-215,-188,-150,-168,-133,-144,-114,-134,-131,-132,-140,-130,-128,-146,-113,-133,-125,-124,-132
14.35733,-281,-236,-245,-222,-235,-207,-233,-223,-217,-193,-143,-166,-121,-131,-124,-133,-131,-125,-131,-129,-125,-128,-116,-127,-117,-131,-130
14.36800,-259,-221,-242,-205,-234,-214,-241,-225,-204,-195,-153,-167,-135,-132,-128,-138,-130,-128,-149,-123,-130,-125,-99,-131,-99,-139,-123
14.37867,-268,-226,-242,-203,-237,-213,-244,-211,-198,-190,-169,-168,-143,-130,-124,-132,-110,-125,-141,-130,-128,-135,-99,-131,-101,-145,-130
14.38933,-260,-227,-234,-206,-231,-205,-235,-217,-200,-199,-150,-167,-128,-127,-133,-148,-127,-126,-145,-116,-103,-144,-121,-125,-100,-132,-139
14.40000,-247,-232,-233,-196,-214,-202,-247,-214,-204,-190,-148,-169,-127,-126,-129,-137,-128,-133,-138,-130,-106,-121,-110,-125,-104,-127,-137
14.41067,-228,-217,-208,-212,-221,-194,-237,-215,-205,-186,-151,-165,-129,-123,-123,-143,-127,-118,-122,-130,-109,-132,-111,-122,-109,-137,-132
14.42133,-223,-203,-204,-210,-226,-184,-239,-208,-198,-180,-158,-163,-139,-128,-107,-137,-104,-112,-127,-142,-104,-120,-106,-110,-114,-145,-132
14.43200,-248,-204,-221,-213,-221,-195,-234,-207,-197,-178,-153,-165,-134,-120,-125,-126,-109,-99,-131,-142,-112,-116,-104,-126,-120,-123,-131
14.44267,-231,-220,-217,-202,-221,-207,-228,-204,-202,-183,-134,-160,-134,-122,-127,-137,-106,-123,-128,-123,-103,-111,-90,-101,-112,-117,-117
14.45333,-216,-204,-216,-196,-221,-202,-236,-212,-203,-181,-145,-153,-133,-124,-112,-125,-100,-127,-127,-102,-99,-123,-78,-110,-107,-122,-116
14.46400,-216,-206,-222,-195,-226,-196,-227,-214,-197,-182,-148,-160,-131,-125,-109,-132,-98,-110,-124,-117,-107,-113,-80,-118,-110,-110,-113
14.47467,-242,-205,-225,-194,-226,-200,-220,-210,-194,-189,-148,-164,-123,-128,-101,-135,-109,-120,-123,-130,-107,-130,-100,-106,-95,-128,-118
14.48533,-224,-199,-219,-199,-205,-202,-225,-200,-206,-186,-148,-158,-118,-126,-108,-122,-102,-135,-137,-116,-111,-116,-92,-102,-98,-134,-116
14.49600,-237,-209,-231,-197,-206,-184,-234,-192,-197,-181,-151,-152,-125,-114,-111,-115,-111,-123,-127,-121,-107,-107,-103,-112,-101,-126,-122
14.50667,-244,-227,-233,-210,-205,-190,-217,-203,-195,-172,-142,-150,-119,-104,-119,-132,-108,-128,-121,-121,-92,-116,-104,-105,-117,-113,-124
14.51733,-239,-225,-223,-200,-215,-181,-211,-201,-190,-170,-137,-146,-110,-115,-116,-130,-93,-115,-134,-104,-100,-117,-94,-93,-96,-123,-121
14.52800,-241,-234,-238,-206,-205,-189,-222,-200,-199,-173,-141,-160,-110,-122,-102,-115,-96,-122,-124,-95,-104,-112,-95,-112,-107,-128,-116
14.53867,-250,-243,-226,-205,-219,-181,-224,-201,-196,-165,-141,-156,-113,-117,-103,-123,-108,-122,-129,-104,-96,-117,-98,-104,-114,-117,-113
14.54933,-233,-220,-224,-201,-218,-196,-221,-204,-188,-168,-138,-149,-106,-108,-110,-119,-91,-113,-100,-104,-108,-116,-97,-110,-100,-110,-112
14.56000,-249,-231,-227,-197,-218,-186,-208,-194,-189,-169,-131,-134,-113,-112,-111,-103,-106,-124,-100,-103,-105,-103,-86,-109,-104,-121,-102
14.57067,-222,-214,-231,-196,-203,-193,-205,-192,-184,-179,-139,-148,-126,-108,-96,-94,-99,-117,-116,-91,-104,-98,-72,-95,-100,-102,-109
14.58133,-251,-203,-204,-198,-212,-192,-211,-197,-179,-179,-139,-133,-110,-97,-92,-98,-84,-116,-119,-105,-114,-86,-84,-97,-103,-104,-120
14.59200,-256,-198,-210,-205,-217,-187,-212,-195,-187,-179,-138,-139,-101,-101,-97,-100,-97,-112,-112,-87,-96,-97,-80,-101,-117,-125,-110
14.60267,-252,-209,-227,-215,-238,-188,-227,-200,-185,-177,-138,-146,-111,-112,-97,-113,-77,-135,-91,-94,-98,-105,-97,-106,-120,-124,-124
14.61333,-235,-219,-248,-210,-229,-193,-213,-206,-184,-183,-134,-147,-119,-115,-100,-103,-83,-114,-95,-99,-95,-98,-96,-92,-109,-106,-117
14.62400,-243,-215,-237,-206,-219,-203,-220,-200,-185,-171,-143,-151,-118,-111,-107,-105,-90,-102,-87,-77,-81,-97,-94,-110,-106,-107,-106
14.63467,-246,-198,-245,-207,-212,-199,-219,-203,-194,-171,-132,-146,-116,-107,-94,-102,-85,-102,-88,-81,-80,-98,-78,-106,-104,-113,-117
14.64533,-241,-229,-234,-220,-210,-202,-214,-206,-199,-163,-138,-145,-120,-110,-96,-108,-101,-111,-92,-89,-87,-100,-79,-106,-103,-104,-112
14.65600,-274,-233,-227,-216,-212,-212,-218,-198,-199,-163,-139,-161,-112,-102,-90,-121,-98,-101,-125,-92,-92,-98,-102,-110,-108,-102,-119
14.66667,-251,-226,-239,-204,-227,-203,-222,-202,-178,-173,-139,-151,-108,-104,-98,-111,-101,-89,-120,-106,-94,-96,-85,-115,-116,-102,-120
14.67733,-233,-226,-231,-195,-216,-200,-230,-217,-177,-183,-134,-153,-110,-115,-112,-111,-100,-100,-101,-102,-99,-102,-95,-92,-108,-107,-106
14.68800,-247,-237,-223,-205,-217,-208,-235,-208,-186,-171,-137,-142,-120,-114,-103,-124,-91,-121,-88,-121,-98,-112,-91,-106,-113,-112,-113
14.69867,-260,-237,-247,-200,-221,-206,-232,-199,-198,-190,-133,-139,-113,-109,-98,-119,-113,-115,-111,-115,-107,-122,-95,-114,-110,-101,-116
14.70933,-261,-234,-250,-201,-231,-210,-220,-206,-205,-176,-125,-154,-113,-121,-111,-106,-113,-114,-126,-110,-88,-126,-87,-121,-114,-110,-110
14.72000,-257,-212,-249,-203,-242,-203,-226,-203,-200,-182,-128,-146,-117,-119,-109,-117,-94,-112,-118,-108,-108,-117,-101,-108,-105,-107,-130
14.73067,-272,-212,-238,-210,-243,-206,-219,-217,-201,-179,-131,-151,-113,-122,-104,-120,-106,-118,-114,-98,-101,-105,-114,-105,-100,-124,-127
14.74133,-267,-221,-222,-235,-228,-192,-228,-212,-204,-195,-133,-157,-118,-107,-109,-117,-108,-123,-109,-116,-120,-98,-100,-107,-111,-115,-132
14.75200,-258,-221,-243,-221,-208,-208,-222,-226,-205,-194,-135,-164,-135,-116,-107,-122,-113,-135,-119,-114,-102,-117,-97,-118,-100,-123,-118
14.76267,-257,-223,-251,-212,-223,-189,-225,-215,-195,-191,-134,-155,-130,-116,-122,-125,-102,-130,-104,-107,-121,-117,-97,-115,-109,-120,-118
14.77333,-249,-240,-236,-228,-236,-204,-233,-211,-200,-179,-135,-158,-135,-119,-106,-123,-108,-122,-120,-117,-115,-107,-101,-126,-119,-128,-122
14.78400,-276,-244,-248,-210,-221,-198,-244,-210,-202,-195,-151,-151,-121,-129,-108,-136,-104,-130,-132,-115,-91,-108,-103,-124,-118,-129,-118
14.79467,-246,-251,-242,-215,-233,-206,-243,-217,-197,-189,-146,-152,-121,-126,-118,-139,-109,-132,-137,-126,-95,-118,-100,-114,-107,-124,-123
14.80533,-270,-240,-244,-219,-241,-214,-228,-221,-201,-185,-141,-156,-123,-126,-111,-128,-113,-127,-139,-120,-109,-123,-89,-131,-108,-130,-120
14.81600,-250,-241,-248,-206,-251,-199,-240,-216,-215,-192,-137,-159,-120,-120,-113,-127,-108,-123,-131,-117,-119,-136,-118,-115,-102,-120,-112
14.82667,-278,-259,-244,-221,-239,-195,-237,-216,-221,-182,-143,-164,-126,-123,-110,-120,-115,-123,-127,-122,-119,-130,-115,-118,-102,-121,-120
14.83733,-269,-263,-240,-210,-239,-190,-231,-224,-209,-193,-145,-157,-133,-121,-113,-115,-120,-130,-122,-118,-118,-143,-102,-111,-115,-126,-122
14.84800,-255,-257,-232,-228,-230,-203,-234,-219,-207,-194,-157,-159,-139,-111,-104,-134,-111,-124,-123,-122,-108,-138,-92,-121,-126,-120,-124
14.85867,-264,-250,-243,-242,-226,-201,-244,-220,-205,-186,-146,-182,-126,-109,-105,-126,-122,-121,-126,-121,-103,-132,-114,-123,-128,-133,-144
14.86933,-280,-257,-264,-246,-252,-216,-239,-227,-215,-190,-152,-157,-130,-106,-105,-120,-118,-124,-121,-111,-116,-116,-108,-127,-113,-141,-136
14.88000,-273,-245,-264,-238,-251,-212,-240,-233,-206,-197,-137,-165,-123,-120,-113,-117,-116,-115,-115,-116,-115,-113,-102,-122,-124,-144,-144
14.89067,-286,-230,-250,-223,-249,-203,-241,-217,-196,-202,-147,-157,-142,-124,-112,-129,-116,-137,-107,-104,-114,-126,-104,-124,-103,-150,-143
14.90133,-274,-222,-253,-231,-262,-210,-260,-222,-209,-195,-137,-149,-131,-125,-116,-118,-107,-121,-116,-114,-96,-119,-111,-128,-124,-137,-142
14.91200,-271,-219,-244,-247,-254,-226,-260,-230,-208,-193,-153,-160,-120,-131,-113,-125,-112,-108,-120,-120,-119,-116,-122,-139,-114,-129,-145
14.92267,-277,-235,-261,-245,-252,-222,-251,-242,-200,-193,-143,-161,-124,-138,-113,-126,-118,-113,-136,-120,-116,-122,-113,-124,-123,-120,-134
14.93333,-288,-246,-255,-246,-252,-216,-267,-232,-203,-187,-148,-163,-126,-136,-110,-128,-121,-121,-138,-118,-114,-113,-111,-121,-123,-123,-123
14.94400,-265,-239,-255,-247,-244,-233,-258,-232,-217,-185,-158,-166,-135,-128,-102,-127,-112,-129,-132,-126,-121,-124,-110,-120,-117,-136,-130
14.95467,-265,-248,-253,-249,-235,-221,-255,-231,-221,-180,-161,-159,-122,-114,-110,-124,-105,-122,-121,-132,-106,-119,-104,-120,-117,-139,-148
14.96533,-269,-233,-264,-246,-261,-227,-249,-222,-212,-192,-159,-161,-117,-121,-121,-127,-102,-119,-128,-125,-106,-133,-120,-119,-112,-140,-128
14.97600,-291,-244,-266,-242,-269,-225,-252,-226,-207,-187,-158,-158,-134,-122,-119,-130,-111,-124,-114,-126,-106,-129,-113,-115,-130,-130,-131
14.98667,-294,-262,-277,-246,-269,-229,-242,-237,-212,-198,-145,-160,-119,-118,-118,-125,-118,-106,-131,-129,-119,-138,-111,-129,-119,-120,-111
14.99733,-302,-248,-256,-228,-265,-219,-238,-217,-215,-199,-142,-166,-114,-111,-117,-137,-121,-121,-119,-129,-118,-131,-116,-136,-124,-133,-126
15.00800,-293,-253,-257,-234,-266,-216,-248,-223,-205,-198,-146,-161,-124,-113,-113,-133,-121,-128,-119,-111,-118,-139,-101,-131,-118,-140,-138
15.01867,-263,-258,-253,-235,-255,-221,-257,-228,-202,-206,-138,-169,-123,-119,-116,-138,-111,-126,-110,-102,-115,-134,-106,-131,-119,-131,-110
15.02933,-258,-259,-260,-248,-262,-226,-260,-228,-207,-209,-149,-165,-127,-118,-112,-135,-110,-127,-125,-119,-121,-137,-129,-124,-118,-125,-126
15.04000,-283,-266,-271,-252,-243,-212,-250,-225,-220,-199,-155,-171,-129,-111,-111,-122,-112,-134,-132,-122,-108,-133,-107,-111,-116,-141,-124
15.05067,-289,-243,-271,-242,-249,-214,-246,-214,-214,-204,-153,-155,-129,-120,-101,-127,-120,-123,-117,-117,-107,-133,-108,-128,-121,-125,-134
15.06133,-305,-237,-253,-237,-245,-215,-246,-218,-219,-185,-146,-156,-119,-119,-115,-121,-109,-119,-109,-126,-115,-131,-112,-139,-129,-129,-129
15.07200,-317,-247,-251,-246,-275,-231,-239,-225,-222,-191,-158,-151,-120,-122,-115,-116,-113,-113,-122,-114,-114,-136,-106,-140,-127,-131,-130
15.08267,-312,-260,-268,-241,-285,-223,-241,-233,-220,-199,-149,-151,-125,-120,-103,-115,-121,-117,-123,-117,-114,-112,-109,-131,-126,-132,-135
15.09333,-305,-278,-280,-250,-267,-233,-257,-233,-220,-200,-154,-152,-121,-116,-108,-111,-108,-136,-126,-126,-121,-118,-105,-116,-127,-131,-134
15.10400,-309,-282,-259,-251,-259,-232,-259,-233,-222,-196,-152,-152,-126,-126,-106,-112,-110,-132,-124,-116,-102,-134,-121,-138,-126,-131,-149
15.11467,-318,-273,-280,-244,-254,-232,-245,-238,-214,-196,-155,-161,-136,-115,-96,-109,-111,-122,-135,-101,-109,-128,-100,-130,-124,-134,-150
15.12533,-301,-275,-262,-243,-261,-233,-246,-233,-207,-200,-139,-170,-127,-111,-114,-109,-104,-106,-130,-122,-117,-108,-106,-134,-126,-144,-133
15.13600,-293,-262,-262,-245,-259,-231,-256,-235,-209,-195,-152,-174,-141,-100,-119,-111,-99,-127,-127,-112,-131,-116,-107,-121,-121,-135,-119
15.14667,-283,-259,-251,-235,-253,-248,-258,-243,-218,-198,-144,-159,-128,-109,-121,-116,-117,-114,-120,-118,-105,-113,-100,-107,-126,-132,-125
15.15733,-282,-248,-254,-238,-268,-236,-251,-234,-212,-199,-163,-147,-121,-121,-129,-116,-115,-118,-123,-103,-117,-109,-96,-101,-116,-117,-130
15.16800,-284,-262,-259,-267,-266,-222,-272,-236,-220,-211,-150,-158,-115,-127,-118,-118,-122,-122,-132,-122,-112,-121,-118,-104,-118,-121,-116
15.17867,-280,-253,-256,-252,-265,-230,-261,-238,-219,-197,-143,-161,-129,-109,-116,-128,-95,-126,-131,-136,-128,-112,-110,-103,-125,-139,-131
15.18933,-303,-266,-280,-250,-265,-232,-257,-240,-214,-199,-151,-162,-135,-114,-118,-127,-112,-124,-127,-115,-131,-115,-111,-106,-110,-136,-133
15.20000,-296,-269,-258,-254,-256,-237,-257,-241,-213,-201,-149,-166,-133,-127,-123,-126,-112,-122,-119,-110,-130,-113,-112,-123,-104,-121,-131
15.21067,-302,-259,-270,-237,-267,-233,-247,-230,-203,-201,-165,-178,-142,-118,-116,-132,-122,-121,-128,-131,-131,-114,-98,-128,-121,-145,-149
15.22133,-286,-283,-276,-232,-264,-231,-251,-237,-219,-197,-163,-165,-140,-116,-118,-138,-121,-118,-128,-128,-125,-126,-108,-134,-120,-137,-142
15.23200,-289,-256,-262,-226,-263,-234,-252,-244,-225,-201,-160,-171,-126,-121,-112,-123,-110,-130,-122,-126,-118,-108,-114,-142,-135,-133,-132
15.24267,-301,-283,-278,-244,-264,-242,-258,-236,-217,-201,-157,-166,-134,-122,-120,-128,-96,-131,-129,-117,-110,-111,-109,-135,-125,-152,-129
15.25333,-280,-278,-259,-252,-253,-246,-261,-229,-218,-195,-149,-160,-132,-125,-125,-127,-105,-121,-120,-127,-118,-117,-108,-141,-123,-143,-143
15.26400,-294,-258,-278,-264,-256,-225,-254,-241,-223,-183,-161,-163,-135,-118,-127,-115,-113,-128,-118,-137,-116,-114,-109,-125,-134,-136,-137
15.27467,-294,-253,-276,-250,-269,-211,-258,-247,-219,-178,-155,-167,-135,-115,-124,-122,-103,-107,-127,-130,-99,-126,-97,-127,-120,-127,-129
15.28533,-298,-269,-267,-250,-284,-229,-255,-234,-209,-188,-154,-165,-138,-109,-122,-123,-99,-130,-123,-117,-119,-124,-98,-128,-130,-136,-137
15.29600,-305,-276,-268,-256,-271,-220,-257,-239,-223,-195,-146,-179,-131,-125,-123,-126,-114,-130,-109,-112,-116,-127,-113,-127,-123,-131,-136
15.30667,-291,-282,-273,-261,-258,-231,-261,-242,-204,-197,-158,-157,-129,-118,-115,-119,-119,-115,-138,-105,-102,-137,-111,-126,-127,-131,-121
15.31733,-284,-281,-273,-262,-271,-240,-256,-236,-228,-197,-168,-166,-126,-107,-130,-117,-110,-129,-139,-113,-119,-128,-110,-129,-134,-143,-139
15.32800,-271,-265,-266,-247,-267,-240,-251,-243,-221,-207,-159,-178,-130,-106,-102,-121,-99,-129,-136,-115,-111,-126,-108,-123,-126,-133,-130
15.33867,-275,-268,-258,-262,-272,-244,-261,-254,-221,-196,-151,-174,-138,-112,-115,-126,-117,-134,-128,-124,-109,-134,-102,-116,-128,-119,-132
15.34933,-277,-243,-274,-256,-255,-234,-252,-246,-221,-204,-150,-175,-132,-108,-114,-128,-115,-127,-136,-112,-121,-124,-104,-131,-121,-143,-131
15.36000,-292,-266,-280,-275,-258,-248,-260,-236,-224,-208,-144,-167,-130,-107,-109,-149,-121,-129,-133,-113,-110,-128,-97,-123,-113,-140,-140
15.37067,-287,-263,-263,-267,-256,-237,-266,-238,-224,-202,-146,-168,-127,-119,-113,-144,-110,-122,-122,-115,-107,-108,-96,-129,-137,-131,-132
15.38133,-295,-266,-268,-267,-283,-235,-271,-237,-228,-197,-161,-168,-153,-127,-109,-130,-108,-119,-135,-130,-106,-106,-112,-129,-121,-139,-144
15.39200,-296,-265,-283,-262,-260,-238,-259,-245,-223,-184,-155,-172,-132,-128,-113,-126,-100,-124,-137,-119,-103,-134,-105,-132,-137,-136,-138
15.40267,-286,-255,-270,-264,-264,-233,-257,-227,-215,-203,-150,-167,-127,-120,-128,-133,-107,-113,-133,-105,-101,-139,-119,-133,-131,-151,-147
15.41333,-287,-254,-286,-247,-280,-239,-256,-234,-218,-205,-158,-162,-129,-120,-124,-133,-108,-130,-128,-107,-115,-128,-123,-134,-149,-149,-134
15.42400,-308,-264,-279,-252,-275,-223,-244,-231,-228,-204,-148,-172,-116,-120,-129,-126,-125,-129,-136,-111,-116,-141,-121,-135,-138,-143,-136
15.43467,-304,-273,-274,-272,-270,-243,-260,-250,-219,-209,-154,-158,-125,-115,-120,-130,-111,-120,-139,-114,-124,-129,-113,-136,-136,-134,-135
15.44533,-295,-266,-290,-258,-259,-247,-253,-248,-230,-211,-151,-173,-116,-125,-128,-129,-102,-122,-138,-120,-126,-125,-121,-140,-132,-136,-153
15.45600,-297,-254,-295,-250,-266,-223,-269,-240,-227,-196,-154,-164,-134,-112,-119,-116,-91,-106,-138,-123,-113,-129,-105,-143,-119,-140,-150
15.46667,-299,-261,-284,-245,-267,-227,-274,-229,-226,-207,-155,-172,-131,-126,-114,-117,-110,-115,-137,-134,-113,-123,-121,-128,-133,-141,-142
15.47733,-289,-258,-292,-258,-266,-239,-267,-247,-214,-200,-146,-165,-115,-115,-120,-128,-93,-107,-127,-134,-108,-137,-124,-131,-123,-166,-129
15.48800,-292,-267,-288,-273,-276,-229,-266,-247,-211,-200,-159,-165,-123,-119,-122,-129,-105,-110,-140,-117,-114,-129,-121,-125,-109,-153,-140
15.49867,-290,-260,-281,-263,-282,-231,-262,-235,-219,-197,-157,-168,-136,-126,-115,-126,-94,-123,-143,-131,-128,-130,-112,-128,-115,-150,-138
15.50933,-291,-270,-282,-239,-280,-237,-261,-256,-218,-201,-151,-171,-136,-120,-93,-127,-105,-127,-144,-120,-126,-126,-116,-129,-114,-141,-134
15.52000,-297,-249,-283,-250,-269,-245,-255,-246,-214,-195,-146,-173,-129,-110,-107,-133,-120,-108,-135,-127,-119,-119,-107,-134,-129,-142,-134
15.53067,-299,-257,-277,-252,-264,-239,-267,-249,-228,-187,-156,-160,-118,-120,-102,-133,-129,-105,-137,-116,-126,-112,-102,-132,-139,-141,-140
15.54133,-305,-265,-283,-238,-255,-235,-265,-245,-219,-188,-158,-164,-117,-121,-99,-129,-123,-109,-141,-121,-108,-130,-110,-130,-143,-141,-142
15.55200,-298,-270,-291,-240,-254,-241,-263,-246,-212,-203,-161,-157,-115,-117,-108,-129,-116,-122,-129,-127,-114,-129,-104,-128,-134,-156,-138
15.56267,-293,-274,-288,-275,-260,-236,-255,-251,-223,-196,-157,-148,-124,-107,-106,-131,-111,-128,-126,-122,-123,-125,-125,-124,-139,-149,-142
15.57333,-292,-272,-288,-276,-260,-243,-250,-248,-229,-196,-157,-157,-116,-113,-101,-132,-105,-131,-123,-121,-120,-118,-97,-130,-131,-141,-143
15.58400,-311,-273,-278,-262,-271,-241,-259,-239,-225,-194,-151,-161,-117,-121,-105,-125,-107,-128,-124,-124,-116,-130,-104,-119,-124,-135,-139
15.59467,-304,-297,-272,-263,-266,-250,-259,-237,-228,-189,-151,-161,-118,-121,-110,-115,-99,-114,-132,-122,-117,-126,-103,-117,-123,-150,-138
15.60533,-287,-279,-282,-269,-274,-250,-251,-245,-223,-194,-150,-164,-113,-110,-113,-114,-106,-113,-123,-118,-113,-129,-103,-121,-116,-157,-137
15.61600,-294,-292,-280,-253,-267,-237,-253,-247,-217,-187,-166,-142,-125,-109,-114,-129,-120,-122,-128,-125,-124,-122,-109,-136,-126,-144,-134
15.62667,-280,-279,-286,-265,-285,-250,-263,-254,-218,-202,-166,-168,-117,-114,-119,-129,-102,-132,-139,-121,-126,-118,-111,-128,-119,-144,-136
15.63733,-263,-277,-287,-253,-280,-251,-264,-248,-226,-194,-165,-167,-110,-115,-111,-116,-93,-134,-125,-133,-115,-125,-113,-129,-104,-144,-133
15.64800,-299,-277,-282,-264,-276,-246,-269,-250,-220,-196,-149,-157,-110,-107,-108,-126,-91,-124,-128,-127,-125,-108,-105,-123,-110,-149,-140
15.65867,-304,-268,-290,-257,-285,-239,-267,-246,-217,-198,-159,-162,-120,-100,-111,-116,-106,-126,-120,-112,-119,-122,-116,-132,-114,-149,-144
15.66933,-268,-285,-291,-262,-280,-232,-270,-261,-211,-195,-149,-158,-122,-119,-91,-117,-110,-116,-128,-113,-98,-128,-125,-120,-107,-135,-146
15.68000,-273,-281,-279,-271,-283,-238,-268,-243,-220,-199,-158,-156,-120,-116,-92,-112,-107,-127,-127,-109,-105,-139,-117,-108,-108,-140,-147
15.69067,-314,-283,-292,-265,-288,-243,-259,-238,-229,-198,-152,-157,-124,-112,-91,-124,-120,-113,-136,-102,-128,-128,-114,-125,-118,-136,-142
15.70133,-297,-253,-281,-263,-278,-243,-271,-245,-225,-200,-140,-148,-120,-106,-107,-115,-115,-122,-133,-102,-114,-132,-124,-127,-126,-144,-159
15.71200,-290,-263,-299,-262,-277,-234,-268,-236,-213,-197,-135,-154,-133,-103,-101,-121,-117,-125,-127,-119,-112,-119,-128,-115,-122,-141,-153
15.72267,-279,-268,-285,-270,-276,-238,-261,-238,-214,-198,-153,-145,-135,-106,-87,-129,-113,-120,-122,-124,-121,-133,-123,-110,-132,-148,-159
15.73333,-302,-277,-291,-264,-265,-234,-268,-242,-222,-203,-143,-166,-118,-124,-101,-137,-110,-125,-118,-98,-97,-121,-129,-104,-119,-131,-142
15.74400,-305,-285,-283,-266,-272,-233,-264,-248,-216,-193,-153,-162,-120,-114,-111,-125,-106,-130,-113,-114,-99,-118,-123,-113,-120,-131,-140
15.75467,-279,-270,-286,-262,-275,-238,-268,-237,-209,-207,-159,-154,-118,-118,-102,-121,-108,-129,-106,-128,-99,-123,-112,-116,-117,-125,-129
15.76533,-290,-267,-295,-260,-295,-249,-262,-235,-225,-202,-155,-168,-111,-115,-110,-141,-118,-129,-124,-120,-110,-115,-96,-116,-121,-122,-133
15.77600,-307,-273,-301,-253,-277,-253,-258,-241,-226,-199,-155,-165,-125,-110,-106,-132,-122,-130,-121,-120,-109,-106,-99,-119,-96,-131,-132
15.78667,-298,-266,-287,-253,-277,-242,-262,-241,-212,-203,-146,-152,-127,-119,-92,-126,-121,-122,-123,-103,-111,-113,-102,-139,-109,-115,-125
15.79733,-324,-266,-291,-273,-268,-234,-259,-241,-216,-216,-147,-152,-130,-111,-83,-134,-117,-110,-120,-112,-103,-136,-104,-116,-114,-133,-142
15.80800,-338,-242,-291,-276,-248,-249,-272,-246,-227,-203,-152,-149,-130,-112,-101,-121,-116,-112,-113,-106,-102,-127,-107,-128,-116,-127,-148
15.81867,-292,-235,-282,-262,-269,-254,-275,-258,-218,-204,-151,-165,-125,-106,-117,-110,-96,-130,-137,-119,-126,-104,-99,-125,-116,-132,-149
15.82933,-303,-264,-273,-267,-278,-250,-272,-252,-218,-203,-154,-159,-127,-107,-105,-108,-95,-120,-128,-114,-110,-108,-99,-145,-127,-132,-148
15.84000,-297,-269,-292,-266,-286,-252,-282,-247,-225,-217,-147,-159,-128,-106,-109,-117,-87,-113,-148,-119,-106,-121,-124,-134,-124,-128,-147
15.85067,-303,-278,-291,-264,-277,-240,-268,-241,-221,-217,-138,-165,-116,-113,-104,-112,-109,-126,-138,-118,-100,-119,-115,-122,-136,-140,-143
15.86133,-291,-266,-300,-276,-278,-241,-256,-249,-229,-211,-152,-172,-102,-111,-101,-104,-106,-125,-123,-126,-103,-111,-123,-118,-131,-146,-130
15.87200,-300,-250,-294,-276,-271,-249,-253,-254,-228,-205,-157,-167,-116,-118,-108,-108,-109,-116,-125,-122,-107,-115,-120,-116,-132,-137,-141
15.88267,-292,-275,-282,-284,-272,-260,-267,-250,-226,-205,-160,-155,-130,-122,-93,-109,-101,-113,-120,-135,-99,-115,-109,-119,-142,-127,-130
15.89333,-295,-257,-297,-268,-277,-252,-276,-246,-228,-206,-161,-148,-125,-118,-110,-116,-101,-113,-122,-123,-106,-115,-108,-121,-121,-139,-117
15.90400,-300,-265,-292,-263,-271,-251,-280,-241,-237,-216,-166,-157,-116,-103,-109,-113,-120,-102,-118,-122,-110,-117,-90,-128,-118,-133,-122
15.91467,-294,-270,-287,-277,-269,-258,-273,-246,-240,-209,-164,-159,-124,-115,-114,-117,-106,-99,-113,-115,-114,-131,-100,-126,-123,-131,-122
15.92533,-280,-282,-280,-290,-280,-245,-277,-242,-232,-198,-167,-160,-120,-123,-106,-111,-103,-111,-124,-121,-123,-135,-81,-108,-113,-138,-130
15.93600,-272,-278,-288,-272,-287,-247,-287,-258,-222,-205,-152,-153,-121,-108,-106,-120,-111,-119,-120,-110,-114,-122,-88,-120,-107,-155,-139
15.94667,-296,-278,-307,-282,-274,-265,-272,-258,-220,-214,-160,-135,-120,-112,-113,-104,-101,-115,-124,-102,-122,-126,-100,-140,-116,-154,-153
15.95733,-323,-274,-305,-277,-292,-254,-267,-245,-227,-214,-162,-155,-117,-112,-115,-111,-115,-127,-111,-115,-127,-117,-110,-140,-118,-143,-128
15.96800,-329,-283,-312,-260,-297,-253,-279,-245,-233,-203,-172,-162,-117,-108,-113,-114,-108,-132,-120,-105,-102,-109,-114,-124,-121,-127,-119
15.97867,-306,-282,-302,-264,-292,-252,-289,-253,-237,-195,-167,-164,-128,-129,-109,-105,-112,-128,-122,-110,-111,-127,-101,-127,-127,-158,-134
15.98933,-316,-298,-307,-278,-296,-246,-287,-245,-231,-205,-162,-157,-121,-118,-114,-108,-118,-123,-136,-115,-105,-131,-93,-135,-126,-139,-129
16.00000,-319,-286,-302,-271,-302,-246,-271,-250,-234,-217,-161,-163,-120,-107,-109,-107,-110,-134,-135,-110,-96,-120,-96,-136,-127,-134,-119
16.01067,-307,-279,-309,-266,-275,-248,-275,-252,-224,-202,-153,-163,-116,-116,-106,-112,-107,-123,-133,-116,-116,-131,-102,-128,-120,-125,-132
16.02133,-321,-300,-311,-278,-279,-245,-269,-257,-229,-195,-147,-157,-117,-122,-101,-107,-101,-133,-113,-121,-118,-117,-96,-120,-125,-123,-122
16.03200,-330,-291,-297,-276,-277,-267,-260,-264,-231,-197,-152,-150,-131,-125,-113,-103,-104,-131,-110,-115,-111,-122,-94,-134,-116,-134,-146
16.04267,-318,-295,-289,-267,-274,-259,-254,-251,-234,-210,-151,-156,-118,-115,-109,-107,-102,-127,-105,-103,-101,-123,-106,-126,-111,-139,-145
16.05333,-280,-288,-290,-268,-269,-248,-262,-257,-232,-203,-154,-158,-111,-120,-113,-115,-108,-126,-122,-100,-112,-136,-114,-121,-114,-147,-137
16.06400,-295,-281,-301,-290,-270,-248,-262,-250,-236,-212,-141,-158,-118,-121,-109,-131,-113,-120,-116,-97,-111,-122,-102,-125,-117,-136,-139
16.07467,-278,-275,-306,-282,-273,-251,-271,-247,-232,-201,-145,-158,-110,-113,-110,-128,-123,-127,-121,-98,-116,-124,-105,-124,-118,-157,-142
16.08533,-298,-271,-314,-265,-287,-241,-269,-250,-221,-214,-157,-165,-114,-113,-104,-117,-102,-123,-116,-91,-132,-133,-116,-126,-132,-138,-148
16.09600,-305,-277,-284,-268,-283,-244,-270,-245,-226,-206,-163,-160,-123,-115,-117,-112,-90,-116,-119,-122,-141,-122,-97,-131,-128,-148,-147
16.10667,-315,-261,-306,-271,-301,-243,-283,-254,-240,-207,-155,-163,-127,-115,-110,-109,-96,-113,-119,-112,-124,-121,-108,-138,-107,-136,-150
16.11733,-298,-270,-302,-274,-286,-249,-272,-241,-247,-209,-158,-165,-126,-117,-112,-118,-103,-129,-131,-111,-113,-127,-113,-143,-120,-144,-140
16.12800,-264,-257,-291,-256,-284,-247,-269,-248,-233,-210,-163,-169,-129,-119,-98,-113,-106,-135,-121,-114,-109,-144,-117,-139,-123,-134,-140
16.13867,-265,-261,-290,-262,-282,-254,-273,-252,-224,-209,-163,-159,-118,-123,-102,-111,-103,-118,-118,-93,-110,-136,-122,-134,-128,-129,-130
16.14933,-305,-278,-293,-276,-281,-258,-285,-245,-227,-200,-170,-159,-116,-129,-106,-130,-109,-133,-116,-106,-126,-135,-103,-128,-116,-141,-142
16.16000,-299,-274,-300,-266,-295,-243,-280,-239,-216,-205,-169,-165,-124,-116,-117,-116,-112,-117,-120,-129,-116,-113,-109,-134,-112,-146,-138
16.17067,-328,-274,-307,-262,-286,-245,-286,-249,-225,-202,-164,-163,-118,-115,-114,-118,-117,-127,-112,-112,-116,-117,-107,-125,-139,-135,-137
16.18133,-305,-261,-291,-247,-278,-247,-291,-236,-219,-206,-157,-172,-124,-116,-112,-131,-121,-126,-127,-125,-106,-117,-114,-139,-133,-131,-140
16.19200,-300,-288,-291,-254,-289,-258,-289,-246,-222,-212,-158,-168,-130,-121,-109,-124,-123,-110,-138,-131,-121,-135,-117,-131,-135,-137,-143
16.20267,-296,-291,-287,-254,-284,-247,-295,-255,-226,-216,-154,-177,-132,-123,-117,-129,-114,-108,-139,-129,-116,-148,-108,-129,-122,-143,-145
16.21333,-313,-269,-299,-268,-286,-246,-286,-258,-230,-218,-154,-175,-115,-110,-99,-112,-113,-122,-146,-133,-114,-142,-88,-131,-125,-145,-150
16.22400,-308,-274,-287,-261,-287,-244,-269,-261,-238,-217,-154,-170,-123,-111,-117,-119,-107,-134,-131,-122,-109,-132,-93,-128,-128,-135,-145
16.23467,-309,-279,-300,-270,-294,-236,-282,-262,-235,-212,-160,-168,-116,-120,-105,-116,-107,-133,-121,-127,-122,-129,-100,-132,-133,-144,-133
16.24533,-288,-288,-299,-280,-293,-259,-289,-270,-228,-212,-161,-154,-118,-117,-113,-104,-118,-128,-121,-120,-110,-112,-106,-131,-135,-125,-122
16.25600,-312,-281,-316,-285,-298,-264,-288,-267,-243,-208,-170,-157,-126,-116,-96,-121,-110,-131,-128,-107,-119,-122,-102,-129,-122,-125,-121
16.26667,-327,-276,-285,-283,-299,-249,-278,-259,-240,-219,-166,-168,-124,-109,-106,-113,-107,-122,-124,-117,-102,-111,-116,-135,-120,-143,-144
16.27733,-331,-271,-290,-292,-287,-249,-267,-251,-234,-215,-161,-175,-127,-122,-123,-124,-102,-113,-130,-123,-97,-123,-108,-135,-123,-135,-145
16.28800,-327,-294,-278,-279,-286,-243,-266,-264,-229,-212,-158,-156,-119,-110,-101,-128,-102,-117,-131,-118,-90,-125,-97,-122,-129,-136,-151
16.29867,-329,-279,-295,-280,-302,-252,-274,-256,-239,-204,-154,-164,-125,-126,-98,-114,-110,-110,-124,-113,-105,-133,-90,-127,-129,-134,-130
16.30933,-328,-264,-304,-287,-282,-255,-283,-254,-237,-206,-152,-157,-131,-123,-95,-114,-102,-123,-119,-122,-108,-116,-106,-141,-120,-128,-133
16.32000,-322,-278,-295,-288,-289,-252,-274,-259,-227,-218,-157,-178,-127,-113,-106,-120,-100,-120,-136,-125,-103,-128,-119,-157,-133,-137,-141
16.33067,-318,-307,-294,-276,-294,-266,-269,-253,-236,-228,-161,-176,-120,-118,-110,-112,-102,-119,-128,-125,-108,-124,-115,-142,-128,-153,-138
16.34133,-314,-327,-300,-294,-283,-256,-287,-261,-240,-222,-160,-171,-121,-116,-114,-128,-112,-118,-130,-120,-117,-114,-109,-138,-129,-155,-142
16.35200,-320,-302,-314,-296,-282,-264,-287,-266,-233,-201,-163,-169,-135,-121,-114,-131,-112,-125,-134,-131,-120,-135,-98,-115,-130,-137,-160
16.36267,-299,-292,-316,-290,-273,-268,-284,-257,-242,-205,-164,-159,-128,-131,-123,-138,-110,-119,-127,-123,-109,-123,-106,-136,-112,-137,-146
16.37333,-292,-302,-309,-286,-288,-267,-291,-254,-244,-209,-158,-160,-136,-118,-110,-121,-94,-113,-123,-117,-101,-124,-105,-131,-120,-127,-148
16.38400,-305,-296,-311,-288,-292,-275,-269,-256,-236,-208,-165,-159,-137,-123,-113,-108,-105,-126,-136,-136,-112,-133,-99,-124,-119,-125,-141
16.39467,-291,-281,-303,-281,-287,-280,-277,-256,-231,-210,-165,-155,-130,-122,-112,-100,-110,-115,-133,-129,-125,-118,-112,-134,-129,-127,-135
16.40533,-290,-286,-322,-295,-293,-278,-281,-267,-240,-213,-163,-157,-129,-108,-106,-106,-100,-111,-130,-121,-120,-114,-113,-127,-127,-128,-139
16.41600,-291,-283,-327,-288,-310,-266,-281,-256,-237,-205,-158,-172,-128,-105,-90,-122,-96,-119,-128,-118,-107,-123,-106,-141,-142,-143,-143
16.42667,-316,-296,-312,-284,-301,-273,-275,-259,-238,-211,-154,-160,-128,-112,-94,-112,-109,-127,-119,-138,-105,-132,-104,-157,-138,-122,-145
16.43733,-332,-292,-315,-282,-288,-271,-280,-264,-238,-211,-151,-159,-117,-101,-89,-123,-91,-122,-144,-118,-113,-132,-102,-139,-131,-126,-143
16.44800,-329,-306,-316,-303,-303,-274,-295,-255,-241,-226,-159,-159,-116,-117,-95,-110,-93,-118,-132,-123,-119,-128,-124,-138,-122,-116,-152
16.45867,-320,-299,-320,-289,-290,-277,-283,-270,-243,-211,-169,-169,-116,-112,-97,-118,-95,-114,-118,-106,-109,-121,-105,-124,-128,-136,-147
16.46933,-325,-316,-313,-298,-292,-265,-290,-274,-239,-221,-175,-166,-119,-119,-101,-107,-81,-110,-122,-101,-103,-129,-106,-142,-126,-143,-152
16.48000,-338,-305,-332,-288,-298,-270,-297,-287,-248,-220,-160,-170,-115,-117,-102,-113,-88,-118,-118,-112,-121,-148,-103,-152,-134,-134,-157
16.49067,-315,-294,-327,-284,-303,-267,-286,-267,-246,-211,-151,-166,-123,-115,-110,-115,-100,-112,-123,-106,-105,-134,-116,-137,-139,-153,-145
16.50133,-326,-319,-327,-284,-308,-271,-294,-265,-243,-222,-158,-160,-115,-111,-110,-110,-103,-115,-116,-111,-106,-109,-134,-128,-134,-157,-158
16.51200,-351,-329,-322,-295,-310,-267,-295,-259,-243,-232,-157,-156,-118,-117,-108,-119,-98,-109,-117,-124,-124,-131,-115,-118,-122,-141,-141
16.52267,-315,-294,-308,-296,-301,-264,-286,-261,-238,-212,-163,-165,-116,-127,-110,-115,-114,-115,-118,-114,-112,-122,-120,-131,-117,-139,-149
16.53333,-325,-284,-313,-303,-309,-270,-288,-264,-231,-207,-162,-164,-120,-121,-98,-117,-112,-118,-118,-100,-117,-118,-123,-138,-126,-120,-146
16.54400,-317,-274,-317,-309,-301,-271,-282,-258,-247,-202,-174,-163,-117,-115,-91,-111,-102,-117,-129,-97,-99,-112,-126,-124,-124,-137,-133
16.55467,-318,-302,-307,-294,-288,-279,-293,-256,-259,-197,-173,-155,-123,-106,-104,-114,-94,-121,-118,-114,-96,-115,-108,-137,-131,-135,-144
16.56533,-333,-297,-327,-287,-305,-269,-303,-266,-245,-215,-166,-161,-117,-112,-97,-107,-113,-112,-135,-131,-111,-135,-110,-129,-131,-152,-151
16.57600,-312,-292,-327,-296,-316,-268,-293,-276,-246,-209,-154,-159,-128,-120,-105,-127,-99,-115,-126,-126,-117,-124,-130,-138,-127,-153,-150
16.58667,-337,-282,-308,-300,-315,-274,-294,-283,-249,-212,-152,-161,-135,-123,-102,-118,-104,-121,-118,-128,-107,-126,-121,-136,-121,-163,-155
16.59733,-358,-301,-327,-305,-318,-270,-307,-279,-251,-212,-155,-153,-127,-114,-99,-109,-100,-111,-129,-132,-121,-118,-121,-139,-133,-152,-162
16.60800,-357,-318,-312,-308,-307,-278,-297,-265,-245,-211,-162,-166,-110,-113,-92,-127,-97,-114,-137,-120,-118,-115,-120,-148,-134,-148,-156
16.61867,-351,-318,-310,-299,-317,-271,-298,-269,-250,-218,-169,-155,-111,-113,-88,-129,-96,-107,-119,-119,-120,-152,-95,-158,-145,-139,-152
16.62933,-329,-325,-324,-312,-313,-284,-294,-276,-246,-223,-168,-154,-104,-110,-99,-123,-108,-112,-121,-128,-106,-143,-97,-142,-148,-145,-137
16.64000,-336,-316,-330,-301,-314,-272,-309,-272,-250,-210,-152,-153,-111,-111,-109,-115,-84,-105,-125,-124,-95,-135,-105,-140,-132,-132,-135
16.65067,-335,-324,-321,-308,-315,-286,-300,-282,-248,-210,-154,-153,-117,-114,-100,-97,-79,-108,-117,-125,-100,-132,-119,-133,-125,-147,-141
16.66133,-337,-317,-326,-321,-330,-287,-295,-283,-244,-211,-161,-157,-114,-93,-99,-116,-89,-101,-123,-125,-97,-122,-128,-123,-119,-149,-154
16.67200,-353,-329,-331,-318,-325,-284,-300,-275,-239,-216,-168,-145,-114,-116,-97,-107,-95,-112,-109,-120,-119,-131,-112,-131,-120,-141,-151
16.68267,-316,-302,-325,-309,-315,-286,-294,-260,-251,-223,-165,-152,-119,-111,-100,-107,-105,-111,-127,-108,-120,-137,-104,-136,-122,-132,-137
16.69333,-340,-300,-325,-311,-311,-276,-296,-257,-252,-217,-162,-164,-117,-99,-95,-108,-106,-104,-125,-110,-116,-144,-133,-142,-132,-149,-151
16.70400,-362,-303,-324,-311,-303,-295,-292,-263,-257,-224,-153,-164,-109,-112,-99,-123,-98,-103,-116,-117,-122,-135,-115,-137,-139,-147,-136
16.71467,-342,-309,-337,-300,-312,-291,-293,-276,-248,-220,-152,-161,-115,-125,-102,-111,-100,-117,-117,-120,-107,-119,-120,-136,-130,-147,-142
16.72533,-321,-317,-353,-315,-313,-278,-303,-260,-246,-216,-151,-157,-125,-121,-109,-110,-106,-117,-124,-133,-119,-132,-120,-142,-139,-142,-134
16.73600,-334,-332,-339,-313,-328,-281,-302,-265,-245,-220,-163,-160,-124,-124,-103,-103,-90,-116,-131,-106,-99,-133,-133,-145,-141,-140,-155
16.74667,-340,-316,-321,-307,-329,-278,-313,-265,-252,-214,-159,-167,-130,-115,-110,-121,-116,-119,-117,-131,-108,-131,-107,-133,-136,-136,-151
16.75733,-340,-320,-312,-306,-315,-293,-299,-278,-252,-222,-161,-164,-129,-122,-105,-115,-116,-110,-124,-132,-112,-140,-100,-141,-139,-151,-159
16.76800,-346,-293,-312,-313,-327,-300,-285,-278,-252,-212,-163,-166,-117,-120,-104,-105,-105,-126,-116,-127,-114,-149,-116,-133,-123,-143,-159
16.77867,-352,-327,-316,-319,-327,-281,-295,-273,-252,-207,-168,-164,-123,-111,-101,-100,-108,-113,-108,-122,-102,-136,-122,-135,-134,-154,-152
16.78933,-332,-301,-331,-309,-316,-287,-297,-282,-243,-215,-168,-157,-134,-112,-100,-119,-121,-126,-112,-124,-126,-138,-136,-123,-118,-143,-147
16.80000,-346,-305,-322,-304,-316,-282,-288,-274,-243,-223,-166,-157,-135,-111,-97,-119,-98,-126,-110,-116,-117,-143,-115,-124,-132,-146,-141
16.81067,-359,-313,-321,-320,-327,-286,-288,-281,-237,-203,-163,-163,-131,-104,-93,-125,-105,-118,-134,-107,-120,-135,-107,-141,-140,-128,-156
16.82133,-331,-296,-320,-319,-317,-278,-286,-284,-251,-212,-169,-177,-127,-108,-92,-133,-107,-114,-129,-107,-109,-137,-111,-153,-131,-147,-143
16.83200,-347,-311,-317,-307,-319,-275,-292,-276,-253,-198,-166,-171,-130,-119,-95,-124,-99,-130,-125,-103,-102,-134,-120,-160,-142,-145,-152
16.84267,-355,-316,-315,-303,-311,-281,-290,-269,-256,-215,-174,-168,-121,-112,-95,-112,-104,-118,-132,-113,-106,-132,-130,-150,-127,-139,-156
16.85333,-364,-334,-320,-311,-315,-275,-300,-261,-250,-214,-170,-171,-118,-124,-87,-98,-98,-131,-122,-120,-110,-132,-115,-139,-126,-151,-144
16.86400,-359,-326,-326,-312,-317,-281,-295,-271,-239,-221,-158,-172,-133,-117,-101,-115,-121,-125,-117,-118,-114,-119,-137,-132,-122,-133,-143
16.87467,-338,-329,-328,-308,-319,-273,-294,-269,-245,-223,-164,-161,-137,-124,-104,-111,-110,-132,-120,-109,-98,-129,-140,-137,-131,-155,-140
16.88533,-352,-299,-321,-308,-331,-274,-302,-280,-241,-222,-163,-161,-117,-117,-101,-115,-113,-117,-147,-103,-115,-124,-134,-126,-133,-144,-139
16.89600,-358,-322,-329,-313,-339,-288,-306,-275,-242,-205,-159,-164,-113,-109,-106,-102,-98,-102,-137,-97,-110,-116,-108,-128,-135,-149,-130
16.90667,-356,-328,-344,-322,-322,-275,-311,-274,-243,-214,-167,-177,-127,-110,-105,-108,-101,-105,-137,-107,-107,-121,-114,-141,-133,-139,-144
16.91733,-327,-326,-329,-309,-314,-294,-316,-272,-246,-211,-156,-171,-123,-119,-109,-107,-92,-117,-125,-115,-115,-124,-126,-148,-115,-156,-139
16.92800,-339,-327,-319,-311,-323,-295,-319,-281,-242,-216,-164,-168,-119,-115,-101,-129,-98,-126,-133,-113,-118,-119,-131,-143,-121,-164,-147
16.93867,-361,-311,-322,-303,-325,-292,-318,-277,-249,-213,-168,-161,-119,-112,-111,-109,-107,-129,-126,-120,-107,-132,-125,-139,-132,-153,-149
16.94933,-336,-332,-319,-301,-328,-295,-319,-271,-255,-218,-165,-172,-119,-106,-94,-117,-107,-103,-114,-113,-118,-133,-130,-162,-135,-139,-148
16.96000,-361,-318,-320,-301,-313,-281,-307,-274,-244,-221,-160,-171,-128,-102,-92,-127,-103,-124,-129,-111,-122,-126,-108,-140,-135,-143,-148
16.97067,-351,-314,-324,-299,-337,-287,-308,-266,-249,-221,-168,-163,-121,-106,-98,-122,-112,-109,-129,-121,-111,-133,-101,-147,-141,-149,-136
16.98133,-341,-306,-331,-296,-325,-287,-307,-276,-253,-215,-171,-162,-118,-115,-101,-110,-98,-120,-135,-119,-113,-121,-116,-133,-151,-145,-140
16.99200,-360,-305,-331,-299,-323,-273,-315,-283,-248,-220,-167,-171,-125,-115,-112,-122,-105,-131,-124,-127,-114,-135,-111,-137,-130,-151,-135
17.00267,-374,-306,-347,-315,-311,-282,-310,-279,-245,-214,-165,-166,-112,-108,-105,-118,-107,-120,-124,-112,-116,-140,-124,-136,-123,-149,-145
17.01333,-342,-314,-341,-316,-325,-279,-303,-286,-238,-219,-180,-158,-122,-119,-97,-110,-102,-105,-127,-135,-118,-144,-115,-148,-125,-153,-152
17.02400,-351,-326,-322,-304,-315,-284,-302,-281,-231,-218,-174,-149,-135,-121,-97,-113,-101,-110,-113,-127,-130,-141,-107,-143,-136,-143,-150
17.03467,-372,-309,-330,-311,-322,-289,-311,-280,-247,-213,-175,-166,-132,-109,-102,-111,-99,-112,-112,-111,-131,-138,-105,-140,-133,-130,-152
17.04533,-349,-328,-348,-318,-323,-274,-302,-276,-251,-214,-180,-170,-136,-122,-107,-110,-118,-113,-130,-110,-127,-140,-142,-132,-152,-155,-136
17.05600,-348,-333,-362,-324,-324,-283,-312,-291,-260,-216,-168,-166,-112,-110,-104,-109,-114,-106,-138,-115,-129,-136,-129,-121,-139,-149,-142
17.06667,-364,-330,-338,-315,-344,-285,-317,-287,-246,-214,-168,-165,-116,-113,-113,-113,-103,-114,-126,-122,-121,-153,-132,-121,-128,-152,-147
17.07733,-353,-348,-337,-326,-332,-289,-317,-284,-242,-212,-170,-176,-120,-111,-105,-119,-101,-111,-135,-134,-120,-128,-111,-131,-128,-170,-155
17.08800,-358,-330,-334,-316,-334,-293,-301,-279,-249,-216,-173,-180,-130,-118,-104,-111,-110,-119,-117,-116,-125,-134,-116,-145,-118,-158,-160
17.09867,-370,-317,-340,-324,-317,-307,-299,-282,-240,-230,-161,-176,-136,-128,-109,-136,-106,-130,-119,-106,-128,-124,-105,-151,-138,-149,-145
17.10933,-349,-324,-337,-322,-312,-298,-303,-279,-247,-226,-159,-168,-134,-118,-101,-136,-96,-130,-134,-106,-114,-138,-111,-150,-128,-130,-159
17.12000,-353,-332,-331,-305,-305,-277,-302,-283,-252,-226,-163,-165,-128,-124,-104,-121,-97,-126,-126,-125,-128,-141,-116,-144,-136,-150,-151
17.13067,-365,-333,-336,-307,-329,-291,-306,-291,-240,-224,-163,-179,-130,-117,-109,-121,-103,-122,-133,-121,-123,-147,-107,-143,-137,-142,-158
17.14133,-356,-328,-333,-322,-334,-288,-317,-289,-247,-224,-172,-169,-131,-131,-104,-119,-119,-120,-116,-121,-110,-126,-104,-149,-137,-150,-152
17.15200,-346,-326,-327,-314,-325,-302,-319,-288,-244,-221,-161,-163,-127,-111,-120,-119,-111,-123,-128,-125,-110,-124,-105,-141,-140,-154,-137
17.16267,-330,-361,-339,-314,-332,-314,-315,-287,-251,-228,-165,-175,-131,-99,-114,-108,-111,-120,-126,-105,-113,-132,-105,-148,-119,-141,-146
17.17333,-346,-321,-337,-324,-332,-306,-318,-282,-258,-228,-170,-181,-121,-119,-113,-106,-114,-121,-121,-110,-120,-147,-111,-160,-132,-148,-157
17.18400,-358,-321,-334,-313,-331,-306,-310,-278,-262,-236,-162,-186,-123,-117,-108,-115,-121,-130,-121,-116,-131,-144,-122,-152,-141,-146,-163
17.19467,-342,-316,-333,-313,-326,-286,-306,-275,-247,-231,-168,-182,-123,-127,-113,-121,-107,-121,-115,-121,-123,-138,-124,-141,-132,-156,-167
17.20533,-343,-318,-343,-336,-331,-295,-314,-287,-256,-223,-177,-175,-124,-114,-109,-123,-100,-131,-122,-132,-109,-121,-132,-132,-140,-163,-165
17.21600,-357,-315,-364,-331,-324,-283,-319,-283,-254,-218,-172,-173,-126,-119,-117,-133,-99,-134,-113,-117,-125,-138,-118,-136,-142,-158,-153
17.22667,-357,-324,-367,-338,-331,-300,-324,-282,-253,-223,-169,-171,-136,-126,-111,-115,-95,-137,-112,-113,-115,-123,-125,-149,-135,-158,-141
17.23733,-367,-338,-348,-343,-335,-293,-323,-290,-246,-229,-164,-162,-130,-116,-108,-106,-103,-119,-127,-114,-116,-122,-145,-145,-134,-155,-169
17.24800,-381,-345,-351,-342,-336,-288,-314,-288,-258,-231,-163,-170,-125,-107,-100,-119,-107,-132,-118,-121,-120,-127,-147,-158,-147,-176,-153
17.25867,-369,-339,-351,-329,-338,-300,-319,-286,-260,-220,-165,-165,-110,-127,-100,-121,-109,-131,-107,-141,-122,-139,-127,-145,-155,-166,-173
17.26933,-378,-330,-345,-332,-343,-304,-310,-285,-253,-220,-168,-156,-112,-116,-108,-113,-108,-125,-110,-148,-112,-124,-136,-139,-142,-162,-162
17.28000,-382,-324,-340,-331,-351,-289,-311,-293,-245,-220,-162,-162,-123,-114,-107,-110,-104,-131,-114,-141,-121,-142,-131,-138,-136,-159,-155
17.29067,-359,-322,-336,-326,-336,-282,-309,-285,-251,-220,-163,-172,-119,-119,-101,-111,-101,-117,-132,-123,-112,-135,-117,-147,-134,-179,-138
17.30133,-368,-332,-335,-327,-312,-286,-320,-275,-253,-227,-163,-158,-121,-127,-96,-128,-108,-113,-135,-123,-110,-131,-113,-143,-133,-167,-144
17.31200,-362,-382,-336,-317,-324,-279,-321,-275,-269,-228,-169,-156,-130,-129,-103,-124,-107,-127,-155,-133,-120,-144,-115,-149,-137,-158,-138
17.32267,-352,-333,-341,-322,-343,-292,-315,-277,-268,-224,-166,-169,-123,-111,-115,-125,-115,-132,-146,-128,-126,-154,-104,-150,-133,-141,-149
17.33333,-343,-318,-346,-340,-331,-297,-319,-282,-277,-224,-173,-170,-128,-109,-107,-129,-117,-126,-145,-120,-111,-141,-130,-153,-135,-145,-144
17.34400,-362,-344,-362,-320,-334,-296,-319,-278,-277,-224,-166,-186,-128,-102,-103,-117,-112,-127,-141,-127,-115,-130,-121,-142,-131,-148,-156
17.35467,-362,-311,-358,-311,-334,-298,-313,-283,-259,-234,-177,-176,-131,-117,-108,-107,-103,-119,-147,-130,-116,-126,-115,-138,-129,-152,-135
17.36533,-361,-330,-348,-311,-339,-301,-305,-283,-261,-237,-176,-171,-137,-100,-113,-111,-109,-125,-136,-138,-108,-138,-112,-137,-138,-153,-142
17.37600,-365,-346,-366,-321,-340,-308,-305,-282,-270,-226,-174,-170,-128,-113,-112,-99,-122,-121,-125,-140,-103,-131,-117,-145,-140,-153,-158
17.38667,-358,-306,-362,-302,-326,-292,-309,-284,-270,-214,-169,-172,-133,-118,-115,-92,-113,-104,-135,-122,-99,-131,-121,-151,-123,-150,-151
17.39733,-359,-320,-347,-319,-343,-295,-318,-278,-253,-220,-174,-175,-130,-118,-100,-118,-117,-119,-126,-114,-114,-135,-108,-140,-137,-148,-155
17.40800,-339,-318,-340,-317,-339,-311,-320,-283,-269,-216,-184,-185,-122,-114,-106,-119,-115,-113,-135,-100,-124,-137,-109,-142,-144,-158,-146
17.41867,-367,-338,-346,-336,-340,-292,-322,-287,-274,-214,-185,-170,-134,-114,-92,-128,-106,-108,-128,-124,-117,-124,-118,-133,-132,-151,-150
17.42933,-354,-327,-342,-338,-337,-302,-316,-279,-267,-220,-176,-172,-130,-115,-96,-127,-110,-110,-123,-105,-109,-124,-119,-154,-137,-156,-153
17.44000,-384,-318,-355,-340,-337,-303,-310,-284,-265,-229,-180,-174,-125,-100,-106,-132,-107,-127,-126,-100,-110,-127,-126,-151,-132,-152,-161
17.45067,-384,-327,-346,-354,-331,-307,-317,-290,-255,-226,-169,-178,-115,-108,-116,-107,-113,-117,-134,-111,-115,-128,-134,-125,-141,-143,-154
17.46133,-382,-343,-350,-330,-329,-305,-312,-296,-265,-225,-177,-185,-125,-100,-109,-107,-107,-122,-136,-128,-119,-120,-102,-133,-150,-156,-154
17.47200,-376,-351,-356,-333,-345,-309,-314,-291,-255,-226,-164,-185,-128,-96,-103,-109,-105,-127,-128,-115,-112,-133,-115,-135,-126,-148,-158
17.48267,-362,-346,-356,-323,-333,-308,-321,-282,-265,-224,-168,-175,-115,-113,-110,-115,-107,-129,-120,-117,-120,-136,-122,-148,-137,-160,-159
17.49333,-367,-349,-354,-319,-341,-303,-318,-287,-258,-216,-180,-165,-114,-115,-96,-113,-111,-122,-125,-128,-106,-148,-125,-126,-132,-167,-159
17.50400,-386,-349,-355,-315,-338,-303,-314,-293,-256,-219,-177,-173,-127,-98,-102,-114,-118,-123,-125,-131,-119,-135,-142,-129,-163,-167,-150
17.51467,-380,-357,-349,-321,-336,-295,-318,-287,-259,-231,-169,-170,-122,-98,-114,-120,-111,-124,-114,-133,-122,-142,-121,-135,-167,-171,-151
17.52533,-374,-351,-352,-321,-337,-298,-318,-274,-259,-242,-175,-162,-125,-106,-113,-123,-107,-122,-131,-121,-111,-137,-104,-133,-156,-160,-150
17.53600,-362,-343,-351,-318,-347,-311,-317,-276,-262,-224,-169,-164,-114,-104,-105,-131,-113,-111,-115,-122,-117,-122,-103,-134,-138,-148,-147
17.54667,-365,-352,-351,-319,-333,-305,-318,-283,-260,-231,-171,-155,-112,-111,-113,-121,-99,-119,-128,-129,-116,-128,-115,-149,-155,-147,-145
17.55733,-368,-349,-370,-317,-321,-308,-315,-292,-262,-214,-161,-160,-115,-116,-100,-121,-98,-107,-124,-113,-126,-125,-110,-139,-140,-154,-158
17.56800,-375,-355,-358,-323,-342,-309,-323,-279,-258,-229,-166,-156,-124,-119,-104,-110,-95,-107,-134,-115,-121,-131,-125,-141,-137,-167,-159
17.57867,-353,-344,-353,-326,-348,-303,-305,-289,-257,-216,-164,-156,-113,-113,-99,-101,-104,-124,-137,-137,-114,-128,-119,-140,-145,-174,-149
17.58933,-380,-340,-363,-330,-351,-299,-313,-282,-252,-215,-160,-160,-110,-115,-95,-109,-83,-119,-136,-127,-108,-111,-131,-134,-145,-161,-157
17.60000,-371,-335,-345,-331,-340,-284,-334,-284,-244,-226,-159,-154,-112,-116,-93,-110,-102,-123,-127,-111,-112,-127,-123,-135,-136,-173,-156
17.61067,-386,-332,-356,-336,-340,-297,-314,-286,-251,-213,-162,-159,-114,-113,-100,-104,-115,-116,-130,-122,-113,-136,-116,-132,-135,-150,-154
17.62133,-396,-330,-351,-329,-335,-290,-305,-273,-258,-216,-160,-156,-116,-115,-99,-108,-87,-128,-128,-117,-123,-142,-101,-146,-132,-154,-157
17.63200,-375,-343,-359,-341,-337,-306,-311,-278,-249,-216,-149,-154,-120,-102,-101,-109,-101,-124,-116,-102,-133,-136,-111,-136,-140,-153,-154
17.64267,-370,-330,-355,-342,-320,-295,-312,-280,-259,-236,-152,-164,-128,-100,-109,-115,-104,-114,-115,-129,-131,-115,-108,-126,-139,-151,-146
17.65333,-368,-344,-332,-334,-330,-298,-323,-293,-245,-227,-154,-157,-110,-99,-92,-110,-100,-125,-115,-131,-119,-117,-121,-132,-149,-164,-146
17.66400,-371,-332,-341,-319,-334,-301,-318,-273,-250,-226,-163,-158,-107,-99,-79,-99,-92,-126,-120,-118,-123,-131,-122,-133,-135,-170,-148
17.67467,-372,-340,-349,-323,-324,-295,-309,-281,-254,-226,-165,-157,-110,-108,-88,-98,-88,-116,-128,-117,-131,-139,-120,-122,-128,-164,-159
17.68533,-373,-348,-361,-328,-324,-302,-308,-281,-242,-223,-170,-160,-121,-120,-76,-102,-88,-120,-127,-130,-134,-123,-120,-133,-132,-150,-152
17.69600,-365,-335,-356,-312,-335,-305,-307,-278,-253,-225,-167,-160,-109,-118,-85,-113,-95,-129,-118,-124,-129,-132,-116,-136,-148,-134,-158
17.70667,-370,-319,-347,-319,-336,-304,-320,-287,-247,-220,-142,-160,-105,-117,-94,-100,-88,-110,-115,-113,-108,-137,-121,-139,-138,-145,-156
17.71733,-370,-313,-348,-320,-332,-286,-316,-281,-244,-214,-144,-159,-123,-117,-95,-97,-63,-111,-110,-115,-114,-124,-117,-132,-144,-137,-155
17.72800,-381,-340,-345,-323,-343,-294,-321,-279,-249,-208,-150,-159,-117,-102,-86,-88,-69,-108,-111,-106,-124,-129,-136,-130,-142,-154,-141
17.73867,-362,-343,-359,-334,-349,-285,-318,-282,-249,-222,-157,-158,-123,-89,-92,-109,-89,-112,-113,-121,-113,-130,-126,-124,-135,-146,-149
17.74933,-367,-329,-355,-326,-336,-297,-299,-279,-246,-210,-151,-157,-114,-98,-95,-121,-94,-105,-121,-135,-115,-125,-112,-147,-133,-153,-154
17.76000,-354,-324,-356,-335,-329,-279,-320,-279,-253,-219,-161,-165,-114,-92,-89,-110,-103,-110,-122,-129,-108,-136,-117,-134,-159,-172,-158
17.77067,-382,-344,-361,-339,-337,-284,-315,-260,-246,-223,-152,-157,-113,-92,-81,-106,-104,-108,-129,-124,-120,-112,-118,-145,-150,-158,-151
17.78133,-374,-338,-342,-330,-345,-278,-305,-268,-240,-217,-152,-155,-114,-95,-80,-94,-95,-105,-110,-116,-103,-111,-115,-147,-136,-143,-150
17.79200,-366,-343,-332,-331,-342,-282,-311,-259,-249,-220,-156,-154,-111,-92,-80,-104,-104,-101,-117,-121,-106,-112,-118,-140,-126,-156,-145
17.80267,-374,-349,-329,-330,-338,-284,-309,-261,-244,-212,-165,-156,-118,-86,-78,-98,-100,-95,-119,-110,-113,-125,-111,-133,-134,-148,-147
17.81333,-365,-346,-352,-326,-351,-290,-323,-263,-247,-222,-167,-158,-116,-87,-78,-103,-84,-102,-115,-104,-106,-126,-128,-136,-129,-130,-151
17.82400,-358,-348,-338,-322,-335,-290,-314,-275,-242,-217,-148,-153,-114,-88,-86,-100,-100,-113,-109,-106,-102,-120,-122,-150,-133,-133,-141
17.83467,-367,-355,-356,-332,-345,-291,-303,-281,-250,-219,-144,-150,-94,-108,-89,-86,-86,-108,-108,-127,-101,-100,-121,-127,-144,-154,-140
17.84533,-363,-335,-341,-311,-342,-291,-309,-280,-256,-221,-153,-153,-107,-98,-92,-105,-84,-103,-114,-136,-102,-132,-112,-120,-129,-162,-151
17.85600,-373,-352,-341,-322,-331,-304,-312,-275,-254,-229,-154,-149,-107,-108,-82,-103,-103,-112,-118,-109,-108,-121,-111,-130,-116,-171,-144
17.86667,-363,-350,-355,-328,-333,-289,-329,-271,-259,-228,-156,-161,-98,-93,-86,-110,-90,-120,-110,-105,-124,-129,-99,-136,-131,-162,-163
17.87733,-370,-366,-353,-326,-338,-286,-322,-279,-255,-216,-153,-161,-113,-91,-88,-115,-103,-103,-114,-113,-118,-133,-104,-128,-130,-162,-154
17.88800,-353,-351,-335,-313,-333,-286,-310,-279,-256,-225,-146,-166,-114,-92,-90,-112,-97,-103,-120,-105,-105,-137,-114,-140,-131,-144,-139
17.89867,-351,-359,-334,-318,-343,-290,-320,-278,-244,-210,-156,-157,-109,-103,-88,-109,-105,-115,-120,-108,-117,-144,-110,-143,-120,-151,-135
17.90933,-361,-335,-340,-332,-339,-300,-322,-273,-250,-212,-163,-163,-114,-117,-94,-108,-109,-123,-110,-117,-106,-127,-114,-148,-116,-136,-151
17.92000,-352,-330,-359,-333,-328,-291,-323,-286,-260,-220,-163,-165,-119,-95,-105,-111,-97,-129,-113,-113,-116,-130,-126,-147,-118,-146,-155
17.93067,-352,-327,-358,-320,-331,-298,-322,-283,-259,-222,-164,-164,-120,-99,-108,-108,-114,-120,-117,-109,-124,-130,-112,-163,-136,-154,-154
17.94133,-361,-334,-350,-311,-332,-297,-326,-281,-266,-221,-163,-158,-116,-106,-98,-107,-105,-113,-115,-99,-123,-131,-127,-161,-143,-144,-150
17.95200,-376,-346,-357,-317,-347,-297,-308,-272,-255,-220,-174,-164,-123,-110,-105,-114,-102,-121,-126,-115,-119,-121,-121,-167,-137,-154,-153
17.96267,-351,-323,-346,-316,-347,-301,-311,-274,-262,-222,-168,-171,-126,-128,-92,-101,-108,-126,-120,-111,-108,-123,-113,-139,-145,-155,-161
17.97333,-345,-336,-347,-319,-339,-300,-320,-293,-262,-217,-173,-181,-115,-114,-87,-111,-99,-120,-116,-107,-105,-122,-104,-147,-129,-155,-161
17.98400,-331,-349,-340,-324,-340,-295,-310,-291,-253,-227,-169,-180,-125,-118,-94,-110,-100,-117,-126,-122,-116,-134,-123,-149,-128,-151,-157
17.99467,-362,-352,-336,-332,-335,-291,-318,-294,-244,-222,-168,-190,-112,-107,-93,-110,-110,-103,-128,-109,-113,-131,-123,-150,-131,-149,-172
18.00533,-384,-355,-343,-330,-330,-308,-313,-278,-258,-219,-174,-172,-125,-102,-94,-106,-112,-102,-123,-118,-108,-136,-125,-133,-122,-148,-164
18.01600,-365,-344,-346,-316,-339,-312,-316,-296,-255,-221,-176,-170,-120,-116,-89,-113,-103,-117,-111,-124,-119,-138,-123,-142,-128,-151,-159
18.02667,-373,-349,-353,-332,-334,-312,-334,-285,-263,-228,-175,-165,-121,-112,-93,-127,-100,-121,-114,-118,-110,-140,-132,-151,-133,-169,-166
18.03733,-369,-366,-359,-353,-339,-326,-345,-299,-261,-217,-175,-164,-124,-113,-88,-124,-111,-115,-130,-120,-118,-141,-123,-159,-147,-156,-161
18.04800,-380,-356,-375,-350,-334,-315,-331,-292,-260,-223,-188,-173,-126,-101,-87,-120,-104,-128,-120,-109,-108,-137,-133,-148,-161,-154,-171
18.05867,-384,-362,-357,-331,-333,-314,-339,-283,-264,-226,-190,-175,-123,-113,-97,-122,-100,-116,-124,-105,-104,-130,-131,-137,-150,-151,-168
18.06933,-380,-343,-355,-348,-356,-327,-335,-290,-258,-218,-174,-175,-132,-103,-113,-120,-99,-120,-131,-123,-120,-132,-130,-151,-152,-157,-151
18.08000,-356,-330,-340,-323,-354,-315,-344,-301,-265,-214,-172,-180,-127,-101,-111,-119,-116,-117,-119,-125,-114,-135,-135,-137,-139,-154,-160
18.09067,-351,-348,-354,-329,-346,-308,-330,-308,-256,-219,-180,-165,-134,-107,-104,-109,-113,-112,-120,-125,-123,-136,-125,-143,-143,-143,-145
18.10133,-357,-352,-358,-336,-334,-302,-336,-302,-264,-228,-182,-173,-137,-126,-108,-124,-119,-106,-129,-119,-133,-131,-117,-152,-142,-148,-159
18.11200,-366,-359,-364,-334,-344,-306,-318,-287,-267,-230,-181,-174,-128,-103,-109,-114,-115,-93,-131,-117,-115,-139,-107,-121,-132,-150,-164
18.12267,-359,-355,-350,-327,-347,-298,-320,-294,-266,-223,-184,-186,-120,-112,-106,-121,-125,-103,-127,-114,-130,-137,-117,-132,-139,-160,-150
18.13333,-359,-340,-361,-325,-343,-296,-319,-287,-255,-229,-171,-179,-130,-115,-114,-117,-111,-113,-130,-132,-117,-144,-106,-143,-138,-169,-156
18.14400,-381,-343,-368,-330,-342,-302,-329,-283,-255,-237,-175,-181,-137,-129,-115,-125,-113,-129,-132,-127,-124,-144,-118,-153,-137,-170,-155
18.15467,-383,-353,-355,-337,-339,-306,-332,-281,-245,-238,-178,-179,-124,-127,-113,-121,-116,-126,-127,-115,-106,-146,-123,-146,-127,-158,-156
18.16533,-356,-341,-362,-332,-336,-308,-317,-289,-251,-231,-177,-183,-131,-126,-115,-121,-128,-125,-126,-118,-112,-131,-117,-138,-131,-157,-153
18.17600,-332,-352,-348,-328,-328,-293,-318,-300,-259,-229,-171,-179,-130,-128,-115,-113,-128,-125,-120,-132,-122,-133,-121,-148,-129,-154,-140
18.18667,-365,-340,-352,-315,-338,-290,-326,-286,-264,-237,-175,-178,-132,-120,-110,-128,-119,-119,-126,-125,-124,-139,-129,-126,-139,-150,-149
18.19733,-356,-338,-346,-333,-315,-304,-325,-283,-268,-226,-170,-172,-129,-127,-112,-123,-118,-138,-114,-130,-121,-133,-125,-135,-141,-156,-137
18.20800,-358,-335,-346,-322,-339,-301,-322,-284,-256,-236,-181,-168,-138,-131,-123,-106,-121,-136,-116,-126,-130,-130,-112,-140,-141,-158,-153
18.21867,-354,-339,-355,-331,-344,-307,-318,-300,-263,-234,-175,-165,-142,-123,-124,-126,-114,-128,-133,-129,-133,-131,-132,-134,-140,-156,-167
18.22933,-368,-365,-349,-340,-341,-304,-324,-301,-272,-226,-187,-176,-133,-117,-98,-112,-115,-132,-134,-127,-118,-132,-124,-145,-140,-162,-161
18.24000,-385,-378,-363,-332,-330,-309,-330,-304,-262,-231,-180,-178,-120,-121,-105,-123,-122,-121,-129,-127,-118,-137,-123,-140,-133,-163,-170
18.25067,-376,-360,-393,-325,-328,-306,-340,-302,-263,-233,-183,-178,-118,-115,-106,-121,-112,-112,-134,-133,-117,-133,-123,-154,-134,-161,-164
18.26133,-388,-335,-367,-341,-350,-318,-341,-299,-265,-234,-168,-177,-129,-104,-108,-125,-106,-114,-129,-137,-110,-136,-120,-139,-141,-156,-160
18.27200,-392,-326,-360,-343,-357,-315,-335,-290,-263,-249,-172,-175,-134,-112,-104,-119,-112,-146,-135,-140,-125,-149,-115,-143,-126,-147,-167
18.28267,-382,-349,-361,-340,-378,-310,-326,-300,-259,-245,-181,-168,-122,-120,-103,-111,-114,-130,-132,-125,-128,-133,-123,-129,-135,-156,-155
18.29333,-368,-357,-364,-353,-355,-311,-332,-297,-260,-233,-175,-165,-115,-102,-99,-120,-106,-122,-127,-121,-115,-125,-118,-142,-133,-157,-168
18.30400,-389,-339,-351,-344,-353,-298,-326,-299,-266,-225,-181,-161,-131,-101,-110,-119,-117,-126,-123,-110,-111,-138,-119,-168,-137,-147,-157
18.31467,-402,-332,-355,-337,-356,-315,-333,-290,-266,-227,-177,-164,-137,-125,-108,-120,-121,-131,-125,-110,-117,-132,-126,-159,-125,-151,-166
18.32533,-398,-358,-363,-332,-362,-315,-328,-294,-266,-250,-171,-169,-133,-120,-108,-127,-113,-124,-131,-112,-111,-151,-115,-144,-148,-143,-159
18.33600,-389,-355,-362,-338,-351,-309,-334,-300,-272,-239,-170,-163,-123,-125,-110,-129,-109,-121,-128,-103,-117,-143,-132,-148,-147,-163,-145
18.34667,-368,-350,-371,-341,-350,-320,-333,-305,-260,-241,-177,-174,-116,-120,-106,-123,-116,-125,-132,-120,-135,-143,-130,-147,-147,-139,-156
18.35733,-374,-347,-375,-343,-350,-303,-339,-306,-264,-238,-191,-161,-135,-119,-115,-125,-108,-125,-140,-134,-119,-150,-144,-147,-145,-150,-162
18.36800,-387,-343,-374,-352,-345,-311,-331,-304,-271,-231,-192,-167,-135,-105,-103,-129,-120,-127,-144,-123,-126,-151,-127,-138,-147,-157,-158
18.37867,-396,-361,-397,-352,-347,-308,-326,-295,-272,-254,-206,-171,-134,-125,-115,-130,-132,-123,-137,-124,-122,-147,-124,-152,-126,-161,-148
18.38933,-396,-348,-360,-339,-352,-306,-318,-294,-259,-242,-183,-181,-137,-130,-96,-117,-124,-125,-140,-126,-130,-156,-128,-155,-139,-171,-163
18.40000,-385,-363,-378,-329,-350,-309,-323,-303,-256,-234,-183,-180,-131,-111,-116,-128,-121,-137,-135,-113,-129,-136,-125,-145,-141,-162,-160
18.41067,-380,-348,-373,-331,-349,-317,-324,-301,-267,-221,-197,-170,-128,-111,-111,-118,-112,-134,-128,-107,-131,-139,-134,-138,-143,-163,-154
18.42133,-381,-335,-369,-326,-351,-311,-333,-308,-270,-229,-179,-171,-148,-110,-104,-121,-120,-126,-113,-122,-111,-141,-127,-140,-133,-152,-146
18.43200,-375,-358,-362,-347,-353,-324,-344,-326,-270,-238,-171,-181,-136,-113,-114,-116,-123,-134,-127,-124,-129,-141,-117,-142,-142,-156,-154
18.44267,-372,-354,-353,-351,-359,-319,-339,-308,-279,-240,-170,-187,-129,-134,-116,-121,-133,-138,-128,-120,-126,-142,-116,-137,-141,-153,-174
18.45333,-368,-350,-373,-341,-351,-317,-339,-299,-267,-235,-175,-181,-139,-126,-118,-110,-116,-134,-133,-114,-113,-148,-122,-153,-148,-158,-176
18.46400,-372,-348,-356,-335,-340,-306,-345,-290,-269,-231,-187,-186,-133,-124,-121,-113,-117,-119,-139,-124,-105,-135,-133,-159,-155,-161,-154
18.47467,-367,-338,-349,-341,-357,-312,-329,-296,-264,-235,-191,-182,-150,-123,-121,-131,-113,-124,-144,-118,-120,-144,-132,-158,-145,-162,-168
18.48533,-345,-333,-351,-326,-336,-309,-323,-295,-270,-230,-177,-180,-138,-125,-114,-125,-115,-126,-143,-126,-111,-151,-132,-145,-168,-156,-159
18.49600,-368,-344,-350,-317,-346,-313,-340,-304,-269,-237,-175,-176,-144,-123,-114,-118,-129,-127,-128,-133,-110,-150,-136,-155,-147,-163,-168
18.50667,-380,-343,-343,-318,-333,-303,-331,-299,-268,-238,-181,-191,-152,-120,-112,-132,-109,-143,-143,-129,-121,-153,-128,-155,-147,-159,-167
18.51733,-381,-343,-350,-321,-345,-313,-329,-301,-266,-234,-182,-182,-154,-126,-106,-115,-109,-125,-117,-119,-113,-164,-123,-146,-152,-155,-161
18.52800,-378,-324,-357,-337,-346,-298,-326,-291,-268,-237,-181,-182,-147,-117,-110,-137,-98,-124,-111,-137,-122,-137,-124,-139,-145,-157,-159
18.53867,-360,-332,-358,-329,-349,-303,-325,-294,-270,-248,-185,-181,-139,-118,-108,-127,-119,-124,-132,-128,-120,-139,-128,-163,-155,-151,-154
18.54933,-388,-328,-375,-327,-345,-312,-329,-303,-276,-244,-181,-173,-141,-126,-113,-122,-127,-132,-152,-141,-107,-143,-116,-152,-138,-158,-153
18.56000,-392,-350,-373,-332,-338,-311,-334,-299,-262,-238,-189,-178,-140,-116,-106,-110,-116,-138,-137,-126,-128,-143,-116,-173,-120,-151,-176
18.57067,-384,-352,-369,-323,-335,-300,-336,-294,-251,-234,-189,-183,-136,-114,-113,-114,-122,-140,-143,-112,-110,-149,-122,-153,-136,-168,-172
18.58133,-369,-372,-355,-338,-345,-300,-331,-306,-254,-238,-188,-182,-133,-118,-122,-121,-119,-145,-135,-115,-114,-150,-133,-151,-145,-153,-153
18.59200,-388,-373,-355,-329,-342,-302,-318,-297,-269,-226,-187,-176,-143,-124,-126,-116,-134,-140,-133,-107,-125,-142,-127,-152,-151,-164,-171
18.60267,-386,-364,-373,-324,-346,-300,-317,-291,-265,-239,-187,-179,-138,-137,-121,-115,-122,-140,-150,-119,-124,-142,-139,-148,-135,-155,-161
18.61333,-403,-353,-368,-333,-340,-301,-324,-289,-268,-237,-184,-173,-135,-136,-113,-121,-108,-140,-149,-131,-123,-145,-121,-143,-128,-152,-158
18.62400,-380,-358,-369,-342,-337,-296,-329,-290,-279,-234,-181,-183,-139,-140,-118,-112,-114,-141,-143,-132,-108,-146,-132,-150,-138,-154,-156
18.63467,-373,-351,-367,-346,-342,-314,-341,-300,-274,-232,-180,-177,-130,-120,-114,-125,-120,-141,-141,-129,-108,-156,-125,-155,-145,-164,-156
18.64533,-379,-353,-371,-333,-345,-302,-344,-299,-286,-229,-182,-187,-131,-123,-112,-123,-113,-142,-127,-117,-119,-155,-125,-142,-153,-151,-164
18.65600,-368,-379,-354,-352,-337,-320,-326,-286,-262,-242,-178,-183,-138,-111,-105,-135,-122,-134,-147,-116,-123,-156,-140,-142,-140,-156,-160
18.66667,-356,-351,-362,-326,-344,-311,-320,-283,-264,-236,-182,-172,-142,-113,-113,-125,-111,-131,-125,-135,-121,-154,-138,-145,-144,-150,-158
18.67733,-374,-339,-358,-322,-336,-316,-324,-288,-269,-235,-183,-179,-139,-113,-126,-109,-122,-123,-123,-133,-132,-136,-148,-159,-144,-156,-160
18.68800,-368,-337,-349,-342,-337,-309,-312,-294,-267,-242,-180,-180,-142,-116,-116,-120,-112,-131,-132,-122,-139,-123,-141,-142,-144,-166,-160
18.69867,-379,-347,-347,-336,-351,-305,-325,-292,-275,-241,-176,-184,-133,-123,-115,-126,-112,-125,-133,-130,-131,-124,-132,-143,-154,-165,-158
18.70933,-355,-326,-346,-336,-346,-317,-332,-299,-280,-232,-196,-174,-139,-125,-115,-125,-114,-125,-132,-130,-134,-137,-133,-151,-143,-171,-167
18.72000,-372,-334,-348,-329,-342,-304,-340,-291,-271,-242,-193,-182,-133,-124,-127,-123,-107,-142,-131,-121,-139,-150,-141,-145,-139,-162,-167
18.73067,-372,-322,-356,-323,-340,-307,-326,-299,-276,-244,-181,-183,-133,-123,-123,-130,-107,-137,-140,-127,-123,-155,-125,-146,-137,-162,-179
18.74133,-370,-318,-363,-339,-353,-314,-332,-306,-262,-236,-183,-193,-139,-125,-128,-129,-116,-131,-127,-122,-116,-141,-124,-131,-149,-155,-173
18.75200,-380,-326,-360,-340,-361,-305,-323,-307,-262,-244,-191,-187,-139,-132,-115,-136,-125,-133,-123,-120,-122,-141,-129,-127,-160,-163,-177
18.76267,-370,-344,-353,-342,-347,-304,-312,-301,-254,-242,-185,-190,-142,-134,-116,-122,-119,-144,-135,-131,-128,-145,-143,-152,-161,-160,-177
18.77333,-359,-350,-373,-336,-347,-302,-328,-302,-270,-244,-192,-179,-134,-137,-118,-115,-126,-139,-135,-126,-141,-144,-135,-153,-166,-160,-169
18.78400,-366,-340,-353,-332,-334,-299,-332,-289,-259,-241,-189,-180,-146,-131,-119,-135,-121,-128,-145,-138,-139,-145,-122,-145,-162,-157,-174
18.79467,-355,-343,-341,-340,-341,-306,-332,-294,-267,-246,-186,-186,-135,-143,-120,-133,-114,-134,-144,-148,-147,-151,-129,-135,-154,-157,-168
18.80533,-343,-328,-334,-340,-343,-296,-335,-288,-274,-239,-184,-186,-141,-135,-126,-122,-127,-133,-139,-132,-132,-147,-117,-146,-130,-136,-167
18.81600,-344,-336,-331,-348,-343,-292,-337,-296,-277,-243,-187,-196,-140,-137,-137,-126,-116,-129,-141,-123,-145,-142,-119,-144,-132,-155,-159
18.82667,-368,-333,-322,-340,-323,-301,-317,-302,-269,-237,-174,-177,-135,-137,-125,-137,-113,-133,-151,-125,-136,-141,-120,-132,-140,-168,-161
18.83733,-349,-319,-349,-332,-336,-298,-321,-293,-269,-247,-175,-184,-136,-138,-118,-130,-119,-122,-142,-133,-126,-128,-122,-136,-157,-159,-168
18.84800,-385,-341,-351,-316,-338,-311,-324,-284,-270,-242,-191,-185,-134,-131,-119,-128,-127,-134,-132,-122,-132,-145,-110,-153,-148,-159,-158
18.85867,-373,-338,-322,-315,-332,-313,-329,-287,-275,-245,-183,-180,-144,-122,-106,-142,-122,-127,-135,-134,-130,-133,-133,-140,-143,-164,-160
18.86933,-361,-330,-334,-314,-342,-306,-327,-298,-273,-244,-169,-181,-130,-119,-110,-133,-128,-129,-143,-128,-143,-135,-132,-137,-140,-157,-158
18.88000,-348,-314,-347,-302,-339,-317,-326,-303,-270,-240,-188,-191,-146,-117,-133,-125,-119,-135,-151,-112,-137,-155,-119,-147,-152,-150,-168
18.89067,-391,-314,-377,-322,-346,-299,-346,-308,-273,-241,-194,-186,-144,-129,-126,-133,-131,-140,-137,-133,-113,-149,-136,-147,-140,-159,-166
18.90133,-375,-325,-381,-344,-358,-302,-340,-294,-268,-222,-187,-190,-139,-136,-130,-136,-130,-135,-145,-122,-126,-142,-131,-151,-139,-153,-164
18.91200,-348,-330,-364,-336,-354,-293,-320,-287,-279,-233,-191,-185,-146,-132,-126,-153,-115,-139,-156,-127,-123,-141,-153,-151,-145,-159,-158
18.92267,-367,-346,-361,-329,-357,-291,-331,-289,-280,-239,-195,-191,-152,-133,-113,-144,-105,-142,-137,-133,-132,-130,-139,-149,-146,-172,-152
18.93333,-368,-338,-349,-338,-346,-302,-335,-301,-269,-232,-195,-188,-151,-143,-117,-139,-111,-116,-137,-140,-135,-133,-138,-140,-132,-173,-148
18.94400,-368,-312,-358,-322,-335,-307,-327,-289,-279,-234,-207,-190,-147,-129,-108,-120,-119,-130,-137,-155,-149,-129,-146,-144,-135,-169,-164
18.95467,-378,-350,-342,-346,-345,-313,-332,-298,-268,-244,-192,-183,-141,-136,-119,-128,-124,-133,-145,-137,-131,-144,-141,-139,-146,-178,-162
18.96533,-364,-338,-351,-339,-350,-313,-338,-288,-283,-244,-189,-186,-138,-140,-125,-124,-123,-133,-148,-125,-129,-135,-140,-137,-138,-171,-160
18.97600,-367,-336,-344,-348,-332,-309,-337,-291,-278,-246,-187,-183,-133,-135,-127,-113,-135,-131,-130,-128,-131,-152,-131,-149,-132,-163,-149
18.98667,-371,-340,-356,-351,-355,-319,-339,-293,-280,-250,-185,-193,-146,-121,-126,-119,-138,-137,-142,-137,-124,-158,-130,-153,-139,-161,-164
18.99733,-365,-342,-348,-335,-348,-300,-328,-302,-295,-247,-198,-178,-131,-119,-124,-137,-128,-125,-150,-139,-131,-156,-125,-145,-161,-162,-169
19.00800,-362,-327,-350,-324,-358,-313,-338,-301,-272,-241,-190,-179,-144,-122,-124,-127,-126,-135,-137,-130,-131,-159,-122,-145,-147,-169,-170
19.01867,-357,-350,-362,-326,-359,-312,-329,-290,-264,-239,-185,-172,-141,-125,-125,-126,-119,-116,-130,-129,-122,-161,-123,-160,-149,-153,-172
19.02933,-357,-350,-343,-322,-341,-305,-339,-290,-261,-237,-179,-193,-143,-133,-122,-134,-131,-120,-136,-141,-134,-145,-120,-152,-153,-152,-151
19.04000,-359,-337,-358,-321,-343,-318,-335,-291,-255,-258,-175,-193,-148,-128,-116,-137,-129,-135,-123,-141,-128,-147,-125,-155,-147,-170,-159
19.05067,-355,-351,-339,-326,-331,-304,-337,-296,-269,-246,-186,-191,-140,-135,-120,-144,-126,-130,-128,-139,-124,-147,-131,-141,-137,-174,-168
19.06133,-345,-340,-340,-330,-345,-309,-336,-312,-270,-245,-182,-194,-129,-143,-125,-138,-131,-134,-143,-141,-123,-159,-131,-142,-121,-166,-177
19.07200,-362,-317,-349,-328,-342,-302,-332,-313,-270,-249,-199,-183,-136,-136,-135,-118,-130,-127,-135,-134,-116,-150,-131,-143,-129,-167,-166
19.08267,-345,-326,-356,-320,-352,-297,-331,-306,-268,-258,-205,-188,-132,-146,-135,-138,-123,-148,-146,-124,-113,-149,-133,-143,-140,-167,-151
19.09333,-366,-337,-334,-316,-334,-320,-314,-298,-267,-250,-197,-184,-142,-139,-126,-147,-117,-137,-138,-135,-134,-166,-123,-148,-129,-155,-154
19.10400,-362,-336,-327,-312,-328,-306,-316,-287,-276,-241,-199,-192,-145,-134,-126,-150,-119,-142,-138,-126,-128,-151,-130,-152,-143,-158,-151
19.11467,-339,-322,-338,-326,-335,-292,-311,-283,-273,-236,-185,-190,-156,-142,-141,-140,-113,-144,-139,-121,-134,-158,-124,-160,-142,-162,-160
19.12533,-325,-310,-350,-319,-331,-299,-314,-287,-274,-246,-190,-182,-158,-140,-145,-140,-133,-139,-147,-119,-125,-165,-121,-153,-154,-164,-158
19.13600,-340,-309,-335,-323,-327,-297,-314,-281,-268,-232,-185,-187,-154,-143,-140,-138,-142,-136,-161,-139,-112,-152,-125,-152,-141,-156,-166
19.14667,-349,-324,-332,-326,-325,-293,-328,-294,-279,-244,-186,-197,-153,-131,-143,-130,-132,-152,-145,-139,-114,-148,-122,-161,-136,-161,-165
19.15733,-334,-332,-341,-332,-307,-297,-320,-292,-269,-236,-194,-204,-146,-141,-135,-151,-118,-160,-144,-128,-110,-147,-141,-160,-142,-158,-149
19.16800,-346,-342,-347,-338,-308,-294,-315,-291,-267,-239,-192,-195,-140,-140,-140,-154,-109,-146,-149,-128,-131,-151,-128,-162,-138,-161,-154
19.17867,-352,-345,-355,-311,-332,-304,-314,-293,-265,-241,-184,-196,-151,-143,-115,-142,-125,-127,-136,-129,-132,-157,-141,-155,-156,-158,-154
19.18933,-364,-351,-325,-323,-328,-305,-320,-283,-261,-238,-179,-199,-147,-137,-118,-138,-130,-133,-143,-137,-127,-143,-140,-151,-152,-165,-151
19.20000,-355,-323,-327,-323,-333,-303,-309,-284,-273,-253,-181,-186,-156,-135,-120,-138,-125,-127,-149,-139,-124,-128,-136,-148,-145,-163,-159
19.21067,-347,-350,-337,-322,-338,-292,-320,-296,-274,-240,-185,-188,-141,-142,-134,-147,-123,-134,-132,-139,-141,-141,-140,-141,-142,-163,-152
19.22133,-363,-331,-342,-328,-319,-298,-329,-297,-277,-246,-190,-190,-137,-151,-132,-139,-124,-143,-156,-135,-138,-151,-135,-151,-141,-159,-151
19.23200,-342,-323,-350,-333,-326,-298,-325,-294,-269,-243,-177,-191,-145,-143,-122,-143,-117,-133,-160,-142,-148,-162,-134,-167,-140,-164,-166
19.24267,-368,-340,-343,-323,-342,-295,-323,-300,-270,-253,-180,-188,-154,-146,-135,-128,-127,-137,-151,-142,-132,-146,-140,-154,-142,-155,-158
19.25333,-361,-319,-346,-310,-324,-296,-319,-295,-273,-248,-191,-196,-152,-146,-133,-134,-128,-139,-135,-144,-132,-146,-133,-148,-142,-155,-170
19.26400,-356,-336,-338,-309,-326,-297,-312,-291,-272,-243,-201,-195,-146,-156,-133,-135,-132,-150,-140,-150,-110,-146,-147,-144,-145,-149,-154
19.27467,-351,-338,-336,-301,-341,-299,-322,-286,-271,-243,-193,-189,-153,-146,-131,-142,-131,-144,-137,-149,-130,-138,-129,-152,-137,-145,-170
19.28533,-350,-315,-325,-307,-339,-292,-323,-283,-266,-250,-191,-194,-154,-156,-109,-123,-118,-150,-133,-148,-135,-141,-133,-144,-135,-154,-165
19.29600,-348,-321,-343,-305,-330,-287,-320,-284,-278,-229,-194,-191,-155,-138,-127,-128,-123,-148,-135,-151,-151,-143,-137,-145,-141,-146,-177
19.30667,-354,-296,-328,-310,-317,-292,-308,-290,-277,-237,-203,-188,-148,-137,-133,-138,-115,-141,-141,-134,-146,-139,-117,-148,-153,-146,-157
19.31733,-376,-308,-330,-323,-333,-297,-321,-302,-277,-238,-189,-190,-148,-141,-126,-153,-118,-116,-146,-134,-133,-128,-122,-137,-143,-140,-161
19.32800,-369,-334,-328,-324,-329,-287,-321,-295,-274,-239,-186,-185,-145,-140,-125,-144,-130,-138,-145,-135,-129,-160,-117,-138,-137,-135,-163
19.33867,-359,-329,-327,-330,-334,-284,-325,-287,-272,-246,-187,-186,-143,-144,-133,-155,-138,-130,-135,-126,-129,-146,-125,-150,-121,-156,-158
19.34933,-330,-324,-332,-315,-316,-291,-312,-290,-274,-235,-196,-188,-137,-150,-129,-151,-133,-137,-148,-121,-119,-146,-135,-137,-147,-160,-158
19.36000,-338,-317,-333,-308,-329,-295,-315,-284,-272,-238,-196,-185,-145,-141,-128,-156,-135,-132,-142,-108,-132,-141,-135,-139,-153,-148,-164
19.37067,-351,-317,-330,-297,-323,-286,-312,-286,-272,-239,-199,-188,-157,-146,-120,-151,-128,-133,-150,-130,-135,-143,-126,-146,-140,-160,-150
19.38133,-340,-320,-330,-307,-330,-291,-311,-283,-271,-250,-202,-194,-151,-144,-125,-139,-127,-134,-148,-145,-144,-161,-144,-166,-140,-142,-155
19.39200,-335,-319,-321,-310,-328,-282,-314,-295,-262,-252,-202,-186,-145,-133,-135,-136,-142,-159,-158,-133,-130,-138,-142,-150,-145,-157,-155
19.40267,-353,-318,-321,-306,-325,-290,-316,-280,-254,-240,-203,-195,-148,-132,-124,-142,-128,-143,-138,-122,-116,-126,-136,-154,-141,-156,-158
19.41333,-335,-334,-335,-299,-312,-290,-303,-290,-260,-230,-191,-200,-152,-147,-124,-155,-138,-137,-147,-140,-132,-131,-138,-160,-136,-165,-161
19.42400,-335,-329,-341,-299,-325,-282,-302,-273,-260,-235,-186,-190,-153,-148,-136,-143,-140,-137,-135,-137,-134,-150,-136,-138,-142,-159,-154
19.43467,-325,-327,-333,-325,-326,-282,-300,-275,-260,-234,-197,-192,-156,-134,-128,-137,-134,-147,-133,-143,-138,-156,-132,-134,-148,-153,-142
19.44533,-336,-320,-335,-285,-323,-300,-300,-286,-265,-236,-197,-186,-154,-138,-127,-140,-137,-151,-144,-136,-129,-142,-131,-146,-153,-168,-146
19.45600,-344,-304,-335,-287,-324,-305,-302,-279,-266,-233,-186,-194,-151,-136,-128,-133,-149,-143,-139,-127,-123,-151,-130,-150,-165,-158,-158
19.46667,-338,-306,-324,-301,-304,-290,-315,-278,-264,-237,-177,-186,-156,-132,-132,-136,-118,-146,-134,-120,-127,-149,-118,-138,-139,-176,-157
19.47733,-315,-301,-324,-302,-302,-293,-310,-281,-265,-236,-186,-193,-157,-127,-139,-151,-116,-142,-126,-137,-126,-140,-133,-155,-163,-155,-166
19.48800,-314,-319,-337,-323,-315,-289,-324,-285,-269,-240,-182,-195,-157,-141,-137,-139,-124,-129,-128,-146,-132,-143,-121,-149,-147,-155,-173
19.49867,-345,-305,-318,-304,-318,-293,-309,-286,-271,-244,-186,-195,-156,-144,-143,-154,-131,-129,-141,-149,-130,-145,-130,-136,-144,-168,-162
19.50933,-361,-309,-346,-297,-323,-292,-312,-291,-273,-248,-185,-198,-162,-156,-147,-154,-131,-134,-130,-149,-141,-156,-122,-140,-143,-154,-154
19.52000,-387,-301,-328,-303,-328,-301,-324,-300,-267,-240,-189,-186,-148,-141,-127,-145,-129,-130,-135,-144,-143,-140,-131,-150,-140,-180,-163
19.53067,-379,-317,-327,-311,-323,-306,-319,-288,-278,-244,-181,-186,-153,-147,-130,-152,-142,-132,-147,-147,-133,-129,-127,-152,-133,-162,-141
19.54133,-381,-322,-324,-325,-321,-286,-320,-297,-267,-244,-202,-201,-149,-141,-137,-146,-128,-140,-144,-123,-130,-135,-131,-147,-150,-162,-148
19.55200,-342,-320,-337,-313,-323,-296,-323,-304,-272,-244,-201,-199,-141,-143,-149,-143,-139,-129,-145,-126,-152,-130,-136,-141,-139,-165,-137
19.56267,-362,-335,-355,-307,-333,-308,-322,-288,-261,-247,-208,-185,-139,-147,-132,-139,-137,-131,-148,-139,-129,-129,-125,-155,-143,-168,-153
19.57333,-362,-333,-355,-307,-338,-304,-318,-293,-272,-250,-196,-188,-146,-147,-122,-141,-121,-127,-139,-130,-125,-130,-129,-150,-134,-171,-160
19.58400,-361,-336,-351,-314,-343,-299,-314,-291,-271,-252,-181,-198,-147,-151,-112,-119,-115,-132,-144,-130,-127,-146,-119,-146,-157,-162,-162
19.59467,-350,-341,-349,-309,-346,-292,-315,-291,-266,-246,-195,-184,-144,-137,-112,-133,-128,-144,-131,-121,-102,-147,-131,-158,-143,-159,-160
19.60533,-347,-339,-340,-322,-343,-287,-315,-299,-267,-245,-190,-184,-148,-133,-109,-131,-120,-137,-139,-131,-128,-158,-128,-152,-143,-160,-156
19.61600,-358,-327,-338,-317,-317,-282,-312,-291,-276,-234,-186,-184,-145,-139,-108,-129,-124,-127,-145,-140,-119,-153,-138,-137,-145,-142,-151
19.62667,-354,-303,-341,-322,-322,-294,-316,-290,-280,-245,-185,-181,-130,-139,-115,-139,-150,-142,-136,-130,-132,-152,-130,-142,-134,-148,-157
19.63733,-340,-304,-346,-323,-335,-292,-303,-296,-271,-249,-184,-189,-145,-137,-128,-142,-132,-139,-118,-133,-130,-157,-137,-135,-129,-162,-166
19.64800,-333,-318,-336,-310,-335,-286,-313,-291,-271,-246,-177,-189,-139,-130,-115,-139,-137,-139,-131,-139,-135,-146,-127,-138,-150,-160,-160
19.65867,-329,-325,-336,-295,-306,-283,-321,-291,-272,-250,-190,-183,-152,-131,-121,-132,-140,-139,-142,-138,-133,-148,-110,-156,-143,-161,-159
19.66933,-331,-319,-319,-288,-308,-282,-313,-297,-266,-244,-181,-189,-147,-140,-122,-138,-131,-144,-132,-127,-125,-171,-132,-161,-154,-144,-161
19.68000,-333,-311,-339,-301,-319,-278,-326,-294,-264,-249,-183,-191,-151,-134,-121,-137,-119,-145,-130,-140,-125,-151,-125,-140,-138,-148,-166
19.69067,-310,-315,-323,-295,-321,-272,-318,-287,-268,-235,-185,-189,-152,-145,-142,-132,-129,-145,-139,-132,-137,-143,-121,-132,-146,-143,-156
19.70133,-329,-319,-316,-309,-317,-278,-321,-281,-266,-240,-192,-191,-157,-151,-134,-146,-126,-130,-141,-159,-145,-137,-115,-139,-147,-139,-157
19.71200,-325,-295,-320,-306,-328,-290,-308,-283,-267,-239,-183,-195,-162,-145,-132,-139,-144,-133,-144,-145,-133,-146,-119,-141,-141,-140,-161
19.72267,-322,-278,-331,-305,-330,-286,-303,-283,-267,-233,-194,-189,-143,-137,-137,-144,-140,-123,-126,-143,-146,-142,-119,-131,-141,-144,-166
19.73333,-322,-295,-339,-313,-331,-285,-303,-280,-271,-237,-190,-198,-150,-139,-124,-145,-129,-131,-131,-134,-137,-128,-140,-133,-145,-142,-162
19.74400,-344,-318,-344,-305,-310,-296,-316,-296,-275,-223,-188,-193,-142,-150,-122,-138,-125,-136,-131,-132,-132,-141,-136,-134,-136,-145,-165
19.75467,-352,-301,-319,-298,-313,-298,-308,-290,-269,-244,-190,-202,-154,-149,-122,-136,-122,-149,-140,-139,-136,-135,-141,-144,-143,-154,-149
19.76533,-348,-290,-331,-290,-316,-296,-309,-290,-263,-245,-195,-197,-158,-137,-117,-148,-141,-133,-139,-137,-143,-139,-129,-137,-146,-138,-143
19.77600,-333,-319,-337,-307,-322,-292,-320,-287,-271,-250,-198,-190,-158,-135,-130,-146,-145,-132,-143,-144,-136,-147,-123,-154,-145,-160,-144
19.78667,-338,-329,-337,-319,-328,-292,-314,-296,-272,-234,-202,-193,-147,-142,-135,-143,-132,-131,-146,-139,-132,-147,-127,-147,-138,-163,-153
19.79733,-353,-330,-324,-330,-329,-290,-314,-288,-270,-233,-201,-198,-140,-151,-127,-133,-126,-140,-143,-156,-131,-157,-132,-140,-140,-163,-153
19.80800,-343,-326,-336,-319,-340,-298,-313,-295,-279,-247,-199,-202,-154,-148,-137,-135,-145,-136,-149,-135,-131,-148,-133,-141,-136,-154,-159
19.81867,-345,-334,-334,-323,-330,-296,-334,-297,-273,-243,-195,-192,-158,-141,-127,-137,-130,-143,-136,-146,-130,-147,-134,-146,-124,-152,-161
19.82933,-311,-309,-326,-304,-334,-303,-322,-291,-258,-242,-188,-194,-151,-161,-123,-146,-122,-144,-140,-156,-123,-140,-112,-156,-135,-146,-159
19.84000,-333,-300,-324,-304,-340,-295,-308,-294,-267,-242,-202,-193,-149,-149,-117,-132,-128,-141,-147,-148,-122,-147,-113,-140,-144,-153,-169
19.85067,-349,-299,-320,-330,-314,-306,-317,-288,-278,-245,-198,-189,-150,-141,-119,-132,-122,-134,-143,-134,-142,-139,-128,-144,-138,-161,-161
19.86133,-312,-290,-327,-321,-320,-296,-322,-295,-265,-243,-188,-195,-155,-140,-115,-140,-128,-123,-144,-134,-137,-145,-130,-161,-148,-154,-158
19.87200,-340,-314,-329,-335,-317,-285,-307,-292,-273,-235,-192,-194,-156,-143,-121,-141,-118,-143,-148,-124,-122,-144,-110,-150,-140,-147,-167
19.88267,-316,-315,-337,-305,-338,-293,-308,-298,-267,-241,-186,-192,-148,-126,-139,-128,-125,-139,-141,-149,-110,-137,-126,-155,-141,-142,-161
19.89333,-336,-325,-330,-297,-331,-282,-301,-292,-276,-241,-205,-199,-165,-137,-119,-132,-141,-144,-125,-135,-113,-147,-122,-146,-133,-146,-152
19.90400,-356,-325,-340,-306,-340,-281,-318,-294,-275,-242,-187,-200,-148,-150,-119,-124,-118,-134,-124,-139,-113,-157,-115,-141,-146,-142,-153
19.91467,-347,-325,-327,-322,-320,-282,-296,-284,-267,-246,-182,-199,-154,-143,-123,-132,-129,-140,-130,-136,-114,-158,-129,-147,-152,-161,-139
19.92533,-344,-305,-322,-318,-324,-304,-303,-289,-278,-249,-192,-182,-138,-130,-135,-135,-133,-133,-131,-149,-128,-158,-110,-138,-136,-158,-141
19.93600,-359,-313,-343,-308,-327,-281,-312,-286,-274,-245,-197,-185,-139,-136,-137,-134,-127,-131,-144,-141,-132,-147,-133,-139,-143,-146,-149
19.94667,-363,-308,-330,-299,-324,-279,-310,-278,-266,-239,-192,-196,-143,-149,-126,-138,-125,-129,-145,-140,-136,-148,-125,-139,-142,-148,-158
19.95733,-381,-306,-330,-298,-336,-282,-314,-289,-263,-240,-188,-202,-151,-141,-132,-146,-133,-140,-151,-131,-128,-142,-132,-133,-144,-158,-158
19.96800,-362,-328,-324,-302,-321,-297,-319,-304,-269,-243,-205,-199,-147,-142,-135,-144,-139,-142,-150,-138,-133,-140,-132,-136,-162,-159,-158
19.97867,-370,-335,-312,-306,-313,-299,-316,-296,-269,-232,-196,-178,-155,-145,-130,-135,-131,-134,-146,-141,-131,-142,-118,-154,-146,-170,-146
19.98933,-351,-336,-333,-295,-315,-306,-309,-292,-274,-254,-191,-186,-152,-153,-128,-145,-136,-145,-142,-152,-120,-147,-117,-152,-144,-169,-153
20.00000,-337,-325,-350,-299,-332,-316,-326,-292,-276,-254,-198,-190,-146,-136,-118,-147,-145,-132,-128,-133,-122,-137,-118,-149,-133,-137,-154
20.01067,-351,-332,-348,-308,-343,-301,-322,-297,-282,-250,-190,-189,-144,-127,-120,-138,-140,-128,-134,-133,-133,-138,-119,-160,-141,-154,-160
20.02133,-345,-326,-337,-305,-338,-300,-318,-291,-277,-237,-188,-180,-170,-140,-119,-142,-119,-141,-129,-136,-133,-140,-121,-158,-144,-150,-158
20.03200,-334,-329,-337,-316,-323,-303,-319,-295,-272,-245,-194,-177,-156,-129,-124,-147,-120,-136,-127,-137,-138,-121,-128,-149,-142,-154,-144
20.04267,-350,-338,-327,-318,-337,-292,-324,-291,-279,-238,-190,-188,-148,-127,-120,-134,-125,-129,-143,-129,-138,-130,-125,-150,-140,-156,-151
20.05333,-327,-309,-342,-312,-336,-296,-319,-297,-269,-236,-192,-197,-147,-127,-125,-137,-106,-140,-149,-129,-133,-157,-115,-129,-136,-167,-160
20.06400,-340,-327,-345,-333,-332,-296,-326,-288,-275,-244,-191,-198,-149,-141,-118,-129,-120,-133,-135,-143,-144,-146,-124,-148,-147,-155,-164
20.07467,-334,-340,-353,-298,-332,-296,-324,-292,-260,-247,-184,-183,-136,-147,-118,-132,-100,-133,-141,-138,-126,-137,-120,-139,-145,-153,-163
20.08533,-372,-344,-359,-316,-323,-308,-319,-277,-267,-250,-191,-189,-139,-138,-119,-125,-118,-127,-149,-116,-116,-142,-99,-145,-146,-146,-159
20.09600,-357,-351,-350,-340,-346,-302,-323,-286,-274,-241,-187,-196,-142,-141,-110,-121,-113,-125,-143,-114,-119,-149,-112,-124,-152,-145,-159
20.10667,-372,-354,-355,-340,-336,-313,-324,-298,-260,-245,-194,-187,-131,-141,-113,-115,-109,-119,-143,-123,-114,-150,-119,-161,-140,-160,-162
20.11733,-365,-340,-362,-336,-336,-309,-316,-299,-272,-247,-190,-196,-132,-142,-125,-120,-116,-124,-142,-138,-118,-143,-127,-152,-136,-157,-171
20.12800,-359,-326,-351,-319,-329,-319,-331,-294,-263,-249,-202,-191,-132,-139,-125,-115,-122,-136,-140,-128,-133,-152,-123,-137,-140,-161,-173
20.13867,-365,-338,-365,-328,-335,-303,-327,-302,-268,-241,-196,-175,-154,-145,-113,-136,-129,-142,-137,-124,-127,-155,-113,-133,-143,-161,-170
20.14933,-367,-347,-360,-321,-333,-297,-327,-304,-263,-254,-181,-188,-149,-134,-127,-117,-133,-141,-122,-122,-129,-148,-118,-136,-139,-166,-163
20.16000,-387,-348,-348,-322,-339,-290,-331,-307,-267,-251,-192,-183,-150,-142,-134,-138,-122,-131,-128,-116,-125,-154,-119,-146,-132,-170,-162
20.17067,-358,-330,-350,-313,-343,-285,-321,-300,-264,-248,-189,-191,-157,-132,-129,-129,-115,-124,-144,-126,-135,-138,-121,-159,-125,-181,-161
20.18133,-379,-341,-354,-321,-333,-298,-336,-285,-275,-262,-182,-184,-152,-137,-130,-129,-125,-127,-142,-126,-138,-140,-112,-135,-142,-149,-167
20.19200,-371,-353,-357,-329,-346,-297,-333,-297,-288,-254,-179,-197,-144,-141,-132,-145,-124,-123,-135,-128,-133,-148,-133,-150,-137,-164,-159
20.20267,-341,-333,-376,-321,-349,-296,-323,-297,-273,-247,-190,-200,-149,-141,-119,-128,-134,-129,-128,-133,-116,-144,-120,-142,-146,-172,-166
20.21333,-340,-325,-365,-302,-346,-296,-311,-297,-272,-240,-202,-204,-144,-147,-125,-133,-141,-128,-153,-142,-131,-144,-105,-130,-143,-163,-151
20.22400,-342,-322,-356,-316,-324,-280,-307,-287,-271,-250,-208,-198,-161,-153,-129,-134,-133,-148,-153,-150,-133,-122,-132,-139,-149,-169,-155
20.23467,-356,-317,-345,-310,-327,-302,-319,-291,-276,-244,-192,-194,-161,-142,-133,-147,-137,-142,-145,-124,-116,-129,-121,-148,-136,-145,-155
20.24533,-348,-321,-349,-305,-316,-309,-314,-286,-277,-250,-190,-196,-148,-150,-132,-153,-130,-136,-120,-127,-139,-146,-126,-145,-135,-156,-161
20.25600,-341,-316,-338,-307,-318,-313,-336,-292,-274,-247,-190,-195,-155,-150,-125,-138,-123,-133,-113,-117,-135,-149,-134,-138,-142,-170,-179
20.26667,-359,-303,-331,-316,-318,-300,-337,-297,-283,-250,-197,-197,-158,-159,-124,-142,-130,-144,-148,-120,-139,-144,-129,-142,-145,-167,-178
20.27733,-339,-322,-338,-308,-320,-313,-326,-294,-272,-254,-203,-194,-145,-152,-136,-151,-138,-147,-147,-121,-130,-146,-134,-143,-138,-161,-170
20.28800,-357,-332,-343,-310,-329,-298,-327,-298,-278,-249,-199,-202,-150,-147,-131,-139,-133,-139,-140,-145,-127,-137,-129,-144,-155,-163,-169
20.29867,-340,-317,-349,-329,-330,-297,-323,-290,-270,-246,-192,-197,-148,-139,-122,-130,-139,-144,-152,-146,-119,-139,-120,-147,-145,-149,-147
20.30933,-376,-320,-348,-334,-341,-298,-316,-288,-263,-252,-183,-201,-142,-149,-123,-132,-126,-154,-148,-143,-115,-135,-129,-150,-143,-152,-146
20.32000,-354,-325,-324,-310,-328,-293,-326,-295,-272,-243,-183,-198,-141,-139,-126,-137,-127,-154,-151,-135,-125,-136,-131,-141,-152,-159,-160
20.33067,-355,-345,-336,-327,-329,-291,-332,-292,-282,-246,-185,-204,-147,-129,-140,-146,-133,-144,-131,-140,-130,-139,-128,-140,-145,-163,-167
20.34133,-352,-319,-342,-311,-331,-303,-332,-295,-272,-249,-183,-199,-148,-130,-132,-139,-139,-143,-132,-133,-134,-148,-121,-160,-144,-150,-170
20.35200,-351,-331,-352,-307,-315,-303,-339,-296,-270,-247,-188,-199,-151,-137,-122,-132,-128,-143,-129,-146,-114,-137,-129,-157,-167,-169,-174
20.36267,-361,-345,-327,-320,-329,-303,-329,-301,-277,-249,-182,-194,-147,-141,-123,-139,-122,-138,-138,-126,-131,-142,-131,-152,-155,-162,-163
20.37333,-349,-330,-335,-313,-344,-299,-323,-293,-281,-244,-186,-200,-138,-132,-139,-123,-114,-144,-135,-141,-126,-133,-141,-155,-142,-150,-162
20.38400,-353,-344,-342,-328,-350,-313,-311,-292,-284,-256,-190,-201,-131,-135,-133,-111,-115,-154,-148,-128,-122,-146,-121,-159,-138,-162,-176
20.39467,-383,-337,-351,-328,-346,-301,-320,-287,-287,-251,-201,-195,-142,-135,-123,-126,-130,-138,-135,-122,-125,-133,-128,-139,-133,-144,-165
20.40533,-358,-340,-341,-333,-337,-296,-321,-286,-282,-250,-192,-192,-131,-145,-122,-125,-120,-132,-128,-109,-148,-144,-131,-137,-149,-143,-168
20.41600,-356,-333,-355,-316,-346,-302,-321,-294,-275,-243,-186,-197,-139,-138,-127,-143,-134,-140,-126,-118,-134,-145,-141,-144,-159,-149,-168
20.42667,-363,-327,-356,-314,-341,-297,-323,-292,-269,-250,-185,-188,-150,-140,-130,-144,-121,-139,-142,-138,-145,-143,-140,-140,-142,-139,-164
20.43733,-359,-311,-339,-319,-338,-289,-328,-287,-277,-244,-195,-184,-143,-130,-120,-137,-115,-140,-148,-154,-142,-148,-127,-148,-143,-154,-163
20.44800,-360,-329,-335,-325,-347,-300,-322,-290,-273,-248,-204,-190,-152,-127,-123,-160,-135,-142,-148,-149,-144,-155,-138,-154,-129,-168,-167
20.45867,-378,-336,-353,-341,-348,-316,-302,-289,-283,-251,-199,-183,-150,-126,-125,-140,-123,-150,-131,-142,-139,-165,-138,-145,-139,-150,-168
20.46933,-356,-352,-357,-328,-358,-306,-321,-290,-283,-256,-196,-185,-146,-136,-133,-143,-127,-157,-136,-149,-131,-151,-139,-144,-148,-148,-169
20.48000,-358,-317,-346,-313,-339,-305,-331,-296,-264,-243,-194,-190,-139,-144,-133,-146,-118,-141,-138,-139,-139,-148,-124,-140,-143,-152,-157
20.49067,-361,-319,-352,-318,-336,-299,-320,-295,-272,-246,-201,-196,-156,-131,-130,-148,-129,-136,-148,-126,-136,-146,-121,-139,-152,-150,-151
20.50133,-369,-334,-339,-332,-331,-290,-312,-284,-275,-249,-194,-190,-152,-134,-139,-144,-132,-136,-146,-151,-119,-149,-124,-157,-155,-159,-169
20.51200,-355,-332,-335,-326,-331,-301,-326,-299,-263,-256,-200,-191,-140,-132,-112,-152,-133,-143,-136,-140,-135,-153,-129,-159,-150,-167,-168
20.52267,-364,-351,-335,-320,-342,-305,-339,-305,-279,-251,-196,-184,-145,-146,-122,-144,-133,-140,-152,-138,-138,-145,-116,-171,-137,-160,-157
20.53333,-358,-342,-343,-322,-338,-299,-326,-296,-278,-243,-206,-191,-156,-146,-121,-138,-138,-140,-136,-134,-128,-134,-119,-137,-139,-154,-159
20.54400,-367,-332,-332,-313,-345,-302,-322,-290,-273,-245,-211,-198,-157,-137,-111,-152,-125,-137,-149,-136,-136,-132,-128,-122,-132,-160,-156
20.55467,-365,-332,-320,-322,-338,-285,-328,-292,-270,-246,-214,-189,-147,-134,-128,-141,-138,-146,-139,-148,-131,-126,-117,-139,-150,-148,-151
20.56533,-365,-332,-341,-302,-344,-297,-324,-293,-273,-234,-205,-197,-147,-146,-121,-136,-138,-146,-146,-140,-125,-141,-123,-143,-134,-149,-170
20.57600,-361,-332,-351,-315,-333,-287,-322,-304,-275,-236,-198,-190,-149,-141,-126,-131,-126,-147,-144,-139,-117,-156,-125,-153,-141,-175,-157
20.58667,-349,-331,-353,-307,-330,-288,-338,-298,-274,-241,-188,-196,-136,-138,-130,-145,-134,-137,-145,-145,-135,-142,-116,-160,-136,-162,-180
20.59733,-365,-314,-346,-323,-334,-299,-328,-293,-265,-234,-191,-207,-136,-134,-128,-148,-120,-120,-147,-133,-129,-137,-117,-152,-137,-151,-168
20.60800,-388,-324,-351,-320,-337,-287,-336,-293,-271,-246,-189,-208,-143,-127,-129,-140,-128,-132,-144,-126,-131,-135,-117,-147,-134,-167,-159
20.61867,-373,-315,-351,-311,-328,-295,-328,-295,-274,-247,-193,-202,-151,-116,-128,-140,-137,-147,-145,-122,-124,-145,-128,-141,-144,-155,-157
20.62933,-363,-319,-339,-310,-337,-301,-326,-297,-264,-245,-194,-199,-144,-131,-131,-149,-124,-133,-146,-116,-129,-139,-119,-136,-151,-150,-160
20.64000,-363,-328,-333,-316,-331,-307,-335,-291,-267,-241,-191,-189,-142,-145,-124,-138,-120,-127,-145,-138,-129,-138,-125,-140,-131,-158,-145
20.65067,-379,-323,-337,-319,-320,-300,-327,-308,-271,-255,-187,-185,-144,-129,-129,-133,-120,-121,-143,-144,-152,-127,-112,-144,-151,-143,-165
20.66133,-377,-313,-346,-331,-331,-309,-337,-311,-268,-246,-183,-191,-143,-136,-124,-135,-110,-130,-134,-141,-137,-121,-110,-144,-136,-147,-148
20.67200,-360,-320,-366,-320,-317,-300,-325,-294,-259,-250,-182,-194,-156,-140,-132,-122,-129,-132,-136,-134,-136,-136,-116,-142,-148,-149,-160
20.68267,-363,-354,-325,-302,-320,-302,-316,-289,-248,-260,-187,-189,-161,-130,-121,-147,-131,-127,-145,-133,-131,-138,-121,-153,-138,-145,-146
20.69333,-334,-345,-353,-307,-323,-302,-317,-292,-264,-251,-186,-195,-151,-139,-124,-155,-131,-122,-135,-138,-127,-147,-120,-150,-136,-155,-151
20.70400,-354,-307,-330,-318,-318,-299,-321,-282,-272,-235,-179,-190,-143,-140,-114,-153,-118,-118,-133,-116,-131,-145,-110,-153,-131,-150,-148
20.71467,-348,-307,-313,-321,-328,-280,-322,-297,-265,-248,-179,-193,-148,-143,-123,-147,-130,-144,-117,-132,-126,-144,-119,-150,-134,-140,-151
20.72533,-331,-278,-333,-315,-319,-297,-318,-295,-265,-249,-187,-192,-155,-151,-121,-137,-118,-132,-140,-128,-126,-140,-124,-149,-138,-155,-159
20.73600,-326,-313,-339,-332,-325,-298,-322,-289,-266,-248,-197,-180,-157,-141,-115,-133,-144,-124,-140,-137,-121,-131,-125,-157,-154,-148,-161
20.74667,-355,-315,-341,-321,-318,-299,-320,-297,-261,-242,-196,-193,-158,-128,-129,-130,-134,-127,-142,-142,-122,-134,-112,-161,-156,-166,-165
20.75733,-366,-315,-337,-320,-313,-300,-313,-293,-268,-239,-193,-193,-159,-124,-132,-135,-123,-125,-149,-122,-112,-140,-137,-161,-146,-152,-177
20.76800,-357,-325,-323,-315,-324,-306,-306,-287,-268,-240,-198,-195,-157,-141,-136,-138,-123,-152,-138,-128,-128,-161,-129,-160,-148,-154,-158
20.77867,-364,-322,-344,-319,-312,-302,-324,-296,-273,-244,-200,-196,-160,-148,-134,-140,-131,-150,-142,-125,-126,-153,-121,-151,-150,-160,-149
20.78933,-362,-334,-344,-322,-318,-303,-320,-295,-277,-238,-198,-197,-153,-155,-131,-146,-137,-144,-164,-133,-135,-143,-137,-140,-150,-167,-153
20.80000,-364,-317,-335,-325,-320,-294,-320,-285,-274,-248,-190,-194,-144,-144,-130,-146,-129,-129,-158,-124,-133,-151,-128,-158,-133,-156,-151
20.81067,-349,-331,-351,-313,-326,-297,-321,-295,-274,-253,-190,-190,-135,-143,-131,-141,-139,-139,-161,-137,-146,-146,-124,-176,-144,-159,-153
20.82133,-342,-333,-325,-320,-336,-288,-334,-290,-266,-247,-195,-200,-146,-140,-141,-126,-126,-130,-154,-133,-134,-133,-118,-178,-149,-157,-159
20.83200,-347,-330,-337,-305,-321,-286,-319,-291,-266,-250,-197,-199,-146,-141,-141,-133,-111,-136,-146,-134,-136,-143,-116,-166,-130,-150,-157
20.84267,-336,-326,-330,-315,-327,-301,-330,-283,-275,-252,-203,-192,-156,-137,-134,-147,-122,-119,-140,-143,-113,-138,-119,-158,-137,-145,-171
20.85333,-356,-338,-343,-321,-338,-306,-329,-290,-270,-247,-213,-189,-147,-143,-124,-151,-130,-114,-143,-135,-129,-155,-129,-156,-151,-149,-147
20.86400,-354,-334,-350,-319,-327,-308,-340,-298,-288,-252,-196,-193,-146,-144,-126,-135,-115,-132,-152,-128,-127,-143,-142,-151,-143,-165,-159
20.87467,-362,-320,-332,-307,-336,-305,-335,-301,-283,-244,-192,-205,-155,-145,-120,-138,-117,-128,-152,-134,-130,-163,-130,-152,-132,-159,-159
20.88533,-363,-317,-361,-323,-339,-303,-340,-306,-276,-245,-200,-194,-163,-131,-133,-117,-123,-137,-145,-141,-133,-151,-124,-142,-147,-160,-167
20.89600,-374,-345,-330,-329,-342,-297,-330,-311,-261,-246,-189,-200,-160,-134,-135,-127,-124,-136,-149,-145,-135,-146,-115,-144,-163,-154,-182
20.90667,-375,-342,-344,-329,-346,-310,-334,-303,-276,-243,-191,-213,-158,-138,-144,-132,-127,-141,-149,-143,-119,-146,-127,-149,-150,-179,-173
20.91733,-382,-324,-365,-347,-347,-302,-327,-307,-273,-255,-196,-197,-150,-138,-128,-134,-138,-130,-124,-125,-125,-156,-124,-157,-143,-172,-162
20.92800,-378,-345,-360,-362,-350,-310,-334,-318,-280,-244,-196,-191,-134,-139,-113,-125,-125,-125,-141,-135,-131,-155,-130,-154,-131,-150,-172
20.93867,-403,-352,-357,-323,-337,-319,-329,-306,-272,-247,-190,-185,-133,-137,-115,-134,-125,-136,-153,-127,-133,-157,-129,-160,-142,-152,-166
20.94933,-384,-334,-382,-338,-341,-318,-339,-307,-270,-252,-193,-200,-129,-127,-99,-129,-118,-136,-151,-121,-128,-143,-133,-164,-146,-167,-157
20.96000,-372,-328,-368,-331,-358,-313,-344,-308,-279,-241,-200,-191,-139,-121,-105,-143,-120,-135,-136,-133,-129,-155,-139,-153,-131,-176,-153
20.97067,-377,-348,-369,-333,-355,-319,-336,-315,-278,-259,-195,-175,-147,-116,-107,-133,-104,-131,-126,-121,-122,-152,-122,-164,-149,-171,-150
20.98133,-361,-348,-378,-349,-353,-315,-343,-299,-283,-262,-194,-184,-135,-124,-110,-124,-106,-129,-130,-131,-124,-142,-120,-157,-146,-172,-152
20.99200,-371,-351,-381,-352,-338,-321,-325,-317,-273,-249,-193,-188,-141,-130,-108,-114,-124,-129,-108,-133,-132,-141,-125,-152,-127,-175,-162
21.00267,-377,-351,-364,-349,-350,-330,-339,-306,-286,-249,-194,-193,-146,-138,-119,-128,-124,-143,-106,-117,-123,-157,-122,-149,-126,-161,-175
21.01333,-361,-365,-381,-342,-356,-317,-343,-301,-289,-237,-183,-190,-139,-136,-115,-143,-110,-145,-121,-116,-116,-146,-116,-138,-127,-157,-166
21.02400,-368,-352,-361,-360,-370,-322,-342,-302,-274,-246,-182,-192,-133,-123,-133,-124,-112,-124,-140,-129,-127,-139,-127,-138,-139,-165,-167
21.03467,-385,-371,-351,-348,-355,-313,-340,-303,-282,-251,-190,-188,-134,-125,-125,-134,-124,-144,-128,-126,-120,-131,-131,-156,-132,-164,-166
21.04533,-397,-348,-374,-343,-344,-317,-347,-299,-274,-252,-186,-198,-134,-130,-123,-125,-126,-143,-120,-123,-127,-127,-108,-160,-144,-165,-149
21.05600,-387,-331,-355,-339,-353,-312,-351,-298,-276,-247,-174,-197,-145,-130,-114,-123,-130,-143,-140,-129,-127,-140,-129,-150,-162,-166,-150
21.06667,-385,-342,-367,-337,-369,-328,-341,-308,-285,-243,-182,-181,-137,-116,-106,-118,-116,-122,-144,-140,-121,-136,-128,-156,-142,-169,-150
21.07733,-380,-355,-373,-346,-335,-318,-336,-296,-275,-248,-186,-174,-149,-117,-115,-133,-106,-124,-125,-138,-112,-131,-121,-139,-133,-160,-148
21.08800,-409,-365,-376,-326,-366,-319,-336,-298,-280,-247,-193,-173,-143,-117,-118,-128,-103,-126,-132,-134,-116,-145,-111,-153,-147,-171,-164
21.09867,-402,-386,-353,-340,-362,-325,-348,-315,-285,-249,-182,-177,-132,-110,-110,-152,-114,-133,-155,-143,-125,-143,-133,-154,-143,-161,-160
21.10933,-389,-358,-372,-335,-360,-322,-334,-309,-280,-247,-185,-181,-158,-111,-112,-142,-110,-134,-135,-138,-126,-142,-132,-152,-147,-149,-161
21.12000,-382,-366,-374,-344,-344,-326,-333,-308,-278,-243,-190,-187,-149,-133,-114,-134,-108,-127,-123,-131,-128,-155,-121,-140,-152,-174,-155
21.13067,-392,-363,-374,-365,-352,-327,-321,-296,-279,-251,-191,-180,-139,-135,-109,-132,-122,-133,-142,-135,-134,-154,-133,-126,-152,-169,-163
21.14133,-387,-362,-389,-357,-357,-329,-332,-310,-285,-249,-193,-177,-144,-130,-111,-134,-111,-125,-132,-134,-131,-150,-139,-131,-134,-154,-162
21.15200,-399,-362,-375,-361,-346,-328,-338,-308,-287,-258,-202,-185,-143,-119,-112,-125,-103,-133,-130,-126,-126,-152,-143,-143,-135,-152,-175
21.16267,-391,-359,-387,-355,-347,-315,-345,-298,-277,-257,-191,-188,-141,-126,-113,-108,-119,-151,-142,-129,-123,-154,-139,-148,-136,-153,-170
21.17333,-390,-359,-380,-361,-352,-312,-345,-306,-279,-249,-202,-198,-140,-133,-104,-108,-112,-142,-134,-122,-123,-144,-141,-157,-141,-160,-170
21.18400,-405,-349,-360,-348,-349,-315,-341,-302,-283,-246,-191,-189,-136,-135,-117,-118,-108,-124,-145,-139,-127,-143,-136,-147,-131,-152,-166
21.19467,-404,-353,-366,-348,-350,-323,-334,-303,-280,-244,-190,-181,-135,-121,-114,-118,-122,-125,-143,-139,-122,-133,-125,-135,-143,-152,-166
21.20533,-425,-348,-378,-348,-351,-323,-337,-314,-281,-246,-194,-184,-134,-130,-130,-123,-126,-135,-145,-141,-127,-145,-131,-146,-131,-160,-165
21.21600,-398,-357,-363,-338,-341,-327,-333,-309,-274,-249,-186,-182,-135,-126,-126,-125,-112,-122,-132,-141,-122,-148,-114,-149,-124,-160,-157
21.22667,-376,-343,-382,-340,-357,-321,-339,-310,-275,-245,-179,-190,-140,-127,-129,-124,-120,-126,-133,-149,-118,-136,-132,-140,-124,-168,-158
21.23733,-381,-348,-360,-335,-355,-311,-325,-309,-278,-243,-197,-191,-148,-116,-120,-126,-121,-131,-147,-145,-125,-136,-130,-140,-133,-164,-163
21.24800,-372,-349,-366,-330,-346,-314,-334,-306,-277,-246,-201,-190,-139,-126,-133,-117,-121,-129,-126,-132,-107,-126,-113,-145,-138,-170,-164
21.25867,-387,-352,-384,-346,-352,-323,-328,-312,-278,-253,-202,-191,-149,-131,-134,-144,-127,-142,-132,-122,-126,-135,-117,-136,-139,-168,-174
21.26933,-407,-345,-382,-346,-359,-323,-329,-308,-266,-240,-197,-185,-156,-123,-122,-133,-112,-132,-127,-123,-147,-153,-130,-148,-147,-171,-177
21.28000,-389,-327,-392,-341,-367,-330,-346,-304,-274,-245,-195,-193,-141,-121,-124,-124,-112,-127,-125,-129,-123,-143,-135,-148,-155,-159,-164
21.29067,-385,-350,-373,-337,-367,-330,-336,-309,-277,-249,-193,-194,-136,-127,-128,-134,-109,-141,-138,-117,-118,-141,-143,-142,-156,-153,-174
21.30133,-377,-376,-373,-354,-353,-334,-348,-314,-276,-262,-198,-195,-137,-124,-119,-129,-106,-131,-136,-117,-130,-138,-125,-160,-147,-161,-170
21.31200,-371,-373,-376,-361,-356,-348,-344,-314,-289,-269,-196,-189,-145,-132,-130,-127,-135,-136,-132,-119,-116,-140,-136,-151,-149,-157,-175
21.32267,-371,-367,-374,-353,-353,-333,-349,-305,-295,-257,-190,-206,-137,-132,-123,-139,-134,-120,-124,-110,-120,-133,-137,-146,-148,-150,-168
21.33333,-371,-369,-375,-357,-353,-324,-344,-297,-289,-257,-197,-203,-137,-143,-118,-131,-115,-131,-132,-104,-118,-135,-132,-147,-142,-163,-167
21.34400,-379,-365,-376,-374,-370,-334,-346,-314,-280,-252,-199,-198,-143,-126,-115,-130,-114,-123,-126,-110,-115,-151,-127,-159,-159,-174,-165
21.35467,-376,-341,-367,-364,-361,-325,-341,-318,-288,-248,-198,-185,-140,-125,-127,-130,-121,-128,-128,-111,-121,-133,-130,-158,-147,-159,-158
21.36533,-377,-356,-394,-374,-370,-321,-347,-313,-294,-251,-201,-183,-134,-126,-120,-143,-110,-127,-112,-131,-138,-126,-133,-154,-141,-154,-151
21.37600,-409,-382,-373,-358,-369,-321,-340,-315,-301,-252,-199,-184,-135,-119,-122,-144,-121,-122,-139,-125,-120,-143,-129,-154,-154,-166,-168
21.38667,-408,-361,-387,-332,-345,-327,-337,-316,-282,-252,-186,-175,-127,-128,-137,-148,-117,-135,-132,-112,-132,-142,-133,-150,-141,-156,-166
21.39733,-416,-350,-367,-333,-351,-338,-343,-313,-290,-259,-198,-182,-124,-132,-119,-136,-117,-128,-134,-124,-126,-148,-142,-148,-134,-146,-157
21.40800,-400,-355,-349,-341,-345,-332,-332,-314,-274,-251,-208,-190,-143,-136,-123,-149,-106,-125,-127,-133,-129,-151,-134,-151,-132,-149,-153
21.41867,-400,-349,-361,-342,-343,-332,-343,-298,-274,-259,-200,-183,-136,-134,-123,-136,-106,-123,-142,-129,-127,-160,-114,-137,-149,-152,-153
21.42933,-388,-347,-369,-347,-359,-320,-336,-310,-280,-252,-203,-179,-154,-138,-119,-144,-124,-116,-134,-130,-128,-138,-137,-141,-145,-154,-160
21.44000,-382,-345,-356,-349,-352,-322,-328,-308,-285,-251,-202,-173,-149,-128,-119,-152,-121,-120,-124,-128,-137,-143,-139,-143,-146,-164,-176
21.45067,-395,-341,-343,-350,-350,-306,-341,-304,-286,-262,-204,-186,-142,-129,-135,-150,-130,-117,-129,-125,-140,-150,-125,-147,-143,-165,-161
21.46133,-385,-339,-368,-346,-369,-306,-322,-314,-275,-271,-193,-191,-153,-138,-123,-144,-124,-129,-130,-119,-159,-145,-126,-155,-146,-163,-155
21.47200,-397,-348,-380,-348,-367,-321,-348,-312,-294,-254,-186,-196,-149,-138,-116,-135,-127,-140,-129,-130,-133,-141,-126,-149,-156,-163,-156
21.48267,-403,-347,-387,-358,-357,-325,-341,-310,-281,-259,-202,-188,-144,-132,-113,-138,-127,-130,-136,-123,-103,-146,-124,-143,-149,-148,-152
21.49333,-402,-354,-371,-362,-361,-308,-353,-304,-283,-256,-197,-198,-137,-120,-115,-127,-132,-117,-136,-146,-128,-135,-131,-151,-149,-159,-165
21.50400,-380,-360,-381,-346,-361,-326,-348,-309,-283,-255,-200,-189,-147,-130,-97,-140,-137,-127,-135,-134,-127,-138,-129,-155,-136,-161,-161
21.51467,-376,-364,-368,-340,-372,-333,-335,-305,-277,-251,-191,-190,-146,-123,-102,-124,-149,-130,-129,-130,-119,-158,-128,-160,-145,-158,-151
21.52533,-386,-357,-357,-345,-362,-322,-345,-313,-287,-249,-192,-198,-155,-124,-114,-123,-138,-133,-131,-127,-142,-168,-115,-165,-151,-158,-162
21.53600,-382,-346,-369,-354,-360,-304,-342,-316,-288,-255,-190,-193,-142,-146,-132,-138,-117,-131,-138,-147,-136,-156,-138,-166,-156,-156,-176
21.54667,-371,-358,-364,-339,-347,-311,-334,-312,-285,-255,-196,-176,-151,-132,-123,-131,-120,-144,-144,-123,-130,-155,-134,-158,-151,-167,-155
21.55733,-383,-350,-360,-346,-356,-318,-344,-310,-287,-257,-195,-187,-158,-128,-127,-126,-114,-133,-133,-123,-120,-154,-132,-152,-135,-177,-156
21.56800,-381,-340,-360,-342,-343,-321,-347,-315,-277,-247,-198,-200,-144,-143,-121,-137,-129,-138,-147,-130,-120,-138,-128,-159,-137,-172,-159
21.57867,-386,-355,-359,-345,-347,-327,-335,-310,-278,-250,-202,-204,-154,-144,-112,-150,-135,-152,-132,-134,-138,-147,-130,-151,-142,-165,-163
21.58933,-389,-349,-359,-342,-339,-332,-335,-306,-285,-250,-194,-189,-148,-142,-114,-158,-146,-141,-143,-137,-139,-146,-140,-154,-155,-151,-159
21.60000,-373,-324,-366,-339,-351,-318,-313,-312,-285,-261,-197,-187,-143,-137,-134,-151,-134,-146,-157,-134,-141,-159,-127,-148,-155,-154,-161
21.61067,-366,-333,-372,-336,-346,-309,-318,-315,-278,-249,-202,-189,-146,-128,-123,-154,-130,-138,-144,-133,-131,-149,-129,-152,-148,-164,-163
21.62133,-374,-324,-367,-340,-360,-312,-332,-315,-281,-249,-208,-200,-152,-128,-132,-153,-126,-135,-153,-118,-132,-152,-118,-136,-143,-159,-150
21.63200,-384,-341,-362,-338,-358,-319,-325,-315,-276,-258,-202,-207,-153,-130,-130,-150,-129,-132,-157,-124,-139,-127,-141,-118,-146,-159,-153
21.64267,-384,-321,-359,-338,-350,-324,-338,-305,-273,-260,-198,-201,-154,-142,-132,-132,-135,-142,-156,-136,-134,-137,-140,-125,-144,-163,-141
21.65333,-388,-334,-341,-341,-355,-312,-343,-308,-266,-253,-196,-200,-147,-144,-136,-155,-139,-125,-140,-133,-130,-135,-128,-151,-155,-162,-158
21.66400,-380,-339,-353,-328,-345,-309,-341,-297,-276,-248,-196,-194,-146,-145,-127,-143,-130,-135,-153,-133,-124,-142,-115,-149,-155,-180,-153
21.67467,-341,-349,-364,-337,-349,-328,-338,-302,-270,-246,-194,-172,-150,-124,-121,-140,-122,-131,-141,-145,-114,-140,-121,-157,-141,-171,-155
21.68533,-345,-333,-385,-350,-370,-322,-338,-313,-284,-249,-193,-183,-141,-126,-125,-124,-119,-143,-139,-144,-116,-141,-130,-150,-141,-166,-161
21.69600,-356,-356,-389,-344,-366,-327,-343,-308,-282,-253,-193,-185,-152,-120,-121,-110,-110,-150,-134,-137,-123,-141,-149,-147,-133,-161,-157
21.70667,-368,-356,-364,-346,-347,-312,-333,-298,-281,-244,-207,-203,-150,-116,-122,-122,-116,-132,-141,-138,-123,-133,-135,-149,-142,-145,-164
21.71733,-381,-364,-367,-341,-349,-312,-324,-301,-289,-242,-202,-198,-154,-137,-108,-123,-130,-131,-139,-143,-126,-145,-124,-149,-134,-172,-149
21.72800,-363,-353,-352,-339,-347,-312,-338,-309,-299,-244,-193,-191,-152,-130,-115,-124,-127,-140,-131,-142,-136,-148,-111,-151,-136,-156,-151
21.73867,-357,-361,-351,-340,-339,-306,-338,-303,-290,-253,-205,-203,-147,-134,-123,-129,-137,-150,-139,-140,-126,-144,-123,-164,-146,-158,-169
21.74933,-352,-356,-349,-339,-357,-301,-342,-299,-281,-254,-197,-202,-145,-140,-114,-130,-143,-143,-126,-130,-147,-138,-126,-156,-143,-172,-173
21.76000,-379,-353,-356,-349,-350,-318,-334,-307,-274,-248,-198,-197,-157,-142,-114,-123,-132,-150,-129,-131,-135,-135,-131,-152,-152,-178,-162
21.77067,-386,-358,-362,-322,-338,-316,-331,-304,-284,-248,-197,-199,-148,-139,-108,-123,-130,-131,-128,-144,-119,-146,-136,-156,-143,-180,-155
21.78133,-381,-355,-368,-320,-342,-321,-341,-309,-285,-250,-188,-183,-143,-128,-114,-130,-133,-137,-148,-149,-125,-131,-140,-155,-125,-170,-175
21.79200,-369,-363,-365,-319,-346,-305,-339,-309,-281,-248,-188,-177,-154,-118,-115,-133,-122,-138,-148,-143,-128,-141,-130,-148,-142,-167,-171
21.80267,-380,-355,-373,-321,-350,-304,-337,-318,-292,-242,-193,-194,-148,-138,-119,-145,-113,-125,-157,-156,-114,-146,-123,-154,-147,-174,-171
21.81333,-374,-355,-368,-323,-354,-308,-346,-305,-296,-252,-203,-198,-149,-141,-130,-134,-121,-146,-148,-150,-121,-148,-137,-158,-139,-158,-163
21.82400,-373,-332,-358,-323,-351,-314,-335,-305,-291,-249,-188,-185,-156,-147,-124,-131,-120,-138,-153,-143,-124,-151,-113,-166,-139,-168,-165
21.83467,-383,-343,-385,-322,-349,-315,-317,-306,-284,-261,-190,-194,-146,-138,-125,-144,-131,-142,-142,-147,-125,-148,-120,-142,-134,-183,-162
21.84533,-371,-354,-363,-334,-345,-305,-330,-309,-275,-260,-198,-194,-138,-138,-119,-150,-149,-128,-142,-148,-142,-169,-129,-153,-134,-170,-157
21.85600,-353,-361,-377,-327,-341,-318,-340,-310,-292,-261,-199,-208,-142,-149,-118,-139,-136,-135,-136,-141,-129,-166,-124,-139,-163,-174,-159
21.86667,-368,-336,-364,-332,-333,-301,-339,-307,-287,-260,-193,-198,-156,-153,-121,-141,-132,-149,-147,-142,-141,-152,-126,-144,-148,-172,-164
21.87733,-360,-337,-350,-331,-340,-299,-327,-304,-284,-251,-191,-195,-165,-143,-132,-140,-128,-141,-142,-129,-142,-148,-140,-145,-150,-154,-159
21.88800,-370,-311,-370,-343,-349,-316,-319,-309,-265,-238,-186,-186,-144,-138,-118,-131,-127,-137,-135,-135,-139,-152,-143,-141,-146,-158,-164
21.89867,-358,-325,-346,-349,-339,-299,-329,-313,-267,-250,-205,-199,-144,-144,-121,-139,-118,-148,-137,-153,-131,-140,-136,-141,-141,-159,-163
21.90933,-370,-320,-374,-343,-341,-299,-315,-310,-272,-240,-196,-206,-158,-144,-129,-151,-128,-140,-147,-156,-150,-142,-128,-143,-152,-155,-171
21.92000,-370,-315,-378,-331,-352,-295,-317,-309,-290,-238,-204,-203,-150,-146,-127,-140,-124,-150,-133,-153,-143,-144,-135,-144,-138,-160,-162
21.93067,-369,-317,-362,-331,-353,-310,-307,-308,-285,-246,-208,-201,-164,-147,-132,-139,-118,-144,-123,-144,-151,-138,-128,-134,-165,-173,-153
21.94133,-334,-331,-356,-341,-354,-298,-318,-304,-269,-250,-201,-197,-163,-146,-125,-139,-134,-144,-140,-137,-144,-133,-143,-137,-170,-155,-163
21.95200,-331,-317,-347,-347,-339,-312,-332,-305,-284,-257,-189,-194,-151,-145,-128,-145,-130,-146,-127,-137,-131,-140,-131,-135,-155,-152,-155
21.96267,-373,-324,-343,-330,-349,-327,-329,-294,-277,-255,-204,-195,-147,-146,-135,-148,-135,-143,-133,-135,-134,-146,-129,-134,-141,-169,-153
21.97333,-363,-328,-348,-327,-345,-304,-322,-295,-280,-252,-196,-206,-144,-132,-131,-158,-134,-150,-142,-132,-127,-160,-124,-145,-145,-168,-165
21.98400,-367,-329,-344,-320,-335,-303,-326,-293,-279,-254,-185,-212,-148,-123,-125,-154,-120,-152,-133,-134,-126,-143,-115,-146,-130,-151,-156
21.99467,-355,-320,-333,-320,-347,-308,-343,-308,-284,-248,-185,-210,-154,-131,-125,-136,-126,-147,-127,-140,-121,-138,-123,-137,-145,-169,-172
22.00533,-349,-350,-339,-321,-336,-313,-343,-301,-285,-241,-180,-203,-156,-133,-126,-134,-123,-137,-131,-134,-132,-130,-112,-137,-144,-149,-162
22.01600,-377,-345,-355,-323,-331,-326,-336,-295,-270,-243,-183,-195,-155,-140,-127,-139,-118,-138,-151,-130,-125,-146,-117,-152,-162,-162,-160
22.02667,-371,-346,-359,-328,-337,-316,-335,-304,-265,-248,-185,-192,-142,-139,-118,-124,-122,-136,-141,-116,-121,-139,-138,-140,-154,-152,-173
22.03733,-389,-356,-373,-326,-340,-315,-328,-300,-281,-249,-204,-197,-139,-147,-121,-123,-116,-136,-139,-135,-124,-148,-113,-156,-153,-151,-177
22.04800,-364,-339,-359,-329,-348,-312,-340,-309,-285,-254,-205,-190,-143,-132,-123,-127,-122,-139,-136,-138,-119,-139,-133,-153,-141,-167,-166
22.05867,-384,-340,-369,-329,-346,-316,-338,-303,-283,-251,-199,-184,-152,-139,-133,-142,-133,-144,-143,-149,-123,-130,-130,-152,-148,-165,-163
22.06933,-374,-354,-374,-335,-362,-320,-337,-305,-280,-252,-188,-181,-162,-142,-120,-143,-132,-148,-137,-147,-110,-132,-140,-153,-132,-160,-164
22.08000,-369,-343,-351,-348,-356,-328,-345,-305,-275,-248,-188,-189,-146,-128,-115,-135,-145,-141,-133,-145,-122,-125,-138,-147,-139,-155,-171
22.09067,-371,-345,-363,-342,-339,-316,-348,-287,-271,-251,-195,-183,-145,-129,-127,-132,-122,-130,-137,-115,-138,-143,-132,-154,-141,-163,-172
22.10133,-382,-361,-361,-330,-338,-320,-326,-308,-281,-254,-195,-192,-139,-143,-111,-136,-113,-128,-136,-128,-135,-144,-139,-151,-169,-163,-152
22.11200,-389,-357,-356,-348,-347,-323,-331,-304,-279,-245,-192,-193,-137,-137,-122,-115,-124,-126,-127,-125,-137,-141,-147,-145,-152,-165,-149
22.12267,-381,-342,-358,-338,-345,-320,-327,-304,-283,-245,-182,-193,-148,-138,-135,-142,-128,-136,-141,-125,-116,-158,-126,-145,-135,-172,-167
22.13333,-374,-332,-357,-339,-374,-327,-337,-311,-274,-246,-191,-187,-157,-149,-128,-134,-135,-147,-150,-143,-127,-144,-125,-150,-148,-162,-173
22.14400,-366,-336,-344,-320,-368,-317,-341,-307,-277,-253,-205,-191,-145,-146,-129,-131,-141,-150,-143,-149,-132,-154,-140,-155,-149,-172,-173
22.15467,-374,-360,-367,-347,-354,-317,-322,-320,-287,-259,-210,-197,-145,-143,-124,-146,-137,-152,-151,-128,-123,-138,-131,-173,-158,-163,-168
22.16533,-400,-357,-362,-343,-357,-311,-330,-308,-289,-258,-195,-196,-161,-138,-130,-149,-131,-152,-151,-154,-124,-140,-122,-165,-146,-163,-147
22.17600,-374,-335,-348,-325,-352,-306,-331,-302,-284,-249,-205,-198,-151,-140,-131,-151,-127,-158,-130,-130,-121,-141,-117,-168,-151,-175,-169
22.18667,-349,-362,-348,-333,-346,-312,-344,-298,-279,-251,-202,-198,-149,-137,-135,-137,-127,-135,-123,-134,-135,-150,-120,-152,-147,-169,-174
22.19733,-366,-361,-348,-335,-349,-319,-340,-298,-278,-249,-199,-197,-163,-145,-148,-137,-132,-143,-131,-135,-131,-157,-131,-134,-151,-156,-185
22.20800,-394,-351,-364,-348,-354,-314,-348,-305,-289,-243,-198,-195,-150,-157,-137,-149,-139,-130,-147,-133,-125,-157,-126,-144,-147,-162,-186
22.21867,-371,-328,-376,-337,-348,-316,-336,-317,-286,-243,-186,-196,-159,-154,-143,-140,-134,-147,-157,-138,-143,-143,-137,-145,-143,-172,-161
22.22933,-391,-333,-368,-344,-359,-309,-334,-306,-279,-256,-189,-194,-150,-150,-136,-154,-132,-149,-150,-148,-140,-134,-138,-154,-138,-162,-171
22.24000,-377,-332,-374,-354,-373,-313,-340,-298,-271,-260,-203,-190,-151,-140,-137,-147,-136,-137,-157,-147,-143,-123,-131,-158,-141,-159,-177
22.25067,-381,-334,-364,-348,-356,-315,-322,-305,-272,-256,-199,-184,-143,-140,-136,-137,-129,-145,-139,-132,-137,-139,-127,-158,-155,-150,-182
22.26133,-388,-322,-372,-345,-352,-322,-333,-311,-280,-255,-203,-186,-140,-134,-134,-141,-135,-142,-149,-146,-142,-154,-112,-168,-143,-163,-166
22.27200,-363,-329,-368,-353,-355,-314,-328,-304,-286,-248,-206,-189,-139,-134,-140,-126,-131,-156,-127,-133,-132,-155,-134,-146,-136,-162,-164
22.28267,-371,-352,-343,-340,-346,-309,-340,-301,-278,-254,-207,-192,-136,-139,-137,-137,-127,-149,-137,-140,-129,-158,-134,-152,-143,-161,-166
22.29333,-402,-357,-353,-354,-342,-314,-327,-314,-278,-253,-214,-196,-140,-138,-149,-148,-139,-139,-156,-143,-133,-154,-145,-140,-143,-160,-170
22.30400,-383,-356,-358,-344,-339,-312,-331,-304,-281,-253,-207,-202,-141,-145,-136,-151,-123,-138,-143,-135,-143,-142,-155,-149,-138,-175,-168
22.31467,-407,-345,-346,-344,-334,-324,-349,-307,-278,-269,-210,-200,-157,-139,-138,-147,-126,-141,-141,-142,-153,-136,-149,-166,-150,-174,-176
22.32533,-392,-346,-342,-345,-342,-319,-345,-312,-290,-278,-203,-194,-163,-146,-139,-142,-135,-149,-149,-142,-136,-137,-149,-157,-150,-161,-168
22.33600,-395,-357,-348,-364,-344,-314,-345,-314,-272,-263,-193,-186,-160,-134,-144,-129,-131,-160,-140,-135,-145,-138,-147,-149,-140,-167,-166
22.34667,-370,-380,-376,-355,-357,-315,-335,-317,-284,-261,-208,-194,-149,-139,-133,-136,-132,-143,-145,-137,-118,-155,-149,-141,-149,-169,-163
22.35733,-389,-360,-374,-364,-360,-302,-336,-318,-287,-250,-207,-201,-147,-152,-130,-129,-140,-141,-139,-140,-136,-154,-143,-145,-147,-168,-161
22.36800,-403,-342,-363,-338,-347,-313,-341,-315,-292,-255,-205,-191,-152,-163,-127,-150,-132,-130,-148,-136,-139,-151,-131,-158,-140,-168,-151
22.37867,-374,-350,-355,-359,-368,-324,-346,-317,-297,-241,-205,-198,-157,-146,-134,-129,-130,-131,-141,-132,-132,-148,-119,-154,-146,-173,-150
22.38933,-390,-344,-361,-337,-370,-340,-353,-319,-289,-245,-207,-201,-150,-139,-131,-141,-132,-142,-154,-137,-134,-151,-114,-147,-153,-179,-164
22.40000,-378,-338,-367,-343,-352,-329,-354,-310,-287,-248,-195,-201,-140,-133,-128,-139,-133,-158,-140,-142,-130,-160,-118,-149,-157,-150,-156
22.41067,-365,-328,-359,-341,-343,-332,-349,-300,-290,-249,-197,-194,-150,-150,-131,-136,-117,-160,-136,-144,-134,-154,-122,-151,-147,-157,-167
22.42133,-344,-321,-362,-339,-362,-333,-354,-309,-290,-260,-204,-196,-154,-141,-132,-122,-121,-151,-154,-132,-139,-134,-119,-140,-150,-172,-167
22.43200,-343,-326,-362,-336,-360,-321,-351,-306,-267,-264,-210,-200,-165,-161,-140,-129,-116,-148,-155,-128,-131,-152,-113,-162,-148,-171,-157
22.44267,-372,-340,-380,-349,-360,-319,-348,-319,-268,-261,-203,-201,-158,-142,-143,-146,-129,-150,-149,-129,-145,-155,-134,-165,-146,-176,-169
22.45333,-386,-355,-374,-343,-343,-321,-351,-319,-284,-259,-207,-201,-155,-150,-142,-144,-122,-138,-142,-130,-126,-159,-122,-152,-150,-168,-177
22.46400,-371,-342,-370,-339,-362,-319,-344,-312,-279,-248,-211,-197,-153,-149,-139,-134,-149,-142,-150,-125,-123,-139,-140,-139,-161,-170,-171
22.47467,-348,-338,-347,-334,-368,-308,-346,-318,-273,-251,-203,-198,-141,-150,-137,-144,-138,-146,-147,-138,-136,-147,-128,-146,-135,-181,-167
22.48533,-366,-337,-356,-329,-349,-310,-353,-313,-281,-255,-207,-199,-142,-145,-125,-144,-140,-134,-138,-157,-142,-134,-130,-176,-148,-174,-160
22.49600,-367,-322,-363,-339,-339,-305,-339,-307,-282,-263,-212,-202,-157,-168,-130,-133,-136,-141,-150,-143,-152,-140,-119,-147,-135,-168,-156
22.50667,-388,-327,-341,-330,-337,-304,-324,-315,-292,-250,-207,-193,-153,-159,-150,-128,-145,-150,-161,-145,-146,-156,-132,-139,-130,-176,-142
22.51733,-355,-335,-342,-323,-355,-311,-322,-316,-280,-258,-196,-201,-166,-159,-136,-145,-138,-149,-150,-147,-150,-142,-152,-141,-147,-163,-150
22.52800,-368,-320,-342,-333,-348,-302,-323,-317,-288,-250,-209,-198,-166,-147,-145,-146,-143,-135,-141,-153,-131,-162,-141,-156,-132,-171,-170
22.53867,-396,-333,-351,-323,-359,-321,-336,-313,-292,-252,-207,-198,-149,-164,-143,-144,-141,-144,-143,-135,-118,-162,-128,-157,-149,-175,-165
22.54933,-395,-331,-351,-304,-352,-327,-325,-307,-278,-253,-200,-201,-154,-157,-140,-153,-135,-141,-138,-133,-137,-159,-132,-154,-149,-160,-180
22.56000,-382,-341,-341,-324,-346,-333,-330,-316,-285,-248,-209,-204,-153,-155,-136,-138,-137,-153,-144,-129,-147,-165,-125,-164,-152,-159,-160
22.57067,-363,-362,-337,-333,-346,-310,-327,-308,-296,-253,-213,-194,-170,-154,-138,-146,-125,-142,-143,-134,-133,-146,-133,-152,-164,-159,-164
22.58133,-377,-346,-346,-326,-340,-311,-330,-314,-299,-246,-213,-198,-158,-152,-139,-140,-129,-150,-142,-136,-135,-157,-122,-159,-156,-165,-157
22.59200,-351,-349,-352,-323,-337,-300,-329,-311,-288,-251,-211,-206,-159,-153,-130,-139,-127,-163,-149,-138,-148,-155,-139,-149,-143,-163,-159
22.60267,-382,-330,-375,-328,-336,-316,-325,-300,-292,-255,-198,-205,-167,-148,-133,-151,-137,-162,-157,-153,-143,-150,-143,-156,-168,-161,-161
22.61333,-377,-342,-352,-336,-331,-303,-339,-300,-280,-259,-206,-193,-160,-156,-142,-144,-146,-143,-147,-146,-129,-155,-129,-139,-146,-172,-157
22.62400,-370,-332,-347,-331,-336,-304,-335,-305,-287,-255,-206,-196,-175,-144,-140,-139,-143,-155,-140,-128,-146,-168,-150,-155,-161,-178,-161
22.63467,-372,-343,-353,-314,-333,-298,-323,-303,-303,-247,-204,-193,-166,-155,-131,-144,-140,-153,-152,-134,-145,-139,-139,-153,-151,-165,-182
22.64533,-379,-351,-354,-337,-339,-301,-329,-303,-288,-256,-204,-193,-149,-151,-133,-150,-142,-155,-152,-153,-145,-148,-128,-154,-151,-168,-168
22.65600,-381,-335,-358,-348,-352,-305,-327,-307,-277,-252,-199,-196,-155,-145,-133,-150,-134,-158,-153,-129,-130,-158,-124,-152,-129,-155,-164
22.66667,-360,-326,-362,-349,-352,-312,-334,-308,-282,-260,-200,-204,-163,-152,-143,-144,-118,-161,-148,-141,-136,-153,-134,-156,-138,-165,-168
22.67733,-383,-334,-369,-345,-346,-312,-337,-312,-281,-258,-206,-210,-162,-153,-134,-146,-130,-152,-143,-141,-138,-153,-134,-153,-147,-176,-165
22.68800,-368,-346,-382,-326,-340,-316,-327,-312,-285,-266,-198,-201,-171,-142,-118,-150,-132,-149,-150,-152,-137,-152,-150,-151,-150,-175,-164
22.69867,-371,-351,-352,-328,-344,-319,-343,-313,-291,-254,-197,-192,-161,-134,-124,-144,-139,-155,-156,-141,-135,-149,-125,-135,-154,-164,-167
22.70933,-366,-350,-368,-332,-331,-302,-339,-298,-277,-253,-203,-196,-152,-153,-146,-135,-142,-142,-145,-141,-144,-144,-130,-154,-141,-165,-156
22.72000,-367,-347,-349,-330,-326,-298,-327,-311,-276,-255,-205,-187,-153,-146,-135,-131,-129,-143,-148,-140,-131,-158,-140,-159,-153,-173,-158
22.73067,-366,-334,-349,-322,-338,-301,-331,-317,-284,-268,-209,-193,-147,-132,-141,-132,-137,-148,-144,-136,-132,-157,-138,-149,-142,-160,-170
22.74133,-353,-349,-343,-320,-343,-321,-341,-303,-283,-258,-216,-203,-158,-153,-137,-146,-147,-149,-153,-128,-136,-150,-140,-148,-158,-159,-163
22.75200,-340,-359,-339,-324,-328,-311,-344,-309,-288,-259,-211,-200,-161,-158,-143,-153,-155,-151,-159,-132,-142,-152,-149,-150,-146,-163,-174
22.76267,-350,-345,-347,-328,-346,-311,-355,-307,-288,-251,-219,-218,-155,-144,-148,-148,-138,-148,-161,-140,-139,-148,-139,-160,-143,-160,-163
22.77333,-353,-338,-338,-322,-343,-311,-331,-310,-284,-257,-217,-203,-163,-146,-135,-156,-147,-149,-164,-131,-138,-157,-139,-148,-145,-153,-166
22.78400,-352,-333,-355,-324,-333,-305,-319,-311,-287,-260,-211,-202,-151,-145,-142,-146,-128,-144,-160,-136,-127,-151,-130,-154,-164,-166,-151
22.79467,-379,-334,-346,-317,-338,-304,-322,-302,-291,-251,-206,-198,-154,-143,-136,-147,-134,-139,-149,-141,-139,-146,-142,-168,-158,-166,-158
22.80533,-404,-332,-343,-313,-336,-309,-333,-300,-285,-259,-197,-198,-161,-144,-152,-152,-131,-151,-150,-150,-146,-147,-140,-152,-146,-156,-157
22.81600,-370,-340,-335,-331,-343,-314,-331,-303,-289,-244,-200,-203,-153,-135,-142,-147,-127,-150,-143,-131,-143,-143,-144,-157,-157,-153,-163
22.82667,-364,-336,-336,-332,-347,-313,-334,-301,-284,-251,-205,-200,-158,-138,-145,-145,-143,-154,-153,-141,-148,-135,-151,-151,-158,-172,-172
22.83733,-356,-339,-342,-328,-339,-323,-335,-303,-283,-256,-216,-200,-156,-139,-154,-140,-139,-144,-155,-149,-153,-143,-154,-153,-145,-162,-159
22.84800,-364,-334,-331,-340,-342,-310,-336,-301,-287,-248,-206,-196,-160,-144,-137,-152,-134,-145,-159,-138,-155,-158,-139,-151,-152,-151,-171
22.85867,-351,-343,-360,-328,-327,-315,-329,-309,-286,-261,-204,-198,-163,-142,-153,-158,-125,-155,-148,-130,-154,-153,-143,-143,-146,-150,-162
22.86933,-354,-356,-358,-315,-351,-319,-333,-310,-282,-259,-205,-196,-163,-144,-145,-168,-128,-144,-150,-138,-150,-149,-145,-148,-135,-153,-163
22.88000,-347,-339,-353,-325,-347,-315,-325,-300,-292,-272,-204,-194,-158,-146,-130,-162,-121,-140,-147,-162,-147,-162,-146,-157,-149,-168,-169
22.89067,-362,-337,-358,-310,-342,-301,-324,-295,-302,-268,-205,-201,-160,-147,-130,-147,-130,-146,-135,-156,-128,-146,-141,-152,-154,-186,-171
22.90133,-376,-329,-367,-320,-336,-303,-325,-308,-291,-265,-207,-199,-157,-151,-136,-150,-132,-140,-151,-144,-122,-152,-126,-162,-141,-173,-186
22.91200,-380,-341,-354,-323,-340,-314,-333,-310,-291,-254,-218,-192,-161,-139,-136,-147,-116,-155,-142,-144,-130,-140,-137,-156,-141,-163,-193
22.92267,-380,-326,-340,-335,-351,-313,-343,-315,-278,-261,-213,-196,-162,-149,-123,-145,-119,-136,-147,-145,-129,-143,-142,-157,-138,-176,-176
22.93333,-352,-305,-350,-329,-340,-312,-339,-312,-283,-255,-208,-210,-157,-145,-126,-138,-128,-148,-153,-154,-130,-159,-137,-159,-154,-164,-165
22.94400,-340,-332,-371,-330,-345,-320,-336,-305,-284,-249,-203,-204,-148,-137,-140,-134,-119,-135,-142,-133,-143,-151,-145,-150,-155,-176,-170
22.95467,-364,-333,-363,-324,-341,-317,-335,-313,-292,-260,-201,-200,-142,-146,-142,-143,-136,-138,-146,-129,-135,-149,-136,-155,-132,-175,-159
22.96533,-347,-331,-351,-343,-329,-303,-346,-305,-279,-256,-190,-208,-146,-147,-145,-132,-126,-144,-154,-130,-134,-151,-134,-148,-123,-181,-155
22.97600,-339,-328,-347,-330,-319,-302,-341,-313,-273,-262,-182,-213,-141,-155,-135,-152,-144,-137,-145,-120,-126,-138,-146,-151,-140,-160,-159
22.98667,-350,-334,-366,-314,-326,-314,-332,-312,-282,-248,-199,-211,-154,-140,-135,-150,-156,-144,-149,-127,-113,-145,-128,-169,-134,-174,-165
22.99733,-358,-317,-355,-315,-334,-319,-332,-305,-289,-249,-202,-206,-156,-146,-140,-146,-147,-139,-148,-128,-130,-156,-137,-170,-128,-173,-169
23.00800,-339,-337,-338,-320,-328,-302,-338,-291,-287,-247,-200,-205,-153,-144,-139,-141,-137,-145,-140,-152,-123,-166,-134,-155,-141,-174,-168
23.01867,-364,-354,-364,-346,-338,-311,-340,-304,-280,-244,-200,-193,-155,-138,-138,-135,-135,-151,-165,-144,-131,-162,-136,-142,-142,-173,-170
23.02933,-378,-355,-351,-345,-344,-304,-346,-309,-268,-242,-184,-190,-152,-147,-126,-148,-146,-143,-154,-129,-147,-159,-140,-149,-156,-165,-163
23.04000,-385,-371,-373,-341,-339,-304,-334,-304,-279,-257,-192,-197,-146,-157,-126,-148,-141,-137,-150,-124,-133,-153,-134,-147,-145,-165,-166
23.05067,-387,-365,-360,-346,-360,-314,-332,-306,-275,-250,-196,-197,-154,-148,-121,-135,-128,-145,-129,-129,-132,-148,-155,-146,-141,-154,-165
23.06133,-391,-373,-359,-339,-341,-301,-329,-302,-277,-252,-212,-202,-147,-147,-128,-143,-138,-156,-146,-131,-129,-148,-152,-143,-132,-150,-163
23.07200,-358,-371,-351,-327,-338,-308,-328,-306,-273,-255,-202,-208,-152,-144,-126,-151,-136,-156,-153,-133,-127,-156,-144,-136,-139,-157,-162
23.08267,-349,-367,-366,-338,-345,-304,-327,-305,-273,-255,-190,-201,-153,-142,-120,-146,-138,-140,-143,-137,-132,-153,-136,-152,-147,-176,-159
23.09333,-370,-361,-365,-335,-347,-289,-330,-301,-288,-252,-189,-207,-159,-144,-121,-149,-127,-130,-159,-130,-126,-150,-133,-157,-156,-166,-166
23.10400,-359,-354,-373,-323,-347,-281,-335,-307,-289,-248,-192,-214,-159,-135,-123,-146,-124,-146,-152,-140,-125,-141,-140,-156,-155,-164,-156
23.11467,-357,-338,-376,-334,-341,-296,-340,-303,-282,-252,-199,-205,-146,-139,-129,-132,-118,-144,-135,-133,-129,-141,-118,-145,-152,-154,-154
23.12533,-362,-327,-366,-326,-337,-303,-341,-308,-284,-251,-189,-193,-155,-146,-126,-129,-123,-143,-138,-143,-145,-154,-119,-161,-142,-157,-155
23.13600,-345,-329,-344,-324,-328,-296,-332,-306,-282,-252,-196,-191,-157,-148,-135,-128,-129,-142,-158,-135,-141,-151,-119,-157,-134,-176,-154
23.14667,-341,-328,-359,-328,-334,-314,-325,-294,-284,-240,-191,-201,-153,-147,-131,-129,-136,-143,-148,-141,-127,-145,-127,-154,-155,-172,-157
23.15733,-342,-330,-353,-316,-338,-305,-326,-294,-284,-237,-210,-206,-164,-151,-139,-144,-136,-133,-152,-160,-133,-151,-119,-149,-129,-162,-164
23.16800,-367,-342,-331,-328,-342,-300,-327,-292,-289,-243,-202,-197,-156,-156,-139,-160,-147,-140,-152,-148,-141,-145,-107,-159,-132,-153,-163
23.17867,-357,-314,-327,-322,-338,-308,-341,-295,-281,-248,-201,-196,-157,-154,-129,-147,-138,-141,-158,-138,-128,-146,-115,-165,-134,-162,-150
23.18933,-351,-325,-329,-328,-319,-311,-325,-291,-285,-252,-201,-193,-158,-155,-134,-138,-138,-135,-140,-137,-128,-129,-121,-156,-143,-168,-157
23.20000,-358,-334,-329,-315,-324,-298,-325,-307,-286,-254,-209,-194,-156,-145,-141,-148,-144,-147,-152,-152,-138,-153,-133,-166,-164,-158,-145
23.21067,-360,-332,-328,-311,-326,-303,-333,-303,-275,-249,-209,-187,-160,-141,-135,-140,-131,-143,-141,-144,-136,-158,-135,-140,-151,-167,-145
23.22133,-355,-334,-339,-310,-344,-296,-329,-306,-282,-258,-213,-185,-161,-144,-141,-133,-141,-144,-151,-154,-123,-155,-141,-155,-142,-171,-159
23.23200,-372,-327,-350,-313,-334,-302,-341,-299,-280,-252,-216,-193,-159,-136,-135,-149,-127,-139,-168,-142,-124,-143,-146,-148,-158,-157,-158
23.24267,-374,-337,-345,-315,-337,-305,-339,-296,-273,-251,-218,-195,-164,-153,-144,-156,-135,-149,-145,-136,-141,-141,-149,-163,-141,-168,-165
23.25333,-353,-322,-330,-321,-331,-302,-325,-296,-268,-261,-207,-202,-158,-147,-147,-163,-143,-140,-144,-138,-142,-146,-157,-162,-147,-159,-161
23.26400,-360,-321,-331,-324,-327,-299,-308,-311,-282,-261,-206,-202,-154,-131,-133,-162,-138,-150,-145,-131,-128,-143,-129,-152,-161,-156,-174
23.27467,-363,-324,-344,-319,-321,-303,-315,-297,-279,-255,-202,-202,-168,-141,-129,-168,-152,-155,-168,-151,-136,-159,-134,-157,-149,-149,-163
23.28533,-345,-343,-327,-307,-326,-300,-319,-298,-280,-247,-204,-203,-164,-142,-130,-158,-143,-150,-147,-136,-154,-143,-141,-168,-137,-160,-170
23.29600,-367,-310,-350,-278,-321,-289,-312,-295,-281,-254,-203,-204,-166,-146,-130,-154,-149,-150,-133,-136,-145,-155,-136,-171,-142,-159,-157
23.30667,-350,-303,-346,-286,-304,-294,-328,-286,-280,-253,-205,-216,-154,-159,-131,-156,-142,-138,-146,-156,-145,-158,-129,-166,-151,-162,-173
23.31733,-356,-296,-325,-301,-314,-299,-310,-294,-269,-255,-213,-209,-145,-153,-136,-157,-123,-143,-149,-141,-141,-146,-132,-154,-133,-159,-162
23.32800,-351,-303,-324,-293,-306,-307,-312,-307,-274,-256,-207,-217,-146,-146,-125,-145,-126,-139,-153,-157,-144,-139,-131,-157,-151,-151,-152
23.33867,-329,-309,-335,-305,-321,-290,-300,-298,-271,-259,-212,-208,-165,-149,-145,-148,-126,-152,-156,-153,-137,-137,-129,-153,-148,-152,-160
23.34933,-339,-319,-343,-305,-326,-291,-303,-289,-264,-249,-198,-206,-160,-141,-143,-160,-131,-137,-149,-156,-135,-134,-128,-164,-143,-168,-176
23.36000,-354,-325,-347,-301,-318,-303,-313,-298,-271,-256,-195,-203,-166,-145,-143,-157,-132,-137,-142,-136,-140,-153,-134,-171,-162,-169,-158
23.37067,-355,-326,-335,-306,-329,-297,-315,-304,-282,-250,-194,-194,-154,-147,-129,-140,-140,-138,-147,-138,-145,-168,-130,-171,-152,-168,-166
23.38133,-344,-337,-336,-317,-319,-302,-327,-300,-280,-265,-198,-193,-164,-145,-139,-135,-132,-148,-156,-147,-134,-163,-135,-161,-152,-162,-153
23.39200,-353,-334,-345,-313,-339,-307,-336,-304,-275,-258,-204,-210,-158,-140,-130,-129,-127,-143,-153,-153,-121,-154,-142,-164,-146,-158,-145
23.40267,-346,-329,-335,-316,-323,-295,-332,-302,-266,-232,-184,-190,-140,-142,-120,-138,-127,-145,-141,-137,-118,-146,-103,-159,-144,-153,-148
23.41333,-339,-326,-337,-320,-332,-297,-324,-298,-274,-245,-203,-182,-150,-126,-126,-149,-115,-128,-132,-128,-124,-158,-122,-152,-144,-153,-153
23.42400,-359,-337,-333,-331,-336,-309,-339,-311,-278,-262,-198,-195,-143,-144,-129,-147,-132,-142,-150,-137,-142,-159,-137,-148,-153,-167,-147
23.43467,-343,-314,-346,-311,-333,-309,-324,-306,-283,-252,-192,-199,-154,-134,-133,-135,-121,-137,-160,-129,-129,-149,-131,-145,-147,-162,-151
23.44533,-349,-319,-345,-328,-335,-303,-325,-306,-281,-254,-186,-205,-156,-141,-140,-143,-138,-135,-160,-127,-128,-148,-128,-159,-145,-162,-155
23.45600,-357,-328,-323,-328,-321,-295,-323,-307,-286,-246,-189,-198,-153,-142,-134,-135,-134,-136,-159,-156,-136,-146,-141,-161,-137,-180,-141
23.46667,-350,-326,-331,-311,-333,-291,-322,-308,-287,-256,-189,-199,-154,-158,-120,-139,-113,-139,-165,-158,-133,-151,-147,-170,-164,-173,-145
23.47733,-356,-329,-353,-303,-333,-297,-317,-313,-278,-251,-192,-198,-148,-143,-123,-145,-133,-158,-159,-137,-128,-134,-122,-169,-149,-168,-152
23.48800,-368,-318,-342,-317,-323,-295,-326,-301,-259,-251,-195,-195,-146,-133,-126,-137,-135,-157,-152,-134,-126,-142,-132,-157,-122,-143,-169
23.49867,-358,-321,-351,-332,-334,-304,-328,-307,-266,-254,-191,-203,-145,-141,-138,-146,-140,-149,-148,-126,-123,-147,-132,-154,-148,-145,-172
23.50933,-346,-335,-353,-331,-318,-318,-328,-310,-272,-256,-193,-195,-134,-150,-132,-150,-120,-142,-143,-129,-128,-162,-133,-127,-149,-164,-164
23.52000,-366,-326,-334,-323,-312,-319,-337,-303,-277,-253,-203,-195,-143,-140,-128,-154,-130,-136,-156,-134,-133,-166,-131,-133,-145,-161,-169
23.53067,-339,-337,-342,-307,-322,-297,-335,-295,-271,-254,-195,-199,-158,-143,-133,-144,-136,-139,-149,-154,-131,-169,-136,-145,-138,-165,-162
23.54133,-327,-326,-331,-310,-319,-300,-325,-289,-269,-256,-194,-193,-159,-140,-133,-139,-141,-138,-150,-143,-147,-147,-141,-165,-129,-160,-158
23.55200,-355,-309,-325,-308,-332,-300,-329,-297,-281,-246,-199,-209,-164,-143,-139,-124,-139,-134,-149,-128,-135,-133,-145,-139,-145,-160,-167
23.56267,-335,-324,-329,-320,-329,-317,-332,-296,-275,-242,-202,-212,-159,-138,-151,-137,-142,-132,-160,-144,-132,-142,-140,-152,-150,-171,-152
23.57333,-356,-330,-341,-322,-317,-310,-334,-294,-274,-249,-196,-212,-156,-132,-153,-138,-145,-150,-155,-148,-137,-145,-124,-152,-149,-170,-167
23.58400,-343,-342,-368,-343,-333,-308,-347,-289,-284,-255,-202,-203,-150,-135,-135,-145,-128,-147,-141,-131,-123,-138,-131,-160,-146,-165,-171
23.59467,-347,-335,-351,-339,-342,-312,-336,-294,-284,-249,-202,-207,-150,-137,-133,-143,-150,-141,-139,-143,-129,-143,-123,-155,-150,-149,-178
23.60533,-376,-322,-344,-336,-339,-306,-323,-297,-290,-250,-199,-191,-153,-134,-132,-146,-144,-133,-139,-135,-119,-146,-128,-142,-162,-158,-156
23.61600,-358,-314,-358,-330,-343,-312,-325,-305,-289,-251,-190,-199,-157,-145,-133,-159,-137,-136,-138,-148,-147,-148,-130,-143,-150,-157,-177
23.62667,-365,-341,-337,-338,-347,-307,-328,-296,-278,-258,-200,-177,-155,-152,-122,-158,-129,-135,-149,-143,-155,-153,-119,-149,-151,-160,-168
23.63733,-345,-341,-330,-323,-342,-304,-343,-298,-283,-257,-206,-181,-152,-148,-124,-161,-126,-139,-145,-138,-157,-146,-128,-159,-150,-162,-162
23.64800,-341,-338,-338,-312,-330,-296,-337,-306,-282,-262,-209,-192,-143,-150,-117,-155,-131,-141,-152,-147,-159,-154,-155,-158,-150,-168,-166
23.65867,-344,-318,-331,-327,-339,-308,-334,-304,-283,-258,-211,-204,-165,-138,-120,-138,-133,-148,-152,-148,-133,-141,-127,-154,-147,-153,-165
23.66933,-370,-321,-345,-320,-341,-308,-326,-287,-278,-264,-187,-205,-156,-142,-122,-142,-141,-149,-151,-138,-120,-167,-132,-154,-151,-154,-175
23.68000,-356,-318,-348,-338,-339,-303,-324,-293,-270,-249,-184,-202,-148,-158,-139,-148,-145,-143,-153,-144,-134,-160,-146,-150,-156,-156,-154
23.69067,-355,-341,-334,-341,-335,-297,-332,-289,-277,-247,-195,-190,-154,-154,-134,-140,-149,-141,-150,-135,-138,-147,-126,-162,-154,-174,-147
23.70133,-348,-326,-341,-336,-333,-303,-325,-297,-275,-251,-201,-183,-155,-145,-138,-125,-138,-141,-157,-129,-125,-179,-129,-154,-147,-167,-155
23.71200,-349,-328,-332,-332,-336,-302,-319,-295,-290,-247,-193,-193,-145,-142,-135,-133,-143,-153,-155,-146,-132,-165,-141,-169,-138,-161,-158
23.72267,-346,-325,-335,-334,-334,-309,-322,-296,-281,-253,-196,-205,-152,-138,-141,-152,-130,-147,-154,-130,-139,-154,-147,-173,-141,-159,-150
23.73333,-365,-325,-328,-321,-337,-301,-323,-306,-289,-249,-197,-214,-128,-144,-122,-135,-135,-146,-148,-150,-141,-151,-147,-150,-148,-157,-151
23.74400,-371,-309,-341,-314,-335,-300,-331,-302,-286,-248,-194,-217,-152,-146,-118,-135,-130,-149,-130,-143,-132,-151,-123,-150,-142,-171,-159
23.75467,-363,-308,-345,-314,-336,-287,-335,-302,-273,-251,-181,-207,-159,-140,-141,-155,-138,-154,-139,-149,-117,-159,-126,-161,-141,-161,-167
23.76533,-351,-298,-342,-312,-334,-291,-330,-303,-293,-248,-183,-203,-164,-156,-130,-163,-136,-146,-139,-152,-109,-147,-126,-174,-158,-162,-159
23.77600,-343,-313,-337,-311,-346,-295,-317,-303,-287,-245,-193,-210,-158,-151,-135,-160,-147,-152,-155,-154,-137,-145,-129,-152,-154,-166,-154
23.78667,-356,-329,-318,-324,-334,-288,-327,-302,-290,-243,-201,-203,-145,-150,-151,-139,-136,-148,-154,-146,-138,-160,-113,-165,-151,-168,-153
23.79733,-337,-318,-326,-317,-322,-300,-326,-301,-279,-252,-209,-201,-144,-147,-145,-128,-141,-154,-153,-136,-145,-150,-134,-155,-158,-160,-163
23.80800,-357,-334,-322,-314,-327,-306,-327,-293,-283,-254,-204,-200,-149,-159,-136,-140,-140,-141,-137,-145,-140,-157,-123,-136,-139,-131,-160
23.81867,-348,-325,-343,-303,-328,-295,-325,-296,-274,-238,-200,-214,-154,-138,-131,-144,-153,-142,-132,-145,-135,-155,-109,-137,-154,-157,-154
23.82933,-339,-324,-352,-308,-342,-285,-319,-301,-265,-234,-207,-205,-158,-130,-135,-152,-138,-151,-142,-143,-136,-155,-118,-141,-154,-151,-153
23.84000,-333,-305,-368,-317,-345,-283,-325,-298,-273,-243,-192,-205,-151,-143,-138,-138,-119,-159,-150,-131,-143,-160,-133,-144,-136,-155,-151
23.85067,-329,-313,-363,-335,-340,-296,-335,-294,-281,-259,-195,-210,-157,-139,-146,-153,-125,-138,-141,-136,-141,-149,-126,-137,-152,-170,-166
23.86133,-373,-332,-339,-329,-346,-309,-343,-295,-269,-254,-203,-205,-154,-131,-152,-145,-122,-136,-133,-137,-126,-154,-125,-143,-170,-151,-170
23.87200,-355,-317,-333,-324,-332,-314,-330,-299,-263,-248,-196,-198,-141,-135,-130,-147,-123,-131,-137,-136,-133,-162,-115,-162,-169,-157,-154
23.88267,-350,-315,-330,-326,-338,-303,-328,-298,-267,-244,-194,-190,-148,-127,-142,-143,-123,-137,-129,-141,-125,-127,-126,-147,-164,-165,-166
23.89333,-357,-324,-329,-316,-325,-295,-332,-303,-265,-240,-188,-193,-153,-136,-141,-140,-121,-139,-150,-135,-126,-141,-124,-151,-159,-174,-175
23.90400,-362,-320,-348,-322,-345,-310,-333,-309,-271,-248,-198,-209,-158,-142,-137,-129,-134,-135,-152,-119,-132,-158,-126,-157,-148,-160,-160
23.91467,-369,-332,-340,-318,-325,-304,-331,-299,-273,-256,-194,-201,-159,-137,-125,-136,-125,-132,-157,-140,-144,-161,-121,-161,-150,-159,-166
23.92533,-364,-332,-339,-308,-336,-302,-331,-306,-277,-252,-194,-210,-158,-148,-134,-134,-129,-144,-139,-142,-139,-154,-134,-164,-139,-151,-156
23.93600,-368,-341,-326,-317,-342,-302,-322,-323,-275,-257,-198,-214,-152,-154,-143,-146,-135,-151,-130,-167,-135,-150,-132,-157,-141,-169,-158
23.94667,-364,-345,-325,-314,-342,-307,-328,-303,-271,-259,-197,-205,-158,-154,-145,-150,-142,-162,-138,-140,-136,-140,-143,-168,-142,-173,-153
23.95733,-381,-331,-334,-320,-326,-301,-322,-301,-291,-254,-196,-207,-154,-145,-136,-154,-142,-137,-142,-158,-133,-153,-136,-155,-140,-182,-150
23.96800,-362,-326,-329,-316,-337,-293,-326,-311,-277,-246,-197,-200,-144,-140,-132,-153,-136,-149,-143,-145,-135,-144,-139,-153,-137,-165,-156
23.97867,-362,-343,-350,-335,-329,-298,-324,-307,-273,-247,-186,-201,-154,-139,-119,-147,-140,-135,-142,-140,-121,-172,-136,-146,-138,-171,-174
23.98933,-355,-330,-341,-328,-331,-307,-325,-313,-273,-258,-191,-205,-160,-141,-127,-140,-130,-139,-119,-149,-140,-152,-137,-152,-143,-158,-156
24.00000,-378,-317,-336,-317,-324,-299,-328,-309,-278,-255,-194,-189,-149,-142,-137,-138,-127,-147,-150,-150,-129,-156,-142,-145,-153,-159,-154
24.01067,-375,-321,-344,-328,-340,-298,-320,-296,-288,-255,-203,-193,-148,-138,-143,-154,-127,-147,-153,-146,-125,-149,-128,-141,-155,-154,-154
24.02133,-343,-329,-354,-326,-337,-311,-318,-307,-296,-263,-192,-198,-157,-135,-136,-156,-124,-151,-141,-136,-128,-161,-131,-136,-160,-173,-179
24.03200,-351,-338,-351,-320,-337,-318,-329,-306,-283,-257,-194,-203,-152,-130,-142,-153,-123,-145,-148,-135,-135,-164,-136,-143,-150,-181,-164
24.04267,-361,-317,-348,-321,-338,-301,-331,-300,-277,-248,-204,-206,-152,-140,-147,-139,-147,-155,-138,-128,-148,-162,-149,-147,-143,-180,-161
24.05333,-367,-332,-354,-317,-355,-298,-342,-313,-288,-247,-204,-206,-152,-153,-143,-141,-135,-148,-149,-126,-154,-151,-144,-142,-144,-166,-172
24.06400,-361,-321,-334,-322,-343,-303,-336,-299,-273,-249,-206,-203,-167,-149,-128,-151,-132,-139,-141,-126,-136,-150,-145,-145,-145,-153,-170
24.07467,-395,-320,-351,-340,-348,-305,-338,-309,-291,-253,-210,-207,-145,-146,-126,-155,-119,-139,-150,-144,-127,-144,-139,-152,-125,-161,-168
24.08533,-388,-344,-324,-335,-337,-313,-342,-305,-296,-251,-209,-204,-158,-151,-132,-156,-140,-143,-159,-140,-141,-154,-143,-148,-147,-162,-174
24.09600,-378,-344,-337,-335,-348,-317,-326,-298,-289,-256,-201,-187,-163,-146,-124,-140,-133,-157,-158,-137,-122,-151,-147,-143,-161,-169,-164
24.10667,-368,-328,-360,-338,-349,-304,-331,-288,-284,-243,-203,-195,-150,-131,-121,-145,-136,-147,-151,-126,-139,-151,-134,-152,-156,-156,-168
24.11733,-377,-335,-333,-340,-330,-309,-330,-303,-282,-243,-205,-196,-144,-136,-130,-152,-130,-142,-138,-122,-128,-149,-131,-153,-152,-157,-172
24.12800,-358,-349,-335,-343,-340,-307,-330,-300,-288,-248,-204,-204,-135,-144,-131,-137,-127,-149,-153,-120,-141,-143,-139,-153,-139,-171,-169
24.13867,-373,-332,-350,-327,-346,-304,-338,-296,-285,-246,-200,-190,-143,-160,-132,-141,-130,-137,-154,-124,-138,-151,-133,-157,-134,-168,-160
24.14933,-359,-333,-339,-345,-343,-309,-330,-293,-287,-260,-194,-201,-144,-137,-127,-139,-124,-161,-150,-111,-150,-164,-139,-157,-139,-169,-161
24.16000,-361,-329,-357,-342,-352,-309,-333,-294,-286,-264,-189,-194,-153,-138,-132,-139,-123,-141,-155,-134,-136,-155,-137,-128,-138,-165,-153
24.17067,-361,-322,-367,-334,-339,-319,-338,-311,-287,-251,-202,-202,-165,-147,-125,-139,-124,-137,-156,-145,-137,-147,-149,-136,-148,-168,-160
24.18133,-369,-336,-347,-326,-333,-310,-333,-310,-287,-264,-195,-192,-169,-157,-139,-149,-129,-132,-161,-136,-131,-149,-157,-154,-154,-170,-160
24.19200,-375,-345,-342,-309,-327,-318,-330,-316,-286,-252,-204,-202,-156,-146,-148,-146,-143,-132,-170,-123,-135,-145,-149,-136,-143,-166,-156
24.20267,-365,-329,-340,-312,-332,-301,-322,-303,-279,-252,-196,-203,-153,-138,-153,-153,-133,-154,-162,-128,-136,-145,-136,-144,-159,-170,-155
24.21333,-369,-347,-342,-305,-334,-297,-336,-304,-273,-257,-199,-201,-146,-146,-147,-140,-144,-150,-154,-134,-142,-146,-138,-147,-155,-167,-162
24.22400,-369,-313,-346,-308,-346,-309,-336,-304,-278,-247,-197,-205,-148,-148,-151,-134,-135,-159,-155,-136,-134,-163,-124,-154,-145,-166,-162
24.23467,-375,-323,-358,-326,-351,-322,-333,-305,-286,-241,-207,-200,-157,-150,-141,-130,-129,-163,-151,-139,-119,-168,-140,-145,-144,-163,-161
24.24533,-361,-342,-351,-328,-358,-317,-321,-304,-281,-250,-204,-197,-154,-144,-133,-131,-123,-143,-159,-145,-120,-183,-136,-151,-142,-162,-161
24.25600,-377,-338,-377,-317,-344,-300,-331,-312,-275,-250,-194,-198,-147,-147,-122,-140,-122,-143,-157,-142,-122,-162,-119,-151,-151,-161,-170
24.26667,-365,-330,-371,-314,-343,-310,-343,-294,-289,-252,-197,-203,-145,-150,-129,-157,-133,-140,-148,-134,-130,-138,-116,-150,-147,-165,-165
24.27733,-372,-343,-359,-324,-340,-311,-331,-286,-277,-245,-194,-196,-154,-146,-135,-153,-133,-133,-135,-146,-136,-135,-116,-148,-143,-161,-168
24.28800,-351,-339,-356,-331,-345,-299,-327,-304,-278,-248,-190,-198,-162,-132,-133,-141,-133,-140,-146,-146,-122,-141,-112,-147,-146,-173,-163
24.29867,-344,-318,-356,-313,-341,-308,-336,-293,-269,-251,-193,-212,-161,-134,-128,-154,-138,-158,-132,-143,-134,-161,-134,-152,-138,-150,-173
24.30933,-347,-321,-331,-315,-335,-297,-334,-299,-274,-254,-201,-201,-163,-145,-143,-145,-135,-157,-139,-144,-137,-163,-128,-150,-156,-156,-168
24.32000,-367,-332,-348,-334,-353,-310,-334,-305,-280,-260,-201,-210,-157,-149,-142,-150,-139,-133,-152,-141,-129,-160,-126,-158,-143,-171,-170
24.33067,-364,-337,-355,-321,-349,-306,-329,-301,-281,-255,-204,-206,-153,-159,-137,-161,-151,-143,-151,-155,-140,-159,-137,-152,-140,-173,-159
24.34133,-380,-341,-364,-335,-334,-311,-313,-295,-286,-261,-202,-210,-152,-150,-140,-156,-134,-141,-158,-149,-135,-158,-140,-166,-154,-172,-158
24.35200,-365,-342,-354,-330,-347,-308,-329,-301,-283,-262,-206,-197,-150,-152,-145,-153,-131,-148,-143,-156,-131,-161,-143,-163,-147,-173,-155
24.36267,-371,-337,-349,-331,-351,-314,-333,-310,-281,-261,-214,-201,-159,-149,-137,-160,-127,-141,-143,-155,-146,-157,-138,-164,-148,-167,-155
24.37333,-380,-345,-334,-327,-367,-308,-330,-324,-282,-252,-208,-202,-160,-142,-141,-154,-137,-156,-136,-153,-134,-146,-118,-148,-159,-175,-164
24.38400,-356,-334,-343,-331,-366,-315,-333,-324,-293,-252,-200,-205,-166,-151,-136,-142,-139,-145,-147,-149,-147,-164,-136,-160,-152,-171,-169
24.39467,-382,-355,-363,-347,-351,-330,-329,-322,-280,-260,-215,-202,-174,-148,-122,-144,-125,-139,-153,-148,-150,-145,-129,-163,-162,-148,-171
24.40533,-370,-350,-377,-338,-356,-321,-332,-312,-281,-256,-205,-195,-160,-157,-119,-130,-134,-123,-154,-140,-139,-150,-148,-159,-152,-173,-175
24.41600,-382,-333,-366,-350,-337,-324,-337,-309,-282,-255,-206,-196,-151,-137,-133,-136,-141,-135,-152,-134,-133,-150,-147,-149,-159,-173,-155
24.42667,-373,-329,-358,-343,-350,-318,-349,-307,-270,-263,-205,-195,-156,-140,-132,-149,-130,-144,-158,-137,-136,-145,-138,-138,-156,-172,-160
24.43733,-354,-347,-342,-350,-352,-325,-347,-311,-268,-266,-193,-192,-156,-136,-133,-141,-134,-148,-153,-135,-156,-156,-143,-165,-151,-168,-163
24.44800,-356,-351,-349,-336,-346,-324,-335,-304,-281,-269,-203,-200,-159,-140,-133,-142,-144,-153,-163,-135,-142,-159,-134,-161,-157,-169,-165
24.45867,-352,-349,-357,-315,-346,-310,-339,-306,-285,-263,-209,-206,-160,-140,-122,-138,-141,-143,-146,-147,-134,-163,-128,-169,-153,-164,-175
24.46933,-389,-333,-350,-325,-329,-304,-323,-317,-288,-257,-197,-202,-153,-133,-124,-133,-134,-134,-142,-145,-146,-156,-140,-158,-151,-165,-167
24.48000,-384,-345,-348,-346,-347,-328,-326,-315,-288,-270,-196,-200,-162,-153,-129,-139,-135,-138,-164,-145,-162,-154,-151,-182,-159,-171,-176
24.49067,-383,-341,-356,-359,-353,-324,-337,-328,-281,-266,-203,-210,-158,-136,-136,-142,-136,-152,-151,-133,-141,-163,-134,-181,-156,-181,-165
24.50133,-375,-337,-339,-339,-346,-321,-341,-317,-285,-265,-207,-206,-151,-140,-124,-136,-136,-144,-158,-155,-135,-161,-133,-168,-153,-164,-169
24.51200,-379,-350,-354,-342,-345,-310,-351,-323,-288,-257,-193,-203,-150,-145,-139,-148,-149,-127,-161,-140,-147,-163,-129,-156,-163,-168,-180
24.52267,-371,-348,-359,-339,-351,-317,-347,-315,-298,-254,-213,-203,-161,-160,-134,-154,-140,-133,-146,-143,-132,-173,-142,-165,-164,-155,-164
24.53333,-365,-330,-364,-339,-351,-322,-331,-315,-296,-259,-201,-205,-150,-170,-127,-144,-138,-138,-145,-133,-131,-147,-149,-179,-153,-156,-162
24.54400,-363,-350,-374,-334,-335,-322,-324,-308,-278,-258,-199,-189,-158,-162,-138,-148,-130,-133,-149,-135,-138,-142,-160,-166,-148,-156,-162
24.55467,-369,-360,-345,-336,-346,-333,-332,-300,-282,-257,-205,-202,-154,-157,-130,-157,-136,-141,-147,-127,-160,-151,-161,-151,-160,-160,-164
24.56533,-379,-356,-354,-353,-361,-332,-335,-306,-272,-260,-199,-211,-164,-132,-130,-157,-138,-141,-137,-140,-154,-153,-150,-167,-152,-184,-170
24.57600,-372,-331,-361,-339,-368,-314,-342,-316,-272,-260,-197,-193,-162,-145,-121,-154,-134,-136,-156,-162,-147,-165,-143,-174,-148,-173,-174
24.58667,-384,-360,-349,-357,-350,-310,-338,-317,-282,-259,-200,-193,-156,-128,-130,-143,-137,-144,-164,-162,-149,-156,-140,-161,-159,-168,-170
24.59733,-374,-346,-353,-340,-340,-319,-344,-297,-284,-262,-200,-204,-159,-156,-122,-156,-132,-135,-162,-157,-129,-135,-136,-168,-157,-184,-154
24.60800,-364,-341,-351,-335,-347,-308,-337,-310,-291,-243,-201,-198,-165,-146,-140,-161,-124,-120,-159,-160,-126,-132,-141,-167,-160,-165,-160
24.61867,-365,-336,-343,-325,-348,-303,-346,-305,-282,-241,-205,-198,-163,-146,-152,-157,-130,-145,-147,-142,-149,-141,-135,-166,-155,-164,-167
24.62933,-380,-340,-358,-317,-333,-315,-336,-309,-287,-250,-217,-196,-151,-161,-150,-146,-124,-151,-144,-136,-143,-145,-139,-166,-143,-160,-165
24.64000,-374,-334,-368,-332,-342,-326,-336,-299,-283,-254,-210,-198,-151,-157,-143,-153,-121,-145,-160,-151,-140,-161,-132,-174,-139,-171,-164
24.65067,-360,-341,-373,-325,-358,-316,-339,-311,-287,-263,-211,-187,-162,-160,-137,-146,-133,-143,-150,-144,-141,-170,-155,-169,-157,-174,-165
24.66133,-364,-346,-370,-332,-346,-313,-337,-308,-281,-251,-208,-190,-159,-148,-150,-138,-138,-166,-148,-160,-146,-155,-166,-163,-155,-168,-160
24.67200,-342,-344,-356,-335,-343,-311,-340,-303,-282,-252,-199,-214,-160,-165,-142,-142,-131,-154,-145,-164,-146,-168,-157,-168,-162,-164,-164
24.68267,-369,-342,-339,-326,-343,-316,-323,-295,-278,-260,-195,-201,-160,-147,-137,-155,-120,-153,-147,-170,-135,-171,-134,-147,-158,-162,-171
24.69333,-342,-328,-345,-332,-326,-322,-336,-302,-282,-263,-188,-208,-161,-142,-139,-155,-128,-158,-151,-163,-136,-162,-131,-152,-143,-169,-168
24.70400,-318,-322,-350,-334,-323,-315,-337,-299,-264,-265,-189,-194,-157,-142,-126,-146,-130,-150,-140,-151,-148,-152,-127,-147,-147,-174,-160
24.71467,-327,-340,-343,-323,-324,-304,-325,-303,-264,-255,-200,-203,-148,-151,-140,-154,-143,-154,-136,-153,-154,-155,-143,-163,-153,-174,-165
24.72533,-356,-342,-334,-331,-348,-298,-322,-295,-266,-261,-191,-204,-155,-149,-145,-146,-140,-158,-146,-158,-152,-163,-137,-144,-162,-172,-176
24.73600,-365,-336,-335,-322,-326,-294,-319,-305,-283,-257,-199,-190,-165,-152,-145,-135,-155,-152,-150,-151,-138,-142,-138,-153,-161,-155,-174
24.74667,-365,-312,-341,-307,-333,-300,-320,-301,-282,-254,-199,-197,-157,-161,-124,-134,-155,-139,-139,-147,-130,-140,-148,-154,-150,-150,-173
24.75733,-345,-304,-328,-309,-320,-301,-324,-306,-275,-251,-198,-200,-158,-148,-121,-145,-129,-146,-150,-155,-109,-152,-137,-161,-159,-164,-169
24.76800,-347,-326,-345,-331,-330,-313,-324,-306,-279,-263,-203,-198,-170,-152,-124,-144,-132,-134,-162,-154,-130,-163,-129,-140,-158,-163,-164
24.77867,-352,-316,-348,-318,-335,-305,-325,-295,-288,-250,-203,-204,-163,-157,-135,-135,-132,-158,-162,-155,-133,-160,-120,-147,-158,-176,-163
24.78933,-344,-306,-353,-328,-323,-298,-321,-305,-288,-258,-198,-203,-151,-159,-130,-136,-132,-172,-149,-147,-121,-156,-126,-133,-147,-180,-173
24.80000,-355,-317,-352,-327,-326,-308,-333,-292,-286,-255,-211,-197,-148,-164,-140,-138,-145,-146,-157,-146,-141,-160,-119,-154,-142,-171,-166
24.81067,-373,-312,-364,-321,-350,-313,-332,-298,-277,-259,-208,-203,-157,-160,-139,-144,-132,-143,-151,-150,-148,-152,-127,-137,-145,-169,-174
24.82133,-356,-316,-351,-318,-350,-313,-325,-318,-270,-250,-204,-204,-157,-145,-132,-142,-135,-141,-150,-146,-147,-150,-123,-148,-148,-170,-167
24.83200,-342,-321,-348,-319,-345,-299,-333,-308,-268,-253,-204,-209,-157,-143,-142,-139,-142,-140,-150,-170,-147,-142,-136,-158,-149,-170,-169
24.84267,-347,-361,-354,-343,-347,-304,-333,-297,-276,-251,-194,-200,-161,-143,-130,-137,-147,-139,-145,-160,-132,-169,-144,-158,-158,-157,-165
24.85333,-332,-355,-359,-330,-342,-307,-330,-294,-282,-252,-204,-217,-160,-137,-124,-141,-139,-139,-154,-157,-150,-153,-144,-170,-147,-160,-178
24.86400,-340,-337,-341,-331,-325,-301,-335,-316,-274,-252,-188,-200,-150,-144,-130,-135,-135,-129,-152,-133,-144,-154,-135,-160,-156,-160,-158
24.87467,-353,-321,-338,-332,-342,-291,-339,-316,-279,-255,-199,-202,-155,-153,-124,-139,-143,-149,-159,-142,-150,-154,-135,-164,-141,-178,-165
24.88533,-340,-323,-353,-331,-355,-291,-322,-314,-280,-259,-199,-209,-159,-154,-142,-143,-138,-140,-148,-147,-156,-151,-133,-151,-145,-180,-178
24.89600,-343,-336,-351,-341,-335,-306,-326,-313,-273,-251,-193,-198,-167,-144,-129,-160,-145,-137,-143,-152,-149,-150,-125,-160,-147,-153,-172
24.90667,-358,-313,-363,-343,-321,-324,-334,-314,-279,-250,-203,-205,-161,-137,-117,-146,-136,-137,-148,-146,-144,-134,-126,-167,-149,-161,-179
24.91733,-340,-319,-352,-321,-333,-313,-342,-303,-283,-236,-211,-201,-151,-144,-127,-153,-135,-130,-151,-157,-147,-146,-113,-142,-167,-162,-158
24.92800,-345,-332,-349,-329,-346,-318,-322,-304,-287,-251,-205,-205,-155,-144,-137,-146,-141,-135,-143,-154,-148,-157,-134,-147,-158,-172,-170
24.93867,-356,-329,-353,-329,-337,-322,-327,-305,-281,-252,-198,-201,-152,-147,-151,-150,-139,-152,-133,-137,-129,-156,-125,-167,-148,-174,-171
24.94933,-341,-325,-356,-339,-339,-314,-328,-301,-290,-262,-195,-204,-146,-141,-151,-152,-125,-145,-166,-131,-133,-158,-136,-155,-148,-175,-165
24.96000,-345,-343,-349,-337,-346,-312,-332,-298,-292,-263,-195,-208,-148,-150,-143,-147,-131,-138,-158,-142,-143,-162,-149,-173,-162,-180,-173
24.97067,-352,-349,-356,-329,-348,-318,-338,-301,-289,-256,-198,-212,-145,-155,-136,-151,-123,-149,-156,-138,-142,-161,-151,-170,-156,-173,-173
24.98133,-346,-349,-347,-313,-348,-325,-336,-311,-287,-250,-204,-202,-160,-148,-124,-153,-143,-148,-167,-168,-133,-156,-153,-155,-160,-175,-161
24.99200,-343,-351,-337,-324,-344,-317,-338,-319,-281,-253,-206,-203,-157,-135,-141,-144,-130,-151,-155,-156,-144,-155,-136,-158,-148,-167,-165
25.00267,-375,-359,-338,-332,-339,-323,-340,-311,-287,-255,-202,-193,-152,-132,-142,-142,-137,-146,-144,-156,-148,-150,-135,-153,-158,-168,-158
25.01333,-371,-335,-354,-323,-348,-316,-332,-309,-271,-250,-208,-192,-148,-135,-142,-143,-135,-139,-138,-141,-146,-161,-146,-152,-157,-171,-154
