R.Time (min)
,22890,23011,23132,23253,23374,23495,23617,23738,23859,23980,24102,24223,24344,24466,24587,24709,24830,24952,25073,25195,25316,25438,25559,25681,25802,25924,26046
0.00000,0,0,0,0,0,0,0,0,0,0,0,0,0,0,0,0,0,0,0,0,0,0,0,0,0,0,0
0.01067,0,0,0,0,0,0,0,0,0,0,0,0,0,0,0,0,0,0,0,0,0,0,0,0,0,0,0
0.02133,0,0,0,0,0,0,0,0,0,0,0,0,0,0,0,0,0,0,0,0,0,0,0,0,0,0,0
0.03200,0,0,0,0,0,0,0,0,0,0,0,0,0,0,0,0,0,0,0,0,0,0,0,0,0,0,0
0.04267,0,0,0,0,0,0,0,0,0,0,0,0,0,0,0,0,0,0,0,0,0,0,0,0,0,0,0
0.05333,0,0,0,0,0,0,0,0,0,0,0,0,0,0,0,0,0,0,0,0,0,0,0,0,0,0,0
0.06400,0,0,0,0,0,0,0,0,0,0,0,0,0,0,0,0,0,0,0,0,0,0,0,0,0,0,0
0.07467,0,0,0,0,0,0,0,0,0,0,0,0,0,0,0,0,0,0,0,0,0,0,0,0,0,0,0
0.08533,0,0,0,0,0,0,0,0,0,0,0,0,0,0,0,0,0,0,0,0,0,0,0,0,0,0,0
0.09600,0,0,0,0,0,0,0,0,0,0,0,0,0,0,0,0,0,0,0,0,0,0,0,0,0,0,0
0.10667,-25,-11,26,7,-11,-9,5,1,-7,-22,-24,14,-12,-4,14,1,11,14,-27,3,18,6,7,-2,-14,-25,5
0.11733,-31,-18,3,3,-19,1,8,-5,-10,-21,-23,8,-18,-4,21,-3,-3,25,-28,5,3,-10,15,-7,-39,-24,0
0.12800,-33,-10,-3,31,-21,9,6,-5,-3,-19,-36,16,-15,0,23,-2,4,19,-29,6,-6,-1,13,2,-26,-17,0
0.13867,-19,4,0,10,-8,-4,-5,7,-19,-32,-34,11,-17,-4,18,6,13,19,-16,2,4,10,7,7,-17,-20,-7
0.14933,2,-30,-21,7,-11,-5,1,-19,-17,-30,-24,20,-22,-8,11,4,1,35,-29,3,-12,1,-7,-9,-24,-20,2
0.16000,-26,-14,-14,-9,-18,-1,-6,-10,2,-29,-29,29,-18,-5,26,1,16,21,-44,-6,-10,-1,3,-2,-16,-8,6
0.17067,-34,-46,2,-14,-23,-2,0,-13,-12,-39,-37,20,-16,-14,8,4,10,19,-42,-5,9,-14,13,-14,-17,-11,-7
0.18133,-25,-5,6,12,-20,12,1,-12,-10,-32,-40,11,-30,-18,24,1,5,19,-31,-1,8,-3,1,11,-15,-17,6
0.19200,-47,-5,18,15,-33,3,18,-6,-18,-43,-41,1,-31,-28,21,1,-7,23,-28,-3,4,11,-9,7,-35,-28,-2
0.20267,-51,7,13,19,-7,-3,15,-8,-10,-28,-39,-2,-25,-25,10,-6,0,10,-37,14,12,1,6,7,-37,-22,-9
0.21333,-30,-4,5,8,-17,3,17,-12,-2,-41,-39,11,-19,-10,16,-19,-10,5,-36,17,5,-7,-2,10,-33,-18,4
0.22400,-51,0,-1,20,2,5,11,-3,-11,-34,-32,13,-22,-21,6,-2,-7,-3,-35,15,11,-6,-7,10,-16,-10,-5
0.23467,-45,1,-5,22,-15,4,7,-15,-9,-49,-35,16,-37,-19,4,-16,-5,-3,-25,15,0,-12,-1,4,-33,-13,-7
0.24533,-25,-11,-1,11,-14,-4,1,-10,-4,-43,-29,24,-31,-26,13,-16,-5,14,-10,-17,-10,3,-4,2,-37,-20,-5
0.25600,-47,-7,-4,18,-5,-5,7,-7,-4,-36,-31,7,-42,-30,7,-19,12,5,-6,-5,-16,-9,-8,-13,-31,-17,10
0.26667,-23,8,20,15,-5,16,6,-2,7,-27,-36,3,-40,-27,3,-12,15,-6,-11,-14,0,-6,-17,2,-29,-21,12
0.27733,-35,0,16,7,19,18,6,2,9,-35,-48,6,-40,-27,5,-20,4,-30,-15,-14,-8,-20,-2,7,-32,-20,6
0.28800,-43,-14,-26,-5,4,11,12,-2,-10,-37,-35,-4,-36,-28,-4,-1,0,-26,-37,-2,0,-15,-6,9,-34,-17,1
0.29867,-30,-6,-4,7,7,-2,6,3,-9,-36,-41,6,-34,-13,-3,1,7,-4,-29,6,-3,-13,3,21,-45,-3,2
0.30933,-50,-1,5,31,10,7,9,-22,-9,-37,-44,-6,-41,-30,1,0,0,9,-19,0,-17,3,-11,-8,-37,-7,-14
0.32000,-33,-8,-6,11,0,5,-3,-15,-5,-30,-39,1,-35,-32,3,-12,-7,0,-28,6,-8,-8,-12,2,-32,-18,-8
0.33067,-34,15,16,15,-7,12,16,-6,-9,-30,-40,-8,-30,-17,12,-4,-10,7,-26,5,-4,-9,-24,-1,-34,-7,8
0.34133,-27,-3,20,15,-22,9,16,-15,6,-30,-45,6,-24,-16,-5,-1,-8,22,-27,15,4,-11,1,0,-36,-14,11
0.35200,-37,-3,13,10,-21,0,17,-18,1,-35,-31,13,-41,-14,7,-3,2,5,-5,6,-4,2,-9,-2,-34,-21,13
0.36267,-44,-6,1,-4,-10,-6,8,-26,-11,-46,-36,26,-37,-19,11,9,5,-5,-12,5,-22,-1,-9,9,-38,-10,7
0.37333,-53,3,-10,9,-9,-2,9,-20,-13,-26,-27,24,-27,-16,3,-3,16,3,-20,-4,4,-16,-6,4,-36,-1,0
0.38400,-57,-7,2,1,-10,-8,10,-11,-9,-31,-45,11,-34,-22,10,7,29,19,-27,6,4,-15,-9,0,-43,4,1
0.39467,-35,-4,-11,-4,-12,-2,13,-15,-22,-28,-36,9,-31,-23,23,0,11,18,-31,8,-7,-8,3,3,-29,-10,-5
0.40533,-26,9,9,-10,-15,-5,19,-4,-13,-28,-30,13,-25,-9,34,-7,16,15,-21,2,-16,-5,-6,7,-22,-16,0
0.41600,-22,-2,-6,-8,-12,-14,17,-6,-11,-33,-36,11,-18,-28,11,-7,20,18,-16,16,-8,-10,-2,-3,-26,-27,-8
0.42667,-39,-11,6,6,-10,-7,12,3,-14,-28,-36,6,-21,-29,20,-16,7,-2,-20,2,-5,-15,6,-2,-33,-26,8
0.43733,-15,-6,-14,-11,-14,-1,5,0,-18,-32,-51,17,-30,-31,15,-10,6,8,-13,2,-21,-19,3,-11,-35,-14,-6
0.44800,-11,8,15,-7,-13,2,5,1,-1,-34,-54,11,-29,-30,10,-10,0,13,-33,0,-5,-22,-7,4,-19,-35,7
0.45867,-4,2,14,5,-11,21,6,-10,1,-28,-35,8,-36,-22,20,-12,11,1,-33,-5,-5,-23,5,4,-14,-36,8
0.46933,-8,-2,8,9,-13,12,22,-7,-3,-30,-42,-3,-31,-24,1,2,3,3,-29,2,-9,-9,9,-14,-28,-20,17
0.48000,-2,-2,5,11,6,15,22,-10,-18,-29,-38,8,-28,-34,12,-26,6,11,-44,-8,-12,-20,4,9,-34,-15,2
0.49067,6,-7,14,5,10,-1,16,-7,-10,-29,-50,13,-42,-28,7,-22,-2,19,-34,-8,-9,-25,0,9,-30,-19,-4
0.50133,-18,-4,7,12,-2,16,19,9,-18,-35,-34,2,-35,-20,5,-27,2,22,-42,-2,-20,-3,14,5,-27,-16,-1
0.51200,14,11,6,11,16,12,11,-14,-11,-34,-32,0,-41,-15,-3,-21,8,22,-43,6,-17,-10,9,4,-28,-34,5
0.52267,-7,14,-7,18,2,17,10,-4,-8,-41,-25,5,-19,-4,10,-20,-5,13,-30,11,-10,-3,-5,11,-16,-40,1
0.53333,-31,-14,16,11,-1,-8,10,-14,-5,-32,-34,7,-25,-13,13,-7,3,9,-37,3,1,-7,-14,7,-15,-31,-15
0.54400,-62,-37,19,14,7,-9,23,2,-4,-28,-30,8,-26,-20,7,0,0,1,-37,-3,0,-3,-16,9,-23,-24,-21
0.55467,-34,-15,10,0,-12,-15,15,2,-3,-29,-40,8,-37,-10,-10,-1,3,5,-30,-1,10,-1,-1,0,-28,-34,5
0.56533,-40,4,6,11,-8,0,24,-9,-10,-38,-38,3,-35,-6,4,-3,12,-11,-21,-6,-14,4,-13,7,-21,-29,-4
0.57600,-46,2,-13,3,-4,7,20,-4,-3,-44,-40,12,-35,-3,12,4,11,10,-22,0,-14,-4,-10,4,-23,-36,-1
0.58667,-42,-11,-10,-16,-8,-3,5,-18,-18,-29,-40,9,-29,-13,5,-9,-1,3,-17,-10,-2,-9,-3,-4,-25,-30,5
0.59733,-40,-32,-7,-8,1,-5,-3,-19,-9,-46,-47,4,-36,-7,9,-14,3,-4,-27,-10,0,-9,-8,11,-34,-14,12
0.60800,-45,-25,-19,2,-14,-5,3,-12,-13,-38,-30,5,-43,-6,15,-15,-6,2,-30,9,-3,-11,-21,-9,-42,-28,-2
0.61867,-66,3,-14,-14,-16,-16,2,-20,-19,-36,-44,9,-40,-12,14,-16,3,12,-39,-4,-5,-23,0,-2,-36,-28,5
0.62933,-63,-1,-11,3,-16,-17,2,-11,-32,-36,-34,3,-31,-23,22,-13,-9,16,-31,-10,-13,-13,-13,-1,-15,-4,4
0.64000,-73,-9,-28,0,-38,-17,-2,-24,-24,-29,-36,7,-30,-19,15,-3,-7,4,-26,-2,-10,-23,-6,2,-29,-14,-10
0.65067,-63,-43,-36,-4,-29,-24,-23,-21,-17,-43,-40,16,-10,-14,7,-3,8,20,-27,-3,1,-24,-1,-1,-24,-15,-10
0.66133,-71,-53,-39,-17,-38,-19,-17,-15,-15,-48,-38,12,-22,-2,10,7,4,8,-19,-11,-19,-22,-1,5,-25,-22,-2
0.67200,-65,-62,-19,-19,-29,-10,-7,-24,-19,-44,-32,7,-25,0,16,4,-2,-3,-29,-15,-25,-21,-5,-5,-29,-18,-6
0.68267,-66,-45,-31,-12,-46,-24,-14,-25,-13,-38,-32,14,-25,5,19,-10,-7,18,-24,2,-23,-5,-21,-11,-26,-39,-12
0.69333,-72,-16,-41,-21,-42,-16,-10,-21,-13,-39,-25,6,-23,-11,21,-2,-4,21,-29,6,-4,-12,15,-1,-32,-34,12
0.70400,-77,-43,-47,-22,-35,-29,-6,-23,-25,-33,-36,8,-11,-23,23,-8,-7,13,-22,7,3,-10,-2,13,-24,-23,13
0.71467,-64,-25,-36,-18,-49,-22,-8,-26,-16,-41,-31,23,-22,-12,20,-2,4,12,-31,8,-3,-19,-20,0,-36,-29,-7
0.72533,-62,-49,-26,-19,-45,-27,-12,-19,-7,-29,-22,11,-20,-14,24,-14,5,24,-33,24,5,-10,-12,-34,-26,-27,-18
0.73600,-49,-38,-36,-25,-28,-22,-15,-26,-13,-30,-25,26,-15,0,33,-13,6,16,-23,5,10,0,-10,-11,-39,-18,-6
0.74667,-60,-61,-27,-38,-39,-15,-12,-14,-7,-37,-29,21,-22,-9,32,0,11,19,-32,-1,1,-7,-19,-14,-57,-30,-9
0.75733,-75,-48,-37,-32,-54,-29,-20,-27,-27,-28,-27,18,-17,-11,21,6,14,16,-19,5,-9,-15,-26,-5,-45,-34,-18
0.76800,-66,-23,-55,-13,-38,-29,-28,-23,-10,-26,-41,5,-19,-14,20,5,22,18,-19,29,-13,-1,-12,-10,-45,-44,-1
0.77867,-77,-37,-58,-16,-50,-9,-11,-32,-22,-31,-35,15,-20,-11,10,9,19,12,-36,17,-19,-14,-14,-10,-53,-36,-3
0.78933,-76,-15,-39,-18,-33,-20,-8,-36,-21,-35,-42,18,-21,-23,32,14,11,14,-32,24,-9,-15,-19,-10,-41,-25,13
0.80000,-86,-22,-48,-15,-25,-14,-24,-23,-14,-40,-36,16,-38,-25,20,9,10,1,-32,5,-3,-21,1,-23,-36,-23,2
0.81067,-76,-27,-45,-18,-30,-17,-17,-34,-9,-32,-41,2,-26,-5,25,5,0,-5,-27,3,0,-8,-15,-10,-34,-34,-1
0.82133,-57,-28,-23,-14,-36,-12,-8,-25,-20,-41,-42,5,-31,-2,12,6,8,-8,-20,3,-19,-16,0,4,-47,-27,-10
0.83200,-66,-38,-42,-11,-44,5,-7,-24,-21,-32,-26,6,-27,-17,20,-9,8,7,-11,-2,-10,-14,-3,0,-50,-19,-5
0.84267,-51,-41,-16,-1,-36,-12,-5,-25,-29,-35,-23,14,-26,-15,14,-15,0,16,-21,-17,-4,-9,-13,-15,-52,-13,3
0.85333,-60,-34,-5,-4,-30,-17,-13,-19,-20,-40,-30,-10,-37,-18,4,-2,4,20,-28,-8,12,-34,-16,-5,-44,-12,0
0.86400,-65,-51,-1,-3,-19,-7,-2,-13,-14,-39,-19,5,-30,-10,18,-1,6,13,-32,7,9,-11,2,-4,-20,-10,3
0.87467,-47,-53,-17,3,-17,-7,-3,-14,-25,-38,-30,5,-27,-13,14,-9,-11,6,-34,13,-10,-4,-13,-19,-35,-21,-2
0.88533,-38,-43,-26,-18,-23,-3,-11,-10,-23,-43,-39,1,-28,-16,12,-11,-6,5,-33,10,-1,-23,-4,-21,-45,-22,-18
0.89600,-32,-30,-23,-20,-41,-11,-1,-2,-27,-34,-44,10,-34,-17,20,-3,-1,8,-23,14,-8,-18,-5,-16,-36,-27,-15
0.90667,-48,-32,-20,-11,-50,-8,8,-8,-18,-46,-37,11,-40,-12,23,-7,5,21,-23,3,-11,-13,-6,-5,-25,-30,-9
0.91733,-24,-41,-15,-27,-42,-25,4,-22,-22,-29,-41,5,-50,-6,13,-12,9,1,-29,-2,-26,-4,-5,-13,-35,-44,0
0.92800,-35,-46,-36,-27,-38,-27,-1,-27,-20,-36,-38,2,-27,-9,11,-7,8,16,-21,-1,-12,-12,2,-5,-41,-27,-5
0.93867,-51,-58,-27,-9,-28,-18,-10,-20,-13,-34,-39,3,-33,-9,19,19,-5,11,-36,-10,-3,-16,-2,-1,-33,-30,-1
0.94933,-54,-51,-28,-19,-12,-14,-11,-17,-14,-26,-32,18,-30,-10,10,-4,2,2,-40,0,-5,-19,-9,-14,-25,-27,-2
0.96000,-67,-62,-38,-17,-13,-13,-13,-10,-10,-37,-27,4,-31,-13,27,-1,-14,13,-28,3,-4,-27,0,7,-40,-24,-3
0.97067,-74,-66,-37,-26,-25,-10,-15,-8,-23,-33,-39,10,-28,-15,27,-18,-1,19,-32,-5,-13,-20,0,1,-44,-19,7
0.98133,-75,-63,-24,-36,-26,-27,-16,-5,-26,-30,-35,10,-20,-17,27,-9,0,14,-12,5,-15,-3,-3,-17,-48,-23,-12
0.99200,-73,-47,-29,-25,-36,-34,-7,-7,-23,-42,-30,5,-22,-2,29,4,18,15,-19,10,-4,-9,-5,2,-36,-26,-2
1.00267,-88,-42,-27,-26,-36,-34,-12,-22,-29,-39,-22,-5,-33,-7,11,-1,16,12,-20,8,-6,3,-17,-1,-27,-5,17
1.01333,-97,-37,-22,-21,-25,-27,-10,-28,-18,-43,-38,7,-36,-8,8,0,2,8,-8,-3,-7,2,-14,9,-29,-20,6
1.02400,-78,-33,-18,-19,-17,-12,1,-13,-15,-33,-41,17,-30,-10,9,-1,4,7,-20,9,-6,-5,-25,7,-35,-29,3
1.03467,-41,-30,-12,-15,-22,-15,-16,-14,-16,-32,-41,22,-22,-17,34,-1,0,6,-31,-4,-6,-13,-3,13,-34,-18,3
1.04533,-44,-22,-42,-12,-36,2,-6,-13,-3,-47,-41,14,-31,-14,31,-13,22,11,-8,6,1,-19,-3,-2,-45,-24,7
1.05600,-63,-29,-26,-12,-39,3,-10,-20,-10,-45,-35,17,-19,-16,23,-7,16,-1,-20,13,10,-8,-3,-6,-45,-32,-5
1.06667,-58,-38,-39,-4,-33,-7,-3,-1,-13,-33,-32,14,-28,-14,16,6,3,5,-32,7,21,6,4,2,-47,-24,-3
1.07733,-67,-56,-40,-10,-36,-9,9,-9,-13,-28,-30,8,-26,-17,16,-9,-1,-12,-18,1,-10,0,-2,3,-46,-15,-1
1.08800,-66,-48,-34,-11,-19,-12,-15,-14,-11,-23,-35,-2,-37,-14,4,-4,4,2,-16,-3,5,-12,4,19,-38,-10,0
1.09867,-55,-37,-29,-3,-26,-3,-17,-11,-13,-22,-31,10,-38,-18,12,5,1,-6,-15,-10,9,-19,-7,8,-38,-29,6
1.10933,-56,-29,-20,1,-21,-10,-14,-18,-7,-40,-26,14,-35,-22,12,6,-17,-7,-17,1,-11,-7,-4,-2,-24,-17,6
1.12000,-64,-1,-31,-10,-19,-8,-10,-17,-19,-43,-31,10,-35,-14,17,0,-8,7,-14,-1,-17,-19,-6,-8,-22,-25,2
1.13067,-49,2,-7,7,-24,-6,-6,-3,-22,-44,-37,-3,-33,-20,13,4,1,16,-16,1,-4,-14,-17,-3,-38,-12,6
1.14133,-53,3,-1,-2,-18,-6,-5,-5,-26,-47,-49,-1,-40,-5,29,-13,18,6,-6,4,-12,-6,-14,0,-19,-7,-2
1.15200,-52,-10,1,3,-15,-6,-5,-13,-16,-41,-41,0,-46,-7,15,-14,-6,-9,-30,16,4,-23,-19,-8,-41,-11,9
1.16267,-50,-35,-12,-10,-9,-10,-5,-21,-16,-34,-39,-3,-38,-7,12,-22,-11,-21,-28,6,13,-3,-9,1,-38,-23,10
1.17333,-51,-3,-23,-12,-19,-19,2,-20,-8,-27,-37,6,-29,-12,6,-21,-8,4,-15,2,-16,-18,-15,11,-34,-20,-2
1.18400,-56,-17,-15,-3,-2,-15,2,-11,-9,-29,-21,5,-24,-22,18,-16,1,11,-25,14,-26,3,1,13,-20,-15,-2
1.19467,-40,-9,-13,-4,-5,-18,7,-5,-16,-23,-43,-2,-34,-22,6,-8,-11,18,-27,4,-28,-13,-14,19,-38,-29,-1
1.20533,-53,-9,-11,-1,-13,-7,14,-17,-15,-31,-32,2,-25,-21,14,-9,-1,10,-33,1,-11,-17,-8,13,-31,-15,-8
1.21600,-59,-4,-27,0,-3,-18,13,-11,-9,-33,-48,-6,-41,-27,10,-1,-10,1,-18,0,-31,-17,-13,16,-40,-26,-16
1.22667,-65,-10,-14,-6,-11,0,1,-25,-18,-44,-47,0,-27,-30,19,-3,-4,16,-17,-3,-17,-31,-7,10,-47,-30,-9
1.23733,-52,-9,-30,-9,-20,15,-6,-13,-14,-47,-46,0,-42,-37,20,0,1,19,-18,-1,-11,-14,-16,-2,-45,-26,7
1.24800,-61,-4,-13,-17,-34,-3,4,-14,-24,-38,-39,-8,-47,-13,15,-10,3,5,-33,11,-13,-20,-13,-12,-39,-34,-2
1.25867,-42,10,-12,-13,-30,-10,2,-9,-14,-38,-38,2,-38,-23,9,-19,-5,6,-16,-10,-17,-15,9,-3,-34,-30,3
1.26933,-63,-18,-20,-17,-35,-10,-5,-9,-21,-43,-45,-1,-28,-27,9,-30,-10,18,-31,-9,-30,-13,-9,-8,-48,-38,6
1.28000,-54,-35,-21,-31,-34,-12,21,-21,-20,-33,-39,4,-42,-16,23,-24,11,8,-30,0,-23,-10,-19,-10,-39,-35,-18
1.29067,-63,-39,-13,-27,-29,-12,10,-17,-20,-38,-32,13,-18,-24,27,-20,13,4,-30,-1,5,-8,-19,-5,-34,-27,-6
1.30133,-50,-38,-21,-26,-41,-19,-11,-18,-26,-39,-39,-4,-35,-30,7,-13,-14,2,-34,8,-8,-23,-23,-18,-49,-50,-7
1.31200,-52,-56,-6,-32,-40,-17,-8,-27,-22,-46,-46,-5,-26,-36,15,-8,-12,3,-36,-1,-17,-15,-19,-19,-41,-50,1
1.32267,-58,-63,-29,-26,-37,-16,-10,-35,-15,-46,-45,-2,-22,-40,18,-15,0,1,-42,1,-10,-22,-24,-24,-41,-29,-9
1.33333,-65,-52,-44,-34,-35,-34,-12,-27,-15,-55,-57,-3,-24,-36,2,-25,-10,3,-36,3,3,-23,-37,-31,-44,-41,-17
1.34400,-85,-43,-40,-42,-53,-25,-5,-31,-27,-38,-46,-6,-39,-29,-2,-9,-11,-8,-37,-15,-22,-21,-38,-35,-48,-51,-26
1.35467,-79,-41,-25,-31,-33,-44,-15,-30,-28,-59,-56,-11,-43,-20,-8,-27,-17,-17,-24,-3,-25,-30,-27,-20,-55,-37,-23
1.36533,-77,-45,-50,-38,-40,-45,-31,-32,-29,-50,-61,-11,-42,-26,-10,-8,-18,-2,-33,-16,-19,-44,-44,-19,-53,-46,-34
1.37600,-71,-52,-53,-26,-36,-29,-33,-37,-30,-58,-50,-4,-36,-25,6,-8,-2,-12,-44,-8,-16,-39,-41,-19,-44,-58,-31
1.38667,-90,-61,-53,-30,-44,-40,-33,-23,-31,-60,-50,-6,-42,-26,-4,-6,-21,-7,-37,-7,-24,-40,-35,-14,-52,-48,-27
1.39733,-88,-53,-49,-29,-49,-45,-35,-38,-31,-60,-52,-3,-31,-26,-2,-14,-13,-11,-41,-9,-24,-26,-37,-24,-57,-48,-26
1.40800,-78,-42,-44,-33,-46,-67,-18,-46,-36,-58,-47,-8,-38,-25,-14,-25,-16,6,-46,-11,-13,-29,-33,-16,-49,-36,-28
1.41867,-56,-29,-49,-27,-41,-36,-19,-36,-40,-66,-41,-11,-34,-24,-7,-22,-17,-18,-40,-8,-5,-14,-24,-33,-52,-39,-29
1.42933,-69,-44,-43,-44,-57,-29,-21,-35,-41,-50,-52,-18,-48,-30,-7,-21,-25,-23,-61,-24,3,-35,-25,-14,-63,-47,-27
1.44000,-72,-56,-39,-50,-47,-41,-20,-31,-43,-48,-55,-16,-36,-26,-5,-27,-15,-10,-62,-15,-14,-26,-19,-14,-60,-60,-14
1.45067,-86,-66,-52,-33,-50,-33,-22,-22,-27,-47,-61,-10,-22,-30,-13,-29,-7,-5,-45,-4,-22,-41,-28,-14,-36,-55,-22
1.46133,-77,-64,-34,-32,-55,-34,-26,-16,-40,-57,-54,-15,-41,-36,-2,-12,-22,-10,-34,-4,-23,-48,-32,-2,-44,-57,-27
1.47200,-89,-53,-44,-32,-42,-32,-25,-28,-32,-67,-48,-16,-44,-33,-6,-20,-25,-11,-48,3,-32,-35,-29,-8,-42,-51,-24
1.48267,-73,-42,-43,-24,-59,-24,-34,-34,-44,-55,-51,-13,-43,-30,7,-21,-17,-19,-51,-16,-32,-34,-25,-4,-52,-58,-8
1.49333,-96,-26,-38,-34,-64,-29,-27,-35,-32,-45,-58,-14,-39,-28,-6,-30,-5,-13,-61,-13,-31,-23,-17,-11,-44,-62,-13
1.50400,-79,-46,-36,-52,-52,-20,-20,-21,-33,-49,-56,-13,-40,-31,-3,-8,-11,0,-42,-28,-26,-28,-24,-30,-58,-50,-23
1.51467,-80,-55,-34,-44,-46,-22,-23,-35,-32,-65,-54,-16,-33,-36,-9,-20,-14,2,-33,-11,-27,-32,-24,-35,-48,-58,-23
1.52533,-96,-41,-40,-39,-48,-29,-23,-35,-33,-52,-62,-4,-39,-45,0,-25,2,-4,-51,-9,-28,-42,-15,-32,-46,-60,-41
1.53600,-65,-36,-35,-40,-38,-45,-20,-43,-27,-50,-54,-3,-40,-36,-8,-24,-9,-4,-46,-27,-20,-50,-13,-44,-58,-57,-26
1.54667,-52,-48,-38,-34,-29,-30,-19,-45,-33,-62,-45,-8,-38,-28,6,-11,-10,-2,-52,-30,-25,-42,-23,-31,-56,-47,-17
1.55733,-64,-47,-38,-25,-41,-35,-15,-39,-32,-71,-59,-8,-45,-17,0,-31,0,-3,-50,-11,-15,-43,-20,-36,-51,-53,-11
1.56800,-72,-56,-32,-19,-40,-30,-18,-39,-37,-57,-64,-13,-42,-30,-3,-22,-18,-11,-33,-9,-19,-41,-13,-23,-46,-41,-25
1.57867,-82,-65,-37,-42,-37,-23,-21,-31,-39,-65,-57,-14,-39,-39,14,-32,-7,-14,-41,-18,-3,-39,-32,-27,-62,-50,-22
1.58933,-81,-49,-62,-45,-38,-28,-25,-33,-36,-60,-61,-8,-38,-45,11,-31,-16,-17,-32,-11,-21,-33,-26,-30,-52,-47,-33
1.60000,-74,-66,-53,-49,-60,-43,-21,-35,-35,-54,-55,-11,-30,-34,-3,-23,-10,-30,-32,-11,-21,-42,-28,-34,-55,-42,-29
1.61067,-69,-65,-76,-45,-76,-39,-36,-48,-31,-41,-57,-9,-34,-33,-7,-15,-10,-15,-30,-12,-16,-27,-23,-13,-56,-53,-23
1.62133,-85,-55,-64,-31,-66,-45,-35,-36,-33,-44,-55,-14,-44,-32,-2,-33,-21,-8,-35,-17,-26,-36,-25,-37,-61,-56,-28
1.63200,-81,-70,-63,-38,-59,-36,-40,-33,-39,-57,-59,-12,-62,-26,-3,-19,0,-16,-49,-14,-28,-45,-35,-26,-64,-56,-35
1.64267,-101,-60,-46,-42,-56,-39,-35,-40,-52,-59,-52,-3,-51,-34,6,-19,-6,-24,-45,-12,-35,-44,-38,-37,-62,-36,-42
1.65333,-90,-73,-13,-51,-58,-49,-35,-53,-35,-62,-48,-19,-51,-34,-6,-17,4,-18,-43,-15,-29,-44,-42,-31,-64,-61,-37
1.66400,-89,-70,-36,-38,-61,-36,-14,-55,-40,-55,-63,-12,-44,-34,-11,-26,-1,-29,-44,-3,-26,-30,-45,-39,-63,-47,-32
1.67467,-69,-62,-60,-42,-59,-50,-29,-51,-38,-55,-56,-6,-54,-38,-1,-15,-12,-25,-49,-6,-36,-41,-52,-35,-61,-51,-22
1.68533,-86,-64,-57,-39,-63,-42,-31,-38,-32,-68,-58,-13,-64,-39,2,-39,-10,-22,-57,-10,-41,-36,-60,-37,-73,-44,-23
1.69600,-96,-56,-58,-57,-43,-41,-23,-40,-38,-52,-63,-7,-53,-39,1,-43,-1,-23,-57,-14,-48,-38,-39,-35,-76,-35,-33
1.70667,-82,-47,-52,-44,-64,-48,-28,-46,-36,-52,-61,-18,-48,-35,4,-22,-8,-14,-47,-8,-41,-49,-32,-31,-65,-38,-39
1.71733,-66,-35,-52,-39,-51,-42,-36,-45,-43,-58,-48,-21,-54,-29,6,-22,-9,-22,-46,1,-34,-31,-36,-37,-75,-42,-33
1.72800,-60,-54,-62,-27,-74,-38,-33,-49,-37,-63,-58,-9,-41,-51,-11,-31,-20,-24,-52,-20,-24,-39,-35,-39,-74,-45,-43
1.73867,-82,-38,-48,-55,-52,-50,-20,-39,-23,-63,-63,-8,-43,-49,-3,-43,-27,-32,-49,-12,-30,-47,-33,-25,-71,-41,-35
1.74933,-78,-45,-51,-42,-58,-53,-45,-50,-36,-77,-68,-8,-51,-50,-6,-28,-23,-20,-31,-23,-20,-44,-23,-28,-68,-53,-44
1.76000,-72,-27,-45,-32,-57,-44,-20,-48,-31,-62,-57,-13,-51,-35,11,-31,-24,-12,-28,-32,-35,-25,-36,-23,-65,-51,-36
1.77067,-36,-42,-19,-30,-32,-40,-22,-20,-30,-51,-59,-9,-36,-33,2,-35,-17,0,-40,-17,-38,-20,-27,-18,-57,-55,-27
1.78133,12,10,-10,15,-11,-2,3,1,-9,-37,-34,2,-34,-27,6,-22,-5,-1,-31,-13,-10,-16,-24,-23,-39,-22,-16
1.79200,91,83,73,79,45,53,47,34,34,16,-3,50,4,13,34,15,30,24,5,19,2,14,9,6,-15,-12,22
1.80267,203,200,189,165,143,137,139,128,115,86,86,129,78,99,116,77,109,88,65,87,81,80,81,69,60,59,88
1.81333,370,354,326,287,267,262,261,227,233,203,195,228,189,198,229,196,216,192,180,189,183,182,184,190,143,171,197
1.82400,502,510,491,458,417,418,407,378,359,349,333,376,320,342,362,335,339,318,321,341,314,314,332,319,295,302,323
1.83467,696,696,668,647,623,598,602,571,554,529,513,565,521,520,529,500,506,516,496,506,496,488,493,484,448,464,489
1.84533,1006,966,933,912,884,866,853,822,809,788,768,798,759,771,787,749,762,742,726,741,740,723,733,736,684,695,716
1.85600,1388,1371,1327,1298,1251,1236,1221,1189,1183,1134,1122,1136,1091,1115,1120,1077,1104,1086,1040,1071,1048,1046,1040,1028,997,997,1015
1.86667,1888,1867,1806,1764,1737,1703,1682,1643,1627,1586,1573,1586,1545,1550,1542,1516,1519,1503,1459,1485,1467,1452,1439,1425,1382,1394,1412
1.87733,2489,2447,2403,2329,2287,2272,2243,2189,2151,2110,2104,2132,2053,2045,2059,2008,2006,1979,1963,1946,1954,1922,1906,1905,1849,1849,1857
1.88800,3166,3116,3044,2979,2913,2898,2848,2786,2744,2689,2664,2691,2607,2592,2610,2563,2565,2522,2471,2489,2464,2449,2416,2390,2354,2350,2346
1.89867,3896,3819,3748,3653,3590,3546,3494,3431,3387,3336,3282,3293,3206,3203,3186,3129,3128,3095,3044,3042,3013,2982,2961,2925,2892,2869,2861
1.90933,4656,4582,4482,4390,4288,4248,4185,4110,4051,3991,3922,3937,3838,3818,3814,3754,3739,3702,3640,3649,3602,3567,3538,3503,3455,3422,3435
1.92000,5427,5298,5206,5108,5013,4934,4869,4782,4721,4639,4580,4582,4482,4462,4451,4385,4358,4304,4243,4239,4200,4153,4124,4094,4032,3992,3995
1.93067,6152,6018,5909,5800,5694,5591,5527,5418,5357,5273,5200,5199,5104,5066,5073,4977,4949,4915,4858,4832,4785,4747,4711,4673,4602,4569,4551
1.94133,6831,6697,6539,6449,6321,6224,6141,6062,5973,5902,5823,5807,5725,5686,5687,5594,5572,5522,5469,5432,5390,5348,5307,5275,5178,5153,5127
1.95200,7398,7284,7156,7058,6938,6856,6802,6699,6633,6567,6495,6502,6426,6394,6389,6298,6294,6240,6185,6162,6079,6056,5999,5950,5867,5822,5770
1.96267,7768,7726,7683,7637,7579,7535,7506,7463,7427,7376,7345,7361,7294,7287,7285,7219,7189,7158,7099,7060,7007,6958,6920,6842,6749,6689,6621
1.97333,8064,8135,8201,8243,8298,8343,8392,8406,8431,8438,8448,8486,8458,8475,8483,8439,8418,8387,8313,8285,8210,8154,8113,8011,7903,7829,7755
1.98400,8560,8794,8989,9156,9304,9447,9584,9688,9776,9834,9899,9979,9956,10011,10049,10017,9999,9971,9890,9849,9755,9703,9621,9527,9407,9305,9204
1.99467,9761,10112,10387,10635,10847,11055,11263,11412,11559,11658,11760,11885,11908,11970,12022,11993,11995,11952,11859,11827,11708,11611,11525,11398,11254,11108,10995
2.00533,12133,12439,12703,12939,13164,13400,13616,13787,13961,14084,14204,14354,14403,14466,14523,14502,14518,14475,14359,14302,14172,14047,13919,13763,13569,13381,13194
2.01600,16080,16253,16409,16558,16749,16958,17177,17376,17577,17745,17920,18113,18190,18322,18397,18396,18426,18362,18222,18122,17947,17765,17576,17347,17026,16753,16465
2.02667,23169,23123,23139,23262,23463,23784,24164,24559,24986,25391,25820,26261,26547,26838,27064,27204,27277,27248,27045,26789,26444,26074,25643,25150,24532,23944,23351
2.03733,36679,36490,36618,37033,37686,38550,39611,40761,42009,43295,44580,45830,46800,47640,48314,48809,49147,49185,48829,48180,47316,46315,45185,43898,42459,40981,39568
2.04800,59611,59509,60136,61379,63190,65434,68027,70855,73913,77090,80234,83152,85520,87504,89095,90362,91221,91387,90660,89217,87177,84821,82214,79332,76169,72979,69899
2.05867,89802,89886,91170,93587,97012,101189,105952,111144,116742,122596,128321,133579,137890,141407,144271,146528,148104,148448,147203,144521,140787,136455,131723,126602,121073,115487,110151
2.06933,118357,118223,119823,123135,127908,133807,140551,147927,155908,164272,172414,179863,185963,190891,194864,198042,200236,200734,198971,195096,189718,183438,176648,169393,161641,153839,146426
2.08000,133730,132877,134282,137863,143347,150244,158173,166918,176411,186298,195955,204691,211873,217644,222237,225929,228531,229089,227007,222446,216066,208708,200732,192238,183276,174255,165692
2.09067,132135,130286,131135,134578,140239,147571,156050,165401,175466,185953,196148,205315,212831,218850,223633,227450,230135,230759,228644,224005,217480,209970,201862,193283,184169,175069,166439
2.10133,120327,117311,117394,120490,126058,133488,142122,151608,161754,172233,182338,191403,198827,204729,209406,213138,215761,216416,214459,210117,204006,196954,189353,181323,172799,164326,156291
2.11200,106903,102772,102040,104604,109863,117068,125551,134823,144685,154768,164441,173086,180129,185710,190143,193646,196073,196735,194978,191093,185556,179189,172314,165048,157373,149755,142514
2.12267,98039,92820,91154,92872,97413,103907,111739,120350,129476,138768,147652,155574,161990,167096,171094,174231,176421,176987,175436,171953,166990,161328,155187,148737,141916,135158,128739
2.13333,97858,91055,87859,88099,91166,96231,102694,109938,117717,125714,133351,140172,145656,150030,153406,156068,157868,158256,156816,153716,149307,144291,138870,133173,127202,121275,115667
2.14400,106626,97584,92066,90018,90753,93586,97864,103064,108910,115031,120986,126317,130608,133964,136575,138566,139879,140020,138642,135848,132004,127612,122900,117990,112840,107741,102940
2.15467,119858,108258,100110,95322,93313,93460,95138,97878,101391,105355,109369,113023,115918,118162,119876,121140,121909,121787,120417,117944,114638,110905,106935,102784,98465,94211,90215
2.16533,131089,117427,106970,99735,95141,92716,91891,92248,93512,95362,97483,99509,101054,102253,103082,103654,103916,103538,102221,100082,97307,94224,90959,87582,84086,80650,77443
2.17600,136596,121698,109727,100655,94103,89627,86742,85130,84491,84564,85053,85679,86096,86352,86464,86469,86322,85751,84517,82693,80433,77965,75376,72727,69988,67326,64810
2.18667,136021,120718,108042,97940,90103,84236,79910,76829,74780,73502,72729,72276,71799,71375,70933,70507,70044,69357,68213,66705,64929,63018,61016,58995,56925,54932,53046
2.19733,130756,115820,103122,92698,84286,77631,72457,68459,65498,63341,61712,60529,59450,58539,57744,57028,56367,55600,54588,53360,51972,50496,49024,47518,45968,44504,43147
2.20800,125068,110721,98326,87931,79306,72323,66712,62258,58771,56061,53937,52286,50830,49620,48591,47669,46885,46055,45129,44095,43001,41832,40692,39535,38356,37268,36294
2.21867,127211,113195,100937,90530,81780,74575,68705,63896,60040,56945,54408,52355,50528,48965,47601,46348,45256,44145,43034,41869,40722,39554,38401,37297,36171,35153,34245
2.22933,150212,136133,123690,113035,103971,96410,90104,84802,80364,76598,73318,70432,67694,65166,62801,60514,58357,56176,54007,51856,49792,47805,45895,44072,42329,40732,39343
2.24000,202249,187725,174715,163316,153489,145147,137987,131725,126197,121159,116423,111904,107333,102813,98338,93843,89458,85019,80560,76194,71992,68033,64312,60795,57504,54524,51968
2.25067,268748,253626,239533,226883,215890,206313,197969,190488,183599,177053,170573,164065,157253,150322,143230,136059,128916,121690,114465,107355,100498,94044,88030,82414,77213,72560,68585
2.26133,318916,303404,288364,274557,262343,251748,242502,234162,226424,218961,211408,203661,195412,186900,178083,169166,160188,151099,141965,132965,124293,116089,108472,101406,94861,89062,84122
2.27200,333242,317957,302772,288608,276088,265313,256006,247801,240267,233002,225680,218065,209910,201414,192568,183588,174496,165276,155921,146652,137667,129174,121239,113893,107101,101093,95939
2.28267,315771,301594,287362,274180,262575,252828,244616,237621,231416,225599,219725,213622,206971,199981,192646,185147,177486,169543,161357,153094,144975,137258,129958,123179,116842,111193,106299
2.29333,285571,273414,261362,250375,241016,233470,227515,222871,219110,215848,212604,209077,204986,200540,195775,190772,185422,179487,172932,166038,159037,152237,145666,139369,133399,127945,123009
2.30400,259725,250161,241050,233147,226947,222496,219666,218242,217871,218051,218237,218025,217114,215769,214070,212046,209315,205486,200428,194553,188192,181784,175367,168968,162697,156696,151007
2.31467,242220,235158,228844,223988,220887,219556,219813,221619,224610,228212,231758,234815,237001,238625,239871,240687,240438,238443,234572,229348,223335,216965,210312,203520,196585,189689,182881
2.32533,231203,225438,220798,217769,216626,217272,219610,223522,228796,234770,240711,246141,250607,254486,258016,261054,262783,262391,259693,255282,249784,243736,237191,230333,223135,215760,208229
2.33600,222893,217122,212677,210032,209315,210514,213416,218016,224035,230914,237892,244416,250072,255244,260091,264505,267566,268469,266987,263661,259112,253921,248156,241932,235220,228093,220663
2.34667,210861,204478,199476,196350,195152,195892,198370,202540,208176,214746,221567,228082,233943,239438,244705,249637,253330,255068,254658,252516,249211,245209,240635,235594,229915,223716,217090
2.35733,187923,181529,176409,173044,171442,171640,173478,176870,181635,187308,193307,199196,204572,209712,214742,219460,223193,225303,225649,224570,222376,219592,216320,212576,208187,203226,197765
2.36800,151790,146616,142498,139821,138589,138816,140413,143277,147290,152054,157110,162117,166752,171210,175578,179709,183062,185186,185950,185572,184246,182485,180266,177703,174547,170813,166633
2.37867,107203,104375,102212,101069,100950,101884,103765,106552,110145,114224,118501,122718,126570,130315,133931,137323,140143,142025,142925,142975,142247,141157,139785,138142,135971,133319,130269
2.38933,63987,63659,63681,64289,65526,67397,69816,72764,76178,79835,83541,87103,90345,93414,96403,99120,101379,102969,103850,104112,103767,103128,102338,101374,99949,98102,95992
2.40000,29086,30806,32619,34698,37059,39739,42643,45776,49118,52465,55741,58846,61578,64152,66585,68770,70571,71894,72703,73087,72963,72632,72215,71722,70807,69553,68089
2.41067,4919,7910,10882,13888,16954,20120,23308,26498,29698,32794,35739,38463,40788,42973,44995,46755,48225,49335,50065,50496,50514,50368,50214,49993,49449,48583,47596
2.42133,-9386,-5780,-2331,1046,4374,7677,10882,13966,16945,19763,22380,24750,26765,28628,30325,31788,32996,33937,34600,35030,35138,35130,35124,35102,34769,34198,33523
2.43200,-16008,-12395,-8948,-5632,-2408,712,3700,6544,9207,11699,13963,16015,17748,19335,20780,21987,23016,23811,24427,24839,25011,25091,25175,25254,25090,24707,24256
2.44267,-17370,-14159,-11075,-8116,-5248,-2494,137,2594,4902,7033,8943,10694,12140,13498,14731,15718,16588,17286,17839,18255,18448,18579,18725,18890,18809,18573,18266
2.45333,-15569,-12947,-10424,-7992,-5627,-3334,-1142,882,2798,4551,6130,7575,8777,9912,10941,11779,12484,13105,13616,14017,14208,14391,14577,14790,14778,14647,14448
2.46400,-12071,-10131,-8199,-6372,-4561,-2772,-1074,525,2040,3423,4701,5876,6830,7767,8634,9312,9922,10470,10913,11313,11506,11707,11936,12187,12228,12150,12035
2.47467,-7840,-6575,-5297,-4069,-2777,-1495,-235,954,2098,3157,4140,5068,5830,6586,7306,7869,8369,8849,9263,9645,9850,10059,10300,10590,10665,10634,10598
2.48533,-3685,-2979,-2298,-1565,-793,62,933,1763,2587,3370,4111,4823,5418,6020,6610,7072,7521,7923,8312,8658,8879,9092,9361,9642,9752,9770,9812
2.49600,0,200,416,733,1097,1579,2108,2655,3219,3772,4325,4886,5316,5811,6288,6689,7076,7450,7798,8145,8378,8585,8851,9156,9299,9327,9409
2.50667,3030,2827,2654,2623,2683,2870,3145,3463,3846,4223,4625,5053,5400,5797,6200,6540,6873,7212,7550,7902,8122,8340,8623,8921,9083,9161,9240
2.51733,5253,4786,4354,4061,3901,3873,3978,4110,4364,4596,4898,5250,5496,5834,6188,6483,6798,7122,7445,7767,8013,8228,8509,8823,9006,9087,9189
2.52800,6750,6095,5514,5033,4732,4570,4556,4577,4729,4877,5113,5386,5591,5870,6205,6467,6771,7070,7398,7696,7944,8178,8472,8778,8970,9072,9169
2.53867,7666,6891,6197,5669,5269,5029,4922,4892,4952,5057,5242,5478,5645,5897,6199,6445,6719,7048,7344,7661,7889,8119,8427,8731,8930,9019,9148
2.54933,8088,7296,6575,6001,5556,5287,5134,5052,5077,5141,5284,5503,5641,5884,6183,6411,6682,6973,7277,7588,7828,8077,8374,8679,8868,8982,9087
2.56000,8244,7419,6732,6129,5670,5419,5223,5120,5126,5174,5289,5474,5616,5839,6139,6351,6614,6909,7216,7518,7746,8010,8304,8618,8803,8909,9030
2.57067,8189,7420,6747,6163,5720,5445,5259,5154,5134,5168,5262,5438,5576,5785,6074,6292,6557,6847,7135,7454,7671,7926,8217,8531,8726,8827,8951
2.58133,8087,7345,6702,6143,5727,5443,5265,5145,5123,5153,5236,5389,5517,5732,6006,6217,6494,6781,7062,7369,7598,7855,8142,8447,8630,8735,8853
2.59200,7962,7272,6630,6114,5706,5438,5263,5123,5091,5121,5188,5332,5467,5662,5947,6139,6404,6679,6967,7278,7496,7752,8041,8349,8507,8622,8754
2.60267,7809,7142,6534,6056,5635,5384,5206,5071,5042,5056,5136,5278,5406,5597,5855,6059,6325,6589,6856,7161,7391,7627,7911,8201,8376,8471,8617
2.61333,7602,6972,6395,5926,5530,5283,5105,4985,4946,4966,5023,5175,5296,5484,5737,5936,6183,6454,6705,7012,7234,7477,7745,8040,8181,8292,8418
2.62400,7284,6677,6148,5703,5349,5105,4932,4828,4784,4805,4862,5024,5130,5315,5562,5768,6013,6283,6525,6807,7034,7265,7518,7773,7916,8029,8161
2.63467,6912,6325,5818,5382,5063,4845,4684,4589,4558,4565,4654,4803,4909,5092,5342,5530,5773,6030,6259,6534,6746,7001,7228,7454,7589,7711,7825
2.64533,6455,5888,5421,5030,4722,4502,4385,4280,4272,4282,4376,4510,4645,4805,5055,5225,5489,5712,5932,6180,6392,6627,6853,7062,7168,7314,7408
2.65600,5933,5449,4991,4632,4350,4152,4042,3951,3938,3959,4039,4188,4296,4467,4707,4862,5095,5321,5529,5757,5964,6168,6373,6567,6674,6797,6896
2.66667,5484,4993,4578,4230,3967,3791,3684,3606,3606,3622,3694,3839,3931,4092,4292,4459,4668,4856,5068,5289,5445,5640,5839,6033,6127,6223,6311
2.67733,5085,4586,4201,3875,3596,3438,3342,3263,3274,3281,3346,3477,3547,3701,3889,4041,4228,4394,4562,4765,4913,5100,5251,5433,5520,5588,5689
2.68800,4752,4246,3847,3547,3272,3124,3021,2955,2946,2957,3014,3136,3181,3310,3487,3610,3778,3951,4069,4265,4386,4536,4686,4839,4926,4974,5061
2.69867,4440,3948,3557,3243,2992,2851,2745,2675,2658,2664,2700,2817,2852,2966,3127,3215,3353,3507,3620,3779,3906,4022,4161,4293,4357,4389,4486
2.70933,4205,3694,3320,3002,2752,2611,2526,2430,2426,2396,2443,2530,2558,2668,2785,2874,2996,3113,3223,3344,3436,3559,3677,3804,3833,3886,3954
2.72000,3988,3505,3100,2821,2562,2410,2317,2239,2204,2179,2211,2281,2306,2407,2502,2577,2679,2775,2852,2968,3050,3149,3243,3364,3381,3435,3501
2.73067,3773,3325,2919,2623,2384,2238,2147,2072,2030,1988,2004,2070,2089,2160,2249,2307,2401,2488,2548,2667,2717,2788,2876,2981,3002,3035,3078
2.74133,3568,3098,2724,2441,2215,2077,1979,1910,1857,1819,1818,1882,1878,1942,2031,2065,2139,2203,2285,2378,2434,2475,2558,2645,2665,2691,2709
2.75200,3330,2904,2553,2266,2064,1916,1823,1745,1687,1660,1636,1701,1696,1751,1820,1851,1919,1978,2027,2120,2148,2189,2251,2335,2356,2370,2380
2.76267,3150,2716,2375,2128,1911,1779,1675,1577,1514,1476,1476,1519,1498,1537,1602,1629,1690,1739,1779,1859,1875,1894,1966,2043,2044,2068,2061
2.77333,3016,2612,2260,2010,1779,1642,1533,1434,1369,1311,1306,1319,1298,1332,1383,1428,1445,1506,1520,1595,1619,1624,1690,1763,1764,1759,1754
2.78400,3011,2602,2250,1956,1716,1553,1427,1304,1223,1141,1117,1138,1098,1123,1167,1193,1204,1246,1278,1344,1337,1355,1415,1484,1468,1471,1451
2.79467,3173,2715,2333,1999,1733,1508,1375,1215,1108,1007,954,957,914,913,959,968,987,1018,1041,1123,1099,1107,1156,1244,1232,1210,1186
2.80533,3589,3062,2606,2182,1856,1583,1380,1180,1048,913,848,819,751,749,799,796,803,833,861,909,902,912,959,1053,1033,1006,965
2.81600,4260,3628,3049,2544,2120,1774,1504,1253,1063,897,794,734,658,648,686,663,679,701,731,777,765,783,823,927,895,870,816
2.82667,5157,4384,3702,3077,2549,2109,1755,1431,1186,976,837,767,662,621,649,618,643,658,689,741,713,735,780,873,859,808,757
2.83733,6393,5446,4590,3838,3163,2633,2181,1759,1466,1193,1019,906,777,727,734,698,691,704,756,826,789,787,852,978,950,887,805
2.84800,8196,7018,5925,4995,4149,3469,2899,2377,1995,1653,1434,1278,1109,1022,1034,997,963,1001,1045,1133,1098,1086,1154,1325,1301,1200,1115
2.85867,12177,10494,8937,7590,6398,5401,4575,3886,3333,2894,2595,2370,2148,2051,2056,1996,1978,2028,2098,2195,2193,2183,2297,2509,2504,2430,2348
2.86933,20783,17799,15158,12878,10932,9346,8064,7012,6198,5583,5129,4819,4551,4445,4439,4380,4379,4476,4611,4788,4840,4903,5124,5423,5526,5493,5496
2.88000,32112,27342,23170,19671,16752,14398,12523,11033,9901,9059,8458,8052,7724,7606,7599,7582,7622,7788,8048,8289,8434,8603,8950,9410,9636,9709,9828
2.89067,43249,36679,31036,26310,22406,19313,16869,14973,13535,12487,11740,11247,10857,10718,10736,10765,10838,11089,11440,11800,12026,12317,12788,13399,13762,13942,14170
2.90133,53013,44869,37864,32072,27355,23598,20659,18389,16712,15489,14631,14052,13612,13486,13505,13553,13685,13996,14412,14877,15177,15580,16163,16914,17403,17682,18013
2.91200,60795,51404,43354,36725,31308,27041,23720,21173,19297,17932,16993,16355,15889,15731,15772,15845,16022,16374,16842,17390,17774,18246,18935,19799,20356,20719,21131
2.92267,65125,55057,46451,39364,33595,29053,25540,22834,20879,19435,18445,17778,17309,17156,17196,17288,17478,17850,18381,18945,19375,19900,20637,21534,22150,22574,23029
2.93333,65036,55096,46562,39523,33774,29269,25775,23091,21133,19713,18739,18085,17626,17467,17504,17592,17789,18186,18694,19255,19683,20182,20920,21834,22429,22833,23286
2.94400,62159,52839,44770,38084,32609,28288,24934,22370,20493,19143,18208,17594,17148,17003,17044,17112,17303,17678,18148,18675,19074,19570,20249,21095,21652,22027,22452
2.95467,59185,50504,42881,36541,31280,27123,23904,21461,19661,18378,17494,16913,16489,16353,16397,16459,16639,16998,17434,17942,18305,18785,19394,20215,20746,21085,21492
2.96533,57118,48878,41650,35448,30289,26200,23062,20675,18949,17711,16865,16323,15915,15791,15848,15904,16094,16410,16869,17341,17695,18151,18746,19535,20055,20381,20767
2.97600,54666,46962,40062,34081,29040,25047,21981,19678,18022,16839,16027,15530,15153,15049,15098,15164,15362,15670,16084,16535,16916,17323,17924,18644,19150,19483,19872
2.98667,50507,43593,37272,31666,26918,23118,20209,18037,16488,15390,14641,14213,13868,13793,13844,13906,14094,14385,14774,15204,15521,15937,16492,17124,17598,17926,18288
2.99733,45009,39099,33493,28453,24065,20574,17888,15900,14499,13519,12859,12501,12193,12124,12191,12255,12404,12677,13032,13424,13705,14057,14553,15151,15563,15848,16181
3.00800,38930,34028,29235,24797,20867,17729,15354,13580,12341,11497,10939,10620,10376,10334,10389,10453,10577,10824,11126,11477,11720,12013,12468,12969,13312,13574,13868
3.01867,33039,29018,24996,21163,17741,14970,12901,11364,10308,9593,9120,8856,8661,8630,8667,8747,8871,9083,9328,9638,9838,10094,10473,10905,11190,11404,11669
3.02933,27656,24390,21048,17793,14859,12475,10701,9382,8509,7892,7517,7307,7152,7115,7163,7226,7340,7514,7707,7972,8172,8365,8690,9041,9284,9461,9678
3.04000,22695,20103,17384,14689,12230,10251,8760,7673,6944,6463,6139,5979,5852,5825,5881,5928,6003,6157,6322,6532,6700,6857,7112,7412,7606,7737,7937
3.05067,18310,16238,14063,11891,9894,8309,7093,6221,5639,5247,4989,4885,4747,4735,4789,4829,4904,5012,5143,5309,5435,5567,5782,6017,6152,6279,6427
3.06133,14527,12925,11202,9489,7921,6660,5719,5033,4581,4264,4040,3986,3869,3858,3909,3926,4001,4083,4162,4293,4404,4515,4672,4854,4957,5064,5178
3.07200,11490,10235,8895,7558,6342,5365,4634,4101,3759,3517,3342,3303,3204,3198,3239,3251,3296,3379,3433,3546,3633,3706,3835,3983,4046,4112,4221
3.08267,9145,8167,7119,6122,5175,4413,3862,3452,3181,2981,2853,2825,2743,2745,2797,2803,2826,2896,2939,3043,3092,3156,3266,3368,3417,3462,3556
3.09333,7490,6719,5903,5116,4380,3802,3377,3048,2834,2676,2574,2572,2497,2507,2550,2551,2583,2641,2680,2765,2794,2846,2948,3024,3057,3106,3157
3.10400,6404,5781,5115,4483,3902,3446,3106,2853,2678,2542,2479,2470,2416,2433,2461,2464,2501,2553,2592,2664,2681,2733,2830,2888,2913,2966,3004
3.11467,5722,5208,4671,4160,3673,3291,3026,2793,2654,2548,2494,2489,2443,2461,2497,2497,2534,2578,2604,2666,2706,2739,2833,2902,2918,2965,3014
3.12533,5328,4861,4394,3971,3564,3244,3021,2817,2691,2591,2533,2539,2491,2510,2562,2534,2585,2637,2627,2703,2756,2772,2860,2936,2958,3002,3061
3.13600,5052,4656,4237,3846,3476,3219,2986,2817,2700,2610,2553,2564,2511,2527,2572,2556,2589,2637,2633,2687,2731,2775,2829,2908,2930,2999,3055
3.14667,4799,4411,4056,3716,3364,3116,2924,2763,2656,2553,2506,2518,2459,2469,2504,2492,2512,2559,2557,2605,2647,2664,2739,2806,2822,2891,2929
3.15733,4497,4135,3799,3493,3183,2981,2782,2628,2525,2416,2369,2379,2325,2320,2359,2346,2364,2398,2402,2435,2466,2500,2539,2604,2618,2674,2728
3.16800,4157,3854,3528,3223,2936,2740,2570,2426,2324,2236,2198,2199,2139,2144,2158,2142,2177,2186,2182,2217,2242,2270,2324,2363,2361,2404,2461
3.17867,3853,3543,3236,2959,2687,2519,2351,2211,2126,2048,2001,1996,1942,1946,1958,1933,1964,1973,1962,2000,2011,2028,2060,2093,2114,2139,2180
3.18933,3634,3319,3011,2730,2484,2305,2149,2017,1957,1865,1813,1813,1766,1751,1785,1760,1774,1766,1756,1802,1820,1819,1864,1881,1888,1915,1945
3.20000,3558,3212,2878,2578,2317,2149,1989,1863,1811,1723,1684,1679,1623,1625,1650,1620,1658,1637,1621,1665,1676,1684,1699,1723,1708,1757,1787
3.21067,3624,3252,2853,2527,2234,2051,1902,1769,1692,1625,1590,1588,1545,1536,1578,1554,1571,1575,1545,1601,1590,1600,1636,1650,1635,1686,1710
3.22133,3871,3368,2946,2563,2240,2032,1863,1738,1664,1586,1541,1546,1495,1506,1523,1501,1518,1549,1491,1575,1570,1584,1616,1646,1639,1684,1723
3.23200,4190,3612,3081,2638,2292,2040,1863,1724,1646,1568,1527,1537,1472,1492,1521,1518,1525,1554,1528,1587,1603,1598,1658,1707,1689,1729,1788
3.24267,4518,3836,3243,2739,2325,2077,1883,1725,1644,1562,1527,1545,1479,1504,1538,1509,1561,1580,1568,1599,1649,1633,1704,1753,1740,1802,1869
3.25333,4724,3984,3359,2814,2363,2097,1895,1745,1633,1576,1521,1533,1487,1504,1541,1520,1571,1607,1586,1626,1674,1680,1726,1797,1802,1849,1924
3.26400,4830,4078,3402,2846,2395,2112,1901,1738,1636,1568,1519,1523,1485,1500,1555,1539,1573,1608,1584,1648,1666,1701,1749,1807,1821,1897,1951
3.27467,4875,4108,3417,2867,2415,2107,1900,1732,1635,1566,1513,1522,1474,1484,1533,1510,1548,1597,1598,1644,1671,1715,1747,1804,1818,1886,1954
3.28533,4893,4121,3432,2856,2406,2099,1896,1737,1615,1549,1509,1508,1463,1483,1536,1514,1544,1585,1590,1639,1679,1708,1743,1805,1819,1872,1926
3.29600,4910,4138,3455,2871,2423,2124,1897,1730,1627,1537,1488,1501,1461,1478,1519,1502,1539,1586,1578,1643,1669,1697,1736,1805,1815,1863,1917
3.30667,4933,4185,3476,2874,2426,2119,1899,1721,1617,1524,1482,1495,1438,1464,1501,1483,1510,1553,1562,1625,1648,1678,1710,1791,1803,1831,1905
3.31733,4903,4145,3467,2874,2425,2105,1877,1707,1596,1497,1466,1477,1421,1437,1472,1464,1500,1534,1537,1591,1611,1642,1672,1755,1763,1797,1859
3.32800,4756,4024,3352,2803,2360,2057,1835,1666,1554,1461,1426,1429,1380,1388,1440,1417,1449,1479,1474,1525,1553,1584,1610,1672,1679,1717,1779
3.33867,4491,3813,3198,2686,2267,1986,1772,1604,1503,1412,1366,1372,1326,1331,1378,1348,1394,1401,1402,1447,1468,1483,1528,1575,1577,1618,1683
3.34933,4108,3528,2956,2517,2131,1867,1675,1521,1412,1336,1288,1310,1254,1262,1287,1265,1316,1310,1310,1353,1370,1381,1419,1464,1458,1498,1550
3.36000,3678,3176,2692,2302,1970,1714,1565,1423,1341,1264,1213,1233,1174,1182,1215,1179,1229,1222,1203,1255,1276,1287,1302,1352,1329,1372,1409
3.37067,3271,2837,2447,2080,1797,1593,1439,1328,1251,1176,1142,1171,1107,1107,1157,1112,1144,1132,1131,1158,1165,1183,1199,1235,1218,1256,1287
3.38133,2953,2579,2218,1920,1675,1485,1362,1256,1189,1122,1084,1113,1053,1063,1095,1070,1092,1094,1068,1097,1088,1114,1129,1151,1142,1182,1194
3.39200,2812,2470,2128,1839,1592,1433,1326,1231,1166,1097,1063,1081,1038,1027,1068,1032,1050,1069,1025,1062,1076,1095,1097,1120,1112,1151,1163
3.40267,3000,2606,2224,1914,1634,1473,1363,1258,1196,1128,1097,1112,1069,1055,1094,1071,1081,1108,1075,1119,1141,1157,1168,1188,1182,1219,1251
3.41333,3632,3072,2562,2159,1839,1646,1494,1363,1310,1223,1191,1211,1157,1159,1201,1170,1201,1228,1200,1264,1285,1308,1338,1390,1392,1424,1476
3.42400,4825,3982,3217,2647,2222,1936,1735,1597,1506,1408,1370,1371,1341,1349,1378,1378,1419,1448,1451,1523,1561,1624,1667,1743,1771,1822,1909
3.43467,6503,5246,4164,3349,2754,2346,2087,1901,1777,1676,1613,1624,1597,1598,1639,1653,1721,1774,1806,1898,1988,2043,2130,2232,2285,2376,2478
3.44533,8349,6666,5212,4117,3346,2817,2476,2240,2078,1976,1907,1898,1876,1900,1940,1982,2058,2156,2201,2318,2440,2534,2640,2774,2852,2981,3126
3.45600,9998,7912,6141,4796,3851,3218,2816,2533,2337,2205,2151,2138,2115,2145,2209,2254,2366,2466,2546,2693,2821,2938,3080,3251,3358,3518,3676
3.46667,10970,8654,6682,5201,4150,3443,2992,2703,2486,2339,2280,2277,2236,2292,2365,2417,2533,2643,2746,2918,3043,3188,3355,3543,3656,3835,4030
3.47733,11084,8742,6727,5233,4155,3454,3004,2693,2479,2346,2286,2298,2245,2304,2385,2427,2563,2665,2763,2941,3079,3246,3390,3569,3689,3880,4062
3.48800,10409,8234,6347,4940,3930,3277,2843,2559,2364,2245,2165,2189,2152,2197,2276,2322,2436,2541,2619,2787,2926,3054,3227,3369,3497,3650,3837
3.49867,9236,7324,5679,4430,3547,2977,2591,2345,2170,2069,2003,2020,1988,2016,2095,2134,2231,2316,2372,2534,2654,2774,2904,3019,3145,3269,3448
3.50933,7864,6271,4908,3865,3142,2649,2336,2135,1981,1886,1847,1864,1832,1848,1928,1951,2028,2096,2128,2270,2350,2440,2523,2642,2710,2833,2985
3.52000,6584,5294,4207,3367,2797,2380,2157,1981,1879,1783,1748,1779,1744,1765,1813,1821,1890,1916,1963,2046,2086,2140,2206,2291,2337,2410,2532
3.53067,5531,4525,3683,3023,2564,2260,2078,1939,1861,1806,1763,1804,1776,1783,1827,1822,1853,1855,1872,1897,1939,1957,1995,2012,2044,2096,2171
3.54133,4767,4009,3347,2860,2498,2260,2132,2031,1985,1937,1917,1959,1917,1941,1964,1924,1945,1943,1892,1902,1909,1861,1866,1857,1849,1879,1910
3.55200,4331,3726,3238,2842,2565,2384,2301,2234,2202,2181,2179,2212,2177,2187,2201,2163,2150,2118,2050,2014,1948,1877,1833,1808,1735,1732,1754
3.56267,4117,3613,3243,2922,2696,2586,2529,2497,2469,2453,2467,2516,2474,2482,2489,2430,2412,2347,2235,2171,2069,1982,1874,1810,1712,1687,1673
3.57333,4010,3601,3287,3040,2848,2781,2742,2737,2735,2712,2736,2796,2749,2747,2751,2701,2656,2564,2440,2333,2203,2070,1938,1839,1733,1654,1635
3.58400,3910,3558,3309,3103,2955,2906,2882,2880,2914,2904,2919,2979,2931,2929,2938,2880,2804,2717,2550,2445,2295,2130,1974,1867,1735,1650,1601
3.59467,3760,3482,3247,3070,2959,2936,2910,2926,2956,2955,2958,3032,2985,2987,2991,2917,2848,2753,2586,2479,2317,2138,1978,1851,1711,1638,1583
3.60533,3583,3310,3118,2974,2872,2826,2823,2841,2882,2872,2890,2941,2910,2907,2908,2838,2790,2688,2530,2393,2233,2070,1936,1801,1659,1595,1533
3.61600,3357,3118,2925,2785,2704,2656,2647,2660,2691,2669,2697,2745,2718,2730,2720,2661,2627,2511,2376,2264,2119,1972,1848,1716,1606,1552,1492
3.62667,3184,2939,2739,2601,2475,2447,2435,2410,2447,2430,2445,2502,2479,2492,2485,2430,2386,2309,2184,2098,1968,1850,1731,1631,1553,1482,1443
3.63733,3151,2862,2616,2438,2288,2246,2233,2193,2208,2196,2190,2248,2218,2232,2257,2177,2171,2108,1996,1930,1842,1754,1650,1578,1509,1465,1442
3.64800,3409,3017,2664,2420,2227,2130,2070,2027,2018,1993,1988,2045,2011,2028,2042,2000,2015,1961,1884,1841,1785,1717,1655,1606,1559,1520,1527
3.65867,4122,3538,3013,2602,2322,2141,2039,1975,1931,1891,1889,1933,1903,1924,1945,1910,1947,1916,1859,1851,1825,1800,1778,1745,1729,1756,1763
3.66933,5442,4525,3712,3078,2633,2353,2176,2047,1983,1907,1891,1928,1911,1939,1990,1976,2006,2015,1994,2029,2038,2041,2053,2074,2081,2157,2201
3.68000,7323,5969,4771,3840,3189,2744,2486,2281,2175,2089,2059,2087,2061,2093,2163,2184,2208,2274,2281,2372,2407,2464,2522,2597,2641,2759,2828
3.69067,9564,7700,6058,4793,3897,3303,2928,2643,2501,2389,2348,2379,2354,2402,2477,2522,2603,2692,2747,2860,2947,3057,3169,3277,3359,3485,3616
3.70133,11768,9416,7378,5795,4647,3912,3437,3100,2918,2791,2734,2781,2757,2827,2922,2997,3098,3230,3315,3489,3598,3759,3898,4039,4133,4287,4459
3.71200,13553,10807,8459,6650,5351,4504,3954,3585,3386,3247,3205,3262,3265,3365,3471,3564,3707,3862,3975,4147,4299,4475,4631,4781,4904,5075,5240
3.72267,14538,11638,9152,7218,5858,4961,4402,4049,3863,3729,3707,3783,3800,3922,4072,4172,4341,4515,4635,4813,4977,5149,5293,5438,5548,5703,5841
3.73333,14683,11786,9343,7454,6106,5251,4731,4398,4249,4152,4159,4247,4332,4457,4626,4754,4918,5111,5224,5387,5549,5694,5827,5945,6004,6103,6207
3.74400,14052,11378,9114,7364,6141,5350,4896,4610,4498,4450,4493,4622,4722,4877,5052,5195,5360,5526,5649,5800,5933,6023,6131,6192,6216,6260,6296
3.75467,12960,10582,8552,7012,5938,5259,4884,4661,4586,4568,4642,4803,4897,5072,5265,5404,5569,5719,5806,5964,6063,6121,6198,6217,6174,6175,6152
3.76533,11688,9600,7830,6494,5563,4988,4683,4511,4465,4488,4574,4744,4841,5025,5219,5329,5500,5620,5713,5848,5915,5944,5964,5964,5890,5858,5804
3.77600,10450,8613,7085,5922,5097,4617,4349,4207,4193,4206,4301,4475,4573,4734,4910,5022,5162,5287,5355,5477,5509,5540,5542,5524,5424,5376,5328
3.78667,9351,7744,6356,5328,4602,4172,3917,3807,3778,3793,3883,4045,4122,4269,4428,4545,4671,4761,4819,4914,4946,4973,4978,4934,4880,4829,4766
3.79733,8441,6954,5696,4760,4079,3703,3475,3359,3331,3334,3396,3525,3593,3726,3869,3933,4073,4132,4181,4285,4308,4342,4335,4336,4285,4240,4203
3.80800,7613,6261,5095,4258,3598,3242,3041,2912,2870,2859,2904,3008,3057,3166,3278,3327,3443,3531,3560,3654,3701,3722,3729,3725,3697,3695,3678
3.81867,6826,5566,4525,3732,3154,2813,2606,2488,2451,2423,2433,2538,2554,2647,2739,2782,2889,2962,2982,3074,3115,3131,3153,3177,3182,3189,3183
3.82933,6026,4935,3956,3274,2739,2431,2236,2117,2073,2040,2030,2118,2117,2196,2269,2300,2404,2461,2476,2555,2591,2635,2667,2693,2700,2721,2742
3.84000,5248,4284,3437,2819,2367,2101,1920,1803,1758,1714,1702,1769,1751,1819,1889,1918,1996,2017,2050,2115,2156,2200,2225,2282,2290,2311,2349
3.85067,4516,3702,2956,2425,2058,1808,1643,1556,1502,1452,1445,1502,1463,1506,1570,1586,1642,1698,1712,1758,1801,1853,1887,1929,1932,1976,2029
3.86133,3813,3134,2532,2077,1784,1559,1426,1349,1301,1242,1225,1270,1251,1281,1335,1331,1384,1420,1420,1483,1519,1549,1590,1638,1634,1687,1736
3.87200,3204,2623,2166,1795,1544,1366,1262,1181,1130,1086,1068,1119,1095,1120,1148,1163,1189,1207,1216,1276,1284,1325,1370,1399,1395,1452,1487
3.88267,2717,2228,1884,1570,1350,1215,1133,1060,1016,983,961,1014,968,1001,1026,1019,1042,1073,1064,1115,1121,1172,1204,1228,1233,1289,1331
3.89333,2332,1930,1607,1400,1216,1114,1031,977,931,905,882,930,878,903,939,931,948,955,962,997,1003,1033,1090,1109,1104,1158,1209
3.90400,2001,1692,1433,1255,1128,1013,971,915,882,850,838,871,831,835,881,867,884,885,885,921,940,960,994,1025,1027,1063,1125
3.91467,1707,1480,1302,1146,1048,967,920,877,854,817,799,831,803,798,838,819,829,842,830,876,885,903,928,972,961,999,1064
3.92533,1498,1365,1204,1080,974,919,879,844,826,785,778,813,770,788,823,804,812,821,811,826,855,865,893,912,918,961,1009
3.93600,1380,1226,1129,1019,928,881,854,820,793,767,759,801,766,766,801,773,788,799,802,814,840,845,889,905,899,935,984
3.94667,1286,1152,1048,975,898,859,823,806,796,759,754,796,760,767,784,750,781,793,778,813,825,842,855,875,896,919,964
3.95733,1203,1097,1012,952,866,826,821,785,785,752,750,779,751,757,786,751,785,787,775,814,802,842,863,888,883,913,933
3.96800,1177,1067,973,928,859,841,812,779,776,740,757,799,763,757,799,775,795,803,782,818,809,846,854,876,871,901,932
3.97867,1173,1087,1004,928,854,834,810,784,774,751,765,809,778,774,823,793,811,816,808,842,844,878,864,900,882,915,948
3.98933,1212,1136,1038,948,875,857,820,809,789,769,791,827,803,822,847,825,863,864,845,883,881,919,917,946,928,945,977
4.00000,1314,1212,1098,990,901,876,852,824,825,798,816,865,849,869,903,874,917,921,895,945,960,988,974,1009,993,1002,1028
4.01067,1430,1317,1186,1061,948,915,889,863,861,845,855,911,903,918,966,937,969,988,971,1013,1024,1052,1060,1054,1056,1072,1094
4.02133,1545,1406,1242,1124,988,954,919,903,899,890,906,961,941,983,1035,1015,1050,1059,1061,1111,1118,1109,1153,1154,1136,1151,1169
4.03200,1636,1465,1302,1179,1026,984,961,929,942,924,946,996,987,1035,1080,1093,1119,1131,1128,1181,1175,1190,1229,1227,1208,1231,1251
4.04267,1640,1478,1319,1186,1049,1004,965,953,963,950,969,1025,1018,1068,1120,1121,1141,1181,1173,1224,1234,1238,1279,1289,1256,1279,1288
4.05333,1611,1421,1282,1159,1034,982,957,940,941,940,974,1039,1024,1079,1119,1130,1151,1180,1183,1221,1249,1259,1266,1285,1269,1301,1296
4.06400,1514,1380,1206,1103,997,936,930,904,915,916,932,1004,995,1034,1095,1081,1123,1152,1145,1188,1219,1221,1234,1244,1246,1242,1261
4.07467,1387,1268,1122,1017,941,891,875,853,867,859,868,946,936,958,1030,1019,1057,1067,1080,1123,1133,1136,1132,1179,1153,1162,1183
4.08533,1247,1143,1020,950,862,824,815,786,803,796,801,873,864,877,936,936,971,968,982,1002,1031,1035,1043,1063,1044,1039,1068
4.09600,1110,1045,924,856,793,754,755,725,743,725,730,800,786,791,844,842,869,877,856,894,910,917,928,946,917,937,948
4.10667,1004,943,852,805,725,711,705,688,692,672,666,731,708,721,764,740,768,782,755,780,797,819,812,842,811,829,845
4.11733,949,893,788,761,693,688,675,659,646,633,626,678,655,666,691,690,690,697,663,706,707,713,719,729,715,740,752
4.12800,908,848,780,738,689,666,673,648,640,615,625,654,635,635,652,647,648,651,602,645,648,644,656,674,636,666,700
4.13867,876,827,771,739,701,675,693,657,658,627,631,666,621,629,636,621,622,608,574,598,608,622,616,619,592,621,645
4.14933,866,837,797,743,710,709,718,681,681,652,645,681,634,635,663,627,623,586,565,576,598,576,572,589,565,596,630
4.16000,913,853,821,779,752,742,749,734,718,692,689,730,669,666,689,655,640,613,573,575,597,576,573,576,550,572,606
4.17067,923,909,863,818,799,782,790,777,772,744,744,772,710,712,729,680,658,642,596,609,591,578,580,599,575,583,621
4.18133,912,927,865,847,834,812,841,819,816,797,785,811,762,750,762,712,694,685,639,636,635,606,599,622,584,596,636
4.19200,967,966,912,874,864,847,861,854,866,839,818,852,798,789,797,762,739,723,661,664,649,625,628,645,612,629,649
4.20267,976,960,944,902,875,880,881,866,884,857,840,885,813,821,832,793,783,755,697,692,679,662,650,677,620,638,683
4.21333,998,955,940,923,885,909,874,883,885,855,859,887,824,847,849,792,796,782,703,703,702,661,678,701,669,664,684
4.22400,975,950,925,900,859,870,868,869,873,846,853,879,818,835,852,812,792,767,704,716,696,678,686,699,666,669,684
4.23467,982,953,885,874,847,828,836,826,837,811,817,846,812,819,835,795,789,757,699,711,703,685,687,684,652,664,688
4.24533,960,912,859,836,806,790,798,780,795,781,776,811,787,781,816,767,752,732,683,688,677,680,667,658,629,650,662
4.25600,924,860,842,805,754,742,737,743,733,725,722,763,740,734,761,729,717,701,662,669,657,651,643,645,621,635,643
4.26667,900,819,795,746,706,700,678,685,685,659,674,708,677,672,701,683,679,663,630,650,628,611,614,630,582,616,610
4.27733,854,808,763,714,648,653,633,631,635,612,623,653,612,626,658,631,637,621,584,618,599,573,569,594,558,558,594
4.28800,868,798,734,678,609,606,577,564,574,564,578,596,574,588,609,593,594,565,550,573,569,549,535,553,522,520,568
4.29867,835,742,699,631,579,563,551,526,529,528,533,557,542,557,554,545,542,539,512,529,529,503,515,539,490,506,525
4.30933,772,719,650,606,534,521,519,489,497,485,482,527,502,514,535,506,523,510,473,506,483,488,493,496,460,476,507
4.32000,750,678,603,568,500,511,493,476,467,451,461,496,459,478,498,489,467,487,448,481,467,459,459,474,443,461,470
4.33067,730,665,577,532,471,487,476,455,442,428,421,473,446,459,493,473,451,467,438,467,437,436,434,440,430,429,467
4.34133,682,627,569,525,453,471,460,439,434,410,419,470,431,448,470,444,440,451,420,438,411,429,433,442,414,427,454
4.35200,654,609,569,506,456,459,442,436,427,410,410,457,428,442,446,439,443,449,397,441,412,424,422,443,408,421,453
4.36267,631,574,564,507,463,455,447,437,431,423,427,474,430,462,457,449,457,459,410,461,443,438,436,450,424,450,478
4.37333,633,602,564,519,487,475,468,455,444,429,432,491,445,482,476,450,479,454,443,472,481,459,461,488,444,464,515
4.38400,669,628,582,562,515,510,494,484,486,455,459,504,466,496,507,478,502,487,473,498,500,479,506,523,506,513,547
4.39467,679,657,598,609,523,535,527,506,522,488,503,529,497,522,536,497,518,529,497,528,534,538,559,588,555,576,607
4.40533,728,694,641,635,569,579,575,545,552,523,538,571,536,544,569,539,538,557,535,563,573,597,605,627,611,641,656
4.41600,754,742,686,652,610,605,606,584,580,565,573,603,567,568,595,587,580,576,580,599,611,627,650,666,671,700,722
4.42667,828,779,734,682,639,639,631,611,610,592,602,627,597,600,629,614,597,604,607,628,630,658,687,709,706,737,763
4.43733,887,843,769,718,680,662,646,620,635,604,619,639,610,627,645,608,614,622,611,637,644,669,695,723,726,754,786
4.44800,934,864,791,744,700,684,665,644,639,608,607,644,615,624,644,612,624,618,619,649,648,677,686,721,737,753,778
4.45867,985,896,829,782,731,690,662,653,628,600,603,649,622,603,638,615,619,640,611,644,642,664,689,712,741,758,796
4.46933,1052,959,883,822,731,703,658,653,619,590,603,646,601,599,619,601,605,614,598,649,643,652,672,698,706,757,768
4.48000,1100,1016,921,835,752,697,672,637,602,557,578,618,579,582,589,583,589,605,569,605,625,639,649,684,673,711,740
4.49067,1151,1070,957,862,771,703,654,600,586,547,538,593,552,554,570,556,562,573,553,594,600,602,612,659,654,669,734
4.50133,1223,1089,981,872,753,703,645,568,567,518,516,566,516,520,554,531,548,543,533,585,584,593,594,624,611,656,692
4.51200,1212,1108,983,875,737,668,627,558,521,483,495,535,485,491,535,508,530,527,500,548,553,571,578,587,573,611,643
4.52267,1201,1069,962,840,712,635,605,532,496,464,458,501,453,462,494,490,495,493,469,511,502,517,542,550,548,579,618
4.53333,1127,1018,916,798,688,612,563,486,469,423,426,467,418,437,456,451,468,469,448,474,465,483,501,515,508,524,572
4.54400,1051,946,838,735,617,553,512,458,446,384,394,439,387,409,430,416,436,440,427,435,442,447,464,489,443,480,516
4.55467,942,851,763,665,571,493,465,415,400,359,369,399,367,366,403,395,405,413,383,406,404,412,421,447,394,431,478
4.56533,857,759,686,594,495,442,425,378,360,333,339,363,337,337,382,362,379,366,369,380,393,393,383,409,371,401,433
4.57600,745,709,605,516,445,410,380,336,337,303,306,332,324,314,344,331,344,352,344,366,355,358,350,367,336,366,395
4.58667,656,593,539,455,387,373,344,319,308,289,297,313,303,299,338,319,310,322,308,343,332,326,331,340,313,319,367
4.59733,586,534,479,406,359,344,310,289,274,268,275,304,298,286,328,308,301,302,269,305,304,285,301,300,285,288,341
4.60800,534,481,435,387,334,314,298,280,273,267,243,307,273,270,303,294,289,293,266,296,280,250,273,282,254,281,314
4.61867,489,430,414,361,309,302,295,267,265,247,230,289,251,260,280,268,289,276,254,261,248,244,265,267,247,250,283
4.62933,438,412,382,347,305,302,279,258,265,235,231,282,256,243,280,272,273,276,259,245,252,255,250,252,227,223,271
4.64000,392,404,366,327,295,301,275,263,267,234,236,269,249,244,296,269,254,264,228,266,253,244,246,249,223,235,261
4.65067,386,403,361,325,281,299,272,254,250,243,245,273,247,256,295,270,257,267,225,265,243,238,244,244,224,227,253
4.66133,397,398,355,313,278,289,268,252,258,229,248,297,263,259,298,271,266,275,225,272,254,247,234,251,215,218,240
4.67200,387,381,357,331,275,295,279,265,271,248,259,300,257,258,300,280,291,287,234,267,271,249,250,260,232,223,262
4.68267,399,368,347,342,281,285,305,270,278,259,261,317,275,278,313,296,298,306,256,277,276,256,266,257,234,247,255
4.69333,406,396,381,354,301,311,315,296,300,277,287,319,294,309,331,311,303,315,288,292,286,285,294,275,252,269,287
4.70400,430,418,410,363,340,340,333,319,317,301,294,342,320,330,360,339,332,337,314,327,306,296,301,307,273,291,309
4.71467,464,469,444,397,370,370,360,328,346,320,328,364,340,352,380,352,359,359,316,337,348,344,320,337,311,312,333
4.72533,521,508,497,443,404,389,375,357,350,340,342,392,360,383,401,383,395,391,349,375,358,356,364,365,331,350,365
4.73600,617,596,558,498,436,418,399,374,371,352,367,413,388,396,430,416,407,428,391,403,394,396,414,397,361,386,418
4.74667,716,686,636,547,493,461,431,400,408,379,384,432,400,412,452,423,435,448,420,439,428,424,446,433,401,409,440
4.75733,861,807,738,626,535,511,471,429,422,397,394,443,422,430,457,452,450,472,432,465,440,459,462,461,429,461,479
4.76800,975,917,829,721,598,550,509,455,427,406,398,451,430,439,476,448,470,473,450,485,473,476,483,483,460,487,516
4.77867,1120,1043,921,793,659,586,522,464,442,414,417,449,426,447,474,459,467,492,443,479,488,474,496,505,491,507,536
4.78933,1235,1142,1001,847,715,620,527,469,453,400,406,439,433,437,466,462,467,479,456,480,475,495,514,511,500,517,554
4.80000,1336,1197,1061,900,751,640,541,474,444,407,393,433,417,434,458,445,454,481,456,465,480,501,495,513,497,509,548
4.81067,1343,1222,1079,913,747,632,536,466,428,404,394,429,404,427,447,433,442,456,433,448,495,481,484,496,488,482,536
4.82133,1330,1208,1079,892,734,600,514,440,410,378,379,406,388,394,433,419,409,419,409,435,455,445,464,468,453,461,515
4.83200,1266,1154,1013,857,693,569,496,429,387,352,344,384,362,373,400,392,392,412,378,410,423,420,430,432,423,450,480
4.84267,1186,1065,919,780,631,546,459,394,366,336,308,359,334,359,370,376,374,391,360,391,391,392,385,389,394,414,453
4.85333,1043,966,845,703,580,493,418,361,335,318,291,342,312,321,366,328,367,371,327,352,350,373,347,374,373,386,410
4.86400,941,879,768,624,516,440,379,339,316,280,278,313,281,313,339,311,328,335,291,331,322,324,323,334,334,346,384
4.87467,810,748,653,553,434,387,342,306,274,246,254,296,255,279,323,290,295,312,270,297,315,302,300,312,285,300,337
4.88533,724,664,573,486,381,336,296,271,253,229,227,277,242,250,296,270,281,297,266,292,276,283,260,292,266,286,299
4.89600,645,592,516,437,355,302,273,251,227,203,212,265,233,246,281,255,283,269,238,264,243,264,262,278,250,253,268
4.90667,590,518,440,374,306,285,245,232,220,195,201,247,228,238,267,237,259,274,238,252,244,242,241,238,218,247,263
4.91733,535,491,403,349,260,260,235,208,200,182,194,244,208,213,256,233,251,253,220,242,238,220,237,236,202,231,267
4.92800,492,445,371,313,242,231,206,198,184,172,179,232,207,220,231,220,231,240,201,242,241,214,221,231,196,213,243
4.93867,482,399,365,271,224,201,196,179,176,164,171,223,196,213,239,220,224,232,196,243,233,204,231,226,203,204,224
4.94933,451,376,323,254,209,198,188,159,179,168,159,207,186,213,241,212,217,223,182,212,217,190,208,212,176,203,208
4.96000,412,342,313,231,202,187,186,155,164,163,146,211,169,186,225,207,201,219,193,194,194,175,179,196,149,196,197
4.97067,374,327,298,210,172,178,163,144,153,133,141,198,162,186,210,208,187,204,173,185,194,177,179,198,151,172,190
4.98133,339,304,262,201,171,161,145,136,141,139,136,206,160,174,210,193,189,184,176,197,181,184,166,196,164,164,176
4.99200,315,300,271,199,159,169,150,120,135,123,123,190,147,166,205,198,191,182,161,188,172,167,170,190,141,155,177
5.00267,308,272,232,191,156,153,158,127,137,109,121,185,147,164,198,185,190,187,151,192,167,142,158,178,142,162,174
5.01333,295,268,203,181,149,151,148,123,132,105,122,184,130,163,199,170,194,174,143,172,157,142,160,186,131,163,188
5.02400,277,251,208,184,144,147,122,126,118,118,132,180,138,169,180,166,197,181,142,161,158,153,177,186,124,178,163
5.03467,274,242,204,187,163,131,137,132,130,126,133,170,156,154,201,165,176,183,157,178,160,142,176,155,123,161,169
5.04533,268,235,202,197,156,147,126,127,126,116,118,180,159,163,195,179,193,205,163,174,157,148,185,167,143,146,188
5.05600,273,224,208,179,140,150,137,131,121,117,118,174,157,166,186,173,189,199,153,161,152,159,179,170,131,148,193
5.06667,263,233,211,159,147,143,143,131,124,122,125,182,165,163,195,178,191,188,172,182,170,175,173,179,146,146,196
5.07733,277,250,199,168,128,120,139,112,121,119,132,188,173,167,201,202,181,179,143,175,181,186,194,201,154,158,187
5.08800,277,266,214,191,137,112,129,114,122,123,139,184,167,168,214,213,200,195,149,189,199,186,194,203,171,175,202
5.09867,279,268,198,178,133,134,133,130,139,126,140,182,156,171,206,198,195,202,162,192,191,181,188,193,173,193,213
5.10933,282,254,198,171,124,122,125,126,129,122,135,176,170,192,199,188,218,207,161,175,195,185,186,194,164,196,207
5.12000,285,249,187,174,122,124,131,135,134,128,148,199,169,199,202,202,216,215,152,207,189,173,193,190,176,177,217
5.13067,278,247,192,176,122,131,129,132,133,133,139,199,170,190,215,204,220,204,158,201,195,192,202,185,163,192,205
5.14133,249,230,193,170,145,140,132,133,142,146,136,199,180,205,226,202,221,205,167,210,199,188,184,190,159,166,206
5.15200,262,241,164,180,144,139,145,139,146,142,152,208,175,206,242,197,215,221,186,192,192,187,175,189,161,161,199
5.16267,282,240,218,184,150,144,146,145,150,153,160,213,203,208,244,201,228,223,170,203,186,198,186,195,150,164,201
5.17333,283,235,207,200,159,166,164,159,164,172,161,225,210,216,260,209,232,227,178,201,166,195,191,193,155,154,195
5.18400,283,260,196,209,169,161,164,165,186,182,179,228,227,236,255,218,246,241,197,202,172,182,175,181,152,164,193
5.19467,311,257,228,202,177,179,185,189,195,192,200,253,230,254,282,261,275,260,203,222,189,189,177,173,151,180,180
5.20533,335,269,238,237,214,206,205,225,212,220,229,279,250,277,296,286,283,263,229,241,220,191,186,189,168,187,195
5.21600,322,302,277,249,232,219,228,222,240,231,243,303,277,300,320,306,315,272,240,249,230,215,200,203,170,174,198
5.22667,308,314,313,276,237,257,250,242,276,261,258,311,301,315,335,326,318,307,262,258,252,226,215,221,175,183,199
5.23733,352,358,332,294,256,270,274,273,290,267,283,346,332,336,358,352,363,331,271,282,286,251,235,238,178,181,200
5.24800,399,376,360,320,290,275,304,287,302,291,307,363,346,364,388,375,380,355,282,295,292,261,233,247,188,198,208
5.25867,417,393,368,320,293,291,307,312,307,315,320,389,362,391,399,387,390,383,323,324,299,280,240,248,197,207,229
5.26933,438,416,372,331,314,308,325,307,315,323,330,408,375,407,429,388,402,397,343,330,298,290,258,259,205,222,228
5.28000,437,414,377,359,324,321,332,308,321,325,337,411,380,410,443,395,408,420,340,336,325,288,277,273,231,224,237
5.29067,443,429,382,357,328,315,323,301,325,320,334,410,366,408,432,388,401,417,337,348,313,299,280,280,231,229,248
5.30133,441,408,392,351,331,323,312,299,311,323,319,401,362,395,416,395,416,411,332,345,305,304,286,290,232,229,237
5.31200,457,430,378,345,311,312,300,291,310,313,304,377,337,374,410,399,391,388,333,357,311,293,278,283,228,242,258
5.32267,459,404,376,333,287,302,290,286,294,287,289,366,329,357,390,381,373,375,330,354,327,286,282,275,240,245,264
5.33333,446,419,346,331,272,279,279,267,284,266,284,340,323,344,366,347,363,355,321,339,311,273,273,269,229,260,268
5.34400,442,413,353,312,264,265,258,251,264,245,269,338,299,324,358,336,348,338,304,304,303,276,292,262,248,254,266
5.35467,429,406,342,312,266,254,254,238,255,247,258,338,290,310,345,324,332,337,289,315,299,291,271,278,265,260,269
5.36533,446,406,340,311,262,247,254,243,240,238,254,318,304,298,328,314,323,327,290,326,284,277,281,284,275,252,272
5.37600,483,408,349,323,270,255,249,252,248,233,242,319,278,289,322,308,319,322,287,295,280,276,264,295,261,273,290
5.38667,503,453,388,341,265,268,260,247,246,249,249,312,282,293,327,319,319,332,284,309,292,299,292,297,277,285,304
5.39733,540,480,404,347,286,286,267,253,269,247,248,318,278,314,333,330,315,329,289,318,309,321,310,297,280,308,314
5.40800,599,534,427,386,321,296,288,274,284,261,271,324,295,309,337,338,334,350,294,329,316,317,322,312,307,333,350
5.41867,642,589,477,415,346,322,313,313,316,300,291,351,331,334,370,355,348,356,318,342,349,356,343,379,345,353,372
5.42933,699,633,531,461,377,367,349,340,355,337,321,389,370,374,390,385,392,389,353,378,380,388,394,387,376,395,435
5.44000,795,696,585,480,416,402,395,369,391,377,367,422,397,409,437,414,422,421,391,406,423,406,420,420,420,430,476
5.45067,916,778,664,543,473,454,429,403,434,423,420,462,454,433,466,451,464,474,432,445,450,444,472,483,458,480,525
5.46133,980,842,715,604,532,491,480,465,485,462,462,517,480,489,496,503,514,523,470,487,498,470,520,535,509,531,554
5.47200,1018,899,774,647,565,535,519,515,520,510,506,565,516,535,553,554,546,555,511,520,525,531,558,571,551,553,585
5.48267,1050,921,798,679,585,581,558,560,557,558,552,602,568,572,590,578,582,582,542,561,560,568,577,612,589,589,602
5.49333,1075,924,803,693,619,591,586,576,598,568,582,630,587,602,615,604,609,595,577,598,582,593,605,614,616,598,612
5.50400,1085,932,812,690,635,613,604,596,625,590,593,652,615,616,641,625,609,641,594,601,576,586,606,618,596,589,610
5.51467,997,884,800,692,620,616,608,595,631,606,604,652,614,624,655,636,617,623,579,601,572,583,611,601,568,599,609
5.52533,939,845,729,680,618,603,611,591,633,604,610,657,604,626,645,628,610,604,560,595,575,558,578,591,551,558,583
5.53600,885,776,692,641,586,588,592,580,603,597,582,630,589,608,612,601,600,595,525,568,555,529,550,562,526,539,555
5.54667,792,707,642,604,549,558,547,549,570,564,569,605,568,578,591,584,568,569,514,534,511,506,501,516,483,500,510
5.55733,694,650,588,555,511,514,530,512,547,520,527,578,553,539,561,549,535,541,479,486,475,483,465,495,456,463,481
5.56800,633,602,539,490,473,479,488,488,518,501,489,545,523,516,512,506,502,498,459,473,451,439,430,453,414,427,443
5.57867,572,514,503,468,433,433,454,452,484,460,466,510,475,470,489,472,467,465,432,419,415,392,391,420,383,377,403
5.58933,494,467,436,431,398,403,421,428,446,433,435,482,433,434,466,438,433,426,378,388,375,347,380,381,354,352,379
5.60000,446,438,393,379,370,373,398,390,417,398,399,449,412,404,427,391,388,380,364,375,352,317,354,358,314,327,341
5.61067,387,395,359,346,326,348,384,376,396,378,374,427,383,392,402,357,382,361,319,350,341,315,321,326,284,295,316
5.62133,346,375,325,323,310,309,349,348,368,343,351,405,363,360,373,344,342,355,305,312,314,293,301,316,271,274,303
5.63200,327,318,284,283,294,298,328,316,347,341,330,379,338,345,363,315,320,331,292,298,286,267,283,291,246,259,290
5.64267,307,301,275,274,273,277,297,286,318,310,312,356,312,323,329,320,309,311,271,287,268,270,267,265,234,251,271
5.65333,258,249,262,255,226,264,275,275,297,282,297,334,293,295,317,305,311,287,246,273,250,251,256,261,219,236,246
5.66400,240,217,229,233,207,244,256,254,283,266,279,311,273,279,311,292,283,268,244,250,245,246,244,242,188,207,232
5.67467,218,210,218,211,208,235,237,248,265,245,259,308,279,267,297,261,279,262,207,241,229,206,201,238,195,209,214
5.68533,188,205,186,208,189,215,220,236,244,232,251,293,254,250,287,257,261,251,192,227,217,191,193,209,178,191,208
5.69600,161,192,170,178,167,201,210,216,228,220,230,279,234,238,267,231,243,240,181,213,202,185,192,205,156,179,202
5.70667,162,190,161,173,156,192,204,197,214,206,215,268,220,233,265,229,219,230,199,208,187,187,192,182,146,164,186
5.71733,154,161,145,149,139,168,188,182,201,189,204,244,208,224,246,224,227,210,174,198,172,183,166,179,147,151,167
5.72800,134,155,141,132,132,152,166,176,185,173,189,239,200,214,246,211,204,203,147,186,182,172,179,167,119,155,172
5.73867,113,125,142,125,134,154,159,160,172,172,177,222,188,201,230,183,188,197,138,178,161,155,156,132,127,128,174
5.74933,96,111,116,104,116,141,145,149,165,144,167,212,183,191,213,181,195,195,137,157,156,144,155,145,132,119,167
5.76000,101,126,114,101,99,120,138,138,140,136,157,203,169,188,200,184,196,189,129,174,149,150,152,145,116,131,156
5.77067,86,97,106,109,102,121,121,127,131,136,140,191,159,179,202,179,183,185,133,163,142,140,141,153,103,121,150
5.78133,87,98,89,81,80,91,104,114,132,133,124,179,143,171,201,173,176,164,140,157,140,113,135,142,107,113,133
5.79200,67,81,92,86,89,93,94,98,129,117,122,165,136,168,193,176,171,167,130,153,134,133,127,122,103,104,132
5.80267,62,49,80,81,77,85,97,92,123,110,121,154,135,155,188,165,163,170,136,149,110,122,129,122,100,117,117
5.81333,55,72,79,81,67,87,99,94,116,100,117,152,128,148,186,159,165,161,128,148,126,133,124,130,76,103,121
5.82400,53,63,77,82,51,74,84,91,117,91,105,148,124,137,184,147,148,175,123,151,120,135,139,121,75,95,127
5.83467,49,66,52,67,52,62,78,86,104,91,110,154,136,132,175,144,160,156,121,135,107,123,125,120,69,102,111
5.84533,41,78,30,68,47,70,70,69,107,99,107,155,136,137,173,139,149,144,100,148,113,110,112,116,69,99,103
5.85600,58,89,62,57,61,57,74,87,108,91,101,147,131,133,157,149,138,148,99,138,115,109,101,121,71,89,101
5.86667,69,68,55,71,62,61,66,73,92,87,107,149,131,123,152,138,154,129,108,106,104,93,108,109,73,87,108
5.87733,49,70,52,64,63,57,72,76,89,82,94,147,127,140,165,144,153,135,92,141,93,94,111,108,76,88,110
5.88800,55,48,67,58,45,62,75,76,82,86,100,155,113,130,162,139,130,141,84,132,91,99,98,89,73,99,101
5.89867,70,60,60,47,47,47,66,63,78,94,90,149,113,118,147,138,141,147,91,112,101,97,102,104,68,77,99
5.90933,58,76,57,52,30,61,66,69,79,77,86,147,111,126,159,138,140,143,85,120,101,111,97,80,65,73,89
5.92000,91,76,52,71,44,59,65,72,84,75,92,141,105,116,160,125,110,139,90,105,97,109,108,89,53,79,82
5.93067,81,67,76,67,45,66,67,66,82,68,100,140,96,129,147,131,123,129,83,111,80,100,85,90,58,72,86
5.94133,75,89,84,71,47,67,68,58,75,70,98,142,94,128,149,136,123,132,89,114,105,98,76,95,54,70,93
5.95200,57,85,72,60,49,57,62,68,68,79,90,133,99,126,165,148,128,119,109,119,87,94,68,90,34,52,83
5.96267,72,72,71,48,51,56,71,59,75,60,83,131,113,126,156,134,124,141,99,121,92,85,71,104,30,55,82
5.97333,86,53,57,54,39,57,80,67,72,77,77,120,103,129,155,120,137,123,91,115,87,91,81,95,46,57,81
5.98400,82,58,49,50,38,50,68,63,70,66,89,132,100,138,152,122,134,136,73,117,99,96,73,91,45,52,78
5.99467,52,71,36,51,43,49,60,44,65,72,82,133,101,131,151,137,122,127,88,98,77,73,74,77,56,66,75
6.00533,62,58,42,29,22,38,66,51,65,64,67,127,95,109,138,119,133,132,87,92,89,78,69,83,51,58,65
6.01600,50,53,42,48,28,28,70,57,55,58,83,126,105,113,141,116,121,129,76,111,89,94,90,89,56,57,82
6.02667,52,38,31,52,25,43,70,64,69,65,82,124,105,128,158,130,114,141,101,115,91,97,90,100,50,62,104
6.03733,36,45,46,52,31,50,63,64,64,57,82,121,107,114,146,124,129,141,90,124,101,102,87,94,48,67,108
6.04800,76,65,48,33,21,37,47,59,70,53,65,119,101,114,147,123,135,136,95,104,108,100,83,90,60,69,106
6.05867,74,43,50,33,15,26,61,39,60,53,65,119,103,117,143,130,123,139,73,120,107,76,94,103,52,72,97
6.06933,56,29,48,24,10,20,54,39,65,58,66,118,95,106,157,121,123,133,96,121,94,102,90,109,50,85,112
6.08000,18,33,38,28,-2,26,49,44,54,59,84,132,97,117,158,124,137,124,102,125,104,117,98,114,70,87,107
6.09067,25,26,33,20,-2,35,38,33,48,57,79,124,108,119,167,136,143,132,98,123,109,87,102,103,74,74,90
6.10133,-2,22,35,30,-14,21,53,29,53,58,82,134,106,129,157,139,147,145,107,103,114,97,111,101,71,89,100
6.11200,-6,18,30,24,-8,9,47,34,53,63,88,155,94,124,150,143,148,135,97,117,113,98,88,97,74,84,112
6.12267,15,20,19,12,-11,-5,27,40,60,66,84,136,109,117,158,134,137,141,102,128,112,102,77,97,70,96,109
6.13333,15,24,22,8,-13,9,36,35,63,72,74,132,96,119,166,142,154,145,117,119,106,104,80,96,68,90,97
6.14400,7,36,1,16,5,15,32,29,57,60,83,136,99,112,156,148,151,132,121,116,108,97,91,94,66,66,116
6.15467,10,4,-1,4,5,20,34,43,51,48,73,133,109,125,145,147,149,135,106,118,123,115,98,94,60,69,114
6.16533,30,12,-7,23,5,13,32,31,50,46,76,137,106,135,139,152,138,142,99,104,102,107,91,87,59,74,108
6.17600,-3,7,15,17,-3,16,44,22,56,38,66,125,107,122,142,133,136,138,104,112,104,103,68,85,66,79,97
6.18667,19,29,16,27,9,7,24,28,53,47,65,128,106,122,149,119,136,127,105,106,100,96,81,92,47,74,90
6.19733,21,22,6,8,19,16,18,29,57,46,66,131,90,125,146,121,138,134,99,109,96,101,96,74,50,57,89
6.20800,-3,9,11,14,-10,12,34,18,47,47,64,127,105,118,152,126,135,134,79,98,106,92,82,81,39,47,85
6.21867,10,9,6,15,4,10,33,33,52,59,64,132,105,120,162,116,130,126,79,110,81,81,82,79,54,58,92
6.22933,9,-4,-5,17,9,10,25,50,46,52,66,122,94,120,154,124,125,128,93,114,89,79,68,87,51,61,82
6.24000,18,-1,0,9,4,4,26,38,41,48,71,128,91,117,149,123,132,124,88,102,91,82,61,92,30,44,68
6.25067,9,0,10,5,0,12,26,27,60,46,80,135,103,119,152,134,125,131,83,103,102,79,72,72,27,35,69
6.26133,4,-2,-13,4,3,9,24,27,58,56,82,124,99,122,160,120,131,133,76,92,88,86,57,93,42,48,67
6.27200,-4,17,3,12,-9,13,33,30,54,51,75,137,102,121,151,136,140,127,80,112,95,66,72,68,47,54,56
6.28267,2,-8,19,3,8,10,25,32,55,57,66,126,110,127,148,131,145,124,79,122,90,76,85,69,49,54,60
6.29333,-25,13,8,22,5,14,42,37,63,59,56,121,105,119,148,138,134,133,78,109,95,94,87,86,64,50,62
6.30400,-25,16,15,22,-5,14,33,43,51,59,63,127,101,118,148,122,138,131,95,107,88,95,89,74,55,65,69
6.31467,-6,23,13,20,-13,11,42,30,44,55,75,119,103,117,145,126,131,114,102,107,84,96,82,70,51,67,72
6.32533,11,14,-6,8,-19,14,35,28,46,62,74,120,104,115,152,121,140,129,104,115,96,95,66,66,35,55,71
6.33600,-18,5,16,18,-18,16,28,25,54,59,65,134,98,122,153,123,149,130,93,117,83,95,78,73,38,51,78
6.34667,-28,0,12,20,0,15,30,36,46,54,75,136,104,117,156,129,142,127,95,112,97,90,82,71,48,41,74
6.35733,-19,-8,8,-7,-12,7,34,23,39,49,58,125,108,130,152,125,125,136,88,119,97,94,84,58,53,60,64
6.36800,-29,4,-1,10,-23,16,34,27,55,53,67,125,111,126,145,124,126,139,100,102,88,89,80,61,35,56,70
6.37867,-29,-9,-22,8,-12,5,32,32,45,40,69,132,115,127,155,125,133,118,91,119,98,97,80,80,28,47,90
6.38933,-32,1,-3,13,-17,-1,24,36,42,50,71,115,100,129,150,129,126,127,84,103,97,83,84,75,27,46,91
6.40000,-15,-29,-32,8,-23,-1,26,30,37,46,69,118,113,133,148,135,128,137,92,124,96,67,80,76,44,41,61
6.41067,-16,-4,-32,-25,-37,-11,6,27,39,41,70,119,108,120,165,126,129,121,90,115,87,60,80,88,28,46,68
6.42133,-24,5,-36,-15,-36,-14,10,20,33,42,67,128,110,114,137,124,115,125,92,103,75,84,76,74,38,41,61
6.43200,-21,12,-40,-14,-39,-20,6,16,35,36,53,122,97,115,140,124,118,122,73,101,89,67,81,64,26,39,57
6.44267,-31,-26,-42,-30,-50,-19,4,16,30,49,51,128,104,111,141,106,107,126,74,98,71,72,71,51,22,31,71
6.45333,-28,-31,-30,-29,-46,-22,7,16,34,52,58,126,115,115,140,118,105,131,74,102,72,62,66,60,19,34,66
6.46400,-28,-16,-41,-35,-30,-21,14,8,40,34,58,124,116,119,145,121,127,113,77,90,70,53,47,57,30,28,66
6.47467,-41,-21,-39,-39,-33,-22,1,9,29,34,39,111,100,121,154,117,131,115,81,100,56,49,54,63,27,23,67
6.48533,-46,-11,-50,-57,-29,-23,1,7,31,32,49,120,101,121,147,125,125,106,95,114,48,59,54,43,22,32,65
6.49600,-55,-13,-30,-39,-48,-20,1,5,30,28,59,111,102,120,164,122,113,105,72,88,68,75,55,39,11,37,50
6.50667,-19,-1,-46,-38,-37,-23,-3,-1,38,36,47,121,100,126,151,114,116,110,71,99,65,63,61,70,20,34,48
6.51733,-9,-4,-27,-17,-34,-5,5,4,35,33,51,110,93,119,143,124,98,118,82,90,60,63,48,58,30,30,52
6.52800,-31,-3,-6,-23,-25,0,7,15,26,48,60,101,90,102,145,113,111,105,73,101,62,57,60,68,30,31,56
6.53867,-29,-23,-3,-32,-24,-8,9,18,28,32,63,117,79,105,138,116,100,108,70,103,57,51,62,56,23,38,51
6.54933,-37,-14,-10,-17,-26,-24,13,7,32,30,42,109,80,113,120,108,99,107,69,90,67,46,54,62,26,24,38
6.56000,-33,-15,-9,-18,-22,-12,7,7,25,31,50,105,83,111,129,110,104,107,75,77,62,65,57,66,21,28,35
6.57067,-35,-4,-15,-11,-7,-26,11,22,34,27,45,114,85,106,130,114,98,100,63,79,62,62,51,58,33,31,43
6.58133,-18,-7,-28,-8,-23,-13,10,10,33,27,52,108,84,112,138,118,97,98,60,83,73,67,40,61,40,42,64
6.59200,-26,-2,-24,-11,-51,-19,13,11,29,31,57,108,89,105,132,107,114,112,71,76,72,70,42,55,29,35,59
6.60267,-24,-9,-45,-31,-42,-16,-6,4,24,20,53,112,84,104,125,103,118,124,80,77,83,43,65,46,16,38,67
6.61333,-32,-3,-35,-24,-30,-27,5,9,36,28,57,102,76,100,136,109,110,121,78,79,76,42,54,49,24,18,56
6.62400,-32,-24,-43,-20,-41,-15,4,10,31,33,52,104,83,93,139,108,110,111,59,63,88,65,47,43,24,6,62
6.63467,-33,-3,-30,-39,-43,-25,-6,8,27,30,49,101,88,102,138,114,119,127,69,56,70,76,56,33,16,13,53
6.64533,-17,-5,-32,-21,-51,-28,-15,-2,28,24,48,106,84,99,132,111,131,106,66,77,69,76,49,60,16,18,50
6.65600,-2,-8,-6,-23,-42,-32,-9,0,24,31,45,106,89,110,120,107,137,108,70,77,68,64,42,58,22,11,56
6.66667,0,-22,-8,-16,-35,-23,7,5,12,20,50,104,85,87,117,105,120,119,79,85,74,71,53,58,29,32,52
6.67733,-2,12,-25,-5,-22,-20,8,7,22,18,37,119,78,98,110,100,122,125,64,93,73,68,72,53,23,62,49
6.68800,29,17,-25,-10,-13,-9,7,-2,33,26,46,120,78,97,131,103,120,112,47,87,70,72,75,52,13,44,59
6.69867,40,20,-14,8,-4,3,16,1,29,31,53,112,81,97,131,106,116,117,73,87,90,66,64,76,23,46,68
6.70933,84,47,26,27,-9,-8,14,5,29,32,61,115,84,114,139,117,121,113,80,97,109,64,80,65,42,56,88
6.72000,95,63,60,43,3,7,14,13,38,34,59,118,90,104,133,122,135,122,78,105,109,82,91,87,57,71,79
6.73067,143,96,71,39,15,24,36,29,34,40,66,120,95,113,136,117,130,146,90,115,107,95,94,96,62,89,101
6.74133,188,132,107,68,38,38,39,33,49,44,60,124,114,120,160,129,161,150,125,125,127,116,101,105,78,85,111
6.75200,224,165,117,78,50,55,43,30,55,52,62,122,118,137,175,167,150,151,124,142,135,109,116,117,101,83,116
6.76267,266,195,157,102,61,63,52,42,59,64,77,136,119,136,184,166,155,160,113,138,124,133,128,131,103,113,127
6.77333,323,228,173,111,69,55,61,64,69,71,85,142,128,155,177,170,175,174,125,146,149,141,134,144,111,140,144
6.78400,355,279,205,140,84,67,65,57,77,72,96,140,148,163,184,179,172,191,136,152,159,161,148,156,133,151,180
6.79467,397,316,214,170,91,83,72,72,97,80,95,155,146,155,193,165,166,186,148,176,166,159,172,184,157,159,183
6.80533,431,342,242,163,109,89,89,81,102,85,93,161,136,164,197,176,185,208,151,188,174,177,172,176,153,191,190
6.81600,419,350,236,180,99,92,95,82,100,93,96,170,149,166,199,189,178,206,167,193,181,179,181,185,161,174,194
6.82667,419,321,236,178,88,98,88,67,85,91,95,169,143,158,199,180,190,205,164,191,179,176,172,181,157,166,197
6.83733,401,315,235,147,89,94,75,67,84,88,106,170,140,145,202,162,195,200,154,184,177,180,176,186,155,155,209
6.84800,374,301,214,151,82,84,71,66,81,75,96,160,121,146,185,167,183,181,147,175,160,167,160,168,144,146,181
6.85867,347,260,194,132,82,76,67,51,84,66,89,146,118,136,171,166,172,181,139,165,161,163,156,148,141,133,166
6.86933,301,241,179,128,59,62,51,42,62,54,78,133,107,138,177,156,157,159,132,156,142,141,149,146,127,133,163
6.88000,244,196,152,98,49,51,45,42,55,57,75,135,114,125,155,153,159,161,121,143,135,125,138,138,117,123,140
6.89067,194,178,126,57,31,27,37,36,40,51,61,110,105,130,161,145,156,130,114,128,127,109,114,118,90,109,124
6.90133,180,143,106,59,29,21,25,20,45,29,38,102,96,107,167,142,134,127,97,116,121,100,106,125,69,100,102
6.91200,168,115,64,52,16,14,11,17,43,21,53,111,83,111,151,132,117,124,90,103,85,87,103,104,59,79,92
6.92267,110,92,45,26,12,-8,11,16,33,28,53,107,96,98,132,122,110,122,86,90,83,88,94,91,62,60,90
6.93333,119,63,36,8,0,-4,12,3,29,30,40,102,97,105,123,93,112,116,75,97,75,87,71,93,41,53,92
6.94400,85,34,46,12,-15,-13,0,-4,24,16,39,101,82,106,123,104,121,122,69,107,71,78,74,85,41,40,90
6.95467,64,27,-5,-6,-19,-15,-16,0,27,11,38,87,78,97,125,107,104,114,79,99,81,71,74,82,34,36,64
6.96533,62,26,8,-13,-29,-35,-7,0,18,5,32,90,66,97,110,110,118,106,78,84,68,79,63,72,35,23,50
6.97600,59,33,6,-4,-34,-25,-6,-12,13,4,37,93,65,94,117,114,109,94,69,91,74,75,70,58,14,27,52
6.98667,58,34,4,3,-34,-34,-8,1,13,7,38,95,68,81,110,106,103,94,65,75,66,60,79,61,30,49,68
6.99733,68,34,20,-6,-30,-25,-16,-4,15,-2,35,94,79,98,123,119,110,110,66,79,66,60,84,68,21,46,52
7.00800,51,36,23,-19,-34,-12,-13,-1,11,12,46,102,89,109,125,105,114,122,77,92,76,59,55,80,32,38,68
7.01867,58,54,12,3,-36,-11,-9,-9,9,11,47,101,88,100,121,108,118,119,70,114,79,72,64,72,37,40,59
7.02933,66,54,12,13,-17,-16,-3,0,18,17,45,106,78,95,124,122,113,107,84,99,83,64,67,81,37,45,64
7.04000,74,54,25,20,-14,-13,-4,5,16,28,53,108,80,102,134,113,105,130,93,100,78,79,71,79,42,53,79
7.05067,83,66,27,20,-18,1,0,2,15,31,55,101,90,110,141,112,121,131,94,101,86,87,81,87,34,39,84
7.06133,77,57,25,2,-15,-16,-7,1,12,19,52,103,94,119,135,114,115,120,97,117,89,91,79,84,38,51,83
7.07200,66,61,19,-9,-22,-20,-5,-13,30,17,35,107,78,122,135,128,117,126,92,117,96,89,83,86,40,49,76
7.08267,77,49,13,-35,-29,-18,1,6,29,10,38,107,107,118,153,119,128,130,96,103,83,98,65,73,50,39,74
7.09333,59,50,-8,-16,-20,-3,2,6,24,21,42,112,103,118,147,124,137,135,92,106,102,94,68,82,44,43,79
7.10400,20,23,-5,-24,-36,-19,2,-3,19,23,45,108,103,121,150,114,136,128,88,119,91,77,76,97,30,44,63
7.11467,4,7,-5,-15,-29,-28,-5,-6,30,32,34,108,102,111,141,120,127,134,83,108,78,80,63,75,21,41,65
7.12533,-15,-24,-26,-39,-41,-29,-18,-12,24,22,39,109,103,115,132,124,127,122,69,115,84,74,80,59,34,43,52
7.13600,-25,-30,-56,-39,-49,-35,-14,-6,26,20,45,105,85,105,137,129,116,128,83,94,91,91,76,57,23,43,61
7.14667,-48,-41,-45,-41,-60,-43,-10,5,16,22,46,106,83,114,138,128,113,127,81,96,85,73,67,50,19,43,45
7.15733,-67,-50,-55,-62,-63,-35,-12,-14,18,18,36,100,83,106,137,126,126,120,83,97,87,79,69,58,14,41,47
7.16800,-72,-63,-56,-73,-64,-57,-18,-7,18,16,40,96,89,96,138,106,114,114,74,94,64,62,62,55,13,35,51
7.17867,-76,-67,-65,-60,-64,-58,-27,-7,21,15,34,94,77,97,140,113,120,113,74,93,73,61,55,52,24,20,38
7.18933,-63,-67,-63,-55,-81,-60,-32,-17,13,4,42,87,78,94,137,100,112,100,55,92,64,65,52,41,27,24,42
7.20000,-114,-88,-61,-63,-82,-72,-33,-17,15,2,21,88,67,90,133,105,97,104,56,89,58,71,52,48,17,27,31
7.21067,-102,-89,-82,-78,-76,-64,-47,-45,-2,0,23,82,65,93,124,96,97,98,67,80,58,51,45,48,15,17,20
7.22133,-100,-88,-90,-95,-91,-66,-50,-33,-14,-11,26,88,60,95,119,87,84,100,68,82,52,46,31,44,11,2,15
7.23200,-104,-78,-101,-70,-101,-77,-57,-21,-11,-11,10,80,66,92,104,79,95,95,51,88,62,52,24,34,8,-1,27
7.24267,-126,-69,-78,-71,-88,-83,-57,-27,-21,-18,19,78,54,79,109,82,89,84,43,73,57,35,23,33,-4,-1,31
7.25333,-93,-75,-107,-70,-91,-90,-49,-42,-18,-25,21,70,64,65,94,90,87,79,52,50,53,38,40,33,-4,11,13
7.26400,-90,-82,-110,-76,-91,-98,-43,-45,-27,-16,13,64,52,59,107,92,82,72,53,62,54,44,26,14,-9,-16,21
7.27467,-92,-94,-103,-76,-86,-87,-63,-51,-30,-20,-1,54,38,53,94,59,95,73,47,47,47,36,42,24,-28,-10,11
7.28533,-104,-104,-93,-103,-109,-87,-60,-60,-26,-35,-9,56,47,56,100,61,86,73,40,56,39,32,30,17,-21,-11,17
7.29600,-117,-95,-104,-103,-109,-77,-56,-59,-23,-34,-19,66,41,60,97,56,75,80,43,52,46,20,18,17,-22,-11,9
7.30667,-135,-82,-110,-86,-95,-99,-65,-60,-23,-19,-13,55,20,61,93,75,82,56,21,60,41,25,20,28,-17,-17,11
7.31733,-142,-97,-100,-93,-94,-102,-64,-62,-32,-23,-16,49,32,66,94,69,92,74,23,49,39,20,14,9,-16,-17,7
7.32800,-118,-102,-109,-111,-108,-90,-65,-63,-48,-26,-12,54,53,54,94,74,82,69,19,67,29,22,19,12,-23,-9,1
7.33867,-111,-110,-111,-99,-110,-89,-74,-57,-35,-32,-6,51,43,67,84,70,74,70,37,53,29,17,18,17,-11,-7,-5
7.34933,-119,-116,-120,-84,-93,-95,-72,-60,-46,-37,-20,52,29,61,95,73,86,65,47,61,36,15,18,18,-28,-11,-7
7.36000,-123,-124,-96,-94,-111,-86,-64,-57,-46,-39,-2,55,40,49,101,75,81,58,36,44,38,-10,14,19,-25,-9,7
7.37067,-126,-114,-99,-99,-111,-102,-76,-59,-45,-26,4,61,48,52,96,74,73,64,28,41,34,7,16,5,-3,-19,1
7.38133,-110,-122,-111,-114,-113,-105,-70,-74,-49,-26,-4,63,41,54,96,61,78,73,34,49,16,19,12,0,-15,-18,9
7.39200,-83,-113,-106,-118,-101,-106,-71,-76,-38,-21,-3,62,41,59,98,67,73,73,43,52,28,20,20,13,-24,-17,4
7.40267,-110,-96,-109,-110,-130,-91,-63,-77,-39,-29,-10,56,41,55,91,80,89,82,37,53,29,42,20,1,-5,-3,9
7.41333,-103,-124,-109,-105,-108,-98,-72,-75,-31,-29,-3,58,40,56,76,67,66,74,50,55,45,34,23,12,-15,13,5
7.42400,-107,-134,-117,-96,-110,-96,-76,-67,-29,-30,4,61,41,59,73,76,70,87,50,49,33,46,31,23,-31,0,4
7.43467,-110,-109,-112,-97,-111,-90,-69,-56,-32,-28,2,64,42,60,92,87,66,86,40,55,39,47,31,30,-11,0,15
7.44533,-109,-98,-112,-112,-112,-83,-84,-52,-31,-33,4,61,46,67,102,84,73,73,38,52,40,39,33,34,4,3,26
7.45600,-119,-99,-104,-118,-107,-80,-77,-55,-27,-33,-1,68,48,71,94,79,75,103,49,64,29,23,22,28,-18,8,31
7.46667,-106,-121,-93,-114,-92,-72,-61,-46,-21,-8,-4,66,63,69,99,93,92,99,32,60,54,35,26,29,8,4,30
7.47733,-131,-120,-95,-109,-104,-85,-55,-50,-13,-3,-2,69,60,82,102,99,96,96,63,74,50,49,27,39,11,13,21
7.48800,-117,-100,-91,-95,-104,-79,-41,-51,-17,-12,13,77,67,92,111,93,113,97,50,78,59,39,40,48,5,12,17
7.49867,-94,-109,-90,-89,-95,-70,-49,-52,-9,-21,26,79,70,80,114,100,115,96,63,85,64,40,37,60,-3,16,28
7.50933,-97,-80,-64,-87,-90,-75,-37,-37,-8,-4,30,99,64,92,120,107,99,105,62,86,63,43,53,67,-1,8,35
7.52000,-100,-88,-63,-85,-106,-66,-39,-27,-8,-10,25,103,70,89,121,125,97,117,84,104,81,49,45,48,5,25,44
7.53067,-104,-93,-76,-85,-89,-67,-36,-19,2,5,40,92,82,99,134,117,111,114,71,109,80,64,61,73,20,38,55
7.54133,-96,-86,-88,-85,-74,-62,-36,-11,4,8,38,96,82,97,146,118,128,131,75,111,93,71,82,76,29,49,64
7.55200,-87,-63,-68,-54,-64,-57,-34,-10,9,10,42,97,89,111,157,108,122,144,89,115,89,79,82,80,59,61,59
7.56267,-64,-78,-68,-42,-60,-46,-26,-4,15,27,51,99,104,115,154,125,136,137,97,127,95,92,81,84,58,57,57
7.57333,-73,-60,-53,-57,-60,-33,-16,-7,25,31,57,111,110,123,149,126,131,137,109,124,92,110,110,80,62,62,84
7.58400,-86,-64,-63,-47,-56,-30,-14,5,21,26,60,126,113,118,153,135,142,146,124,119,89,103,98,86,60,83,84
7.59467,-73,-65,-70,-54,-58,-27,-19,11,23,19,65,124,111,132,162,135,151,167,106,123,102,105,95,99,80,77,83
7.60533,-64,-58,-73,-60,-50,-26,-18,6,17,37,58,126,112,141,170,141,150,157,101,126,101,125,99,106,71,82,96
7.61600,-94,-71,-62,-48,-68,-42,-28,-6,37,26,54,117,110,136,169,148,157,169,106,131,113,114,96,99,72,66,90
7.62667,-55,-78,-40,-51,-64,-48,-11,-3,37,27,67,127,113,141,145,153,157,153,111,131,123,114,113,109,62,62,92
7.63733,-78,-86,-51,-49,-74,-52,-16,-7,33,29,60,137,112,114,159,133,146,161,112,130,151,111,108,109,65,73,95
7.64800,-79,-63,-72,-48,-67,-48,-12,-10,20,28,58,133,110,120,163,132,153,153,111,129,127,103,98,99,54,72,94
7.65867,-104,-61,-65,-45,-77,-43,-33,-5,16,15,43,131,123,134,168,147,159,143,97,123,127,101,97,96,53,66,101
7.66933,-76,-52,-55,-61,-64,-47,-23,-7,27,14,52,124,118,126,161,152,135,151,113,128,132,101,90,94,64,63,92
7.68000,-80,-77,-76,-73,-75,-51,-18,-17,9,12,52,120,101,113,161,131,127,138,99,129,121,88,82,84,70,49,92
7.69067,-83,-63,-64,-55,-63,-53,-34,-18,4,11,47,115,88,126,143,123,132,137,95,107,111,85,89,91,50,54,82
7.70133,-87,-74,-90,-53,-70,-55,-28,-25,7,12,37,104,95,113,142,126,134,137,82,104,106,91,95,77,52,58,76
7.71200,-104,-81,-86,-56,-88,-64,-39,-37,-2,10,33,104,103,112,142,116,127,119,86,92,93,79,78,58,48,55,71
7.72267,-114,-77,-80,-79,-83,-66,-39,-37,4,2,28,100,90,100,136,118,125,129,92,89,80,80,55,78,41,28,65
7.73333,-101,-88,-78,-85,-89,-82,-49,-36,-5,0,32,96,81,93,135,114,129,105,79,87,72,82,46,76,32,39,56
7.74400,-120,-100,-90,-67,-99,-74,-39,-44,-5,8,32,94,79,97,137,111,126,111,77,92,81,61,74,72,26,49,44
7.75467,-108,-92,-95,-69,-104,-71,-42,-36,-7,-12,20,83,76,92,130,103,104,107,67,90,85,55,68,67,14,40,57
7.76533,-107,-108,-112,-97,-105,-68,-52,-42,-6,-18,26,82,80,99,131,105,122,105,54,102,80,69,68,58,21,36,46
7.77600,-120,-121,-108,-95,-113,-77,-57,-49,-1,-7,20,90,84,100,132,107,115,108,73,92,72,51,59,54,25,26,43
7.78667,-131,-132,-111,-100,-97,-71,-45,-46,-22,3,17,103,87,97,125,109,114,122,58,93,70,57,56,53,31,31,43
7.79733,-96,-112,-116,-98,-97,-66,-45,-34,-2,-4,16,103,84,114,133,99,103,121,78,99,71,64,61,62,28,35,40
7.80800,-92,-98,-113,-99,-96,-69,-38,-40,-3,3,12,96,77,108,141,121,107,121,87,113,81,59,55,75,22,18,49
7.81867,-107,-103,-113,-94,-83,-63,-41,-32,-1,0,29,100,74,108,125,127,105,128,95,101,78,74,57,62,22,23,63
7.82933,-92,-105,-94,-78,-107,-61,-29,-28,4,9,49,108,90,114,123,122,125,125,91,103,87,75,65,63,24,32,57
7.84000,-93,-108,-77,-54,-85,-68,-10,-27,14,16,44,100,97,123,136,109,138,125,94,99,94,67,76,74,39,42,74
7.85067,-100,-71,-63,-74,-87,-62,-17,-10,19,24,48,111,89,114,156,130,151,135,106,109,102,78,87,80,51,49,79
7.86133,-94,-58,-87,-63,-63,-38,-22,-7,34,24,62,125,102,131,171,142,149,158,88,117,103,107,84,99,55,57,84
7.87200,-65,-65,-67,-41,-50,-37,-15,-6,37,31,67,131,103,147,178,155,151,171,113,134,122,100,94,103,61,55,83
7.88267,-45,-38,-42,-53,-49,-16,-5,3,30,42,72,136,123,156,182,149,159,164,116,142,130,117,110,107,60,66,96
7.89333,-23,-17,-21,-36,-32,-16,4,7,43,52,83,133,133,166,191,169,166,177,123,144,137,119,125,107,76,72,115
7.90400,-30,-19,-20,-31,-26,1,16,28,54,60,94,145,139,162,201,174,183,184,140,169,138,122,131,122,79,71,124
7.91467,-46,-20,-15,-6,-22,2,18,34,65,58,101,162,155,174,205,179,193,183,150,162,137,132,124,131,94,91,114
7.92533,-36,-22,-28,-16,-15,-4,43,30,70,67,95,164,149,178,211,187,185,192,154,163,135,123,119,132,94,101,118
7.93600,-16,1,-21,-18,-27,15,37,37,60,73,97,172,157,190,219,185,198,196,162,171,157,134,134,146,85,105,109
7.94667,-13,17,-12,-24,-27,11,27,41,49,85,106,167,149,173,206,180,192,184,167,160,158,148,133,133,89,114,123
7.95733,0,6,-20,-13,-22,-5,28,33,65,73,103,171,155,184,199,181,189,176,147,167,148,153,144,135,67,103,118
7.96800,-12,-11,-19,-15,-18,-6,24,42,62,65,101,171,139,180,203,184,191,184,142,166,153,131,144,123,65,92,101
7.97867,-12,-32,-22,-8,-28,-23,24,30,44,51,94,158,142,162,201,184,168,165,145,143,136,135,129,108,72,76,94
7.98933,-16,-33,-17,-20,-28,-27,11,25,41,49,93,157,125,153,188,171,168,171,129,146,134,136,109,108,67,60,84
8.00000,-33,-41,-22,-25,-33,-24,-3,16,31,34,78,142,115,143,176,164,168,144,101,146,116,107,106,111,54,68,82
8.01067,-48,-44,-49,-47,-52,-34,-5,4,27,34,64,132,108,139,176,155,149,143,109,143,114,106,104,96,50,60,79
8.02133,-34,-56,-58,-44,-65,-28,-12,-6,34,30,57,121,112,133,162,157,140,143,111,119,100,87,95,87,35,59,65
8.03200,-46,-67,-77,-56,-62,-46,-32,-25,25,24,44,108,105,113,136,126,134,129,90,104,108,75,79,66,36,45,56
8.04267,-69,-64,-76,-47,-68,-65,-34,-18,-1,9,37,100,92,119,133,125,133,124,87,99,96,64,74,54,30,42,51
8.05333,-75,-82,-73,-63,-89,-74,-59,-20,-5,2,27,93,81,115,123,120,131,99,85,96,92,78,64,59,21,16,44
8.06400,-96,-90,-61,-64,-105,-75,-55,-33,-8,-2,28,94,65,112,109,116,113,131,80,97,75,69,66,33,24,0,39
8.07467,-125,-83,-78,-75,-106,-80,-58,-44,-15,2,14,81,74,105,117,95,125,111,80,94,62,55,48,24,21,16,41
8.08533,-98,-80,-104,-120,-111,-75,-68,-52,-22,-11,14,82,71,90,113,109,105,95,62,96,59,62,43,41,3,13,17
8.09600,-94,-103,-116,-116,-107,-95,-73,-59,-28,-21,5,68,57,75,109,108,107,88,61,85,55,48,50,39,1,-10,32
8.10667,-81,-95,-104,-95,-108,-83,-71,-74,-39,-29,10,74,45,79,104,94,102,94,42,64,59,41,16,27,-6,-11,18
8.11733,-105,-101,-105,-116,-123,-90,-71,-54,-42,-27,8,75,46,75,103,88,97,89,37,58,44,59,25,27,-4,3,30
8.12800,-111,-112,-124,-112,-118,-95,-87,-50,-51,-34,16,71,52,72,108,80,92,89,36,48,36,42,32,14,-9,0,25
8.13867,-117,-117,-105,-130,-119,-103,-100,-56,-42,-25,-7,63,51,64,98,80,87,85,27,55,42,42,12,10,-19,-11,10
8.14933,-112,-111,-110,-116,-125,-99,-93,-72,-37,-29,-5,64,48,62,95,63,78,69,19,55,47,43,19,-3,-30,-16,6
8.16000,-133,-146,-109,-126,-125,-117,-89,-73,-45,-45,-8,52,46,72,86,68,64,63,22,44,36,37,4,-4,-33,-16,1
8.17067,-121,-112,-109,-125,-131,-118,-80,-77,-49,-44,-2,56,28,65,89,62,67,64,22,45,26,32,-4,12,-33,-23,-12
8.18133,-123,-129,-128,-118,-131,-110,-90,-85,-60,-43,-10,51,32,51,83,66,59,54,23,44,27,18,6,21,-40,-19,-19
8.19200,-116,-112,-127,-116,-128,-131,-87,-76,-66,-45,-19,48,19,41,74,48,50,62,28,33,26,19,11,3,-33,-18,-6
8.20267,-130,-118,-122,-126,-131,-116,-82,-82,-75,-62,-26,39,12,35,62,57,61,73,16,51,28,24,9,-2,-38,-29,-4
8.21333,-140,-129,-131,-134,-140,-136,-96,-81,-71,-51,-37,34,22,40,76,58,72,67,10,44,13,9,24,13,-19,-28,1
8.22400,-154,-124,-131,-127,-143,-128,-101,-79,-67,-54,-25,44,13,46,61,64,53,53,13,43,14,3,29,34,-23,-29,-19
8.23467,-147,-141,-141,-141,-162,-123,-112,-101,-70,-53,-38,35,10,42,62,49,57,62,24,38,22,10,-7,-4,-36,-34,-17
8.24533,-157,-126,-145,-138,-145,-116,-121,-99,-69,-67,-42,27,13,34,61,45,65,49,6,32,-1,-14,-11,-15,-28,-42,-17
8.25600,-179,-130,-160,-144,-152,-132,-118,-98,-76,-66,-45,24,6,33,78,35,65,47,7,27,0,9,-15,-8,-24,-52,-24
8.26667,-162,-148,-145,-146,-162,-136,-111,-101,-74,-74,-38,30,1,39,87,55,68,39,1,15,21,-1,-9,-5,-50,-58,-27
8.27733,-186,-146,-145,-150,-173,-143,-104,-102,-81,-65,-45,28,0,33,72,47,53,45,-1,13,17,-22,-5,-10,-45,-46,-36
8.28800,-177,-142,-153,-152,-175,-131,-107,-103,-80,-67,-43,27,6,41,65,32,44,36,3,16,23,-1,-2,1,-38,-24,-24
8.29867,-187,-163,-160,-162,-172,-136,-115,-111,-88,-69,-39,26,12,36,71,36,33,36,15,32,5,-23,-9,-22,-48,-37,-22
8.30933,-176,-160,-162,-182,-178,-134,-130,-119,-93,-64,-34,32,13,44,72,46,48,40,-3,28,-2,-10,-26,-13,-58,-51,-40
8.32000,-162,-176,-154,-165,-181,-129,-136,-113,-89,-70,-46,48,4,34,87,52,42,42,-5,25,1,-10,-13,-12,-47,-54,-30
8.33067,-181,-180,-168,-165,-187,-139,-130,-117,-88,-79,-39,30,3,28,70,59,46,51,1,29,-2,2,-3,-25,-49,-50,-27
8.34133,-207,-195,-188,-158,-192,-165,-124,-104,-86,-75,-40,23,12,34,61,56,57,54,6,25,-11,0,-10,-21,-49,-41,-26
8.35200,-191,-198,-177,-164,-187,-146,-133,-107,-80,-71,-41,22,13,32,64,56,48,26,9,28,0,3,-14,-19,-65,-50,-15
8.36267,-182,-192,-180,-167,-186,-135,-129,-118,-81,-75,-47,29,3,35,80,49,50,28,2,32,5,-4,-4,-25,-68,-43,-21
8.37333,-209,-185,-195,-179,-172,-158,-126,-125,-79,-83,-36,30,8,32,81,45,32,32,2,15,14,0,-5,-26,-56,-38,-41
8.38400,-208,-161,-180,-178,-173,-161,-130,-120,-93,-77,-41,24,-5,32,66,41,53,33,7,19,-3,-11,-4,-29,-67,-41,-36
8.39467,-196,-174,-164,-164,-166,-152,-126,-122,-89,-73,-43,23,-1,40,59,46,50,34,9,13,6,-26,-28,-24,-69,-50,-46
8.40533,-206,-155,-152,-170,-176,-155,-134,-114,-91,-73,-33,21,2,32,59,44,38,42,24,41,1,-28,-25,-33,-57,-45,-36
8.41600,-207,-162,-157,-165,-177,-143,-124,-110,-85,-80,-37,34,15,22,61,45,46,35,25,47,-10,-28,-7,-25,-63,-49,-37
8.42667,-184,-162,-149,-171,-164,-143,-122,-110,-74,-79,-44,20,16,33,69,44,37,39,19,39,-5,-18,-18,-15,-62,-58,-37
8.43733,-179,-166,-165,-168,-163,-137,-127,-114,-81,-72,-54,17,4,27,46,48,61,44,-2,33,15,-24,-24,-19,-67,-58,-50
8.44800,-164,-164,-168,-166,-170,-152,-119,-97,-85,-75,-49,19,8,24,53,40,46,49,-9,34,-2,-25,-19,-14,-60,-41,-50
8.45867,-178,-151,-153,-162,-150,-141,-130,-102,-91,-72,-37,15,16,18,69,47,44,35,14,23,-17,-8,-9,-3,-64,-36,-30
8.46933,-173,-141,-155,-155,-154,-140,-125,-110,-94,-66,-34,14,7,18,71,52,30,42,1,6,7,-11,-16,-21,-67,-35,-22
8.48000,-167,-158,-175,-157,-174,-143,-122,-104,-84,-64,-41,20,17,11,71,41,41,62,7,19,21,-4,-8,-10,-49,-30,-10
8.49067,-153,-154,-192,-141,-170,-136,-117,-109,-75,-70,-39,17,8,23,70,37,59,68,6,31,10,-14,-36,-12,-43,-42,-17
8.50133,-145,-147,-139,-135,-166,-126,-109,-101,-74,-69,-41,30,10,20,60,33,63,60,15,50,17,3,-19,-2,-29,-49,-19
8.51200,-120,-126,-132,-143,-148,-120,-116,-108,-76,-82,-55,24,15,23,57,32,63,63,17,49,19,-5,-5,-18,-33,-31,-11
8.52267,-111,-102,-135,-148,-135,-126,-106,-108,-68,-72,-48,23,10,21,79,40,64,59,30,36,14,-4,-4,-2,-44,-37,-12
8.53333,-103,-101,-112,-147,-136,-127,-103,-95,-69,-52,-44,26,20,24,75,49,56,51,9,21,30,-1,-1,-9,-36,-23,-9
8.54400,-99,-99,-105,-122,-128,-117,-91,-87,-51,-61,-43,31,19,32,83,44,54,43,27,33,22,17,1,1,-33,-16,-4
8.55467,-77,-67,-82,-98,-95,-111,-80,-78,-47,-43,-23,38,22,39,87,52,47,45,20,47,8,12,-4,16,-36,-20,3
8.56533,-25,-40,-75,-69,-96,-88,-61,-73,-43,-41,-13,57,36,45,79,56,64,47,24,31,16,24,26,22,-12,-12,5
8.57600,-6,-11,-37,-58,-67,-58,-41,-50,-22,-35,-14,55,33,47,88,78,62,69,22,42,27,22,25,43,-28,-3,23
8.58667,78,20,24,7,-19,-23,-2,-19,-3,-14,18,66,48,64,105,69,75,78,14,67,46,27,33,35,-23,-3,12
8.59733,138,78,106,65,40,36,47,29,27,33,40,76,68,77,107,86,71,89,45,62,47,23,27,42,-8,4,25
8.60800,239,195,191,161,135,124,120,100,95,83,91,112,97,90,125,99,85,97,56,78,71,27,41,59,-5,25,29
8.61867,421,364,334,312,258,250,239,195,185,166,148,175,143,138,151,114,113,117,74,87,57,43,50,55,7,24,34
8.62933,663,606,548,537,463,454,420,365,339,285,249,251,202,191,192,149,156,130,104,105,93,75,59,57,26,45,58
8.64000,1021,953,920,872,783,736,695,594,532,466,394,390,309,256,259,211,190,192,135,138,108,110,84,87,57,74,103
8.65067,1595,1488,1440,1328,1247,1157,1079,956,850,731,621,575,443,382,359,281,251,237,181,174,169,157,131,143,92,106,130
8.66133,2355,2256,2182,2039,1917,1794,1653,1474,1318,1105,945,843,675,550,512,386,353,324,252,245,219,201,180,196,143,147,172
8.67200,3464,3368,3243,3076,2865,2687,2469,2224,1961,1661,1405,1214,970,802,719,565,490,445,363,356,316,285,263,267,212,227,250
8.68267,5002,4874,4699,4481,4197,3922,3614,3250,2868,2437,2039,1739,1393,1162,982,802,685,614,501,472,428,395,371,364,318,329,349
8.69333,7037,6900,6672,6344,5969,5576,5138,4612,4055,3457,2895,2432,1962,1613,1350,1102,944,834,710,657,605,549,525,509,457,465,490
8.70400,9651,9471,9138,8722,8217,7680,7055,6345,5567,4748,3967,3308,2684,2199,1825,1498,1278,1111,961,879,800,742,694,684,622,654,671
8.71467,12809,12571,12139,11602,10945,10215,9392,8442,7414,6307,5277,4372,3539,2899,2410,1961,1684,1451,1262,1145,1046,990,936,909,845,851,885
8.72533,16438,16129,15596,14919,14064,13121,12073,10842,9526,8121,6783,5616,4541,3701,3064,2502,2132,1853,1595,1467,1331,1254,1210,1157,1110,1088,1120
8.73600,20370,19999,19353,18502,17454,16291,14984,13462,11805,10075,8414,6956,5632,4581,3781,3090,2615,2269,1973,1812,1648,1554,1480,1438,1373,1369,1383
8.74667,24398,23953,23204,22201,20936,19529,17967,16146,14161,12093,10079,8324,6748,5484,4510,3695,3122,2701,2360,2168,1980,1865,1776,1713,1640,1620,1656
8.75733,28291,27773,26906,25717,24263,22644,20833,18733,16433,14022,11699,9653,7816,6351,5223,4267,3613,3127,2728,2495,2286,2135,2056,1982,1896,1891,1915
8.76800,31773,31213,30229,28878,27275,25455,23394,21037,18452,15755,13138,10823,8764,7124,5832,4802,4056,3512,3049,2766,2574,2390,2286,2224,2149,2129,2149
8.77867,34603,33996,32914,31495,29725,27738,25492,22935,20119,17163,14323,11804,9554,7745,6344,5233,4412,3826,3334,3024,2792,2614,2479,2427,2335,2332,2350
8.78933,36647,36020,34869,33360,31496,29393,27011,24309,21315,18180,15179,12509,10120,8221,6726,5560,4672,4049,3521,3212,2962,2775,2648,2553,2457,2457,2486
8.80000,37817,37184,35981,34445,32512,30359,27894,25090,22007,18766,15668,12898,10441,8475,6933,5726,4822,4156,3626,3319,3058,2858,2734,2628,2540,2533,2562
8.81067,38119,37462,36289,34705,32771,30579,28112,25288,22175,18919,15800,13007,10537,8542,6986,5778,4853,4198,3678,3347,3083,2891,2731,2653,2561,2542,2581
8.82133,37554,36909,35768,34203,32294,30155,27714,24920,21860,18637,15554,12806,10382,8412,6889,5689,4795,4128,3616,3310,3049,2845,2687,2614,2515,2505,2533
8.83200,36260,35626,34540,33039,31169,29098,26749,24068,21102,18002,15030,12376,10024,8113,6656,5488,4643,3996,3503,3184,2949,2748,2615,2506,2430,2423,2444
8.84267,34368,33752,32707,31291,29536,27578,25341,22794,19995,17060,14238,11719,9509,7700,6316,5178,4392,3800,3308,3019,2779,2609,2465,2387,2306,2287,2319
8.85333,31993,31407,30451,29151,27496,25669,23612,21234,18617,15885,13260,10934,8850,7183,5887,4823,4100,3549,3096,2809,2581,2422,2306,2213,2154,2132,2160
8.86400,29295,28787,27902,26701,25190,23514,21624,19450,17052,14546,12133,10005,8102,6579,5410,4425,3764,3251,2823,2568,2362,2204,2128,2026,1969,1959,1972
8.87467,26429,25985,25166,24065,22734,21217,19499,17544,15382,13135,10958,9046,7318,5952,4900,4003,3404,2930,2549,2321,2125,2003,1920,1836,1779,1766,1770
8.88533,23524,23110,22392,21426,20228,18870,17350,15625,13689,11687,9763,8046,6516,5301,4362,3574,3041,2612,2276,2073,1907,1786,1713,1655,1586,1546,1587
8.89600,20652,20302,19674,18812,17751,16580,15242,13707,12031,10264,8582,7086,5730,4672,3838,3147,2663,2300,1993,1813,1682,1555,1502,1447,1403,1372,1403
8.90667,17910,17633,17061,16322,15400,14375,13216,11889,10446,8900,7454,6152,4992,4055,3337,2746,2329,2014,1744,1590,1476,1378,1314,1271,1218,1194,1228
8.91733,15351,15119,14627,13982,13194,12332,11337,10177,8954,7646,6385,5296,4277,3506,2896,2372,2014,1729,1504,1381,1282,1192,1130,1097,1039,1036,1054
8.92800,13027,12801,12401,11870,11179,10454,9609,8642,7597,6491,5431,4518,3662,2992,2482,2030,1743,1511,1289,1202,1104,1019,972,948,891,889,916
8.93867,10917,10735,10417,9959,9391,8773,8062,7251,6379,5451,4564,3808,3097,2535,2111,1737,1493,1293,1096,1028,961,886,834,823,750,779,790
8.94933,9074,8925,8656,8285,7806,7286,6732,6053,5323,4542,3823,3203,2606,2140,1811,1492,1278,1109,958,890,842,768,724,715,661,685,690
8.96000,7493,7361,7145,6827,6442,6013,5553,5006,4412,3764,3182,2675,2172,1808,1528,1273,1109,969,848,809,742,692,663,641,604,618,633
8.97067,6141,6014,5863,5608,5277,4935,4561,4112,3640,3110,2649,2250,1836,1544,1325,1129,977,883,768,741,685,659,625,612,566,571,595
8.98133,5010,4905,4772,4577,4304,4028,3735,3381,3000,2574,2211,1898,1577,1342,1173,1006,909,823,732,725,656,645,629,621,585,578,618
8.99200,4078,3974,3874,3716,3507,3305,3066,2789,2485,2151,1864,1631,1381,1209,1090,949,868,818,730,738,696,680,671,678,621,641,681
9.00267,3293,3251,3155,3023,2862,2728,2540,2323,2092,1843,1610,1453,1267,1147,1052,952,912,864,789,811,795,783,798,809,751,775,799
9.01333,2705,2699,2609,2517,2381,2282,2161,1983,1819,1618,1458,1356,1214,1135,1092,1022,1000,980,933,972,966,959,974,972,957,978,1011
9.02400,2256,2248,2197,2130,2032,1945,1881,1764,1645,1515,1419,1368,1264,1224,1202,1154,1173,1173,1149,1193,1208,1226,1239,1244,1248,1263,1310
9.03467,1976,1950,1917,1895,1807,1765,1716,1645,1581,1510,1450,1445,1389,1394,1402,1378,1429,1442,1466,1522,1547,1599,1619,1657,1651,1677,1731
9.04533,1773,1786,1758,1725,1698,1681,1675,1649,1626,1595,1599,1630,1620,1644,1721,1713,1816,1871,1890,1981,2015,2073,2125,2201,2188,2241,2297
9.05600,1694,1714,1710,1689,1703,1726,1746,1746,1780,1785,1837,1934,1960,2034,2147,2186,2306,2396,2460,2566,2646,2733,2787,2872,2874,2960,3024
9.06667,1695,1741,1766,1785,1791,1852,1911,1962,2027,2087,2197,2337,2399,2535,2680,2791,2926,3074,3162,3312,3411,3545,3623,3727,3766,3860,3942
9.07733,1809,1848,1896,1950,1977,2073,2165,2278,2386,2504,2647,2859,2962,3156,3354,3506,3699,3879,4021,4205,4371,4504,4635,4758,4826,4925,5022
9.08800,1981,2047,2112,2202,2264,2414,2530,2681,2845,3018,3218,3458,3648,3870,4146,4358,4595,4832,5031,5264,5466,5640,5810,5963,6062,6185,6303
9.09867,2229,2322,2411,2514,2620,2806,2964,3150,3383,3599,3860,4171,4428,4718,5041,5309,5612,5901,6157,6445,6680,6917,7130,7311,7463,7594,7729
9.10933,2538,2623,2753,2882,3036,3239,3455,3692,3979,4251,4556,4938,5273,5625,5991,6337,6702,7049,7353,7708,8015,8298,8549,8772,8945,9107,9280
9.12000,2842,2971,3123,3277,3456,3709,3970,4261,4592,4917,5298,5732,6123,6546,6986,7398,7832,8251,8619,9008,9376,9686,10013,10267,10477,10663,10854
9.13067,3186,3334,3490,3681,3892,4170,4488,4829,5201,5586,6020,6518,6959,7456,7959,8430,8913,9402,9833,10284,10684,11071,11428,11740,11976,12202,12384
9.14133,3471,3640,3823,4057,4288,4609,4965,5330,5762,6190,6673,7238,7730,8294,8861,9368,9924,10462,10940,11469,11912,12335,12731,13074,13343,13601,13816
9.15200,3727,3922,4111,4357,4614,4980,5362,5758,6238,6712,7231,7846,8408,9008,9632,10187,10774,11363,11895,12459,12955,13420,13856,14211,14509,14788,15016
9.16267,3940,4132,4342,4616,4888,5249,5673,6100,6610,7116,7680,8319,8916,9552,10199,10812,11446,12058,12638,13228,13755,14245,14698,15092,15403,15707,15954
9.17333,4069,4266,4483,4761,5061,5426,5876,6317,6834,7383,7957,8617,9234,9902,10570,11209,11858,12501,13099,13715,14275,14776,15244,15656,15995,16291,16546
9.18400,4104,4305,4526,4792,5108,5498,5931,6393,6919,7480,8075,8746,9358,10042,10714,11366,12038,12690,13286,13911,14475,14995,15472,15885,16223,16531,16783
9.19467,4064,4233,4482,4772,5073,5441,5881,6338,6863,7413,7997,8683,9293,9969,10638,11293,11972,12612,13208,13829,14379,14886,15377,15766,16106,16417,16656
9.20533,3942,4104,4341,4623,4909,5283,5711,6163,6665,7203,7780,8441,9048,9691,10359,10993,11629,12265,12854,13468,13982,14491,14963,15336,15675,15972,16212
9.21600,3734,3898,4124,4381,4679,5028,5452,5867,6351,6869,7415,8055,8635,9250,9893,10487,11109,11699,12257,12827,13329,13822,14259,14649,14956,15234,15461
9.22667,3471,3650,3835,4083,4344,4684,5092,5503,5949,6423,6947,7544,8086,8672,9274,9838,10417,10959,11489,12016,12493,12933,13351,13720,14002,14263,14494
9.23733,3137,3339,3530,3763,4013,4315,4666,5042,5464,5917,6392,6956,7440,7978,8533,9056,9603,10105,10558,11057,11498,11912,12291,12603,12883,13126,13323
9.24800,2842,3006,3173,3366,3609,3881,4206,4558,4933,5340,5779,6301,6736,7222,7748,8202,8695,9165,9572,10027,10422,10779,11111,11414,11661,11879,12071
9.25867,2521,2700,2809,2992,3185,3452,3744,4034,4387,4766,5166,5629,6013,6455,6931,7329,7765,8188,8547,8933,9299,9617,9918,10182,10388,10591,10758
9.26933,2204,2324,2439,2597,2784,2995,3268,3542,3857,4188,4531,4953,5301,5683,6091,6441,6829,7206,7510,7860,8175,8452,8734,8964,9141,9327,9453
9.28000,1882,1995,2107,2248,2398,2597,2824,3054,3334,3627,3942,4310,4593,4955,5305,5610,5929,6254,6521,6833,7111,7347,7581,7780,7919,8087,8196
9.29067,1601,1694,1783,1901,2037,2201,2415,2609,2839,3097,3377,3692,3937,4252,4545,4819,5095,5374,5594,5882,6092,6293,6506,6661,6782,6926,7036
9.30133,1348,1422,1492,1579,1703,1843,2033,2204,2417,2627,2871,3135,3341,3605,3883,4086,4333,4565,4747,4984,5174,5340,5517,5654,5739,5870,5954
9.31200,1109,1160,1231,1295,1399,1525,1687,1826,2008,2196,2405,2641,2822,3035,3272,3452,3661,3840,3999,4178,4349,4477,4626,4746,4807,4913,5001
9.32267,882,943,1001,1077,1133,1243,1386,1508,1657,1823,1984,2213,2353,2532,2735,2871,3054,3203,3330,3505,3621,3731,3843,3933,3996,4072,4164
9.33333,708,754,787,858,922,1011,1133,1241,1367,1494,1630,1829,1945,2100,2271,2368,2526,2658,2749,2893,2979,3088,3175,3248,3303,3363,3429
9.34400,567,600,633,669,736,799,900,1010,1099,1206,1335,1514,1598,1732,1881,1962,2088,2198,2243,2373,2458,2525,2594,2664,2709,2761,2810
9.35467,436,452,478,526,571,618,720,802,884,977,1093,1227,1301,1423,1551,1597,1721,1802,1860,1948,2004,2055,2111,2178,2206,2238,2289
9.36533,330,340,365,425,434,477,560,624,705,784,878,999,1065,1160,1269,1326,1403,1466,1524,1594,1632,1678,1729,1779,1784,1803,1846
9.37600,248,248,289,320,330,376,427,486,563,623,703,841,875,947,1045,1092,1152,1188,1233,1287,1348,1366,1403,1445,1443,1433,1503
9.38667,167,183,197,227,237,274,330,378,453,486,565,677,714,769,859,892,945,980,996,1046,1086,1109,1153,1161,1155,1172,1212
9.39733,116,106,141,151,169,219,254,293,359,373,463,558,579,632,714,737,774,801,810,861,883,910,930,935,917,943,967
9.40800,72,87,87,83,123,138,204,211,278,299,369,462,482,527,594,602,651,685,658,691,716,728,758,759,748,762,775
9.41867,-1,35,58,67,59,97,126,153,206,235,293,376,389,452,496,503,541,561,544,571,590,598,599,621,602,633,637
9.42933,-4,14,18,23,29,57,79,109,166,187,233,308,317,369,426,424,458,473,449,488,496,491,483,507,469,496,523
9.44000,-30,-8,-3,2,11,28,55,79,120,146,191,255,268,318,378,360,391,408,366,407,413,403,416,416,378,389,414
9.45067,-33,-37,-15,-16,-19,13,19,51,78,111,147,221,224,271,324,311,343,343,306,349,352,350,357,361,317,322,347
9.46133,-64,-29,-51,-40,-42,-10,7,34,71,84,125,197,185,239,275,272,297,301,269,296,317,281,292,309,273,288,298
9.47200,-94,-44,-78,-44,-57,-25,-7,19,40,71,103,186,147,215,249,245,268,263,233,267,272,249,251,268,229,231,258
9.48267,-82,-43,-86,-67,-70,-36,-28,8,22,52,83,164,155,188,229,218,251,236,215,263,250,225,239,225,194,222,229
9.49333,-67,-71,-91,-51,-70,-41,-26,-5,22,61,80,160,158,178,212,211,216,220,207,235,215,209,219,197,177,201,195
9.50400,-112,-66,-80,-50,-73,-56,-33,-19,26,44,74,156,144,175,220,204,218,218,202,219,190,210,202,197,160,177,197
9.51467,-96,-69,-83,-68,-87,-35,-28,-18,20,42,75,131,156,170,212,209,210,223,182,201,199,204,199,206,156,179,194
9.52533,-105,-84,-76,-75,-102,-39,-31,-18,21,26,80,141,145,170,219,219,218,218,199,212,212,203,194,207,159,173,203
9.53600,-117,-77,-87,-74,-84,-55,-25,-14,15,39,75,150,145,179,225,208,222,201,208,213,191,192,197,209,158,170,202
9.54667,-104,-76,-65,-74,-95,-66,-41,-15,24,37,79,148,154,182,238,207,233,214,178,215,211,201,204,204,156,180,205
9.55733,-98,-85,-83,-74,-94,-63,-32,-4,19,44,78,160,173,202,246,221,236,235,189,224,214,208,209,220,178,206,219
9.56800,-96,-88,-76,-77,-75,-75,-25,-16,28,46,86,163,179,209,240,240,226,241,205,240,216,222,199,225,199,206,216
9.57867,-77,-87,-76,-71,-82,-62,-28,-8,31,56,81,173,169,206,255,235,251,259,212,235,230,226,222,230,185,213,219
9.58933,-74,-79,-79,-67,-73,-53,-21,6,34,53,84,184,180,225,267,237,251,274,231,233,256,239,226,235,198,208,229
9.60000,-100,-96,-71,-61,-65,-55,-27,1,37,61,103,181,184,214,263,238,269,280,233,263,258,243,239,238,198,212,241
9.61067,-93,-111,-59,-64,-59,-61,-24,0,39,69,115,183,188,216,264,260,269,269,239,280,261,259,249,274,204,239,244
9.62133,-70,-82,-73,-71,-44,-43,0,16,57,66,128,206,194,237,287,273,278,281,259,298,273,277,273,286,239,248,278
9.63200,-67,-72,-64,-66,-44,-51,0,22,77,92,128,214,219,244,300,286,305,317,277,306,305,281,285,302,261,258,287
9.64267,-53,-60,-42,-55,-35,-14,19,46,103,116,141,234,233,259,342,314,352,362,315,351,342,318,325,347,320,306,339
9.65333,-42,-14,-13,-16,-28,23,48,79,114,152,186,255,274,317,380,351,395,406,364,410,398,391,397,389,364,361,392
9.66400,-13,20,1,33,16,52,89,118,159,200,243,320,329,383,445,441,472,488,438,476,498,479,483,495,450,462,489
9.67467,16,54,44,70,63,109,154,184,231,284,322,424,423,484,543,562,560,598,567,615,617,619,622,634,590,594,625
9.68533,76,101,112,145,136,205,243,283,337,377,440,563,573,623,705,713,747,763,753,804,798,826,826,838,823,824,849
9.69600,162,183,214,240,253,315,371,419,502,542,624,751,769,836,944,958,998,1052,1048,1096,1105,1129,1132,1161,1130,1136,1168
9.70667,259,317,358,390,416,493,574,630,730,784,890,1032,1069,1162,1286,1320,1385,1445,1451,1514,1531,1568,1583,1630,1595,1605,1623
9.71733,449,521,561,620,670,753,855,935,1041,1149,1264,1448,1500,1635,1752,1817,1914,1997,2031,2128,2167,2219,2242,2248,2263,2267,2269
9.72800,741,831,883,957,1018,1130,1260,1377,1521,1648,1796,2017,2131,2289,2445,2554,2680,2797,2882,2994,3068,3125,3164,3209,3215,3226,3241
9.73867,1107,1219,1291,1398,1499,1664,1837,1981,2194,2361,2579,2835,3020,3226,3431,3594,3777,3942,4071,4218,4330,4414,4479,4549,4578,4584,4599
9.74933,1613,1754,1874,2024,2196,2403,2625,2837,3117,3373,3652,3989,4236,4525,4821,5049,5305,5520,5726,5940,6094,6212,6327,6429,6456,6489,6509
9.76000,2323,2524,2687,2908,3123,3408,3714,4022,4377,4742,5128,5551,5912,6307,6725,7056,7402,7721,7989,8300,8515,8695,8868,9000,9048,9099,9119
9.77067,3296,3525,3777,4069,4375,4773,5186,5614,6072,6577,7095,7663,8173,8714,9268,9725,10220,10663,11033,11450,11766,12040,12266,12437,12524,12582,12614
9.78133,4549,4829,5190,5591,6023,6544,7100,7683,8316,8986,9683,10431,11137,11867,12583,13256,13916,14521,15023,15564,16003,16390,16704,16932,17086,17155,17170
9.79200,6102,6536,7000,7524,8121,8800,9536,10312,11165,12045,12965,13957,14890,15865,16822,17709,18593,19408,20107,20835,21439,21940,22365,22676,22877,22968,22982
9.80267,8061,8613,9227,9907,10679,11577,12559,13576,14667,15825,17021,18297,19510,20782,22044,23208,24350,25436,26358,27307,28103,28775,29326,29733,29996,30136,30138
9.81333,10394,11082,11862,12771,13743,14869,16101,17418,18832,20279,21822,23450,24992,26614,28202,29719,31188,32563,33804,34987,35990,36891,37574,38125,38450,38641,38609
9.82400,13021,13891,14873,15994,17229,18624,20171,21804,23568,25378,27308,29320,31270,33278,35262,37145,38966,40711,42263,43750,44998,46107,46974,47676,48099,48331,48312
9.83467,15914,16977,18154,19526,21015,22725,24613,26604,28747,30962,33294,35740,38124,40563,42979,45283,47502,49623,51538,53342,54858,56229,57292,58142,58659,58943,58914
9.84533,18925,20182,21620,23215,24998,27041,29273,31633,34166,36807,39567,42456,45301,48208,51042,53800,56473,58947,61251,63380,65198,66796,68071,69091,69696,70030,70004
9.85600,21914,23373,25024,26879,28968,31305,33890,36627,39561,42615,45817,49142,52440,55782,59090,62286,65372,68246,70924,73375,75495,77345,78838,79979,80710,81107,81068
9.86667,24757,26376,28257,30347,32694,35343,38239,41340,44663,48096,51695,55454,59156,62943,66681,70275,73748,77018,80035,82804,85195,87286,88989,90270,91108,91547,91496
9.87733,27271,29070,31093,33415,36016,38924,42113,45526,49165,52969,56921,61042,65138,69289,73422,77372,81195,84802,88121,91162,93807,96123,97990,99402,100332,100812,100738
9.88800,29324,31251,33444,35921,38732,41872,45285,48957,52878,56943,61218,65635,70046,74517,78938,83196,87316,91190,94760,98041,100912,103378,105383,106918,107904,108407,108336
9.89867,30843,32856,35141,37767,40723,44019,47608,51470,55573,59855,64359,68991,73649,78340,82996,87469,91823,95885,99647,103088,106105,108698,110804,112407,113474,113969,113933
9.90933,31733,33802,36148,38867,41914,45303,48996,52969,57202,61614,66249,71026,75800,80636,85401,90015,94507,98711,102565,106120,109222,111879,114049,115706,116799,117312,117272
9.92000,31992,34084,36467,39229,42288,45696,49425,53426,57701,62162,66818,71655,76467,81338,86163,90798,95335,99572,103461,107055,110192,112882,115065,116743,117832,118349,118317
9.93067,31685,33745,36108,38822,41832,45223,48926,52893,57117,61536,66140,70927,75700,80516,85295,89906,94395,98580,102423,105985,109081,111749,113931,115598,116646,117176,117141
9.94133,30807,32843,35123,37752,40702,43986,47587,51447,55550,59846,64345,68990,73630,78326,82982,87461,91810,95872,99642,103097,106107,108707,110804,112432,113467,113969,113937
9.95200,29453,31398,33609,36113,38945,42081,45529,49229,53139,57270,61560,66008,70461,74947,79402,83697,87846,91737,95333,98649,101520,104029,106028,107584,108563,109066,109040
9.96267,27738,29576,31659,34026,36696,39642,42895,46360,50068,53956,57995,62198,66382,70630,74820,78850,82780,86459,89843,92967,95677,98013,99925,101374,102303,102775,102723
9.97333,25782,27433,29386,31590,34053,36811,39827,43050,46480,50106,53861,57781,61665,65598,69501,73242,76885,80302,83437,86312,88851,91026,92790,94151,95007,95458,95408
9.98400,23618,25139,26902,28926,31173,33722,36479,39430,42571,45903,49343,52956,56516,60106,63688,67108,70436,73580,76442,79097,81401,83387,85008,86241,87068,87447,87437
9.99467,21347,22715,24334,26167,28194,30494,32998,35675,38527,41507,44633,47898,51138,54380,57620,60713,63742,66569,69153,71555,73662,75442,76928,78031,78758,79105,79105
10.00533,19048,20335,21735,23380,25187,27240,29483,31882,34440,37116,39903,42830,45717,48633,51535,54282,56998,59519,61829,63988,65843,67451,68783,69771,70397,70726,70720
10.01600,16827,17941,19200,20648,22249,24064,26049,28168,30438,32804,35283,37865,40415,43014,45585,48006,50396,52626,54673,56574,58221,59649,60799,61677,62253,62541,62535
10.02667,14699,15663,16796,18027,19450,21037,22773,24627,26626,28687,30851,33132,35345,37633,39867,42021,44078,46069,47820,49505,50938,52177,53173,53960,54451,54715,54714
10.03733,12724,13564,14501,15617,16816,18208,19707,21323,23038,24827,26715,28713,30622,32597,34547,36404,38205,39896,41423,42891,44108,45201,46079,46723,47147,47399,47377
10.04800,10880,11623,12420,13372,14413,15593,16898,18290,19755,21302,22931,24649,26298,27990,29665,31249,32802,34250,35546,36819,37879,38813,39537,40128,40483,40675,40669
10.05867,9220,9869,10542,11350,12234,13263,14359,15548,16803,18107,19520,20985,22382,23824,25265,26592,27932,29144,30261,31340,32238,33012,33655,34151,34439,34617,34607
10.06933,7759,8308,8869,9544,10317,11154,12100,13112,14169,15273,16473,17715,18908,20114,21337,22468,23596,24603,25547,26471,27205,27884,28422,28830,29088,29232,29225
10.08000,6463,6933,7402,7965,8631,9331,10118,10974,11872,12793,13801,14863,15855,16875,17913,18856,19799,20655,21440,22216,22827,23375,23822,24188,24374,24506,24506
10.09067,5359,5728,6133,6622,7152,7729,8405,9112,9884,10661,11487,12385,13224,14071,14951,15740,16499,17225,17875,18515,19028,19471,19851,20135,20299,20420,20415
10.10133,4395,4709,5040,5454,5881,6378,6951,7528,8170,8818,9520,10282,10969,11679,12410,13050,13697,14293,14815,15358,15779,16165,16458,16698,16813,16923,16932
10.11200,3580,3860,4132,4457,4816,5247,5719,6208,6728,7271,7875,8498,9068,9670,10260,10793,11331,11814,12243,12709,13016,13349,13606,13792,13890,13975,13974
10.12267,2933,3163,3384,3635,3927,4295,4690,5095,5532,5985,6475,7008,7470,7973,8471,8909,9335,9730,10111,10476,10741,11005,11229,11361,11427,11517,11514
10.13333,2384,2567,2753,2952,3213,3516,3834,4165,4540,4909,5322,5781,6147,6569,6987,7354,7714,8037,8307,8622,8853,9065,9252,9364,9417,9472,9482
10.14400,1937,2066,2229,2435,2621,2868,3146,3405,3722,4044,4386,4777,5078,5428,5782,6057,6379,6647,6871,7108,7295,7469,7634,7731,7778,7811,7827
10.15467,1569,1675,1813,1977,2142,2342,2587,2814,3077,3344,3634,3977,4225,4496,4805,5023,5300,5514,5687,5915,6064,6196,6301,6403,6427,6465,6486
10.16533,1284,1394,1503,1610,1746,1930,2136,2324,2557,2789,3024,3321,3539,3765,4033,4209,4445,4617,4750,4955,5072,5170,5268,5348,5366,5406,5410
10.17600,1063,1153,1227,1330,1426,1617,1778,1946,2150,2351,2561,2796,2985,3194,3414,3574,3758,3910,4022,4177,4283,4369,4445,4516,4521,4565,4547
10.18667,887,969,1012,1127,1199,1366,1512,1657,1827,1994,2171,2411,2544,2747,2932,3052,3223,3367,3441,3579,3665,3746,3790,3869,3868,3900,3892
10.19733,740,794,876,953,1029,1151,1302,1417,1577,1719,1897,2108,2224,2386,2567,2674,2812,2933,3006,3125,3192,3244,3305,3365,3353,3391,3386
10.20800,614,702,752,821,884,1013,1136,1246,1396,1515,1676,1871,1981,2127,2268,2370,2500,2606,2672,2766,2836,2879,2935,2973,2952,2989,2986
10.21867,546,606,645,722,779,901,1020,1107,1261,1349,1506,1686,1788,1917,2052,2149,2252,2356,2401,2495,2552,2589,2648,2664,2658,2705,2711
10.22933,470,523,566,651,702,798,917,1011,1154,1235,1371,1536,1636,1765,1898,1957,2062,2154,2194,2288,2344,2365,2410,2426,2444,2447,2462
10.24000,426,473,516,597,649,721,834,923,1048,1148,1282,1435,1525,1641,1758,1819,1920,2003,2018,2110,2161,2206,2237,2252,2264,2281,2276
10.25067,389,449,469,555,595,663,773,862,965,1071,1192,1349,1418,1536,1653,1711,1810,1868,1884,1979,2015,2058,2104,2111,2107,2136,2133
10.26133,345,395,446,498,544,616,717,806,898,990,1113,1270,1331,1449,1554,1600,1697,1765,1779,1865,1910,1925,1952,1987,1964,1983,1990
10.27200,316,363,382,449,484,566,668,735,842,924,1032,1181,1245,1351,1459,1493,1586,1658,1676,1731,1789,1800,1830,1845,1839,1857,1884
10.28267,266,325,368,406,435,513,619,691,788,852,964,1103,1174,1275,1365,1398,1479,1554,1570,1618,1677,1701,1727,1730,1715,1740,1752
10.29333,243,284,331,372,385,466,564,624,723,783,896,1043,1102,1186,1285,1309,1397,1449,1453,1517,1553,1567,1600,1621,1592,1599,1621
10.30400,208,239,289,325,353,428,498,576,655,727,824,972,1022,1111,1195,1236,1294,1348,1375,1417,1456,1451,1472,1516,1489,1485,1515
10.31467,156,210,259,286,314,365,454,513,602,661,752,896,943,1016,1099,1135,1196,1230,1262,1302,1331,1335,1353,1390,1344,1361,1376
10.32533,136,173,215,239,247,324,410,458,541,610,671,817,864,930,1015,1042,1091,1131,1136,1193,1214,1235,1231,1254,1235,1233,1267
10.33600,85,146,169,192,200,270,346,402,482,549,614,743,784,833,917,937,1010,1027,1023,1074,1102,1131,1123,1120,1109,1117,1138
10.34667,67,103,127,145,179,231,300,337,422,467,537,671,698,757,841,849,905,923,926,951,981,986,997,1017,997,996,1025
10.35733,48,84,85,100,129,183,244,291,353,408,477,594,626,680,748,776,817,825,833,871,879,888,888,910,889,879,908
10.36800,4,34,60,71,91,135,186,241,300,360,425,521,551,612,688,697,728,738,738,775,773,792,786,811,778,781,783
10.37867,-21,-15,5,16,55,92,142,190,252,294,366,472,483,536,615,625,645,658,647,679,694,684,686,697,679,677,704
10.38933,-69,-23,-16,-6,29,74,105,136,200,253,323,418,429,469,553,545,586,590,577,613,613,614,602,621,583,587,607
10.40000,-96,-60,-38,-24,-15,45,88,122,166,210,267,374,380,415,484,496,516,537,492,535,532,521,525,551,499,504,514
10.41067,-98,-82,-61,-45,-44,3,51,83,135,177,210,331,326,371,437,452,450,467,445,478,464,464,461,477,426,445,468
10.42133,-145,-102,-99,-68,-77,-27,29,62,114,144,184,281,293,336,374,399,391,416,404,429,420,409,405,419,367,377,393
10.43200,-146,-109,-128,-87,-81,-68,-12,31,84,110,162,252,252,294,341,361,366,381,332,362,353,359,361,352,310,310,337
10.44267,-165,-152,-119,-100,-110,-78,-29,4,59,80,140,217,217,265,323,320,306,343,302,329,311,305,312,304,269,262,302
10.45333,-159,-160,-135,-105,-126,-90,-51,-16,33,50,104,196,198,232,293,293,287,306,262,285,298,270,259,266,233,223,247
10.46400,-171,-161,-140,-119,-133,-91,-62,-27,19,39,85,177,182,223,254,269,258,266,231,262,263,235,223,234,205,194,217
10.47467,-173,-180,-134,-145,-144,-107,-71,-49,3,28,82,150,163,195,235,240,247,246,217,238,226,216,208,202,169,164,196
10.48533,-200,-194,-131,-142,-143,-115,-85,-62,-16,21,63,147,146,177,233,232,223,226,196,215,199,193,199,198,139,162,175
10.49600,-205,-192,-153,-167,-166,-121,-77,-78,-23,23,58,127,119,167,216,203,208,218,184,196,182,165,160,188,120,134,169
10.50667,-186,-163,-156,-161,-179,-121,-94,-80,-46,-11,38,116,123,160,197,183,197,199,161,193,161,147,148,153,109,117,131
10.51733,-197,-164,-171,-164,-190,-131,-106,-75,-43,-28,17,110,107,149,177,187,177,171,154,181,151,140,133,138,93,108,132
10.52800,-195,-178,-168,-162,-191,-150,-108,-78,-32,-22,17,105,106,142,162,173,164,161,134,152,149,116,139,129,74,91,104
10.53867,-206,-211,-180,-172,-195,-170,-127,-83,-54,-33,9,95,86,127,165,154,156,159,111,145,132,126,123,101,69,81,86
10.54933,-209,-222,-192,-176,-188,-162,-111,-90,-53,-34,-1,101,72,128,166,155,169,160,107,156,132,125,100,104,63,73,80
10.56000,-206,-168,-201,-187,-196,-166,-133,-98,-65,-37,-4,83,74,113,155,149,144,160,113,134,109,104,106,97,62,43,80
10.57067,-211,-190,-199,-187,-202,-160,-143,-101,-65,-37,-8,73,78,128,152,132,128,159,96,128,107,87,90,102,54,66,72
10.58133,-215,-192,-214,-201,-213,-162,-133,-98,-63,-50,-13,76,73,95,151,131,129,141,106,116,102,85,88,95,43,38,68
10.59200,-201,-201,-209,-190,-190,-153,-134,-111,-52,-39,-16,62,62,95,143,130,129,121,97,105,92,87,75,90,37,36,63
10.60267,-210,-201,-196,-199,-195,-162,-122,-107,-60,-47,-14,77,59,85,128,116,133,128,91,103,73,90,75,68,42,54,49
10.61333,-209,-191,-206,-189,-198,-159,-124,-112,-67,-47,-23,67,62,83,127,124,117,131,82,102,75,73,77,63,28,40,51
10.62400,-224,-206,-218,-182,-198,-162,-133,-121,-79,-50,-15,55,65,85,127,119,112,116,73,93,70,64,63,65,24,28,55
10.63467,-237,-212,-192,-175,-190,-159,-145,-116,-89,-56,-13,58,61,88,131,102,103,102,68,96,87,57,69,50,8,19,45
10.64533,-242,-219,-210,-190,-199,-157,-140,-127,-80,-76,-14,46,67,81,122,106,103,97,68,77,78,73,62,59,16,21,23
10.65600,-221,-209,-217,-205,-207,-180,-141,-125,-81,-73,-18,49,57,68,136,100,108,93,72,95,72,74,72,69,13,14,20
10.66667,-212,-212,-213,-198,-215,-174,-136,-126,-85,-72,-31,43,55,74,124,87,116,105,71,73,74,56,57,44,-2,8,23
10.67733,-205,-223,-234,-201,-207,-175,-154,-137,-80,-70,-18,50,48,75,118,97,117,85,55,78,65,51,55,36,4,13,19
10.68800,-226,-211,-223,-197,-204,-172,-160,-128,-94,-60,-24,45,46,61,114,104,104,97,48,80,75,51,49,39,7,5,33
10.69867,-235,-224,-214,-204,-196,-191,-156,-137,-88,-68,-31,47,33,60,104,88,93,86,37,80,61,47,45,31,9,-4,39
10.70933,-226,-209,-191,-210,-202,-194,-156,-130,-89,-80,-27,44,33,72,98,84,95,94,33,76,68,33,30,32,-9,11,15
10.72000,-251,-225,-220,-214,-212,-183,-155,-123,-97,-80,-41,37,35,69,102,94,97,88,41,63,76,44,39,19,-13,-8,13
10.73067,-255,-216,-222,-211,-224,-188,-152,-119,-103,-78,-38,38,37,58,96,86,80,79,45,56,69,47,51,17,-27,-19,22
10.74133,-246,-214,-228,-212,-229,-190,-161,-137,-100,-69,-31,37,34,60,92,95,76,81,40,65,66,26,42,21,-27,-11,35
10.75200,-227,-214,-223,-212,-227,-195,-150,-131,-109,-67,-42,53,26,52,94,96,82,98,49,66,42,24,38,23,-29,0,13
10.76267,-253,-228,-217,-215,-216,-194,-171,-133,-102,-76,-38,49,29,60,91,93,84,78,79,71,48,33,34,26,-21,-1,3
10.77333,-273,-223,-212,-212,-224,-191,-169,-134,-108,-74,-40,38,28,52,96,90,83,78,55,57,47,37,28,33,-17,-9,-5
10.78400,-264,-245,-212,-231,-230,-198,-157,-140,-102,-86,-51,33,19,61,93,77,85,88,38,65,51,36,6,29,-30,-16,2
10.79467,-255,-238,-237,-224,-222,-199,-168,-144,-105,-102,-50,31,10,47,80,76,88,82,37,56,35,36,18,23,-38,-21,3
10.80533,-245,-241,-229,-243,-229,-206,-165,-151,-104,-88,-53,27,19,56,79,78,75,65,35,45,52,31,10,17,-29,-20,2
10.81600,-241,-216,-224,-233,-241,-206,-155,-148,-111,-85,-45,36,3,40,68,80,67,65,40,50,31,29,11,13,-17,-23,-5
10.82667,-238,-222,-224,-230,-241,-206,-165,-160,-100,-91,-42,30,10,39,86,74,67,70,52,45,24,36,13,24,-43,-26,-3
10.83733,-258,-248,-242,-232,-232,-204,-163,-162,-106,-89,-37,20,27,37,59,70,78,74,45,41,27,48,18,16,-32,-28,-9
10.84800,-267,-240,-232,-237,-223,-199,-172,-150,-111,-92,-51,13,24,49,72,70,80,70,41,64,26,22,13,9,-28,-26,-20
10.85867,-271,-235,-233,-223,-231,-214,-180,-147,-113,-91,-50,22,24,54,87,73,66,60,17,55,39,29,6,6,-39,-28,-15
10.86933,-251,-251,-249,-216,-208,-199,-187,-155,-119,-86,-53,28,18,48,85,66,66,63,13,53,28,13,3,-13,-26,-36,-15
10.88000,-257,-244,-215,-244,-236,-210,-178,-145,-112,-102,-54,28,12,53,86,71,66,75,15,50,31,17,9,17,-49,-47,-5
10.89067,-273,-256,-242,-253,-233,-219,-178,-161,-112,-96,-56,30,15,61,80,68,71,51,22,57,18,21,3,14,-51,-45,-18
10.90133,-285,-265,-253,-232,-242,-214,-180,-159,-113,-90,-52,27,21,52,82,74,67,62,33,36,33,18,29,-3,-57,-42,-34
10.91200,-283,-260,-248,-238,-242,-210,-173,-158,-114,-99,-45,18,8,41,87,70,69,58,48,52,29,8,11,-7,-55,-39,-27
10.92267,-271,-252,-245,-237,-243,-207,-153,-150,-122,-103,-62,26,3,39,74,64,77,63,39,45,38,-1,-9,0,-55,-55,-36
10.93333,-283,-253,-246,-240,-240,-232,-165,-149,-115,-100,-64,20,12,37,90,68,78,68,30,50,31,7,-2,3,-40,-46,-22
10.94400,-260,-245,-239,-239,-227,-237,-175,-167,-126,-102,-60,31,17,45,79,64,70,65,23,43,17,20,-12,-2,-52,-50,-39
10.95467,-246,-250,-224,-247,-237,-214,-177,-168,-114,-97,-54,32,15,44,82,64,75,76,43,45,30,18,1,8,-55,-47,-30
10.96533,-246,-250,-230,-235,-254,-229,-174,-160,-112,-94,-65,26,9,42,74,56,75,82,31,39,36,21,-5,4,-45,-51,-37
10.97600,-253,-247,-235,-249,-244,-222,-180,-159,-116,-94,-56,20,6,36,81,65,64,70,11,42,20,11,1,2,-40,-45,-22
10.98667,-284,-252,-251,-247,-238,-213,-189,-161,-113,-97,-57,18,17,41,79,61,66,62,11,45,14,10,-7,-11,-54,-46,-24
10.99733,-252,-272,-253,-240,-232,-200,-188,-151,-126,-98,-73,19,12,38,71,60,63,63,31,52,15,11,18,-15,-43,-37,-36
11.00800,-255,-255,-265,-223,-236,-213,-187,-150,-117,-92,-61,29,5,34,82,55,59,73,24,30,18,14,17,-4,-35,-42,-28
11.01867,-251,-238,-252,-230,-226,-213,-166,-158,-117,-102,-56,21,12,37,77,50,59,85,16,36,26,11,4,-19,-47,-53,-22
11.02933,-259,-243,-237,-248,-254,-220,-178,-163,-121,-96,-53,23,4,44,70,62,62,74,10,38,16,9,0,-17,-55,-57,-34
11.04000,-266,-259,-259,-247,-269,-212,-185,-159,-122,-98,-57,15,9,42,76,57,64,62,24,33,3,10,5,-7,-54,-57,-36
11.05067,-274,-275,-261,-260,-251,-217,-186,-163,-122,-103,-58,15,15,43,81,61,63,61,27,40,0,-10,8,-16,-54,-46,-44
11.06133,-290,-273,-255,-256,-246,-225,-200,-173,-117,-91,-72,14,18,37,79,56,50,64,25,58,24,-7,16,-29,-50,-54,-52
11.07200,-262,-271,-283,-255,-255,-225,-205,-159,-118,-98,-61,27,21,48,79,63,61,74,14,46,18,-8,-9,-19,-53,-48,-37
11.08267,-284,-270,-270,-248,-254,-217,-200,-165,-117,-110,-62,30,15,47,87,69,60,69,16,23,26,-3,0,-4,-56,-54,-19
11.09333,-273,-284,-256,-231,-252,-212,-194,-153,-117,-108,-72,33,6,52,84,83,57,41,10,28,1,-1,-8,4,-54,-47,-14
11.10400,-248,-284,-246,-250,-248,-218,-200,-165,-125,-111,-64,30,15,57,81,68,70,56,21,36,25,1,6,-13,-60,-50,-22
11.11467,-260,-266,-250,-252,-261,-233,-207,-170,-122,-109,-68,25,22,50,85,75,81,54,34,15,15,-4,4,-4,-64,-65,-24
11.12533,-256,-247,-266,-253,-268,-220,-210,-161,-117,-102,-56,33,7,43,87,65,88,60,35,23,18,-6,-7,-20,-64,-54,-19
11.13600,-276,-266,-260,-260,-265,-217,-197,-161,-116,-101,-56,27,15,46,81,59,78,64,34,44,16,3,3,4,-70,-42,-26
11.14667,-255,-263,-263,-247,-250,-219,-196,-180,-136,-95,-64,26,14,51,74,65,85,55,23,31,15,17,-18,-13,-75,-41,-29
11.15733,-281,-271,-248,-239,-266,-222,-186,-175,-124,-102,-61,17,24,40,77,66,88,66,16,44,13,9,-4,-10,-82,-42,-22
11.16800,-284,-263,-269,-242,-262,-210,-199,-168,-122,-102,-60,31,19,41,80,76,72,59,22,35,14,6,-2,-5,-72,-39,-28
11.17867,-273,-264,-278,-264,-273,-219,-199,-175,-119,-112,-60,19,10,49,84,68,52,56,16,39,40,16,-12,-12,-57,-49,-22
11.18933,-270,-269,-271,-251,-276,-228,-204,-180,-119,-113,-65,21,10,52,96,90,67,66,23,42,42,20,-12,-9,-67,-58,-31
11.20000,-266,-254,-277,-252,-254,-219,-199,-182,-127,-104,-53,27,16,63,77,77,71,74,32,47,42,3,-7,-11,-57,-47,-39
11.21067,-266,-253,-261,-255,-261,-222,-191,-168,-131,-105,-50,14,12,55,82,81,62,69,33,28,34,3,-10,-14,-49,-61,-34
11.22133,-280,-251,-276,-257,-270,-215,-182,-174,-126,-116,-58,15,15,49,75,56,76,77,21,25,42,23,-8,-12,-43,-53,-35
11.23200,-291,-254,-271,-247,-261,-211,-192,-181,-116,-104,-61,28,5,45,84,64,58,73,29,35,30,3,-12,-29,-49,-47,-36
11.24267,-286,-258,-284,-241,-267,-225,-195,-175,-113,-106,-65,21,9,57,101,56,61,56,29,29,18,5,-17,-15,-48,-59,-27
11.25333,-250,-266,-291,-262,-261,-210,-197,-159,-117,-103,-52,20,16,47,81,61,64,62,26,39,30,-7,-16,-5,-53,-51,-21
11.26400,-258,-254,-273,-272,-260,-220,-188,-160,-118,-108,-55,21,12,49,76,68,66,66,29,43,29,4,-17,-18,-52,-50,-25
11.27467,-277,-251,-269,-261,-269,-228,-188,-168,-114,-108,-64,17,9,36,78,53,74,65,18,41,35,2,-8,-15,-67,-56,-35
11.28533,-297,-258,-271,-259,-255,-227,-195,-177,-118,-109,-70,16,16,53,82,64,71,69,6,47,35,7,-22,-4,-66,-40,-32
11.29600,-327,-264,-253,-267,-257,-242,-192,-187,-115,-109,-64,19,20,45,76,64,62,76,9,34,29,-5,-10,-26,-51,-48,-38
11.30667,-288,-250,-256,-257,-263,-231,-195,-191,-125,-108,-65,16,12,34,75,47,64,65,14,19,16,1,-4,-26,-73,-48,-49
11.31733,-286,-257,-272,-257,-256,-231,-193,-176,-130,-97,-68,11,11,25,82,51,78,54,11,32,3,-9,-11,-28,-71,-61,-39
11.32800,-284,-258,-291,-261,-259,-227,-206,-179,-132,-117,-66,11,18,44,73,54,58,46,15,16,2,-9,0,-18,-70,-59,-44
11.33867,-275,-251,-270,-254,-263,-241,-196,-175,-124,-119,-57,22,11,45,72,56,59,51,19,33,12,10,-9,-6,-70,-74,-50
11.34933,-310,-261,-274,-262,-270,-241,-213,-184,-137,-111,-65,17,20,32,72,60,43,61,1,31,7,-2,-14,-19,-65,-76,-51
11.36000,-303,-271,-293,-260,-260,-232,-214,-175,-139,-107,-68,17,24,33,74,58,53,56,12,29,10,-11,-32,-23,-51,-66,-46
11.37067,-298,-292,-315,-268,-266,-236,-208,-179,-135,-101,-66,17,17,30,87,75,53,68,14,16,11,-22,-33,-27,-65,-56,-31
11.38133,-295,-276,-280,-278,-268,-238,-202,-179,-136,-108,-71,22,5,47,91,69,68,59,20,44,5,-25,-23,-16,-66,-60,-49
11.39200,-281,-288,-291,-271,-276,-225,-193,-186,-139,-118,-63,6,14,47,83,59,52,62,21,32,-12,-9,-12,-39,-57,-54,-54
11.40267,-285,-294,-276,-281,-267,-218,-205,-180,-136,-119,-59,12,19,39,66,77,58,59,7,38,-4,10,-12,-25,-57,-57,-42
11.41333,-306,-297,-284,-268,-264,-219,-208,-190,-126,-119,-63,17,12,39,77,60,48,63,15,29,5,12,-21,-33,-55,-65,-55
11.42400,-303,-268,-293,-260,-269,-217,-204,-178,-124,-111,-77,12,13,28,72,63,50,79,11,38,7,-11,-29,-30,-74,-63,-42
11.43467,-304,-252,-294,-267,-269,-241,-198,-180,-137,-115,-73,-1,-1,31,75,51,43,63,18,36,1,-12,-35,-24,-54,-71,-54
11.44533,-310,-285,-280,-268,-265,-233,-217,-179,-141,-112,-63,11,-4,39,71,42,50,69,9,31,9,-1,-15,-22,-58,-68,-56
11.45600,-296,-294,-264,-255,-263,-247,-208,-182,-132,-106,-72,1,8,26,76,46,59,64,11,28,7,-3,-21,-19,-84,-64,-61
11.46667,-284,-281,-273,-269,-281,-235,-211,-183,-135,-117,-69,7,15,31,77,46,67,65,-1,40,-7,-17,-38,-9,-75,-63,-55
11.47733,-285,-282,-278,-270,-276,-244,-212,-179,-131,-108,-69,23,13,35,81,49,54,61,3,37,-6,-20,-38,-30,-82,-57,-67
11.48800,-275,-262,-294,-265,-269,-253,-211,-183,-127,-106,-81,19,17,37,82,44,66,64,2,25,-4,-23,-30,-26,-77,-62,-60
11.49867,-305,-276,-297,-265,-273,-238,-213,-178,-140,-104,-76,21,11,44,74,46,62,57,15,37,3,-13,-13,-22,-66,-70,-75
11.50933,-303,-280,-267,-273,-273,-231,-211,-172,-143,-111,-69,16,0,31,82,56,53,58,-1,31,-5,-6,-14,-26,-62,-76,-61
11.52000,-294,-297,-276,-277,-267,-245,-208,-179,-140,-122,-68,21,16,39,83,53,63,58,9,34,-4,3,-28,-35,-61,-66,-50
11.53067,-302,-312,-306,-293,-277,-237,-198,-187,-141,-115,-72,0,8,41,71,47,55,56,10,44,-4,-7,-33,-35,-54,-77,-53
11.54133,-303,-310,-289,-286,-263,-244,-202,-183,-141,-123,-73,8,8,31,63,49,61,52,14,32,0,4,-29,-39,-63,-70,-49
11.55200,-319,-283,-281,-274,-266,-227,-195,-186,-150,-122,-61,-3,-3,27,68,36,60,46,-11,28,3,-8,-41,-38,-73,-77,-53
11.56267,-318,-278,-284,-281,-257,-230,-197,-175,-142,-113,-64,2,0,29,66,42,63,62,8,30,8,-15,-38,-41,-72,-82,-52
11.57333,-300,-252,-282,-272,-255,-241,-191,-171,-129,-111,-73,7,6,16,58,52,52,45,16,23,-1,-1,-40,-42,-67,-77,-65
11.58400,-286,-249,-300,-262,-252,-238,-211,-194,-138,-114,-85,9,0,22,62,49,46,37,-7,18,0,-10,-41,-43,-66,-75,-64
11.59467,-283,-274,-288,-249,-271,-243,-211,-189,-134,-106,-84,3,-3,36,83,51,54,52,5,22,9,-11,-35,-40,-57,-61,-56
11.60533,-282,-273,-278,-264,-268,-243,-200,-190,-131,-107,-88,6,0,33,63,69,62,54,14,18,2,-18,-20,-41,-70,-67,-66
11.61600,-286,-294,-281,-268,-268,-229,-193,-189,-142,-103,-86,4,-6,18,68,64,57,55,4,32,-11,-9,-34,-41,-64,-71,-48
11.62667,-298,-271,-267,-276,-268,-241,-198,-182,-145,-110,-84,15,-4,18,83,55,58,44,1,26,-11,-1,-35,-38,-74,-71,-51
11.63733,-278,-294,-267,-274,-271,-231,-204,-180,-138,-127,-78,7,1,31,81,56,64,45,-3,31,-3,-10,-30,-23,-64,-63,-36
11.64800,-289,-297,-284,-266,-267,-242,-199,-174,-138,-118,-76,2,2,23,71,46,56,47,-9,36,-16,-17,-27,-40,-62,-60,-45
11.65867,-272,-273,-287,-277,-267,-240,-199,-170,-132,-125,-81,10,-2,26,69,44,57,43,-5,39,-10,-22,-24,-26,-77,-59,-64
11.66933,-269,-274,-293,-282,-276,-233,-194,-183,-137,-126,-73,11,1,28,68,54,65,37,-3,23,-2,-23,-36,-29,-72,-52,-42
11.68000,-263,-282,-281,-289,-277,-233,-189,-173,-141,-124,-77,-1,4,39,67,53,75,40,8,16,5,-21,-33,-55,-69,-55,-49
11.69067,-265,-284,-267,-276,-278,-233,-193,-172,-145,-126,-79,-2,-18,32,63,49,58,46,3,15,-6,-23,-27,-36,-54,-58,-63
11.70133,-295,-268,-273,-269,-265,-248,-194,-168,-150,-124,-85,6,-16,24,74,37,53,37,5,7,-6,-16,-21,-21,-66,-59,-36
11.71200,-298,-265,-277,-257,-261,-243,-191,-173,-142,-124,-79,8,-13,20,73,31,52,23,6,15,0,-15,-20,-41,-71,-72,-35
11.72267,-302,-284,-272,-254,-268,-230,-190,-180,-139,-112,-81,4,-12,26,69,35,59,33,12,20,-3,-26,-19,-36,-76,-75,-58
11.73333,-292,-290,-279,-262,-272,-228,-203,-183,-144,-120,-88,4,-2,23,64,42,35,43,9,18,-4,-32,-24,-46,-67,-66,-74
11.74400,-281,-295,-296,-266,-269,-236,-203,-182,-144,-124,-82,12,-3,6,71,48,30,39,1,17,5,-19,-8,-30,-59,-75,-45
11.75467,-300,-291,-286,-255,-261,-241,-203,-165,-147,-119,-73,16,-6,16,60,53,30,38,-4,16,13,-8,-19,-34,-58,-77,-40
11.76533,-286,-299,-291,-266,-255,-232,-206,-180,-136,-123,-84,13,5,41,48,44,42,45,2,13,-4,-18,-18,-36,-62,-65,-38
11.77600,-309,-264,-295,-251,-270,-227,-197,-188,-146,-127,-77,5,1,24,63,45,43,45,1,2,-19,-18,-33,-34,-66,-60,-59
11.78667,-306,-280,-276,-264,-258,-231,-198,-188,-134,-121,-79,12,8,34,67,40,46,36,5,14,-3,-14,-27,-38,-72,-75,-56
11.79733,-282,-281,-273,-254,-259,-237,-198,-187,-133,-123,-78,-1,-6,27,56,37,60,45,5,26,-6,-18,-31,-34,-73,-86,-34
11.80800,-309,-262,-276,-246,-257,-242,-193,-190,-128,-115,-83,-3,-7,34,59,40,68,46,-3,30,-16,-8,-29,-32,-64,-87,-53
11.81867,-310,-283,-277,-260,-267,-237,-213,-175,-130,-114,-79,4,-11,33,57,45,60,41,-5,21,0,-10,-15,-38,-47,-79,-72
11.82933,-308,-292,-287,-251,-280,-236,-206,-178,-130,-116,-83,5,-13,24,64,47,61,52,7,2,16,-5,-13,-33,-54,-72,-74
11.84000,-302,-296,-258,-266,-276,-224,-204,-189,-127,-120,-84,1,-4,20,68,41,46,41,-9,8,25,-21,-24,-40,-81,-82,-55
11.85067,-292,-302,-271,-252,-273,-223,-200,-191,-138,-131,-86,4,-4,14,79,47,64,38,-7,10,0,-25,-25,-41,-80,-70,-39
11.86133,-290,-272,-266,-246,-262,-228,-198,-185,-144,-120,-92,2,-24,19,67,55,53,43,10,9,12,-31,-22,-32,-82,-69,-40
11.87200,-286,-268,-257,-242,-265,-234,-188,-183,-150,-125,-80,-2,-20,19,54,36,48,35,8,14,1,-23,-36,-41,-79,-81,-32
11.88267,-309,-274,-254,-236,-261,-230,-200,-166,-145,-110,-83,0,-23,27,58,46,49,44,-6,24,10,-24,-40,-29,-73,-80,-38
11.89333,-295,-266,-260,-255,-245,-224,-207,-186,-139,-123,-75,10,-9,26,62,40,46,39,-1,13,24,-19,-32,-26,-77,-86,-52
11.90400,-271,-270,-258,-243,-243,-213,-207,-184,-131,-130,-81,6,-7,25,61,57,48,46,-1,15,17,0,-33,-39,-81,-90,-33
11.91467,-250,-251,-275,-236,-233,-228,-196,-184,-132,-131,-79,-3,-16,18,53,40,51,32,6,12,1,-15,-24,-39,-67,-64,-47
11.92533,-244,-243,-264,-238,-253,-226,-203,-187,-133,-119,-73,-8,1,18,63,34,54,45,5,17,15,-30,-29,-31,-67,-64,-33
11.93600,-247,-265,-269,-241,-244,-217,-189,-177,-140,-122,-87,0,-9,26,58,33,47,28,1,2,0,-29,-40,-33,-62,-61,-54
11.94667,-260,-263,-273,-249,-244,-209,-197,-173,-136,-114,-87,-7,-8,22,42,34,41,46,-10,14,4,-12,-32,-14,-73,-70,-57
11.95733,-276,-273,-261,-251,-238,-225,-196,-191,-135,-126,-81,-13,-7,27,44,30,32,53,3,19,-3,3,-27,-34,-79,-78,-53
11.96800,-264,-282,-257,-247,-255,-232,-202,-202,-123,-123,-93,-10,2,14,62,29,30,37,-2,29,-5,-11,-24,-13,-80,-57,-46
11.97867,-303,-263,-261,-257,-260,-230,-212,-193,-144,-124,-74,-11,-1,20,62,39,43,32,-5,18,-9,-10,-22,-31,-72,-65,-49
11.98933,-290,-276,-259,-264,-259,-223,-198,-187,-133,-119,-75,-1,-7,22,66,45,41,45,-10,16,-14,-22,-27,-19,-71,-69,-53
12.00000,-287,-265,-248,-255,-242,-234,-197,-187,-131,-121,-81,-1,-18,23,62,47,33,37,-10,0,-9,-28,-37,-23,-69,-81,-57
12.01067,-275,-258,-246,-254,-250,-223,-198,-168,-129,-108,-81,5,-12,31,65,39,39,46,12,9,2,-20,-33,-21,-79,-77,-48
12.02133,-277,-238,-260,-252,-268,-226,-188,-170,-141,-106,-79,8,-6,33,62,36,40,44,3,19,8,-31,-21,-34,-76,-79,-40
12.03200,-294,-251,-255,-249,-268,-238,-185,-183,-144,-108,-79,10,-13,18,62,45,47,51,18,22,13,-18,-37,-20,-63,-71,-44
12.04267,-269,-256,-239,-236,-255,-223,-191,-183,-147,-115,-81,8,-12,16,68,42,62,55,8,33,14,-23,-22,-27,-73,-75,-64
12.05333,-260,-257,-245,-238,-249,-229,-180,-175,-143,-122,-80,11,-9,23,53,43,43,55,7,21,1,-20,-1,-16,-74,-71,-53
12.06400,-258,-238,-238,-254,-244,-234,-201,-178,-142,-113,-87,7,-7,25,55,32,50,40,-5,30,11,-12,1,-16,-64,-67,-42
12.07467,-247,-226,-239,-245,-245,-232,-196,-179,-135,-112,-93,8,-13,16,38,33,50,53,-9,20,14,-12,1,-14,-71,-69,-40
12.08533,-246,-246,-247,-233,-267,-237,-191,-170,-139,-108,-82,5,-16,27,61,41,47,42,-1,10,10,-8,-24,-21,-69,-61,-52
12.09600,-248,-263,-250,-242,-257,-228,-204,-168,-138,-122,-80,-1,-15,25,67,34,56,40,-4,5,3,-21,-32,-31,-63,-58,-47
12.10667,-258,-261,-250,-234,-251,-226,-198,-169,-137,-119,-84,5,-20,21,62,43,63,51,-5,-3,22,-12,-25,-27,-62,-51,-44
12.11733,-240,-241,-249,-249,-264,-224,-190,-166,-137,-115,-82,6,-7,30,53,40,50,33,-5,19,0,-21,-16,-19,-77,-54,-46
12.12800,-256,-259,-246,-237,-248,-216,-187,-172,-142,-118,-81,4,-12,37,48,37,42,38,-6,20,-2,-30,-19,-14,-66,-62,-36
12.13867,-259,-244,-238,-251,-251,-226,-189,-178,-142,-126,-78,10,-13,37,51,38,61,37,2,22,7,-20,-23,-15,-70,-63,-18
12.14933,-238,-234,-255,-257,-254,-241,-204,-177,-137,-130,-80,6,-11,31,47,41,40,43,-11,37,-6,-7,-29,-27,-76,-64,-18
12.16000,-235,-243,-248,-246,-245,-231,-195,-185,-139,-122,-85,0,-8,26,52,41,33,35,3,12,-6,-11,-32,-45,-63,-56,-37
12.17067,-240,-260,-237,-246,-246,-219,-189,-191,-129,-120,-82,1,-13,25,56,47,48,32,18,20,-13,-3,-9,-22,-87,-49,-50
12.18133,-249,-267,-250,-250,-255,-225,-205,-180,-137,-116,-85,-5,-14,26,50,40,50,34,-7,12,-7,3,-22,-32,-75,-54,-58
12.19200,-272,-258,-255,-263,-243,-230,-206,-187,-134,-126,-94,5,-5,15,50,47,44,39,1,9,3,-17,-24,-32,-69,-55,-57
12.20267,-255,-245,-254,-244,-246,-231,-204,-181,-146,-122,-88,7,-6,25,48,35,34,47,-12,1,1,-15,-27,-36,-67,-54,-49
12.21333,-244,-257,-255,-236,-256,-239,-201,-186,-139,-132,-82,-6,-13,10,50,32,39,42,-22,7,-7,-21,-16,-38,-56,-67,-47
12.22400,-278,-275,-259,-231,-259,-235,-196,-183,-144,-124,-89,-10,-24,-4,58,37,28,39,-15,6,-6,-14,-29,-30,-72,-86,-51
12.23467,-261,-253,-255,-247,-268,-232,-202,-193,-138,-131,-86,-7,-11,-1,63,43,46,27,-4,7,-16,-18,-36,-30,-76,-86,-45
12.24533,-259,-267,-258,-241,-251,-229,-203,-186,-140,-126,-87,0,-11,18,57,30,52,35,-20,15,-1,-27,-33,-41,-73,-66,-49
12.25600,-281,-279,-264,-258,-271,-231,-200,-189,-148,-116,-83,-7,-18,18,51,30,44,21,-10,10,-5,-25,-30,-37,-81,-53,-45
12.26667,-296,-304,-272,-255,-276,-238,-204,-181,-144,-118,-84,-12,-6,16,49,39,41,28,-12,15,-7,-21,-39,-23,-71,-65,-55
12.27733,-303,-295,-278,-262,-278,-247,-222,-178,-147,-134,-92,-7,7,20,57,41,39,37,-11,6,-14,-22,-29,-26,-70,-79,-54
12.28800,-318,-280,-282,-264,-276,-259,-218,-184,-133,-134,-85,-11,-3,25,40,37,43,27,-11,13,-17,-29,-38,-38,-71,-65,-59
12.29867,-314,-275,-274,-267,-283,-243,-208,-182,-141,-136,-88,-11,-20,19,51,46,31,25,-10,14,-17,-32,-39,-32,-75,-61,-50
12.30933,-294,-278,-266,-275,-268,-249,-204,-193,-148,-133,-91,-5,-20,9,60,26,44,26,-10,12,-8,-24,-26,-51,-81,-66,-49
12.32000,-307,-283,-262,-291,-282,-239,-196,-198,-162,-130,-87,-10,-15,19,58,35,38,14,10,19,-7,-19,-21,-27,-70,-70,-56
12.33067,-298,-284,-255,-291,-291,-240,-208,-176,-159,-125,-81,-21,-7,9,56,39,44,31,-8,7,-7,-27,-14,-30,-73,-77,-49
12.34133,-292,-274,-265,-274,-287,-241,-215,-201,-159,-126,-81,-15,-9,12,56,40,38,38,14,16,-3,-16,-38,-38,-82,-89,-62
12.35200,-280,-276,-271,-286,-285,-247,-221,-196,-155,-120,-79,-7,-15,16,47,39,30,31,-6,4,-16,-24,-40,-34,-76,-84,-61
12.36267,-267,-289,-274,-279,-279,-258,-219,-195,-152,-118,-87,-8,-18,11,47,33,28,23,-9,-6,-16,-17,-45,-37,-72,-76,-65
12.37333,-301,-276,-279,-278,-273,-244,-212,-196,-144,-134,-93,-26,-12,-3,57,22,35,22,-22,1,-4,-11,-44,-44,-76,-68,-71
12.38400,-298,-283,-277,-265,-270,-249,-215,-190,-149,-135,-101,-26,-15,22,42,30,34,33,-15,1,-15,-34,-20,-41,-80,-68,-62
12.39467,-274,-290,-284,-269,-274,-251,-202,-181,-159,-134,-99,-14,-28,1,45,36,35,18,-11,2,13,-22,-37,-42,-82,-66,-59
12.40533,-282,-294,-285,-266,-266,-263,-208,-189,-151,-134,-98,0,-23,1,39,34,21,34,-15,7,-5,-18,-48,-46,-93,-62,-56
12.41600,-310,-276,-279,-264,-269,-244,-200,-202,-149,-138,-99,-13,-17,3,44,13,42,39,-15,10,-5,-25,-26,-32,-83,-62,-69
12.42667,-312,-294,-301,-260,-276,-252,-206,-194,-152,-130,-89,-9,-20,1,41,31,31,28,-21,0,-9,-35,-34,-38,-97,-73,-61
12.43733,-304,-295,-282,-262,-285,-251,-213,-190,-152,-132,-98,-20,-21,2,53,26,38,33,-11,20,-2,-24,-45,-47,-83,-63,-85
12.44800,-290,-283,-279,-249,-273,-248,-223,-194,-153,-136,-100,-21,-17,19,48,25,46,27,-16,12,-17,-12,-43,-35,-90,-72,-71
12.45867,-283,-269,-276,-261,-282,-266,-213,-186,-155,-135,-96,-16,-24,5,46,25,35,19,-17,6,-4,-16,-38,-37,-82,-72,-64
12.46933,-288,-285,-278,-251,-264,-260,-206,-189,-150,-140,-90,-21,-32,3,55,28,39,20,-9,-4,-13,-25,-46,-40,-85,-74,-50
12.48000,-284,-287,-263,-270,-286,-242,-205,-165,-150,-146,-90,-10,-31,1,46,30,22,23,-2,-4,-10,-22,-42,-40,-85,-80,-59
12.49067,-280,-282,-267,-267,-276,-233,-201,-177,-154,-136,-95,-3,-28,18,50,36,30,32,-7,-11,0,-21,-30,-30,-92,-84,-60
12.50133,-293,-279,-277,-265,-273,-226,-203,-181,-163,-142,-97,-19,-24,11,55,44,24,25,-15,3,-11,-25,-29,-24,-80,-86,-51
12.51200,-279,-281,-278,-276,-271,-240,-197,-195,-159,-139,-96,-12,-29,9,54,34,47,25,-19,19,-29,-21,-39,-29,-87,-72,-60
12.52267,-300,-289,-272,-266,-275,-232,-205,-201,-162,-125,-88,-10,-20,8,47,37,48,25,-8,14,-27,-13,-41,-36,-87,-70,-68
12.53333,-294,-275,-269,-263,-280,-228,-204,-206,-172,-131,-89,-7,-13,12,60,50,54,23,-23,12,-18,-11,-41,-28,-79,-64,-58
12.54400,-301,-300,-298,-265,-291,-241,-211,-193,-172,-139,-98,-25,-17,8,59,30,47,23,-20,8,-3,-20,-48,-42,-91,-86,-44
12.55467,-313,-283,-306,-269,-282,-244,-198,-184,-165,-136,-106,-26,-14,21,50,28,35,36,-2,6,-21,-15,-45,-48,-96,-76,-55
12.56533,-308,-296,-293,-274,-274,-258,-212,-205,-162,-131,-83,-14,-17,23,43,24,52,35,-16,12,-13,-23,-27,-30,-83,-88,-59
12.57600,-323,-292,-283,-260,-278,-255,-212,-196,-171,-128,-83,-18,-18,13,52,28,38,15,-1,16,1,-32,-39,-33,-70,-68,-65
12.58667,-323,-293,-291,-262,-293,-257,-209,-209,-161,-137,-102,-17,-28,14,49,28,45,20,2,-4,-13,-31,-46,-36,-81,-79,-63
12.59733,-329,-285,-280,-272,-277,-247,-215,-193,-158,-134,-94,-19,-10,7,37,44,45,40,-3,-3,-12,-28,-27,-48,-73,-78,-60
12.60800,-313,-298,-273,-280,-290,-261,-228,-190,-151,-136,-90,-21,-16,9,50,31,40,27,2,-1,-18,-42,-44,-51,-80,-73,-58
12.61867,-313,-296,-296,-287,-289,-253,-221,-192,-153,-131,-91,-14,-21,8,57,30,47,22,-20,12,-13,-29,-50,-57,-84,-76,-55
12.62933,-298,-294,-287,-272,-287,-250,-213,-190,-139,-123,-94,-12,-23,16,50,25,39,29,-8,8,0,-40,-58,-47,-85,-78,-63
12.64000,-298,-288,-291,-272,-279,-248,-217,-194,-146,-121,-94,-3,-15,16,47,22,43,14,-14,-6,-6,-38,-60,-46,-70,-78,-66
12.65067,-296,-282,-302,-278,-280,-242,-206,-195,-158,-130,-78,-1,-6,19,53,36,36,30,-20,-1,-3,-22,-43,-45,-86,-65,-59
12.66133,-282,-291,-298,-287,-284,-253,-209,-193,-172,-131,-81,-9,-3,13,54,32,45,25,-8,15,-27,-17,-50,-44,-81,-72,-58
12.67200,-286,-286,-313,-282,-291,-251,-210,-202,-154,-124,-78,-7,-16,16,54,37,46,36,-8,25,-20,-31,-44,-44,-98,-62,-58
12.68267,-308,-297,-309,-270,-287,-263,-219,-195,-162,-132,-83,-6,-19,23,57,25,39,33,11,26,-13,-25,-34,-28,-82,-73,-65
12.69333,-331,-295,-291,-274,-292,-244,-212,-187,-161,-135,-80,-6,-25,21,62,27,24,40,-5,5,-5,-28,-32,-28,-85,-65,-50
12.70400,-329,-280,-290,-273,-280,-235,-218,-195,-164,-141,-89,-11,-15,16,39,38,35,25,-10,-8,-14,-27,-41,-35,-81,-72,-48
12.71467,-305,-285,-287,-274,-270,-239,-218,-195,-162,-136,-99,-9,-24,2,49,32,30,24,-7,-8,-29,-43,-22,-30,-89,-73,-60
12.72533,-307,-294,-282,-271,-290,-243,-209,-198,-149,-130,-100,-15,-24,7,44,33,22,24,-12,-1,-15,-32,-36,-40,-77,-83,-51
12.73600,-311,-286,-274,-267,-281,-236,-199,-208,-168,-139,-89,-7,-21,20,49,30,32,33,-19,6,-21,-40,-43,-27,-88,-87,-70
12.74667,-305,-273,-295,-255,-261,-238,-198,-201,-160,-143,-95,-9,-24,18,45,37,35,27,-38,3,-15,-35,-30,-23,-87,-91,-56
12.75733,-304,-258,-288,-261,-273,-242,-200,-196,-159,-130,-97,-9,-19,13,42,35,39,31,-13,15,-13,-31,-21,-24,-86,-92,-62
12.76800,-294,-276,-295,-267,-278,-260,-200,-193,-165,-123,-86,-13,-12,13,34,27,36,21,-21,6,-9,-30,-50,-20,-92,-79,-68
12.77867,-308,-283,-291,-263,-265,-264,-209,-196,-159,-118,-93,-16,-18,13,52,23,42,19,-22,-6,-18,-17,-43,-27,-98,-85,-69
12.78933,-304,-276,-282,-267,-266,-264,-217,-190,-149,-125,-87,-4,-33,8,47,29,36,24,-6,20,-14,-18,-27,-24,-89,-78,-59
12.80000,-305,-273,-282,-268,-278,-259,-213,-194,-157,-132,-95,-10,-27,11,45,27,40,21,0,16,-11,-10,-39,-41,-88,-88,-48
12.81067,-280,-258,-287,-269,-290,-255,-212,-189,-168,-135,-96,-6,-22,5,42,27,34,18,-22,6,-10,-16,-30,-38,-86,-89,-65
12.82133,-289,-257,-270,-271,-292,-245,-224,-189,-163,-131,-82,-7,-21,7,38,41,40,19,-13,10,3,-7,-35,-38,-90,-77,-63
12.83200,-323,-281,-284,-271,-284,-238,-230,-195,-162,-135,-89,-13,-15,0,49,26,31,37,-1,17,-16,-20,-21,-34,-68,-80,-70
12.84267,-284,-294,-280,-274,-277,-258,-211,-202,-164,-132,-98,-3,-7,21,57,39,31,42,-3,10,-21,-16,-34,-44,-71,-79,-57
12.85333,-287,-291,-277,-264,-293,-243,-210,-194,-155,-124,-92,4,-2,18,62,25,35,52,-1,0,-13,-31,-36,-37,-82,-71,-66
12.86400,-279,-304,-266,-277,-279,-247,-219,-200,-157,-129,-103,3,-5,19,59,39,33,45,-10,3,-9,-35,-21,-36,-84,-80,-64
12.87467,-281,-291,-277,-278,-285,-248,-231,-199,-168,-138,-103,1,-22,15,60,22,40,44,-2,15,-7,-39,-34,-34,-85,-88,-59
12.88533,-283,-307,-299,-276,-283,-248,-235,-198,-159,-137,-98,-8,-23,8,51,32,39,34,-12,16,-4,-33,-39,-29,-83,-73,-63
12.89600,-298,-289,-311,-272,-286,-255,-241,-195,-156,-132,-100,-7,-8,1,60,36,46,37,-10,3,6,-44,-25,-41,-86,-75,-63
12.90667,-285,-282,-316,-271,-284,-246,-234,-204,-159,-129,-89,-2,-13,3,43,39,38,36,-20,-8,-6,-35,-31,-50,-82,-84,-60
12.91733,-289,-267,-298,-267,-296,-250,-232,-199,-170,-123,-87,6,-3,9,48,26,50,46,-12,8,-12,-22,-31,-44,-95,-87,-52
12.92800,-295,-292,-287,-276,-282,-257,-224,-197,-161,-126,-84,-3,5,20,65,36,51,38,-28,4,2,-28,-41,-45,-78,-91,-51
12.93867,-287,-281,-297,-295,-291,-270,-229,-187,-156,-137,-90,-6,-13,24,63,41,50,45,-29,16,-16,-41,-44,-48,-95,-74,-53
12.94933,-299,-300,-324,-292,-285,-248,-222,-195,-151,-139,-90,-3,-19,12,69,35,47,45,-20,28,-9,-31,-55,-31,-87,-58,-46
12.96000,-296,-284,-299,-284,-295,-239,-234,-199,-150,-147,-84,-6,-15,11,63,29,32,47,-11,11,9,-42,-41,-32,-93,-76,-63
12.97067,-304,-317,-299,-278,-301,-241,-234,-198,-151,-142,-92,-11,-12,17,64,25,50,46,0,22,-10,-33,-46,-42,-94,-91,-67
12.98133,-297,-301,-285,-290,-282,-241,-230,-211,-161,-138,-78,-17,-8,7,51,29,37,47,11,18,-12,-39,-37,-23,-81,-84,-71
12.99200,-311,-290,-281,-275,-278,-243,-222,-217,-157,-154,-78,-17,0,18,62,28,41,36,0,7,-8,-38,-45,-39,-75,-85,-60
13.00267,-293,-310,-285,-292,-284,-245,-222,-201,-162,-147,-91,-18,-9,8,57,33,29,42,-6,21,-8,-23,-42,-45,-87,-89,-65
13.01333,-320,-319,-287,-286,-289,-234,-230,-197,-171,-138,-97,-17,-21,7,50,34,39,39,-14,12,-6,-19,-37,-51,-78,-90,-66
13.02400,-312,-326,-288,-270,-284,-246,-217,-195,-158,-146,-107,-15,-25,4,45,35,37,29,-1,13,-12,-30,-28,-61,-77,-97,-66
13.03467,-303,-303,-281,-276,-276,-253,-209,-196,-151,-133,-98,-5,-6,13,52,28,22,26,-8,14,-24,-30,-26,-46,-80,-80,-58
13.04533,-304,-307,-293,-272,-279,-243,-210,-197,-158,-140,-92,-9,-6,9,42,34,26,33,-24,15,-21,-33,-42,-54,-75,-79,-73
13.05600,-320,-310,-303,-280,-288,-257,-219,-207,-158,-135,-88,-12,-10,7,52,23,19,29,-22,17,-30,-42,-40,-47,-90,-77,-63
13.06667,-301,-311,-322,-291,-276,-272,-226,-217,-148,-142,-99,-19,-12,2,62,25,32,45,-13,15,-30,-43,-33,-55,-89,-81,-71
13.07733,-319,-287,-300,-277,-290,-262,-235,-200,-160,-135,-99,-21,-27,11,55,17,36,39,-15,27,-7,-29,-40,-31,-81,-85,-72
13.08800,-322,-287,-301,-285,-289,-273,-235,-201,-159,-123,-97,-12,-20,15,52,24,28,45,-14,19,-13,-35,-41,-45,-92,-82,-80
13.09867,-323,-283,-296,-291,-294,-272,-237,-211,-146,-136,-104,-13,-8,16,51,18,29,35,-8,10,-5,-31,-25,-51,-86,-91,-77
13.10933,-321,-280,-284,-294,-290,-263,-231,-200,-160,-122,-90,-15,-17,28,56,39,44,27,-13,4,-19,-25,-36,-56,-94,-84,-56
13.12000,-335,-300,-289,-298,-279,-273,-240,-196,-170,-134,-102,-21,-13,23,57,42,44,17,-12,2,-36,-21,-42,-54,-96,-84,-62
13.13067,-326,-293,-316,-282,-293,-264,-227,-209,-164,-132,-97,-21,-21,8,51,41,31,25,-25,-3,-10,-22,-50,-53,-99,-82,-54
13.14133,-344,-305,-305,-308,-299,-261,-230,-211,-160,-137,-105,-18,-32,11,61,40,29,38,-5,8,-17,-20,-35,-42,-97,-74,-56
13.15200,-328,-301,-303,-313,-304,-273,-247,-205,-166,-139,-99,-6,-19,14,51,24,35,37,1,7,-4,-30,-42,-48,-77,-81,-64
13.16267,-320,-300,-320,-309,-302,-281,-237,-207,-175,-139,-100,-12,-19,5,55,44,40,38,-7,24,-17,-32,-40,-58,-92,-85,-55
13.17333,-345,-294,-310,-311,-302,-281,-235,-212,-178,-136,-84,-15,-17,2,47,40,42,35,-23,14,0,-29,-32,-59,-99,-83,-74
13.18400,-319,-308,-319,-307,-296,-276,-249,-195,-169,-134,-94,-12,-9,-2,54,36,28,30,-14,16,-22,-43,-30,-50,-85,-87,-68
13.19467,-315,-308,-317,-302,-304,-269,-244,-200,-160,-150,-86,-7,-17,15,54,18,39,31,-18,9,-22,-38,-32,-57,-86,-91,-71
13.20533,-322,-319,-292,-303,-299,-275,-229,-211,-160,-142,-104,-5,-19,-2,53,39,22,36,-21,13,-9,-31,-39,-62,-67,-96,-66
13.21600,-305,-306,-305,-287,-297,-280,-245,-207,-157,-147,-104,-19,-7,2,55,44,31,27,-30,1,1,-22,-45,-62,-76,-87,-61
13.22667,-322,-319,-309,-292,-296,-282,-247,-212,-168,-141,-95,-30,-15,5,63,38,33,29,-31,7,4,-40,-53,-53,-86,-75,-55
13.23733,-312,-307,-308,-297,-298,-277,-238,-219,-171,-137,-97,-27,-21,13,43,50,31,24,-17,1,-20,-32,-58,-52,-84,-103,-56
13.24800,-330,-316,-308,-295,-298,-262,-237,-210,-167,-137,-99,-22,-19,5,53,46,39,27,-27,16,-18,-21,-48,-40,-87,-107,-58
13.25867,-326,-303,-291,-294,-291,-262,-231,-211,-156,-134,-92,-10,-21,19,48,42,37,18,-16,1,-12,-39,-43,-42,-95,-93,-70
13.26933,-327,-322,-297,-286,-301,-250,-232,-202,-156,-136,-96,-10,-26,12,48,40,35,22,-10,-1,-19,-46,-36,-45,-100,-77,-77
13.28000,-338,-334,-298,-285,-289,-252,-227,-212,-160,-144,-99,-15,-18,12,39,28,46,6,-11,17,-2,-35,-30,-43,-91,-83,-75
13.29067,-318,-288,-298,-289,-282,-256,-232,-199,-156,-140,-98,-5,-30,16,38,18,32,24,-22,6,-5,-31,-40,-39,-95,-78,-68
13.30133,-326,-316,-301,-281,-281,-255,-227,-209,-156,-148,-90,-12,-35,6,43,14,33,44,-23,0,-1,-40,-28,-47,-92,-80,-64
13.31200,-320,-314,-300,-278,-285,-272,-219,-203,-163,-141,-89,-19,-30,10,50,21,32,44,-15,-2,-13,-33,-43,-55,-86,-77,-69
13.32267,-327,-305,-297,-282,-300,-261,-226,-202,-160,-142,-95,-11,-28,1,53,34,25,44,-6,11,-16,-37,-27,-66,-75,-70,-63
13.33333,-323,-301,-296,-284,-299,-261,-225,-206,-171,-138,-103,-15,-22,5,66,42,24,36,-20,16,-12,-27,-27,-33,-75,-79,-67
13.34400,-320,-308,-300,-278,-287,-252,-225,-218,-169,-147,-103,-3,-31,7,59,40,38,40,-25,-6,-14,-26,-50,-48,-87,-77,-67
13.35467,-323,-320,-306,-267,-302,-254,-231,-206,-159,-144,-104,-7,-29,18,44,31,26,40,-8,5,-19,-44,-58,-67,-96,-78,-76
13.36533,-312,-314,-303,-289,-291,-263,-229,-198,-172,-134,-99,-10,-21,15,49,32,24,48,-15,13,-20,-39,-43,-76,-93,-85,-61
13.37600,-302,-313,-287,-291,-302,-260,-225,-205,-176,-141,-97,-11,-20,12,56,25,38,26,-8,20,-10,-38,-25,-55,-93,-87,-67
13.38667,-311,-308,-306,-271,-293,-254,-219,-200,-161,-137,-80,-14,-26,17,59,29,37,45,-4,6,-25,-23,-17,-52,-92,-90,-65
13.39733,-303,-310,-304,-278,-293,-265,-214,-200,-164,-140,-91,-10,-25,5,58,26,17,45,-2,-1,-15,-34,-27,-67,-89,-80,-71
13.40800,-331,-296,-320,-298,-295,-267,-222,-213,-166,-146,-96,-12,-26,-5,45,27,28,47,-8,4,-26,-27,-34,-54,-99,-95,-78
13.41867,-299,-295,-297,-303,-295,-246,-225,-204,-161,-132,-100,-12,-32,-5,51,25,25,25,-22,-5,-27,-46,-38,-35,-92,-97,-74
13.42933,-311,-312,-292,-305,-299,-254,-216,-199,-170,-135,-94,-7,-31,-5,53,18,37,36,-11,-10,-19,-35,-43,-42,-88,-100,-65
13.44000,-322,-310,-301,-294,-312,-252,-224,-203,-165,-144,-90,0,-35,-11,53,23,48,41,-7,12,-25,-22,-38,-41,-99,-91,-47
13.45067,-310,-276,-299,-293,-302,-269,-233,-213,-168,-146,-102,-10,-30,13,57,27,37,40,-14,-2,-21,-27,-48,-41,-99,-74,-57
13.46133,-317,-306,-314,-278,-309,-278,-232,-222,-163,-145,-103,-3,-34,16,61,20,44,54,-16,21,-12,-26,-44,-34,-66,-72,-68
13.47200,-287,-300,-293,-292,-300,-272,-227,-221,-179,-147,-95,-12,-28,13,50,25,46,41,-13,17,-14,-24,-61,-49,-85,-86,-65
13.48267,-291,-313,-300,-285,-298,-270,-222,-203,-171,-139,-92,-15,-24,10,40,24,33,60,-24,31,0,-42,-49,-56,-76,-90,-63
13.49333,-315,-313,-303,-283,-294,-275,-222,-208,-165,-139,-97,-11,-25,12,56,18,37,38,-13,17,-20,-24,-30,-73,-80,-77,-74
13.50400,-326,-287,-284,-284,-313,-249,-230,-205,-172,-137,-96,-4,-21,3,48,17,41,36,-18,3,-20,-35,-14,-61,-74,-75,-74
13.51467,-330,-299,-287,-286,-281,-260,-242,-214,-160,-131,-85,-12,-26,22,48,27,30,33,-17,6,-6,-41,-31,-63,-81,-89,-59
13.52533,-321,-306,-288,-277,-283,-263,-244,-200,-162,-133,-89,-5,-27,18,60,42,31,46,-16,-15,-21,-46,-28,-53,-80,-90,-59
13.53600,-321,-299,-300,-260,-296,-270,-233,-201,-154,-140,-104,-5,-34,23,52,48,40,41,-6,3,-7,-36,-26,-53,-89,-94,-47
13.54667,-314,-280,-298,-271,-300,-263,-222,-211,-154,-144,-83,-4,-25,22,45,26,33,40,-20,17,-4,-22,-30,-48,-86,-80,-70
13.55733,-330,-301,-296,-277,-286,-258,-218,-193,-166,-149,-90,-5,-25,5,61,28,22,43,-18,14,-17,-37,-33,-51,-78,-82,-73
13.56800,-332,-275,-294,-271,-275,-258,-222,-188,-164,-147,-88,-7,-18,4,49,38,33,20,-12,13,-11,-18,-48,-47,-85,-80,-71
13.57867,-318,-278,-291,-268,-289,-250,-222,-186,-163,-145,-91,-12,-19,8,52,26,40,24,2,14,-4,-34,-43,-62,-79,-91,-57
13.58933,-304,-278,-293,-263,-278,-257,-205,-191,-148,-133,-102,-4,-18,9,47,22,48,37,-2,-1,-3,-35,-51,-42,-92,-84,-61
13.60000,-310,-266,-285,-267,-286,-244,-206,-177,-148,-128,-93,-22,-16,20,51,48,57,30,-15,-2,-12,-23,-20,-38,-90,-80,-71
13.61067,-304,-276,-276,-262,-282,-241,-210,-184,-142,-129,-89,-17,-17,18,63,40,47,33,-6,12,-6,-17,-32,-50,-93,-78,-51
13.62133,-296,-294,-276,-273,-284,-247,-212,-190,-148,-128,-82,-23,-17,19,70,43,42,42,2,-7,-8,-13,-41,-59,-92,-85,-62
13.63200,-299,-278,-286,-274,-267,-246,-215,-183,-154,-128,-93,-9,-9,24,55,35,49,47,-6,-3,-9,-36,-58,-46,-94,-92,-60
13.64267,-296,-277,-283,-259,-269,-244,-212,-179,-144,-133,-90,-2,-22,17,67,33,53,15,-9,3,-4,-39,-56,-53,-94,-85,-61
13.65333,-280,-264,-251,-266,-265,-244,-224,-172,-142,-128,-90,-10,-29,24,46,39,37,32,-19,15,3,-25,-34,-52,-81,-84,-63
13.66400,-285,-278,-271,-259,-274,-233,-209,-189,-154,-129,-70,-12,-15,28,49,32,36,35,-18,19,1,-23,-32,-37,-84,-79,-59
13.67467,-292,-266,-253,-252,-265,-239,-210,-184,-138,-130,-72,-16,-11,29,43,27,25,35,2,18,-20,-41,-51,-33,-83,-81,-71
13.68533,-292,-269,-272,-251,-265,-247,-210,-186,-137,-131,-75,6,-8,24,56,34,36,49,11,12,-10,-25,-37,-53,-74,-78,-52
13.69600,-290,-264,-266,-252,-254,-249,-205,-183,-134,-128,-73,0,-16,25,61,40,27,40,-6,12,4,-35,-33,-49,-86,-89,-51
13.70667,-299,-273,-271,-237,-260,-233,-215,-185,-146,-127,-71,-1,-19,17,49,32,41,38,0,13,-1,-38,-53,-44,-78,-76,-56
13.71733,-275,-257,-269,-257,-259,-232,-208,-180,-142,-123,-71,-1,-25,2,63,52,50,43,9,8,9,-34,-44,-44,-71,-74,-63
13.72800,-269,-263,-255,-246,-264,-235,-201,-191,-146,-134,-76,-6,-15,7,37,43,55,35,-15,15,-9,-35,-29,-22,-73,-78,-52
13.73867,-278,-275,-254,-241,-262,-220,-211,-185,-145,-123,-82,-13,-21,-1,41,31,46,35,-19,5,-16,-35,-28,-39,-78,-89,-72
13.74933,-261,-261,-250,-243,-257,-225,-197,-181,-161,-127,-97,-18,-21,-8,43,26,33,32,-9,6,-37,-20,-21,-27,-72,-78,-60
13.76000,-271,-282,-262,-241,-258,-228,-203,-178,-154,-133,-88,-7,-24,3,41,26,38,22,-3,-2,-12,-42,-26,-28,-72,-68,-67
13.77067,-270,-274,-277,-258,-255,-233,-212,-193,-152,-125,-93,-20,-26,21,42,16,33,31,-1,3,-27,-22,-38,-15,-92,-79,-53
13.78133,-297,-265,-275,-264,-273,-239,-194,-199,-143,-123,-92,1,-20,11,42,27,29,26,7,4,-33,-43,-28,-39,-80,-80,-54
13.79200,-299,-270,-258,-256,-259,-239,-198,-182,-155,-123,-94,-4,-23,9,46,31,30,30,-7,4,-32,-39,-28,-48,-79,-87,-47
13.80267,-290,-253,-253,-268,-276,-254,-207,-186,-160,-115,-92,-5,-28,7,48,14,26,31,-21,19,-41,-23,-43,-47,-81,-90,-61
13.81333,-276,-256,-261,-270,-272,-255,-212,-193,-165,-123,-91,-8,-28,5,49,14,29,32,-30,2,-15,-18,-36,-47,-82,-88,-49
13.82400,-273,-245,-271,-261,-255,-235,-211,-196,-164,-127,-84,-18,-21,3,47,19,27,35,-21,16,-17,-35,-46,-43,-78,-61,-54
13.83467,-282,-264,-272,-243,-271,-247,-201,-188,-156,-133,-89,-30,-14,-8,57,29,23,36,-17,11,-14,-33,-45,-41,-88,-72,-57
13.84533,-283,-261,-284,-247,-273,-234,-211,-191,-151,-129,-87,-32,-19,-5,52,17,39,35,-17,15,-20,-32,-37,-47,-76,-79,-52
13.85600,-278,-269,-307,-244,-260,-236,-215,-203,-152,-117,-95,-29,-27,-4,47,25,30,32,-24,1,-12,-27,-34,-46,-56,-73,-47
13.86667,-289,-292,-272,-270,-256,-248,-210,-201,-150,-130,-92,-29,-18,10,45,22,18,32,-24,7,-13,-34,-31,-53,-62,-81,-55
13.87733,-298,-286,-278,-253,-255,-247,-215,-202,-147,-136,-97,-18,-28,-2,28,11,28,28,-12,-10,-14,-30,-50,-40,-71,-71,-77
13.88800,-280,-272,-291,-252,-252,-241,-211,-201,-157,-135,-105,-22,-20,7,36,16,16,18,-20,-6,-16,-43,-55,-61,-74,-82,-78
13.89867,-292,-296,-296,-261,-270,-241,-203,-193,-150,-141,-101,-26,-31,-12,35,5,29,29,-25,16,-20,-32,-58,-69,-86,-83,-63
13.90933,-291,-272,-301,-266,-287,-239,-210,-208,-149,-149,-114,-26,-30,-7,43,18,33,25,-9,17,-19,-34,-73,-46,-95,-82,-68
13.92000,-273,-264,-273,-264,-299,-233,-209,-199,-157,-146,-118,-21,-41,5,20,11,15,23,-4,4,-17,-44,-49,-43,-95,-93,-59
13.93067,-288,-278,-293,-261,-280,-241,-214,-201,-167,-148,-120,-28,-48,-16,23,25,21,24,-16,11,-11,-30,-41,-54,-89,-76,-67
13.94133,-301,-289,-283,-264,-272,-232,-207,-198,-181,-149,-105,-20,-45,-4,22,25,21,10,-19,13,-22,-30,-29,-57,-79,-66,-63
13.95200,-294,-256,-310,-286,-266,-248,-224,-202,-182,-145,-108,-11,-43,-11,36,21,19,15,-17,-7,-19,-34,-40,-37,-90,-82,-68
13.96267,-293,-275,-293,-279,-282,-253,-233,-205,-173,-137,-93,-30,-33,3,42,21,23,22,-23,-1,-38,-35,-46,-47,-90,-90,-65
13.97333,-292,-281,-283,-286,-278,-255,-239,-201,-174,-148,-113,-26,-36,-10,39,28,14,21,-19,-14,-18,-34,-26,-38,-75,-78,-57
13.98400,-305,-280,-317,-278,-283,-250,-227,-202,-170,-149,-111,-30,-31,-9,45,13,29,20,-17,2,1,-41,-25,-41,-79,-82,-55
13.99467,-316,-288,-303,-263,-272,-268,-214,-211,-170,-133,-110,-19,-26,0,43,25,44,10,-8,1,-16,-26,-43,-44,-77,-73,-73
14.00533,-300,-291,-296,-280,-287,-259,-214,-210,-168,-151,-117,-26,-34,0,27,20,15,19,-8,8,-21,-23,-57,-58,-78,-71,-65
14.01600,-299,-302,-301,-270,-294,-254,-224,-205,-171,-147,-119,-31,-30,-1,32,36,31,18,-4,0,-31,-35,-50,-42,-77,-94,-62
14.02667,-287,-306,-310,-283,-306,-255,-226,-209,-165,-161,-113,-26,-29,-17,43,27,33,15,-13,1,-7,-32,-47,-48,-87,-82,-70
14.03733,-289,-306,-303,-296,-297,-250,-237,-203,-156,-159,-107,-24,-31,-9,27,29,35,10,-19,5,-17,-40,-67,-38,-88,-85,-63
14.04800,-291,-302,-301,-285,-288,-261,-238,-207,-159,-146,-96,-23,-27,-8,38,22,26,33,-25,2,-25,-37,-60,-41,-110,-90,-86
14.05867,-303,-293,-277,-278,-271,-261,-235,-207,-166,-154,-93,-26,-39,-8,42,20,34,30,-28,5,-9,-43,-48,-50,-88,-85,-79
14.06933,-320,-293,-291,-273,-276,-266,-231,-205,-167,-160,-105,-24,-25,2,39,27,35,43,-11,7,-21,-53,-49,-43,-96,-89,-86
14.08000,-306,-275,-309,-275,-292,-263,-227,-199,-171,-151,-106,-29,-24,-8,35,20,30,42,-22,8,-6,-49,-42,-35,-90,-91,-86
14.09067,-305,-286,-301,-277,-300,-268,-231,-210,-175,-152,-121,-29,-33,-2,40,11,23,36,-11,-9,-26,-45,-41,-57,-85,-96,-85
14.10133,-308,-304,-297,-291,-292,-263,-232,-218,-173,-140,-110,-41,-35,17,35,17,30,9,-21,-25,-19,-40,-45,-42,-99,-110,-78
14.11200,-324,-335,-308,-279,-294,-279,-232,-215,-166,-144,-112,-32,-35,2,53,18,29,17,-25,-11,-23,-50,-50,-42,-107,-95,-76
14.12267,-335,-313,-328,-289,-292,-275,-242,-224,-162,-148,-108,-34,-22,4,54,17,40,26,-19,-8,-19,-60,-50,-36,-93,-92,-78
14.13333,-319,-297,-326,-306,-297,-274,-241,-210,-166,-160,-105,-29,-30,15,35,27,36,24,-27,-5,-22,-44,-52,-53,-80,-85,-74
14.14400,-322,-310,-313,-309,-294,-273,-239,-211,-168,-154,-112,-21,-44,11,46,32,20,26,-15,12,-20,-28,-59,-61,-80,-96,-76
14.15467,-321,-318,-319,-306,-318,-284,-243,-212,-167,-148,-112,-29,-36,5,42,19,19,32,-29,-2,-1,-36,-49,-53,-79,-93,-74
14.16533,-346,-323,-322,-294,-308,-304,-240,-209,-170,-156,-97,-28,-30,6,43,26,36,29,-38,4,-14,-35,-51,-61,-92,-109,-78
14.17600,-329,-341,-310,-302,-319,-290,-234,-214,-170,-146,-97,-29,-21,9,41,23,44,19,-27,12,-14,-38,-51,-58,-86,-95,-85
14.18667,-340,-330,-340,-317,-320,-305,-251,-230,-168,-150,-89,-31,-24,-4,44,35,50,35,-16,-2,-15,-45,-53,-67,-87,-90,-70
14.19733,-368,-322,-313,-304,-320,-304,-253,-228,-184,-156,-94,-28,-18,6,46,32,49,41,-15,-12,-7,-37,-50,-57,-89,-99,-85
14.20800,-377,-352,-320,-312,-323,-294,-245,-213,-183,-154,-105,-20,-29,16,53,43,24,35,-13,0,-8,-42,-55,-51,-91,-104,-85
14.21867,-346,-336,-315,-316,-318,-284,-244,-224,-175,-151,-102,-20,-21,10,47,24,36,43,-20,-6,-14,-49,-38,-57,-102,-102,-57
14.22933,-330,-316,-334,-312,-321,-294,-256,-219,-171,-150,-108,-16,-31,13,60,31,31,36,-14,5,-14,-48,-46,-66,-104,-98,-85
14.24000,-332,-328,-332,-322,-320,-300,-243,-219,-185,-160,-117,-20,-23,16,46,37,39,23,-22,11,-21,-44,-50,-76,-100,-101,-78
14.25067,-353,-322,-325,-310,-314,-294,-252,-229,-186,-153,-106,-24,-27,18,47,33,45,32,-12,16,-21,-32,-45,-62,-103,-98,-90
14.26133,-331,-321,-329,-315,-310,-287,-244,-224,-186,-144,-114,-15,-13,5,55,43,33,35,-23,8,-37,-31,-50,-50,-95,-91,-75
14.27200,-332,-342,-319,-324,-329,-278,-246,-221,-186,-151,-108,-20,-20,10,41,30,21,41,-16,7,-22,-48,-49,-65,-92,-87,-81
14.28267,-336,-344,-321,-323,-347,-276,-234,-203,-188,-153,-99,-21,-30,6,47,26,25,29,-15,7,-23,-27,-36,-62,-88,-90,-87
14.29333,-339,-336,-329,-326,-316,-285,-242,-206,-193,-148,-111,-31,-25,3,46,33,47,22,-35,5,-11,-27,-50,-46,-100,-83,-85
14.30400,-352,-320,-325,-312,-317,-287,-250,-214,-184,-146,-103,-21,-26,5,46,33,40,28,-31,0,-17,-19,-52,-54,-95,-86,-73
14.31467,-347,-334,-331,-321,-293,-269,-253,-222,-173,-147,-111,-19,-22,21,50,26,39,22,-17,13,-26,-21,-38,-48,-82,-94,-73
14.32533,-329,-344,-328,-323,-306,-283,-253,-225,-179,-158,-110,-26,-23,4,40,47,20,37,-26,-6,-18,-50,-38,-45,-90,-81,-91
14.33600,-337,-346,-346,-315,-326,-282,-263,-220,-170,-150,-107,-13,-15,-2,50,32,16,33,-24,0,-14,-41,-52,-47,-101,-88,-78
14.34667,-357,-335,-361,-325,-329,-287,-263,-231,-178,-161,-107,-14,-22,2,43,35,39,35,-13,-13,-10,-38,-68,-45,-98,-100,-81
14.35733,-353,-313,-350,-318,-327,-299,-266,-238,-170,-155,-106,-22,-24,-3,44,32,42,24,-8,-5,-21,-29,-60,-60,-96,-97,-63
14.36800,-351,-329,-331,-297,-326,-281,-259,-224,-172,-156,-113,-27,-31,11,39,27,24,17,-25,-14,-18,-38,-53,-65,-110,-103,-71
14.37867,-366,-326,-341,-304,-316,-274,-265,-224,-180,-161,-102,-23,-28,4,39,11,34,27,-33,1,-7,-49,-57,-67,-95,-101,-66
14.38933,-381,-320,-333,-318,-311,-302,-262,-230,-181,-159,-121,-33,-28,-4,38,6,35,13,-17,-8,-25,-44,-65,-58,-121,-90,-76
14.40000,-356,-339,-336,-345,-321,-293,-264,-240,-182,-157,-95,-18,-34,4,45,28,46,10,-14,-22,-34,-50,-60,-64,-112,-108,-93
14.41067,-362,-360,-334,-330,-330,-298,-269,-244,-181,-161,-100,-23,-36,5,49,41,38,18,-12,-4,-23,-40,-42,-61,-116,-102,-81
14.42133,-361,-345,-328,-326,-328,-290,-257,-229,-190,-155,-110,-15,-33,4,50,21,41,10,-18,-5,-6,-37,-41,-59,-127,-120,-73
14.43200,-370,-327,-336,-315,-327,-305,-250,-226,-186,-165,-101,-14,-39,4,44,28,42,13,-31,-2,-18,-40,-47,-42,-118,-106,-92
14.44267,-370,-320,-353,-327,-314,-300,-252,-225,-180,-157,-110,-19,-10,13,48,22,27,29,-22,6,-24,-35,-56,-59,-107,-91,-81
14.45333,-393,-325,-343,-323,-315,-315,-267,-222,-181,-165,-112,-7,-27,12,55,26,55,22,-11,7,-21,-36,-54,-55,-104,-101,-77
14.46400,-364,-345,-347,-325,-313,-315,-249,-223,-183,-166,-104,-12,-15,12,61,33,47,21,-14,-4,-6,-52,-59,-55,-113,-102,-82
14.47467,-361,-343,-338,-323,-328,-306,-248,-234,-177,-153,-109,-14,-18,21,59,37,45,34,-8,-9,-29,-47,-51,-48,-118,-94,-83
14.48533,-372,-356,-331,-328,-338,-307,-266,-239,-176,-151,-100,-4,-15,19,52,38,21,32,-18,13,-30,-42,-52,-50,-90,-98,-81
14.49600,-363,-364,-342,-350,-326,-301,-257,-228,-175,-150,-98,-16,-14,21,49,24,27,39,2,5,-24,-36,-29,-55,-108,-96,-85
14.50667,-363,-339,-338,-331,-315,-287,-258,-229,-186,-138,-100,-18,-18,19,49,36,50,46,-23,3,-12,-21,-33,-42,-114,-92,-75
14.51733,-376,-347,-337,-322,-322,-293,-251,-226,-176,-145,-96,-8,-9,22,54,40,49,36,-17,11,-22,-34,-30,-44,-108,-86,-79
14.52800,-380,-344,-360,-321,-332,-281,-260,-228,-176,-133,-92,-3,3,12,59,40,46,42,-20,25,-8,-25,-29,-51,-114,-80,-68
14.53867,-364,-351,-355,-324,-314,-278,-258,-236,-176,-149,-96,-5,-18,15,56,42,53,40,-14,15,-21,-35,-47,-49,-103,-95,-75
14.54933,-384,-349,-333,-315,-338,-287,-267,-240,-175,-145,-98,-13,-11,18,61,36,42,36,-6,16,-24,-36,-53,-67,-98,-99,-83
14.56000,-363,-342,-326,-316,-337,-292,-270,-226,-178,-141,-96,-9,-10,21,62,35,46,37,-4,23,-23,-40,-52,-67,-82,-96,-93
14.57067,-347,-359,-340,-333,-342,-300,-264,-222,-175,-149,-98,-23,-11,23,66,39,44,37,-3,32,-25,-24,-62,-64,-93,-89,-85
14.58133,-342,-351,-323,-334,-330,-295,-246,-221,-181,-150,-92,-13,-13,14,59,42,52,45,21,24,-8,-22,-40,-53,-98,-96,-73
14.59200,-359,-326,-322,-322,-332,-307,-246,-225,-180,-158,-97,-6,-15,28,72,31,54,43,-3,11,-7,-20,-37,-49,-101,-77,-66
14.60267,-352,-324,-335,-333,-319,-294,-254,-227,-180,-149,-98,-10,-17,12,73,34,57,48,-17,3,-15,-23,-38,-43,-103,-97,-82
14.61333,-356,-328,-331,-338,-325,-285,-238,-233,-186,-154,-98,4,-21,17,52,39,51,22,-25,8,-12,-31,-38,-61,-89,-102,-86
14.62400,-353,-334,-317,-325,-333,-295,-260,-238,-177,-145,-99,-6,-24,15,65,43,61,26,-12,2,-4,-32,-32,-49,-90,-87,-85
14.63467,-370,-343,-332,-331,-322,-293,-260,-223,-176,-138,-106,-7,-18,19,54,45,55,30,-11,15,-2,-35,-33,-53,-96,-86,-71
14.64533,-357,-345,-318,-338,-323,-286,-255,-221,-189,-158,-108,-17,-24,21,66,57,41,16,-6,16,-4,-34,-53,-62,-87,-87,-75
14.65600,-350,-330,-323,-314,-308,-282,-254,-235,-173,-157,-92,-14,-20,16,68,41,43,35,-16,17,10,-27,-41,-64,-89,-83,-70
14.66667,-358,-315,-333,-315,-317,-263,-255,-223,-169,-159,-94,-18,-7,-4,58,30,44,46,-18,10,-6,-32,-48,-57,-80,-89,-72
14.67733,-356,-325,-345,-307,-323,-282,-252,-231,-172,-155,-92,-24,-14,4,65,36,46,24,-4,9,0,-7,-49,-51,-100,-92,-58
14.68800,-325,-321,-348,-320,-316,-286,-248,-223,-174,-152,-104,-23,-20,11,58,34,41,20,-5,19,-6,-24,-30,-53,-109,-97,-76
14.69867,-358,-324,-330,-323,-324,-284,-257,-237,-174,-148,-112,-19,-35,10,46,25,35,25,-17,22,-24,-39,-41,-56,-89,-107,-84
14.70933,-352,-337,-326,-307,-314,-273,-264,-235,-174,-148,-108,-7,-17,14,59,31,17,33,-1,9,-19,-39,-50,-51,-90,-99,-98
14.72000,-353,-328,-320,-310,-317,-280,-259,-219,-178,-153,-102,-23,-19,16,47,34,18,29,-10,18,-18,-44,-48,-44,-96,-98,-99
14.73067,-371,-315,-311,-316,-321,-289,-256,-225,-179,-151,-101,-27,-14,18,58,38,36,18,-21,11,-25,-39,-48,-49,-91,-105,-90
14.74133,-352,-341,-332,-327,-312,-290,-250,-225,-180,-156,-100,-21,-15,6,55,42,30,22,-2,19,-26,-30,-39,-51,-90,-105,-78
14.75200,-375,-328,-334,-323,-323,-285,-251,-233,-178,-145,-103,-24,-15,14,37,32,40,26,-11,-1,-15,-37,-28,-51,-96,-109,-80
14.76267,-367,-338,-342,-328,-320,-288,-257,-231,-170,-143,-104,-19,-17,15,37,37,27,28,-11,15,-21,-39,-48,-47,-95,-109,-83
14.77333,-361,-336,-364,-323,-328,-281,-268,-232,-178,-159,-106,-20,-29,12,41,28,35,30,-12,8,-26,-43,-63,-60,-94,-98,-70
14.78400,-354,-335,-341,-304,-342,-295,-256,-229,-176,-156,-118,-18,-29,12,48,36,48,35,-20,2,-18,-45,-37,-62,-86,-83,-76
14.79467,-349,-349,-340,-318,-321,-296,-260,-229,-177,-161,-114,-6,-14,7,49,32,29,30,-10,23,-14,-50,-39,-56,-96,-75,-92
14.80533,-347,-354,-352,-316,-325,-299,-241,-224,-172,-154,-113,-13,-12,3,44,33,42,31,-3,19,-20,-48,-48,-52,-106,-99,-82
14.81600,-347,-353,-334,-312,-334,-297,-241,-227,-169,-152,-114,-28,-19,-2,50,19,36,28,-19,24,-24,-36,-60,-69,-108,-90,-79
14.82667,-350,-325,-350,-323,-326,-299,-248,-228,-174,-146,-96,-22,-29,-2,53,30,29,40,-21,22,-15,-31,-72,-68,-81,-97,-74
14.83733,-377,-338,-356,-311,-327,-300,-246,-226,-172,-149,-96,-13,-30,-4,53,32,26,48,-3,17,-31,-45,-72,-54,-86,-95,-64
14.84800,-354,-347,-356,-324,-325,-302,-254,-237,-166,-149,-98,-18,-37,-2,44,20,25,40,-7,12,-14,-46,-59,-62,-96,-95,-62
14.85867,-374,-351,-340,-335,-327,-293,-256,-233,-173,-171,-105,-22,-23,8,56,34,30,41,-14,8,-15,-47,-67,-66,-88,-101,-83
14.86933,-381,-341,-346,-329,-321,-308,-260,-230,-185,-168,-114,-21,-21,20,48,23,28,37,-22,-9,-23,-40,-47,-62,-82,-100,-97
14.88000,-370,-335,-354,-309,-322,-305,-254,-228,-182,-177,-113,-19,-24,7,56,28,31,39,-10,-25,-6,-29,-55,-64,-90,-114,-106
14.89067,-370,-356,-367,-322,-328,-302,-248,-232,-173,-155,-114,-25,-25,7,57,45,31,29,-15,5,-26,-41,-51,-60,-98,-105,-103
14.90133,-375,-352,-347,-308,-332,-303,-263,-233,-189,-163,-114,-22,-20,12,56,44,15,39,-20,-3,-30,-41,-49,-69,-98,-85,-81
14.91200,-345,-327,-330,-330,-328,-299,-264,-232,-194,-161,-104,-19,-24,8,60,39,25,22,-5,-8,-42,-38,-55,-66,-107,-97,-78
14.92267,-366,-333,-332,-336,-332,-293,-263,-227,-178,-153,-101,-19,-40,-1,42,45,29,33,-16,10,-34,-40,-59,-62,-98,-112,-89
14.93333,-343,-349,-336,-354,-331,-293,-243,-227,-186,-146,-107,-34,-30,7,35,39,19,62,-4,-3,-23,-45,-55,-53,-100,-94,-79
14.94400,-368,-319,-329,-327,-320,-301,-258,-233,-176,-156,-116,-19,-14,14,38,30,25,38,-16,1,-32,-39,-57,-58,-98,-105,-89
14.95467,-361,-310,-336,-318,-327,-300,-265,-237,-187,-159,-96,-16,-21,28,44,28,16,27,-14,7,-16,-28,-50,-53,-113,-92,-91
14.96533,-361,-317,-324,-304,-340,-295,-259,-227,-172,-160,-111,-25,-30,12,58,16,15,26,-13,17,-23,-33,-37,-62,-106,-83,-84
14.97600,-368,-332,-314,-328,-344,-278,-248,-223,-182,-164,-119,-28,-29,6,48,25,29,20,-15,3,-18,-47,-36,-66,-110,-98,-97
14.98667,-336,-326,-317,-332,-338,-292,-263,-216,-180,-160,-112,-21,-28,5,44,23,31,30,-10,8,-2,-30,-38,-65,-98,-107,-89
14.99733,-343,-340,-300,-314,-330,-276,-252,-221,-181,-159,-111,-35,-17,10,59,18,27,12,-15,-20,-24,-35,-45,-66,-91,-97,-78
15.00800,-342,-333,-308,-310,-326,-283,-250,-218,-181,-132,-117,-27,-28,-20,53,13,30,16,-24,-12,-27,-36,-35,-59,-103,-103,-82
