R.Time (min)
,22890,23011,23132,23253,23374,23495,23617,23738,23859,23980,24102,24223,24344,24466,24587,24709,24830,24952,25073,25195,25316,25438,25559,25681,25802,25924,26046
0.00000,0,0,0,0,0,0,0,0,0,0,0,0,0,0,0,0,0,0,0,0,0,0,0,0,0,0,0
0.01067,0,0,0,0,0,0,0,0,0,0,0,0,0,0,0,0,0,0,0,0,0,0,0,0,0,0,0
0.02133,0,0,0,0,0,0,0,0,0,0,0,0,0,0,0,0,0,0,0,0,0,0,0,0,0,0,0
0.03200,0,0,0,0,0,0,0,0,0,0,0,0,0,0,0,0,0,0,0,0,0,0,0,0,0,0,0
0.04267,0,0,0,0,0,0,0,0,0,0,0,0,0,0,0,0,0,0,0,0,0,0,0,0,0,0,0
0.05333,0,0,0,0,0,0,0,0,0,0,0,0,0,0,0,0,0,0,0,0,0,0,0,0,0,0,0
0.06400,0,0,0,0,0,0,0,0,0,0,0,0,0,0,0,0,0,0,0,0,0,0,0,0,0,0,0
0.07467,0,0,0,0,0,0,0,0,0,0,0,0,0,0,0,0,0,0,0,0,0,0,0,0,0,0,0
0.08533,0,0,0,0,0,0,0,0,0,0,0,0,0,0,0,0,0,0,0,0,0,0,0,0,0,0,0
0.09600,0,0,0,0,0,0,0,0,0,0,0,0,0,0,0,0,0,0,0,0,0,0,0,0,0,0,0
0.10667,-5,-33,-8,10,7,6,-7,-18,9,5,-7,14,5,6,-7,-4,0,9,31,-10,8,-2,-4,-19,-3,-2,-3
0.11733,-4,-17,-18,9,14,25,-21,-19,-2,4,-1,11,-10,-1,-8,7,15,21,34,-9,9,-6,-4,-11,-18,-5,-3
0.12800,17,-4,-15,4,14,19,-15,-14,-4,2,-4,19,-1,1,-14,3,7,36,33,-6,3,-5,3,-2,-33,-5,-6
0.13867,16,-15,3,-9,19,13,-6,-12,-4,4,-6,8,-1,-6,-21,9,4,26,38,11,-17,-9,-11,-15,-28,-11,-17
0.14933,-7,-27,-11,0,18,13,-8,-24,-7,-3,6,5,-16,-9,-30,7,14,1,39,-2,-20,-3,-14,-21,-21,2,-10
0.16000,12,-27,-16,-11,2,0,-1,-31,-14,-3,-8,3,-3,-5,-20,-7,4,-1,34,-28,-23,-5,-23,-16,-16,-14,-15
0.17067,13,-2,-15,2,4,10,-4,-15,-21,-10,-9,-7,1,-4,-13,-10,11,5,32,-18,-1,-3,-30,-17,-22,-2,0
0.18133,-27,-20,10,-5,15,11,-11,-21,-8,5,-13,-5,-1,-1,-6,-5,18,5,35,-18,-5,-1,-8,-15,-9,16,-23
0.19200,-16,-16,-1,-6,5,20,0,-11,-3,-5,-12,4,-2,-2,-10,-15,12,6,35,-5,-1,1,-6,-17,-15,0,-20
0.20267,-1,-16,-3,-12,9,2,-13,-19,-7,-3,-11,10,2,-12,-11,-32,7,25,44,-16,6,11,-14,-18,-20,-8,-2
0.21333,-10,-18,-7,-25,14,14,-6,-23,-4,7,-23,13,-10,-14,-22,-24,14,3,47,-26,-3,8,-7,-25,-11,-20,-3
0.22400,-19,-13,-34,6,20,16,-11,-15,-3,4,-18,-3,0,-3,-5,-12,3,10,36,-24,-14,4,-4,-20,-6,-23,3
0.23467,-17,-14,-23,19,11,13,0,-9,-9,8,-7,-6,-13,-12,-7,-27,-6,-1,43,-14,-18,-1,-10,-9,2,-10,3
0.24533,-2,-7,-13,14,7,2,-3,-12,-9,4,-15,2,-11,-4,-19,-18,-1,9,41,-12,-11,1,-28,-14,-22,-14,3
0.25600,-4,-11,-36,4,17,4,-7,-18,-11,-1,-8,0,-7,-16,-3,-13,14,9,33,-19,0,10,-27,-16,-23,-6,-9
0.26667,-14,-13,-46,3,6,8,-26,-13,-10,4,-9,-9,-6,-6,5,-12,20,21,38,-27,2,6,-6,-13,-6,-14,-20
0.27733,-10,-21,-25,-4,-2,18,-26,-25,-10,4,1,-12,-12,-3,-3,-23,9,1,49,-27,-13,-10,-13,-3,-8,-20,-1
0.28800,13,-13,-32,-27,-2,18,-10,-10,-13,14,-7,-9,-7,-8,-1,-18,-6,2,48,-20,4,3,-13,-15,-26,-17,-15
0.29867,-4,-17,-34,-22,-6,13,-23,-18,-11,12,2,3,4,-10,-15,-10,2,17,49,-4,2,-1,-21,-16,-18,-12,-12
0.30933,-16,-8,-46,-4,-3,4,-18,-16,-16,1,-3,6,-5,0,-13,-14,-15,8,47,-7,5,-2,-15,-27,-12,-12,-1
0.32000,-38,0,-35,-17,6,16,-14,-19,-3,-3,-8,-4,-11,-6,-16,-2,2,4,39,-11,-10,-13,1,-23,-14,-15,-6
0.33067,-17,-15,-29,-27,-2,7,1,-20,-10,-3,-14,-1,-4,-8,-11,-5,9,2,45,-18,-10,-16,0,-25,-6,7,-11
0.34133,4,-8,-37,2,4,0,-18,-23,-19,11,-5,4,11,-6,-13,-5,3,0,37,-37,-3,-2,-8,-24,-5,2,-9
0.35200,-10,-11,-14,-3,9,14,-20,-33,-13,7,-12,0,0,-7,-9,3,6,13,40,-29,1,-11,-14,-28,-8,-12,-4
0.36267,13,-23,-9,-18,-1,10,-18,-23,-20,7,0,7,0,-13,-9,4,-3,6,39,-43,0,-17,-17,-19,-7,-18,-7
0.37333,14,-30,-16,-16,-7,15,-28,-20,-5,5,3,-5,-13,-23,-8,-11,-4,9,32,-30,-6,-13,-4,-20,-5,-1,-12
0.38400,-5,-35,-8,-7,-6,13,-24,-3,-8,12,-1,-3,-12,-19,-16,-1,2,10,43,-22,-9,7,6,-3,-6,-16,-18
0.39467,-20,-45,-17,-11,3,2,-18,-16,0,6,-12,7,2,-8,0,-16,-10,-1,50,-12,-5,0,-1,-10,-10,-19,-17
0.40533,-20,-36,-40,-9,-5,14,-22,-14,-4,-6,-11,0,-2,-7,0,-15,2,6,49,-24,-5,3,-20,-17,-18,-22,-16
0.41600,-15,-30,-31,-19,-3,16,-19,-20,-11,-16,-16,1,-6,-18,-4,-3,0,15,32,-27,-12,-2,-15,-10,-8,-8,-7
0.42667,-30,-32,-42,-27,-8,10,-8,-18,5,-5,-7,6,-17,-30,2,-4,10,6,29,-26,-8,10,-10,-11,-12,4,-3
0.43733,-27,-34,-39,-22,3,3,-24,-21,0,-1,-10,11,-12,-13,1,-8,2,10,27,-20,-12,6,-10,-7,-2,0,4
0.44800,-11,-42,-35,-26,14,3,-24,-24,-19,0,-2,6,-3,8,0,-8,5,6,37,-16,-12,-19,-28,-18,-8,-6,-4
0.45867,-16,-43,-46,-30,-6,-2,-29,-15,-26,-7,0,6,-4,-1,-3,-4,10,4,46,-24,4,-9,-12,-19,-6,-11,-15
0.46933,-33,-45,-32,-28,5,6,-22,-31,-23,6,-13,-4,-17,-5,-10,-13,2,8,58,-31,19,2,-15,-20,-20,-24,-7
0.48000,-31,-32,-25,-24,-6,-10,-21,-23,-16,7,-16,-1,1,8,-17,-3,11,6,58,-13,-8,-4,-14,-19,1,-15,-21
0.49067,-28,-19,-20,-26,-8,7,-33,-24,-12,-3,1,9,-4,8,-10,-6,15,10,66,-23,-6,14,-10,-26,-15,-10,-32
0.50133,-2,-35,-38,-24,-12,2,-16,-24,-6,-8,-1,20,-3,0,-3,-4,-2,4,45,-28,-11,-9,-13,-25,-6,-1,-27
0.51200,-29,-31,-40,-33,-15,-10,-21,-26,-12,1,-3,7,-7,-1,-3,-10,9,4,40,-9,3,-18,-11,-14,-6,-8,-28
0.52267,-6,-49,-29,-25,-12,-12,-25,-25,-14,12,-10,13,-1,0,0,-6,14,9,49,-15,1,-15,-5,-5,-13,1,-4
0.53333,-14,-44,-33,-20,-8,-9,-21,-36,-8,12,-11,4,-13,5,-4,6,16,22,39,-25,0,-10,-10,-18,-11,-7,-8
0.54400,-25,-53,-37,-26,8,-12,-28,-16,0,3,-2,6,-5,10,-2,-1,9,8,32,-18,1,-10,-6,-6,-6,-17,-5
0.55467,-4,-40,-40,-42,6,-7,-25,-27,1,6,1,-3,-10,16,0,-4,20,6,31,-15,-16,-5,-7,-34,-3,-15,-4
0.56533,6,-30,-38,-12,2,-5,-28,-28,-3,2,-7,-4,3,3,-7,-10,11,15,41,-4,-10,3,-15,-27,1,-16,-2
0.57600,-24,-36,-36,-9,1,-20,-26,-27,-14,8,-8,3,2,-7,-6,-9,19,32,40,-15,0,-6,-11,-20,-5,-20,-12
0.58667,9,-53,-27,-14,2,-8,-21,-19,-11,14,-2,-2,-7,7,-3,-17,30,26,42,-18,1,2,-20,-6,-22,-18,-12
0.59733,-16,-40,-42,-20,-2,9,-35,-27,-14,6,0,6,-10,-3,7,4,13,21,33,-7,-5,4,-2,-2,-21,-7,-16
0.60800,-17,-49,-40,-30,-5,1,-24,-18,-9,8,0,12,8,-2,-10,4,0,11,52,3,10,-2,-9,-15,-27,-3,-16
0.61867,-19,-38,-45,-34,16,-9,-12,-22,-11,16,8,11,7,-1,-11,4,-3,19,54,5,-4,0,-11,-3,-18,-15,-23
0.62933,-19,-47,-39,-27,-5,-14,-15,-27,0,12,4,9,15,-4,-13,18,4,9,39,-6,8,-7,4,4,1,-10,-21
0.64000,-28,-30,-43,-33,-5,-16,-8,-27,-9,22,7,12,16,13,3,2,21,10,74,4,14,-4,-5,-9,8,-6,-15
0.65067,-26,-48,-51,-37,-2,-7,-3,-22,-10,15,10,8,9,11,1,6,26,24,54,-2,10,3,-12,-9,-10,-21,-5
0.66133,-28,-38,-13,-37,-6,6,3,-16,-7,18,5,13,4,3,0,15,25,18,54,-13,-3,9,-19,-24,1,-6,-11
0.67200,-34,-27,-21,-22,-7,3,-6,-15,0,14,4,15,10,-2,-4,-1,16,16,57,-27,5,14,3,-6,5,-6,-7
0.68267,-10,-41,-23,-27,-4,-11,-22,-15,0,9,-6,22,9,11,13,2,19,39,45,-21,-9,6,13,-10,-3,-17,-6
0.69333,-12,-19,-36,-25,-2,-13,-19,-11,-3,20,-2,13,11,-1,1,8,12,24,43,-27,9,8,5,-21,-3,-15,-5
0.70400,-12,-15,-46,-28,2,-3,-21,-22,6,18,-3,5,2,8,8,7,24,15,38,-10,4,8,-8,-16,-15,-12,-17
0.71467,3,-32,-34,-36,0,-5,-19,-26,-18,10,3,6,6,11,-6,19,27,2,41,-3,5,-13,-9,-3,-15,-8,-14
0.72533,6,-30,-31,-28,-16,-9,-6,-26,-2,6,3,2,15,9,-3,20,41,11,52,-7,3,-6,-13,1,-2,-12,-16
0.73600,-20,-49,-33,-25,9,-8,-24,-21,1,9,0,8,10,6,3,17,21,21,59,-18,0,-5,-3,-8,3,-9,-16
0.74667,-48,-36,-39,-39,-5,-7,-10,-18,6,10,6,7,5,4,11,0,16,29,52,-11,17,-1,0,-8,-4,-17,-9
0.75733,-41,-25,-46,-37,-13,-15,-19,-18,0,9,3,8,3,4,7,9,40,26,59,-5,23,21,11,-2,12,-9,10
0.76800,-60,-22,-43,-40,-8,-5,-17,-29,2,14,5,0,10,11,15,9,24,23,45,-7,11,12,3,-9,2,-12,2
0.77867,-48,-27,-28,-53,-15,-15,-22,-24,-2,8,-1,11,17,6,0,26,18,15,56,2,-3,16,2,-13,-20,-4,-1
0.78933,-19,-38,-39,-20,-12,-21,-12,-11,3,-6,-5,13,17,-9,2,25,7,15,49,15,5,15,0,-30,-18,-5,-13
0.80000,-34,-49,-8,-24,-19,-6,-24,-18,-13,-9,5,18,20,7,1,12,14,16,50,-2,14,-2,16,-23,-30,-2,-3
0.81067,-24,-38,-8,-30,5,-13,-25,-27,-2,19,3,13,21,3,-2,0,21,26,53,-5,-3,9,12,-15,-25,-12,4
0.82133,-29,-55,-39,-33,-18,-18,-19,-25,-6,19,0,1,20,11,2,7,30,11,59,-13,5,9,9,-16,-45,-20,4
0.83200,-34,-65,-36,-22,-22,-16,-21,-8,-8,13,0,11,23,10,4,5,19,14,70,-17,6,8,-14,-11,-16,-11,-6
0.84267,-49,-59,-72,-34,-27,-15,-8,-17,4,12,7,8,20,7,6,5,15,19,58,1,-3,9,0,-6,-9,-12,-2
0.85333,-15,-36,-63,-39,-19,4,-14,-32,-1,8,3,-1,-5,6,1,3,15,21,64,-11,-2,-6,2,2,-8,-13,-4
0.86400,-40,-46,-58,-32,-10,-6,-33,-30,-13,0,3,-11,-3,1,2,-2,13,23,44,-3,8,7,-6,3,-11,-15,-9
0.87467,-31,-34,-42,-19,-9,-5,-23,-27,-5,3,-3,13,-1,11,-12,6,23,20,45,10,7,23,-5,-4,-18,1,-17
0.88533,-54,-39,-35,-23,-3,-9,-21,-15,-7,11,-2,18,-6,2,-8,10,29,10,46,6,5,19,1,-4,-15,-1,-9
0.89600,-54,-34,-42,-30,1,-6,-21,-22,-17,14,14,16,-13,1,-3,7,37,18,58,-3,1,19,-4,-13,-5,2,-3
0.90667,-14,-47,-34,-26,-14,-3,-17,-29,-8,12,2,24,3,-4,-12,10,33,19,49,-8,11,12,7,-16,5,8,10
0.91733,-11,-38,-40,-33,-14,3,-16,-30,-13,12,1,12,13,4,-11,13,32,16,54,13,10,15,-13,-27,-1,18,7
0.92800,-31,-32,-27,-23,-13,0,-9,-20,-2,19,-5,15,14,12,10,16,29,23,47,-1,3,13,-1,-24,8,12,-9
0.93867,-27,-28,-27,-16,4,-5,-15,-34,-6,12,-4,10,3,14,7,18,27,26,57,-9,-10,9,0,-23,-5,7,-1
0.94933,-14,-37,-18,-9,-6,-8,-19,-27,-13,10,-4,0,0,-2,13,15,28,27,60,8,-1,2,-2,-9,-6,4,-13
0.96000,-8,-13,-34,-30,-11,-7,-17,-18,-4,-1,-5,7,-4,5,7,7,14,18,56,-2,-7,1,0,-19,-8,-16,0
0.97067,-14,-27,-25,-15,1,2,-27,-17,-1,7,6,4,12,7,1,2,18,15,43,4,2,1,0,-9,-8,1,-18
0.98133,-6,-44,-32,9,-3,3,-20,-22,-3,12,11,3,12,11,8,6,20,18,30,-4,9,22,0,-6,-10,-9,-20
0.99200,-28,-24,-15,2,-5,10,-20,-21,-13,8,-1,7,7,9,1,-7,20,29,33,-17,-7,6,-2,2,-7,-8,-2
1.00267,-28,-25,-15,-13,3,2,-11,-15,-9,20,-2,0,15,-1,15,4,16,35,31,-3,-10,0,-8,5,7,-11,0
1.01333,-23,-26,-23,-40,7,11,-6,-23,-10,16,8,-3,8,4,-13,-5,12,25,48,-15,11,-4,3,0,-9,-7,-14
1.02400,-5,-57,-23,-32,12,5,-14,-13,-5,11,15,20,9,-1,0,-4,6,23,46,-7,17,2,-3,-14,-12,-4,-10
1.03467,11,-21,-13,-24,-6,5,-13,-13,-8,20,0,8,6,3,-7,2,11,22,47,-18,11,-9,4,3,-7,-8,3
1.04533,-8,-19,-17,-32,-13,-11,-23,-2,-11,11,-1,21,13,3,6,4,9,17,51,-25,2,-3,-14,-13,-8,5,-5
1.05600,-19,-24,-20,-34,-16,1,-20,-23,-7,15,-6,16,1,-6,16,21,17,26,58,1,-14,-6,-21,-8,-3,-2,-9
1.06667,-49,-45,-15,-32,5,-2,-14,-17,-11,24,3,15,13,-4,11,19,27,19,50,10,1,-6,-21,-8,-3,-11,-6
1.07733,-16,-36,-28,-25,18,-5,-20,-18,-8,18,3,13,13,10,-5,12,8,25,48,1,6,-1,3,-14,-2,-25,-22
1.08800,-15,-43,-20,-42,-18,-11,-18,-16,-2,10,7,14,23,-7,-13,0,25,25,30,-22,3,5,-15,-6,-12,-14,-29
1.09867,-19,-42,-39,-40,-32,9,-23,-33,-8,15,4,10,21,4,7,2,31,33,28,-13,8,-11,-10,-15,3,-19,-19
1.10933,-34,-62,-39,-44,-36,4,-16,-22,0,16,0,10,26,14,12,8,18,15,31,-18,13,-4,-7,-31,5,-11,-20
1.12000,-34,-47,-44,-58,-13,3,-19,-30,-9,7,2,20,21,11,7,6,20,26,32,-8,11,1,7,-20,7,-12,-21
1.13067,-32,-47,-41,-54,-1,-8,-29,-20,-10,13,-3,22,13,14,1,9,23,24,49,-9,14,-11,-3,-9,-18,-17,-11
1.14133,-32,-46,-41,-41,-7,-8,-18,-20,-15,10,1,24,13,17,-8,4,22,22,40,0,11,11,7,-7,-11,-24,-8
1.15200,-36,-44,-43,-35,-15,-10,-17,-11,0,20,9,17,9,8,-1,9,27,13,51,15,11,6,6,-19,-7,-16,-13
1.16267,-27,-50,-37,-20,-5,5,-18,-27,-3,9,6,16,0,10,3,12,11,29,48,-5,-11,3,5,-20,-2,-29,-3
1.17333,-30,-47,-36,-22,-11,16,-24,-24,-16,7,11,19,13,14,19,8,4,37,58,-6,7,11,-25,-18,4,-7,-6
1.18400,-35,-28,-34,-8,-16,-13,-23,-17,-10,-2,17,20,24,16,17,8,15,35,55,2,9,16,1,-19,-16,-14,-7
1.19467,-21,-33,-34,-11,-25,-4,-21,-28,-6,16,6,26,26,8,11,12,10,41,46,-4,2,0,12,-13,-23,9,-7
1.20533,-32,-45,-37,-40,7,-19,-23,-21,2,5,9,15,16,-8,10,8,7,38,43,12,10,-6,3,3,-33,-4,-15
1.21600,-19,-30,-44,-25,3,-6,-21,-16,-14,6,5,14,14,10,18,11,11,32,49,7,16,-8,-12,-3,-8,2,-15
1.22667,-21,-55,-29,-28,-14,-2,-20,-26,-15,3,1,10,16,2,7,17,24,25,67,-3,12,4,-11,-7,-25,-8,-1
1.23733,-12,-50,-8,-18,-23,-17,-20,-27,-3,10,-7,11,6,11,0,10,24,16,61,0,8,3,4,-5,-15,-26,0
1.24800,-3,-54,-17,-10,-9,0,-15,-18,-7,11,7,3,2,13,2,4,34,17,46,11,-7,12,13,-8,-11,-19,-13
1.25867,-39,-47,-19,-34,-7,15,-5,-26,-9,14,3,20,10,8,4,13,40,15,48,-5,0,12,12,-9,-5,-6,-10
1.26933,-23,-39,-17,-14,-14,-1,-8,-6,-13,13,6,20,12,9,6,9,25,13,34,4,18,0,-1,-3,-8,0,0
1.28000,-20,-20,-11,-31,-8,2,-21,-10,-1,7,6,12,10,8,9,-6,14,22,42,-2,13,13,9,-2,-9,0,4
1.29067,-12,-16,-28,-10,-13,6,-9,-21,13,9,18,12,4,19,4,4,17,24,51,-16,2,3,5,-18,-7,3,-3
1.30133,-36,-14,-36,-2,-20,14,-10,-22,-3,9,13,7,4,1,11,7,26,30,50,-22,8,1,4,-19,-15,-1,5
1.31200,-40,-42,-33,-13,-6,-1,-14,-26,-4,10,6,6,4,7,-10,2,31,26,59,2,0,0,-4,-20,-13,2,-2
1.32267,-24,-37,-30,1,-14,13,-14,-14,-12,13,12,15,18,14,-7,9,20,7,72,0,6,26,0,-15,-15,-5,5
1.33333,-34,-43,-10,-37,-13,11,-21,-4,-10,0,4,7,3,25,-4,17,30,18,56,-13,1,25,10,-3,-9,-2,-7
1.34400,-18,-30,-24,-21,-10,1,-21,-11,-10,11,12,19,6,11,11,8,16,21,57,-12,-7,18,-4,-9,-5,3,5
1.35467,-17,-17,-34,-21,8,6,-8,-8,-7,5,10,17,5,14,-7,21,23,27,64,4,13,2,-4,10,0,22,4
1.36533,-1,-23,-26,-21,3,5,-23,-12,-2,15,7,20,18,18,-1,7,11,24,68,0,13,9,5,-1,11,20,-12
1.37600,-20,-27,-12,-9,-3,12,-10,-14,4,23,2,16,1,13,2,5,18,24,64,-9,12,17,3,10,14,12,-9
1.38667,-25,-31,-24,6,-7,14,-4,-14,4,20,0,11,6,15,4,15,11,14,55,-1,20,18,-2,-7,-5,6,-9
1.39733,-24,-53,-25,-3,0,1,-11,-12,-11,16,17,7,12,12,10,7,27,23,61,-10,6,20,0,-5,-10,14,-2
1.40800,-16,-31,-26,-13,9,-4,-20,-25,0,30,12,-2,13,3,2,7,25,23,49,-5,10,6,-3,-12,-14,-4,-5
1.41867,-22,-31,-22,-20,4,-1,-28,-20,0,14,4,16,10,3,14,14,20,11,40,6,13,11,-5,0,-11,1,-7
1.42933,-22,-47,-51,-12,7,-2,-25,-21,-10,22,4,36,8,1,1,26,20,16,35,16,-1,15,0,-27,-10,0,-14
1.44000,-13,-41,-30,-23,9,-7,-24,-25,10,22,-2,23,4,-6,0,14,29,24,59,2,11,21,-5,-8,-5,-4,-10
1.45067,-34,-48,-23,-28,-6,1,-19,-21,1,13,5,23,4,5,3,-1,30,34,57,3,11,17,14,-11,-7,0,-1
1.46133,2,-39,-27,-15,-8,14,-23,-15,4,16,0,20,-1,16,-1,-5,25,28,53,-1,-7,24,2,-14,-2,2,-7
1.47200,-3,-45,-8,-32,0,10,-23,-16,2,6,3,10,14,21,8,-1,16,22,68,10,-1,8,3,-4,2,3,-5
1.48267,-8,-51,-22,-13,-5,9,-22,-16,-8,15,6,9,4,10,13,6,13,26,57,-3,-5,22,12,-9,-11,-11,-3
1.49333,-9,-7,-32,-13,-14,-4,-24,-13,1,9,0,19,0,-1,13,17,24,28,46,2,23,3,3,-33,-3,-7,-9
1.50400,-19,-31,-37,-27,-11,-4,-27,-12,-12,-1,4,18,11,-6,-6,10,14,32,44,-11,4,7,10,-16,1,-6,-21
1.51467,-7,-38,-48,-22,-3,-16,-29,-17,-11,7,5,21,8,1,-21,1,27,16,37,-11,6,6,-16,-2,-2,-19,-16
1.52533,-22,-48,-46,-15,7,-15,-28,-21,-8,7,4,8,8,1,-3,10,23,26,40,-6,9,15,-5,-9,3,-1,-12
1.53600,-16,-40,-31,-14,-1,-7,-14,-17,-3,14,3,11,9,7,1,2,32,36,54,-6,-2,19,9,-15,17,6,-7
1.54667,1,-51,-28,-27,-11,14,-18,-28,-2,15,-12,13,7,1,-3,5,36,26,50,-11,8,12,14,-6,-17,2,0
1.55733,14,-27,-37,-21,-6,-3,-17,-11,-13,0,-2,10,8,-8,-13,3,11,25,47,-2,-7,8,2,-17,-17,-1,1
1.56800,17,-27,-19,-22,-5,-6,-18,-14,-3,9,14,5,9,2,-5,6,25,24,46,-7,8,3,13,-23,-20,2,5
1.57867,-18,-41,-8,-6,6,-11,-20,-28,3,18,7,11,10,10,-9,9,34,21,31,13,0,-12,1,-15,-13,3,13
1.58933,-11,-31,-21,-4,0,-15,-15,-29,-2,6,2,9,7,5,-3,8,21,7,25,-3,1,-2,0,1,-16,7,12
1.60000,-15,-27,-41,9,-24,-12,-12,-32,-22,0,-9,8,9,1,-3,7,24,7,31,-7,-6,5,5,-12,-5,2,-1
1.61067,-16,-36,-35,9,-6,-3,-16,-25,-25,-4,2,2,10,-4,9,-10,19,10,46,-9,-7,6,3,-27,-16,-6,-10
1.62133,-4,-40,-49,-4,7,5,-16,-1,-24,2,7,6,0,4,-1,2,16,17,48,7,11,-1,-10,-29,-8,11,-16
1.63200,6,-36,-38,-5,0,11,-35,-11,-20,-2,2,4,8,8,-1,-6,9,4,34,-33,7,5,7,-16,-8,3,-15
1.64267,-25,-19,-47,9,-3,6,-21,-15,-15,7,-6,-3,2,-9,-19,-9,10,12,38,-24,14,0,-3,0,3,2,-4
1.65333,-14,-21,-48,4,20,1,-18,-12,-6,-7,-4,4,-14,-19,-20,-9,21,24,26,-27,7,2,-11,-5,2,4,-13
1.66400,-15,-21,-35,-15,14,-11,-5,-15,-13,-9,-1,10,-9,-29,-18,2,26,3,26,-24,-2,14,11,-6,-3,-1,-13
1.67467,-22,-30,-24,-2,-6,-11,-9,-18,-4,-6,0,-9,-8,-20,3,2,18,21,34,-10,-16,3,-5,-17,-6,-8,-5
1.68533,-35,-22,-33,-18,-2,-4,-23,-21,-8,-10,-8,3,-14,-18,7,5,10,16,44,-10,-10,3,2,-13,-1,-15,-26
1.69600,-46,-39,-23,-18,-4,-20,-20,-31,-4,3,-8,1,-15,3,13,0,4,-12,42,-14,-7,-13,5,-9,-1,6,-6
1.70667,-47,-39,-31,-31,-10,1,-32,-36,-6,3,-11,18,-5,3,-4,-4,11,-6,40,-9,-6,-14,0,-18,-7,-4,-1
1.71733,-48,-45,-42,-23,-12,-1,-36,-28,0,7,-10,5,-1,2,-7,-2,13,23,39,-6,4,-22,-5,-14,-11,-7,-14
1.72800,-37,-32,-49,-28,-15,-15,-34,-30,-21,7,-19,11,-4,2,-4,-5,6,10,37,-6,7,-7,-7,-18,-16,-12,-23
1.73867,-41,-52,-53,-43,-33,-8,-38,-25,-25,7,-6,-2,-11,6,-3,-3,14,15,35,-12,0,1,-4,-27,-3,-16,-29
1.74933,-52,-48,-41,-33,-27,-10,-35,-26,-22,11,5,4,8,14,-3,-7,0,12,35,-16,-3,-13,-18,-20,-6,-24,-26
1.76000,-28,-48,-44,-32,-21,-15,-46,-39,-19,3,-6,-1,-8,8,-6,-7,13,4,39,-13,-8,-4,2,-22,-14,-29,-21
1.77067,-68,-53,-48,-25,-14,-19,-33,-34,-32,-9,-2,-11,-10,-1,-9,-7,10,1,36,-27,-16,-8,-11,-27,4,-24,-25
1.78133,-83,-53,-51,-37,-23,-24,-28,-35,-18,-22,-10,-9,-4,1,-8,-7,13,6,48,-26,-11,-12,7,-26,-13,-15,-18
1.79200,-46,-44,-53,-38,-37,-15,-42,-38,-27,-11,-16,-6,-4,-6,-7,4,22,-2,44,-12,2,-6,-8,-30,-18,-14,-28
1.80267,-50,-57,-44,-29,-31,-20,-43,-39,-39,-7,-20,5,0,9,2,2,23,1,62,-26,-7,-9,-14,-23,-19,-8,-20
1.81333,-58,-57,-22,-43,-22,-33,-37,-36,-32,-9,-10,3,2,13,6,2,26,7,45,-14,-24,0,-25,-19,-12,-16,-35
1.82400,-29,-51,-55,-52,-29,-34,-35,-37,-26,-8,-15,7,5,-3,-1,6,31,9,39,-14,-7,-5,-3,-36,-21,-6,-30
1.83467,-58,-58,-40,-53,-40,-23,-37,-40,-15,-15,-14,12,4,-1,4,12,14,8,46,-15,-14,-8,-7,-27,-34,-18,-26
1.84533,-40,-81,-61,-46,-34,-35,-47,-33,-22,-6,-12,6,3,-8,3,5,0,16,44,-27,-22,-6,-14,-28,-23,-4,-13
1.85600,-36,-70,-73,-41,-29,-34,-54,-32,-31,-10,-19,10,11,-2,2,-7,16,9,64,-13,-25,-30,-16,-28,-27,-25,-16
1.86667,-45,-81,-84,-36,-39,-38,-51,-40,-37,-18,-25,4,-2,-2,-9,3,25,13,51,1,-20,-23,-16,-37,-18,-33,-6
1.87733,-66,-74,-99,-54,-40,-35,-57,-45,-32,-8,-8,-6,2,2,-9,-10,14,4,41,-11,-17,-12,-15,-34,-32,-22,-30
1.88800,-50,-80,-73,-62,-42,-39,-55,-51,-31,5,3,-5,3,5,-7,0,-1,13,37,-30,3,-13,-12,-34,-32,-23,-22
1.89867,-67,-95,-103,-58,-56,-43,-55,-59,-22,-8,-1,-7,2,-19,-8,-2,11,4,30,-12,-20,0,-27,-35,-22,-15,-30
1.90933,-93,-98,-98,-86,-75,-59,-71,-71,-39,-28,-35,-31,-10,-11,-35,-24,5,2,26,-17,-17,-35,-46,-42,-35,-33,-28
1.92000,-130,-178,-166,-152,-127,-115,-126,-131,-108,-93,-77,-63,-72,-64,-73,-75,-47,-45,-7,-68,-55,-85,-80,-92,-68,-69,-85
1.93067,-253,-288,-271,-275,-248,-235,-244,-248,-207,-193,-186,-165,-191,-159,-162,-159,-140,-139,-104,-153,-148,-153,-157,-173,-161,-149,-153
1.94133,-439,-485,-435,-434,-409,-382,-393,-377,-356,-331,-329,-306,-308,-301,-287,-288,-274,-258,-234,-278,-281,-269,-257,-274,-265,-262,-246
1.95200,-584,-635,-592,-582,-558,-513,-526,-512,-473,-444,-445,-418,-424,-406,-415,-406,-371,-354,-326,-383,-359,-345,-361,-360,-363,-356,-345
1.96267,-655,-684,-661,-665,-636,-594,-586,-584,-540,-512,-514,-485,-477,-477,-476,-465,-435,-424,-368,-429,-430,-400,-416,-412,-404,-389,-380
1.97333,-659,-697,-654,-652,-616,-593,-601,-578,-546,-515,-510,-491,-481,-476,-486,-472,-436,-455,-383,-431,-422,-420,-404,-400,-418,-385,-391
1.98400,-652,-637,-623,-597,-553,-558,-558,-552,-510,-485,-469,-461,-447,-448,-445,-437,-419,-399,-366,-400,-369,-398,-385,-382,-384,-360,-361
1.99467,-587,-567,-566,-528,-513,-501,-505,-486,-460,-439,-428,-408,-417,-385,-400,-373,-351,-353,-331,-362,-334,-355,-343,-345,-337,-322,-307
2.00533,-512,-523,-481,-472,-453,-438,-437,-423,-408,-379,-377,-356,-362,-343,-335,-314,-307,-303,-270,-307,-285,-303,-285,-289,-273,-280,-275
2.01600,-427,-443,-427,-404,-388,-374,-386,-364,-354,-316,-312,-302,-294,-283,-284,-260,-252,-242,-217,-256,-262,-264,-250,-245,-239,-250,-239
2.02667,-390,-383,-353,-346,-323,-308,-314,-310,-295,-267,-265,-241,-234,-239,-224,-229,-207,-175,-168,-207,-221,-206,-198,-212,-202,-199,-205
2.03733,-319,-308,-280,-283,-266,-256,-253,-256,-228,-213,-200,-191,-190,-181,-175,-174,-164,-144,-116,-169,-177,-163,-151,-194,-167,-155,-174
2.04800,-286,-273,-246,-248,-218,-215,-216,-216,-184,-169,-152,-147,-140,-154,-157,-130,-119,-116,-87,-152,-136,-133,-117,-166,-127,-128,-127
2.05867,-281,-245,-224,-214,-202,-193,-190,-181,-149,-138,-125,-117,-96,-122,-116,-109,-69,-80,-58,-100,-109,-94,-79,-117,-97,-87,-96
2.06933,-321,-314,-296,-244,-230,-197,-193,-174,-151,-128,-119,-98,-85,-92,-91,-77,-73,-57,-32,-79,-71,-72,-62,-88,-62,-62,-68
2.08000,-756,-694,-602,-525,-457,-384,-352,-289,-235,-200,-172,-137,-118,-103,-90,-51,-55,-56,-13,-83,-42,-53,-54,-64,-53,-58,-73
2.09067,-2363,-2103,-1800,-1566,-1328,-1120,-957,-783,-651,-518,-440,-349,-293,-248,-199,-154,-119,-100,-48,-120,-78,-88,-79,-77,-76,-66,-82
2.10133,-6041,-5305,-4586,-3948,-3336,-2824,-2366,-1968,-1615,-1299,-1060,-846,-682,-547,-456,-348,-274,-215,-162,-201,-158,-154,-139,-137,-132,-138,-130
2.11200,-11554,-10116,-8760,-7526,-6399,-5393,-4531,-3747,-3085,-2487,-2003,-1590,-1288,-1024,-813,-638,-516,-407,-324,-327,-268,-244,-221,-218,-193,-198,-186
2.12267,-17128,-14995,-12980,-11169,-9485,-7987,-6682,-5536,-4538,-3669,-2959,-2366,-1875,-1492,-1183,-919,-727,-588,-466,-446,-357,-326,-273,-255,-247,-235,-240
2.13333,-20923,-18302,-15856,-13626,-11584,-9739,-8168,-6732,-5516,-4471,-3581,-2862,-2259,-1772,-1416,-1100,-845,-678,-540,-488,-379,-334,-296,-290,-253,-247,-236
2.14400,-22202,-19437,-16815,-14464,-12306,-10346,-8658,-7140,-5844,-4717,-3790,-3011,-2378,-1863,-1473,-1133,-866,-697,-522,-473,-373,-330,-302,-259,-240,-237,-214
2.15467,-21295,-18665,-16166,-13889,-11829,-9964,-8330,-6869,-5621,-4533,-3628,-2884,-2272,-1770,-1392,-1073,-815,-641,-492,-444,-341,-304,-252,-231,-220,-199,-171
2.16533,-19045,-16703,-14514,-12474,-10633,-8957,-7503,-6193,-5072,-4073,-3288,-2595,-2055,-1596,-1250,-960,-726,-563,-413,-385,-306,-265,-221,-199,-176,-151,-158
2.17600,-16551,-14557,-12653,-10891,-9289,-7832,-6564,-5425,-4432,-3569,-2873,-2277,-1789,-1377,-1079,-830,-619,-481,-339,-335,-276,-230,-193,-175,-153,-130,-131
2.18667,-14575,-12769,-11102,-9562,-8115,-6842,-5725,-4734,-3859,-3102,-2498,-1977,-1554,-1196,-938,-718,-540,-424,-301,-292,-227,-196,-166,-165,-150,-112,-110
2.19733,-12748,-11140,-9656,-8298,-7029,-5911,-4942,-4079,-3326,-2678,-2152,-1690,-1338,-1031,-809,-631,-459,-359,-251,-244,-190,-154,-138,-160,-121,-106,-100
2.20800,-10594,-9254,-8022,-6906,-5852,-4923,-4124,-3400,-2783,-2227,-1796,-1415,-1116,-859,-671,-528,-391,-300,-203,-214,-164,-145,-117,-127,-113,-93,-92
2.21867,-8314,-7295,-6336,-5463,-4654,-3927,-3290,-2737,-2231,-1806,-1448,-1130,-919,-693,-543,-433,-335,-244,-180,-178,-141,-128,-109,-110,-104,-89,-63
2.22933,-6272,-5550,-4841,-4202,-3590,-3042,-2566,-2136,-1757,-1417,-1144,-889,-732,-562,-454,-342,-275,-208,-155,-155,-134,-108,-93,-104,-86,-79,-67
2.24000,-4641,-4162,-3655,-3193,-2728,-2332,-1976,-1657,-1373,-1099,-885,-719,-570,-453,-358,-287,-240,-182,-104,-154,-120,-115,-85,-103,-96,-76,-86
2.25067,-3323,-2984,-2677,-2336,-2013,-1721,-1480,-1245,-1034,-839,-682,-560,-442,-334,-292,-233,-189,-149,-78,-124,-111,-102,-92,-98,-96,-90,-80
2.26133,-1782,-1644,-1502,-1328,-1158,-1007,-870,-751,-620,-508,-424,-347,-291,-230,-198,-169,-131,-105,-61,-95,-82,-110,-79,-94,-83,-74,-64
2.27200,1149,915,768,629,523,418,310,248,187,166,110,76,52,33,-3,-5,-11,-5,4,-53,-33,-58,-52,-54,-53,-62,-37
2.28267,8251,7236,6346,5519,4742,4037,3410,2865,2393,2001,1639,1356,1122,932,749,648,545,477,444,359,338,296,269,266,271,258,267
2.29333,20057,17864,15816,13916,12168,10532,9065,7788,6674,5707,4884,4192,3632,3161,2769,2470,2247,2073,1964,1805,1708,1654,1595,1562,1555,1531,1511
2.30400,30911,27716,24651,21825,19166,16711,14505,12541,10832,9352,8083,7016,6132,5425,4815,4355,3994,3718,3524,3290,3176,3080,2987,2918,2895,2853,2836
2.31467,37865,33996,30346,26913,23695,20709,18005,15606,13506,11676,10087,8774,7698,6789,6057,5466,5022,4661,4416,4141,3993,3876,3766,3671,3630,3588,3543
2.32533,41257,37146,33250,29521,26062,22819,19855,17231,14929,12922,11185,9753,8526,7546,6719,6073,5568,5159,4906,4592,4425,4286,4172,4084,4008,3958,3917
2.33600,41717,37693,33821,30153,26682,23449,20483,17817,15489,13453,11693,10220,8985,7967,7137,6461,5958,5540,5253,4935,4751,4611,4475,4413,4316,4277,4245
2.34667,38880,35295,31831,28530,25336,22382,19641,17182,15027,13125,11488,10098,8941,7995,7193,6574,6096,5686,5418,5124,4936,4788,4671,4584,4508,4460,4404
2.35733,32725,29950,27237,24591,22014,19607,17320,15288,13477,11884,10497,9339,8356,7534,6844,6329,5916,5575,5311,5043,4892,4760,4646,4540,4501,4463,4405
2.36800,22151,20737,19234,17711,16198,14696,13262,11951,10790,9747,8805,8052,7371,6821,6344,5970,5688,5437,5252,5023,4918,4824,4725,4640,4594,4547,4501
2.37867,5090,5758,6184,6461,6612,6601,6512,6401,6262,6108,5926,5794,5634,5495,5350,5248,5148,5051,4993,4866,4808,4750,4695,4636,4597,4567,4528
2.38933,-14968,-12005,-9369,-7078,-5077,-3388,-1952,-718,314,1178,1858,2425,2862,3215,3456,3630,3774,3863,3935,3921,3932,3926,3895,3843,3853,3840,3809
2.40000,-32435,-27570,-23158,-19189,-15634,-12490,-9781,-7407,-5378,-3655,-2256,-1069,-132,626,1196,1640,1993,2229,2432,2491,2569,2616,2632,2608,2627,2633,2615
2.41067,-44138,-38085,-32559,-27493,-22953,-18908,-15368,-12274,-9621,-7316,-5438,-3864,-2602,-1582,-773,-164,322,654,946,1070,1183,1274,1324,1340,1364,1367,1383
2.42133,-49377,-42918,-36946,-31501,-26557,-22180,-18307,-14913,-11987,-9481,-7376,-5659,-4251,-3117,-2228,-1516,-975,-591,-250,-94,60,147,211,246,275,311,320
2.43200,-49354,-43086,-37270,-31958,-27125,-22808,-18985,-15663,-12762,-10284,-8224,-6507,-5103,-3983,-3093,-2400,-1843,-1431,-1134,-950,-787,-691,-630,-597,-544,-504,-498
2.44267,-45938,-40235,-34915,-30061,-25616,-21665,-18164,-15094,-12435,-10153,-8251,-6680,-5373,-4347,-3520,-2850,-2347,-1974,-1670,-1529,-1367,-1262,-1204,-1178,-1141,-1079,-1062
2.45333,-40703,-35728,-31097,-26860,-22989,-19509,-16466,-13775,-11453,-9440,-7779,-6393,-5257,-4346,-3617,-3044,-2588,-2260,-1988,-1858,-1722,-1622,-1571,-1546,-1505,-1448,-1452
2.46400,-34815,-30619,-26725,-23145,-19883,-16945,-14356,-12088,-10115,-8433,-7023,-5833,-4877,-4115,-3482,-2999,-2612,-2338,-2097,-2003,-1884,-1793,-1747,-1712,-1682,-1650,-1643
2.47467,-28978,-25553,-22347,-19393,-16716,-14297,-12172,-10306,-8672,-7292,-6126,-5150,-4349,-3716,-3213,-2807,-2487,-2258,-2041,-1968,-1868,-1805,-1758,-1732,-1680,-1671,-1669
2.48533,-23603,-20863,-18276,-15916,-13743,-11793,-10083,-8565,-7254,-6132,-5183,-4394,-3755,-3254,-2845,-2510,-2235,-2050,-1880,-1823,-1739,-1687,-1640,-1621,-1589,-1591,-1566
2.49600,-18942,-16780,-14726,-12847,-11103,-9554,-8191,-6997,-5942,-5039,-4290,-3654,-3151,-2737,-2428,-2146,-1934,-1769,-1641,-1603,-1543,-1497,-1460,-1444,-1425,-1406,-1397
2.50667,-15056,-13363,-11718,-10225,-8873,-7649,-6576,-5628,-4799,-4077,-3487,-2967,-2579,-2254,-1992,-1776,-1609,-1476,-1373,-1339,-1295,-1247,-1247,-1224,-1206,-1194,-1185
2.51733,-11930,-10596,-9317,-8130,-7054,-6085,-5244,-4495,-3824,-3255,-2791,-2378,-2054,-1810,-1600,-1429,-1305,-1193,-1091,-1084,-1069,-1014,-1016,-995,-982,-970,-969
2.52800,-9499,-8425,-7434,-6479,-5621,-4835,-4170,-3574,-3045,-2577,-2209,-1880,-1629,-1428,-1265,-1112,-1016,-943,-827,-874,-822,-800,-789,-788,-786,-769,-750
2.53867,-7657,-6805,-5985,-5219,-4516,-3880,-3347,-2873,-2434,-2050,-1757,-1497,-1287,-1111,-998,-879,-779,-723,-637,-687,-639,-622,-602,-628,-604,-590,-595
2.54933,-6306,-5586,-4907,-4274,-3703,-3184,-2729,-2331,-1980,-1651,-1406,-1190,-1009,-886,-790,-700,-617,-578,-489,-539,-505,-498,-490,-483,-464,-458,-466
2.56000,-5265,-4704,-4101,-3586,-3086,-2661,-2269,-1951,-1641,-1365,-1166,-973,-836,-722,-626,-562,-501,-465,-385,-417,-402,-392,-392,-370,-367,-356,-371
2.57067,-4531,-4040,-3520,-3062,-2627,-2278,-1945,-1652,-1394,-1166,-981,-814,-707,-606,-525,-476,-398,-380,-326,-354,-331,-311,-333,-311,-318,-320,-313
2.58133,-3984,-3496,-3078,-2673,-2302,-1970,-1696,-1442,-1204,-996,-858,-708,-614,-517,-458,-412,-330,-323,-279,-315,-295,-275,-289,-274,-274,-283,-281
2.59200,-3527,-3129,-2735,-2385,-2032,-1747,-1510,-1289,-1072,-892,-762,-636,-545,-463,-407,-375,-309,-294,-238,-287,-257,-248,-254,-256,-253,-261,-262
2.60267,-3170,-2836,-2469,-2152,-1851,-1574,-1368,-1169,-963,-809,-697,-575,-500,-419,-374,-336,-286,-252,-227,-261,-253,-225,-227,-243,-251,-241,-234
2.61333,-2918,-2593,-2258,-1974,-1682,-1447,-1257,-1068,-886,-745,-636,-528,-452,-396,-331,-303,-258,-240,-207,-245,-241,-217,-238,-239,-230,-237,-215
2.62400,-2724,-2417,-2092,-1816,-1572,-1349,-1163,-994,-824,-686,-573,-503,-424,-368,-318,-293,-240,-234,-202,-236,-213,-216,-229,-226,-227,-224,-213
2.63467,-2500,-2237,-1946,-1701,-1459,-1240,-1079,-929,-779,-641,-560,-464,-410,-345,-311,-292,-223,-220,-189,-236,-200,-206,-223,-225,-228,-211,-240
2.64533,-2364,-2098,-1826,-1597,-1355,-1165,-1022,-863,-734,-605,-521,-448,-392,-351,-303,-282,-218,-231,-178,-250,-200,-210,-243,-229,-228,-211,-232
2.65600,-2212,-1969,-1709,-1498,-1277,-1107,-963,-834,-694,-575,-499,-429,-382,-337,-311,-270,-221,-223,-194,-245,-211,-209,-238,-233,-244,-223,-246
2.66667,-2083,-1866,-1639,-1402,-1203,-1050,-912,-791,-663,-559,-484,-425,-381,-331,-310,-276,-222,-229,-191,-244,-204,-210,-216,-238,-240,-221,-227
2.67733,-1959,-1766,-1562,-1329,-1153,-1004,-870,-763,-645,-539,-483,-420,-362,-325,-308,-282,-235,-221,-183,-238,-227,-223,-210,-234,-243,-217,-223
2.68800,-1867,-1688,-1473,-1275,-1094,-950,-834,-738,-625,-528,-468,-398,-368,-333,-296,-273,-252,-234,-184,-242,-227,-239,-229,-237,-244,-234,-223
2.69867,-1774,-1591,-1414,-1212,-1044,-917,-817,-718,-608,-520,-464,-403,-367,-333,-298,-281,-248,-246,-199,-244,-237,-250,-229,-243,-244,-255,-243
2.70933,-1687,-1518,-1321,-1164,-1012,-874,-790,-699,-603,-511,-466,-405,-370,-348,-314,-293,-248,-249,-214,-257,-229,-259,-251,-262,-259,-247,-253
2.72000,-1577,-1440,-1269,-1122,-965,-861,-768,-687,-600,-512,-481,-413,-387,-368,-349,-310,-285,-270,-251,-276,-266,-274,-275,-291,-286,-282,-283
2.73067,-1484,-1348,-1194,-1074,-955,-835,-759,-693,-605,-533,-491,-445,-420,-393,-364,-345,-318,-308,-282,-330,-307,-312,-306,-332,-318,-318,-316
2.74133,-1348,-1227,-1144,-1028,-920,-825,-759,-708,-622,-564,-533,-482,-480,-457,-431,-423,-387,-380,-352,-397,-376,-367,-383,-397,-390,-378,-377
2.75200,-1176,-1112,-1048,-946,-887,-818,-789,-744,-679,-623,-600,-571,-564,-551,-527,-505,-480,-491,-447,-510,-477,-471,-480,-490,-493,-483,-465
2.76267,-939,-932,-909,-870,-841,-810,-802,-780,-742,-713,-705,-679,-686,-656,-659,-628,-613,-628,-579,-640,-612,-604,-612,-619,-614,-621,-615
2.77333,-616,-677,-703,-744,-761,-774,-803,-835,-816,-800,-812,-812,-837,-814,-814,-810,-787,-799,-733,-812,-791,-794,-781,-794,-781,-785,-766
2.78400,-142,-324,-450,-549,-628,-702,-773,-847,-887,-896,-931,-964,-967,-989,-998,-991,-976,-988,-925,-999,-981,-973,-986,-992,-976,-975,-950
2.79467,487,181,-75,-256,-409,-563,-707,-828,-898,-961,-1040,-1076,-1119,-1147,-1186,-1168,-1159,-1178,-1134,-1187,-1183,-1168,-1181,-1163,-1157,-1168,-1144
2.80533,1240,805,458,122,-114,-358,-587,-766,-891,-982,-1097,-1167,-1247,-1275,-1328,-1340,-1350,-1355,-1321,-1373,-1353,-1356,-1359,-1349,-1321,-1330,-1335
2.81600,2160,1579,1090,632,268,-75,-389,-644,-828,-968,-1122,-1235,-1335,-1394,-1448,-1473,-1488,-1505,-1485,-1527,-1515,-1526,-1537,-1520,-1494,-1494,-1502
2.82667,3226,2467,1812,1249,731,291,-115,-459,-707,-927,-1120,-1251,-1397,-1492,-1559,-1587,-1611,-1626,-1604,-1666,-1668,-1675,-1667,-1649,-1643,-1636,-1632
2.83733,4444,3483,2680,1926,1274,724,208,-211,-542,-822,-1058,-1246,-1408,-1518,-1604,-1664,-1685,-1719,-1713,-1776,-1777,-1790,-1757,-1750,-1729,-1719,-1721
2.84800,5784,4602,3622,2733,1936,1244,649,132,-282,-627,-919,-1143,-1349,-1467,-1601,-1663,-1692,-1743,-1740,-1797,-1810,-1814,-1792,-1787,-1772,-1771,-1754
2.85867,7211,5856,4676,3659,2727,1913,1217,619,132,-279,-618,-897,-1117,-1277,-1419,-1510,-1548,-1603,-1602,-1678,-1677,-1689,-1670,-1667,-1630,-1646,-1628
2.86933,8577,7075,5778,4605,3575,2661,1864,1214,645,199,-188,-498,-733,-936,-1084,-1192,-1236,-1301,-1329,-1386,-1369,-1402,-1385,-1387,-1363,-1368,-1353
2.88000,9729,8104,6686,5419,4317,3342,2471,1748,1144,650,237,-102,-359,-574,-742,-866,-920,-989,-1001,-1071,-1078,-1081,-1075,-1096,-1088,-1075,-1058
2.89067,10617,8931,7436,6093,4930,3881,2952,2186,1551,1025,578,223,-50,-277,-461,-577,-660,-726,-754,-809,-822,-837,-848,-848,-856,-848,-838
2.90133,11402,9600,8030,6633,5430,4329,3349,2539,1886,1325,859,486,198,-47,-225,-356,-424,-503,-543,-607,-624,-640,-642,-651,-653,-644,-639
2.91200,12006,10159,8572,7105,5843,4710,3703,2858,2181,1612,1110,745,420,176,-7,-137,-218,-309,-320,-411,-440,-472,-452,-467,-454,-454,-462
2.92267,12544,10661,9003,7497,6220,5047,4040,3175,2462,1881,1379,994,680,414,231,75,-6,-85,-103,-187,-223,-243,-253,-243,-231,-246,-261
2.93333,12920,11027,9348,7844,6537,5377,4344,3470,2771,2178,1671,1276,951,704,515,348,257,194,158,66,50,14,20,13,19,-5,8
2.94400,13123,11242,9575,8106,6789,5647,4619,3749,3045,2453,1966,1559,1246,994,791,630,562,466,455,347,312,291,301,273,272,269,269
2.95467,13091,11283,9635,8212,6914,5785,4795,3942,3256,2679,2198,1806,1494,1262,1050,901,815,727,707,607,601,562,561,529,525,508,523
2.96533,12898,11121,9570,8161,6918,5850,4894,4078,3421,2855,2394,2026,1718,1482,1286,1133,1065,977,935,858,838,807,804,775,766,758,753
2.97600,12481,10800,9322,7989,6846,5816,4899,4123,3504,2981,2532,2191,1891,1662,1482,1369,1265,1169,1157,1057,1046,1019,1006,980,969,964,966
2.98667,11855,10321,8939,7691,6609,5668,4817,4084,3509,3029,2603,2270,2007,1794,1624,1481,1412,1336,1305,1212,1217,1200,1172,1138,1120,1126,1115
2.99733,11124,9692,8422,7288,6294,5413,4627,3967,3439,2970,2588,2271,2039,1860,1684,1553,1492,1407,1400,1293,1300,1288,1246,1229,1220,1222,1204
3.00800,10258,8961,7804,6775,5895,5076,4362,3764,3265,2866,2531,2228,2004,1834,1687,1571,1507,1442,1431,1328,1324,1316,1273,1251,1238,1252,1234
3.01867,9341,8170,7123,6223,5414,4685,4039,3499,3065,2702,2376,2132,1933,1773,1647,1536,1475,1416,1419,1321,1308,1286,1248,1231,1234,1231,1207
3.02933,8399,7340,6435,5632,4896,4261,3686,3202,2805,2498,2210,2004,1817,1656,1554,1461,1408,1351,1350,1253,1231,1231,1211,1189,1173,1185,1154
3.04000,7448,6560,5755,5045,4414,3841,3327,2908,2570,2297,2046,1846,1696,1568,1452,1382,1325,1284,1270,1194,1168,1175,1155,1141,1121,1128,1105
3.05067,6521,5779,5079,4471,3927,3445,3009,2653,2368,2123,1909,1730,1611,1496,1396,1336,1300,1257,1261,1174,1142,1149,1142,1118,1104,1089,1090
3.06133,5591,4978,4399,3882,3428,3041,2679,2377,2153,1959,1787,1651,1537,1445,1382,1305,1282,1254,1264,1182,1146,1142,1124,1100,1110,1110,1103
3.07200,4591,4109,3625,3241,2905,2582,2295,2071,1886,1734,1596,1497,1401,1315,1274,1219,1205,1176,1197,1125,1099,1092,1073,1058,1059,1034,1041
3.08267,3601,3227,2888,2579,2329,2091,1874,1693,1555,1454,1345,1270,1196,1130,1106,1055,1046,1027,1034,973,960,955,920,915,917,907,901
3.09333,2731,2453,2217,1993,1802,1629,1458,1345,1243,1153,1069,1022,975,922,903,852,861,834,852,807,782,791,758,760,747,743,740
3.10400,1989,1790,1622,1470,1352,1230,1103,998,940,885,828,790,762,723,701,675,686,660,694,617,630,607,597,593,598,589,571
3.11467,1389,1243,1124,1032,955,881,792,704,667,655,602,571,554,534,510,506,502,497,526,453,461,454,448,449,427,435,416
3.12533,908,812,734,673,637,581,518,466,458,435,404,391,373,366,356,345,352,349,376,304,308,322,291,300,293,306,272
3.13600,582,527,465,408,404,360,329,296,294,284,266,258,235,235,212,222,220,228,258,200,193,204,204,189,181,201,187
3.14667,387,312,281,240,245,234,185,176,175,174,164,163,146,149,123,121,137,159,182,106,117,112,114,90,109,119,120
3.15733,224,186,157,151,150,146,97,113,106,103,79,82,88,90,58,72,75,89,133,64,73,60,75,50,42,74,55
3.16800,141,110,94,83,87,75,59,49,64,68,46,62,50,53,38,23,55,63,101,31,35,34,30,10,12,29,25
3.17867,73,95,54,39,56,43,24,22,40,48,26,34,29,21,24,18,29,33,76,23,6,22,2,-5,-10,15,11
3.18933,56,47,19,33,43,36,14,7,15,13,22,29,17,20,17,3,37,18,44,26,-1,17,-6,2,-1,1,3
3.20000,41,19,4,22,8,20,5,-3,5,16,15,10,19,18,1,-2,29,12,64,16,3,10,-20,-13,10,7,-1
3.21067,18,5,-12,16,23,22,-3,-17,10,12,4,13,25,8,1,14,27,15,46,-2,-1,0,-13,-12,14,-20,-10
3.22133,3,10,-14,-8,1,18,-17,-7,-3,7,9,4,12,-3,-4,18,6,17,55,-5,-7,-5,-14,-15,3,1,-7
3.23200,-2,-23,-14,-2,-13,17,-12,-7,-10,5,11,10,9,-1,-4,12,12,25,51,-14,-8,8,-18,-34,9,-7,-1
3.24267,5,-22,-39,-26,-5,-8,-20,-17,-13,7,0,6,5,-8,-3,-2,2,14,47,-21,-7,-11,-30,-26,-6,-12,2
3.25333,-6,-38,-34,-32,4,-9,-27,-21,-7,-13,2,4,-10,-23,-17,16,14,18,46,-15,-8,-5,-3,-26,-10,-12,-5
3.26400,-22,-24,-35,-18,5,-1,-16,-16,-5,-7,-9,3,-4,-3,-24,-3,14,10,23,-25,-7,10,-3,-26,-9,-5,-18
3.27467,-7,-15,-32,-20,7,0,-19,-28,-7,10,-17,-4,-3,-7,-3,-5,-2,31,33,0,-8,-2,0,-15,-13,10,-5
3.28533,-14,-12,-47,-31,-16,10,-20,-30,-6,3,-17,2,-1,-6,-4,1,14,21,30,-11,1,-1,-7,-8,10,-7,0
3.29600,-24,-27,-27,-36,-20,2,-17,-27,-11,8,-7,0,1,0,-1,-2,15,22,36,-10,-4,-2,7,6,4,11,-4
3.30667,-41,-27,-42,-37,-10,-6,-18,-25,-1,-4,5,7,6,-3,-23,9,33,22,55,0,3,12,11,10,-3,18,15
3.31733,-11,-40,-28,-25,-12,-12,-24,-21,-22,3,-8,-4,-11,5,-11,13,21,20,55,-3,31,7,2,-11,9,16,6
3.32800,-11,-31,-40,-35,-17,-6,-37,-17,-21,-1,-6,-4,-8,-2,12,12,16,26,48,-10,17,13,5,-22,9,10,12
3.33867,-46,-20,-34,-36,-28,-16,-25,-23,-17,10,-6,-2,-7,2,1,10,12,14,42,-6,16,15,0,-11,-2,8,3
3.34933,-59,-61,-51,-20,-29,-6,-27,-20,-33,17,-13,-13,-7,-8,-4,4,16,15,51,-12,-5,15,-1,-12,6,-8,0
3.36000,-52,-60,-47,-27,-21,-15,-31,-27,-23,0,-12,-7,-6,-3,-10,9,0,10,55,-14,-19,-4,-15,-17,-11,-12,-3
3.37067,-62,-44,-53,-43,-26,-16,-42,-32,-22,-7,-14,-5,-13,-14,-27,-12,-13,-1,33,-12,-19,-18,-5,-20,-4,-14,-10
3.38133,-71,-51,-63,-61,-31,-11,-50,-42,-26,-1,-11,-9,-16,-17,-17,-4,-8,-3,17,-3,-25,-1,-14,-16,-22,-6,-1
3.39200,-78,-54,-56,-65,-35,-36,-51,-40,-26,-13,-12,-16,-13,-12,-31,-18,-1,-3,24,-25,-20,3,-6,-18,-35,-15,-23
3.40267,-78,-64,-53,-67,-28,-32,-38,-32,-43,-14,-15,-8,-24,-22,-13,-11,2,-14,35,-35,-19,-2,-22,-23,-33,-17,-26
3.41333,-70,-61,-55,-54,-38,-35,-43,-35,-37,-19,-30,-4,-21,-21,3,-19,11,-12,39,-20,-9,-10,-21,-15,-30,-11,-30
3.42400,-65,-84,-82,-54,-46,-44,-56,-38,-53,-23,-24,-7,-16,0,-10,-9,8,1,34,-13,-6,-30,-22,-19,-23,-15,-27
3.43467,-61,-68,-88,-52,-51,-29,-42,-41,-42,-5,-23,-17,-4,-15,-28,-18,7,-13,33,-32,-2,-23,-7,-35,-26,-22,-27
3.44533,-76,-71,-84,-40,-44,-22,-54,-39,-38,-14,-24,-10,-16,-11,-19,4,-11,-7,10,-28,-14,-28,-16,-21,-18,-10,-39
3.45600,-69,-76,-91,-47,-51,-29,-43,-40,-41,-15,-33,-18,-14,-13,-21,-7,-15,2,25,-15,-21,-32,-16,-31,-30,-19,-34
3.46667,-72,-67,-86,-47,-55,-22,-45,-47,-33,-16,-29,-15,-21,-25,-29,-29,-9,0,33,-8,-21,-33,-9,-40,-32,-18,-18
3.47733,-57,-108,-79,-53,-53,-31,-54,-50,-43,-21,-35,-30,-17,-22,-30,-22,-5,-7,26,-12,-26,-20,-19,-43,-14,-34,-24
3.48800,-56,-87,-85,-59,-44,-35,-50,-58,-42,-30,-28,-20,-15,-11,-18,-19,-14,-9,18,-30,-32,-21,-15,-49,-24,-18,-23
3.49867,-64,-95,-70,-55,-58,-40,-66,-62,-50,-29,-35,-26,-11,-17,-13,-18,-11,-6,28,-16,-48,-27,-26,-50,-19,-14,-28
3.50933,-68,-103,-75,-57,-52,-40,-57,-60,-41,-33,-26,-28,-16,-22,-26,-22,-14,-18,27,-18,-33,-35,-26,-48,-25,-10,-48
3.52000,-95,-88,-82,-54,-46,-46,-57,-55,-46,-33,-35,-37,-20,-14,-25,-27,4,-9,18,-26,-22,-34,-25,-37,-19,-21,-27
3.53067,-79,-79,-80,-60,-52,-48,-57,-56,-44,-20,-26,-28,-27,-26,-19,-21,-6,-2,5,-47,-9,-15,-27,-29,-24,-47,-30
3.54133,-60,-93,-68,-63,-54,-47,-58,-61,-27,-19,-31,-23,-18,-16,-33,-43,-19,-6,19,-37,-27,-21,-35,-33,-31,-38,-16
3.55200,-57,-91,-89,-62,-50,-57,-62,-54,-25,-20,-23,-21,-16,-21,-34,-29,-12,-2,27,-32,-20,-14,-41,-45,-23,-33,-25
3.56267,-78,-91,-79,-59,-46,-33,-56,-45,-33,-15,-31,-16,-18,-31,-33,-23,-18,-7,27,-33,-21,-32,-39,-29,-32,-36,-20
3.57333,-84,-103,-67,-74,-55,-41,-55,-36,-40,-17,-39,-18,-17,-24,-27,-9,-3,2,18,-19,-10,-38,-39,-43,-28,-36,-21
3.58400,-70,-82,-86,-40,-25,-50,-58,-42,-44,-29,-26,-20,-22,-27,-24,-25,7,1,13,-40,-32,-25,-24,-37,-46,-38,-38
3.59467,-55,-79,-76,-51,-29,-44,-51,-47,-37,-29,-27,-12,-6,-24,-29,-30,9,-18,18,-40,-37,-18,-28,-45,-53,-22,-20
3.60533,-68,-70,-63,-61,-35,-26,-52,-41,-34,-23,-25,-8,-13,-22,-24,-16,9,8,22,-34,-31,-40,-22,-48,-27,-27,-29
3.61600,-51,-77,-48,-53,-18,-35,-59,-43,-30,-22,-22,-10,-18,-26,-34,-21,-6,8,20,-17,-23,-26,-17,-40,-15,-44,-39
3.62667,-57,-63,-48,-53,-28,-18,-55,-48,-29,-29,-20,-16,-16,-26,-33,-14,-13,-13,17,-27,-17,-10,-23,-38,-14,-27,-27
3.63733,-43,-65,-47,-52,-25,-24,-46,-37,-32,-25,-29,-17,-25,-28,-21,-9,-6,-6,11,-12,-11,-7,-27,-34,-48,-28,-36
3.64800,-53,-86,-48,-47,-30,-18,-46,-26,-27,-20,-26,-20,-22,-17,-26,-15,-17,-15,28,-22,-15,-5,-30,-48,-41,-11,-34
3.65867,-49,-95,-48,-51,-32,-34,-48,-35,-24,-20,-26,-13,-7,-20,-32,-5,-8,1,41,-25,-19,-17,-32,-44,-33,-26,-26
3.66933,-60,-52,-54,-39,-26,-36,-47,-38,-39,-10,-21,-19,-4,-11,-19,-11,-16,10,37,-30,-8,-25,-19,-35,-26,-22,-25
3.68000,-43,-50,-50,-42,-29,-28,-39,-21,-24,-7,-9,-9,-14,-20,-16,-12,-13,6,28,-20,-1,-33,-27,-34,-27,1,-24
3.69067,-78,-72,-53,-32,-39,-18,-35,-29,-30,-1,-25,-4,-17,-17,-25,-12,-4,7,27,-28,-19,-25,-34,-31,-20,-28,-17
3.70133,-86,-84,-47,-54,-37,-25,-31,-34,-25,-8,-18,-5,-8,-5,-13,-13,13,1,31,-30,-12,-17,-31,-34,-21,-33,-26
3.71200,-52,-54,-51,-57,-22,-34,-34,-42,-35,-8,-17,-6,-5,-15,-14,-6,2,-4,34,-32,-22,-9,-7,-35,-31,-25,-25
3.72267,-32,-53,-50,-42,-23,-18,-30,-30,-22,-17,-22,-18,-3,-19,-12,-8,-1,-6,20,-35,-24,-7,-16,-45,-20,-27,-24
3.73333,-59,-42,-66,-40,-19,-26,-44,-37,-27,-7,-15,-6,-5,-4,-8,-5,8,-9,31,-23,-28,-12,-21,-33,-26,-11,-21
3.74400,-71,-37,-66,-40,-20,-22,-41,-41,-27,-3,-9,-5,2,-11,-11,-10,-5,0,32,-16,-15,-25,-12,-50,-18,-13,-32
3.75467,-32,-46,-54,-43,-16,-12,-51,-27,-8,-8,-9,-4,-4,-8,-13,-6,7,-5,31,-32,-4,-21,-13,-30,-19,-12,-19
3.76533,-50,-73,-57,-29,-26,-11,-41,-32,-23,-16,-11,-3,-3,-6,-20,-6,1,8,34,-29,-3,-13,-19,-24,-29,-25,-36
3.77600,-53,-55,-53,-38,-12,-16,-48,-39,-14,-2,-18,4,-12,-8,-14,-19,2,4,41,-30,-4,-19,-18,-25,-25,-21,-35
3.78667,-38,-36,-52,-37,-30,-24,-52,-30,-25,-12,-16,-1,-19,-17,-13,-14,11,8,27,-21,-1,-16,-17,-25,-24,-14,-35
3.79733,-51,-43,-56,-41,-45,-32,-40,-40,-24,-19,-17,-4,-16,-1,-16,-26,18,14,23,-22,4,-6,-17,-33,-32,-5,-10
3.80800,-70,-56,-52,-41,-30,-23,-43,-31,-13,-14,-9,-7,-4,-13,-7,-6,19,6,25,-25,-11,-13,-15,-33,-27,-10,-29
3.81867,-70,-60,-79,-56,-37,-21,-40,-38,-21,-2,-21,-6,-3,-11,-11,-9,15,18,19,-30,-26,-24,-12,-25,-22,-4,-26
3.82933,-61,-52,-63,-43,-38,-16,-49,-39,-23,-12,-17,-6,-10,-3,-5,-12,21,16,13,-26,-30,-4,-8,-30,-32,-8,-29
3.84000,-45,-78,-56,-65,-34,-21,-40,-37,-35,-10,-10,-7,-12,-8,-6,-20,12,13,23,-33,-6,-4,-26,-30,-6,-15,-28
3.85067,-70,-76,-45,-46,-29,-22,-50,-31,-33,-4,-8,3,-13,2,-12,-23,6,5,25,-21,-18,-13,-19,-32,-10,-26,-33
3.86133,-49,-61,-49,-51,-17,-22,-49,-41,-20,-17,-16,-5,-6,-5,-8,-7,17,-2,19,-28,-33,-9,-30,-26,-5,-27,-15
3.87200,-64,-68,-49,-43,-19,-31,-39,-36,-24,-16,-13,-6,1,-5,8,2,14,8,28,-22,-22,-9,-27,-18,-11,-35,-9
3.88267,-62,-70,-50,-44,-22,-31,-38,-30,-21,-3,-2,-3,2,-5,-17,7,14,10,36,-18,-5,-18,-29,-17,-6,-29,-17
3.89333,-44,-84,-73,-48,-26,-22,-48,-32,-19,2,-13,-5,2,-1,-10,-5,18,3,26,-23,13,-10,-14,-35,-9,-20,-9
3.90400,-43,-76,-59,-46,-26,-18,-34,-14,-10,12,0,3,3,-9,1,-10,6,18,28,-12,-7,2,-8,-15,-15,-18,-8
3.91467,-68,-75,-60,-52,-28,-14,-34,-21,-21,3,-5,5,-8,-7,-6,-10,25,33,29,-19,-21,1,-10,-25,-20,-8,-15
3.92533,-35,-63,-47,-57,-22,-14,-41,-34,-8,-6,-1,14,-3,1,-14,-9,26,22,38,-7,5,2,-20,-30,-19,-20,-4
3.93600,-67,-60,-61,-59,-26,-28,-43,-40,-6,2,-3,5,0,-6,-6,-16,5,3,34,-4,-8,-2,-11,-21,-21,-15,-14
3.94667,-58,-58,-55,-36,-21,-30,-53,-44,-25,4,3,-5,0,-9,-8,-2,9,6,29,-16,-1,-10,-7,-24,-15,-30,-34
3.95733,-64,-74,-46,-43,-44,-33,-52,-42,-17,-2,-11,-5,-4,-7,-32,-2,12,13,26,-21,7,-20,-30,-25,-16,-35,-38
3.96800,-65,-84,-71,-40,-26,-42,-31,-34,-38,12,-5,4,0,-3,-23,-6,-1,21,34,-4,-4,-6,-35,-26,-20,-28,-43
3.97867,-76,-77,-75,-53,-25,-25,-44,-32,-29,6,-10,-5,-8,-9,-13,-13,-2,-4,30,-21,-9,7,-36,-22,-15,-30,-24
3.98933,-50,-64,-72,-50,-47,-32,-35,-45,-23,-6,-19,-3,-13,-9,-9,-24,4,13,31,-29,6,-2,-20,-34,-6,-27,-20
4.00000,-60,-55,-61,-31,-30,-26,-25,-38,-22,0,-11,-10,-8,8,-7,-20,10,20,31,-29,-2,4,-30,-22,-14,-12,-16
4.01067,-20,-5,-57,-28,-32,-27,-21,-42,-25,7,-14,0,-17,6,2,0,5,28,60,-19,-3,-6,-35,-26,-28,-25,-10
4.02133,-44,-37,-54,-37,-22,-33,-27,-45,-21,-4,-8,5,-6,12,1,6,4,18,46,-24,13,-19,-14,-17,-28,-26,-27
4.03200,-45,-37,-56,-18,-14,-21,-37,-38,-26,-8,-17,-13,12,10,5,0,-1,6,34,-17,1,-21,-17,-33,-28,-15,-21
4.04267,-42,-33,-46,-32,-15,-12,-20,-29,-27,-2,-14,-5,-4,4,-20,-5,4,0,39,-11,-22,-9,-11,-30,-31,-15,-36
4.05333,-20,-50,-49,-36,-19,-10,-32,-38,-11,-11,-10,6,8,3,-14,-3,8,1,44,-17,-18,-11,-9,-6,-31,-23,-43
4.06400,-25,-43,-56,-31,-10,-16,-38,-37,-19,0,-6,11,4,-8,-24,-1,6,-4,41,-1,0,-4,-19,-16,-19,-21,-29
4.07467,-27,-73,-58,-32,-21,-19,-25,-35,-31,-6,-3,6,-10,-5,-11,-6,-1,-6,51,-17,-7,-13,-24,-21,-29,-31,-27
4.08533,-33,-68,-42,-31,-39,-12,-35,-37,-24,-11,-8,11,-5,-11,-16,-5,2,26,22,-24,-16,-5,-16,-5,-33,-29,-15
4.09600,-39,-71,-40,-21,-35,-12,-32,-38,-22,-4,-8,0,-2,0,-7,-17,-1,24,18,-23,-20,-13,-20,-22,-37,-27,-19
4.10667,-32,-69,-36,-26,-27,-10,-22,-23,-18,0,-14,5,0,-1,-12,-5,-9,26,38,-17,-13,-14,-13,-19,-12,-4,-13
4.11733,-46,-45,-36,-28,-20,-11,-10,-28,-16,-2,-10,-3,-7,8,-20,-1,-4,22,39,-14,-13,-3,-27,-37,-13,-11,-11
4.12800,-23,-48,-48,-33,-24,1,-9,-22,-12,-7,-6,-5,-11,2,-11,-12,-2,15,34,-16,-25,-3,-9,-25,-11,0,-1
4.13867,-17,-61,-51,-28,-42,-3,-12,-31,-2,-15,-20,0,-8,-14,-10,1,8,7,33,-14,-15,-18,4,-23,-20,-17,1
4.14933,-16,-60,-48,-46,-15,-9,-17,-25,-19,0,-15,2,-5,-11,-6,2,5,-4,49,-16,-28,-11,0,-24,-9,-23,-28
4.16000,-28,-58,-54,-28,-17,-9,-26,-28,-8,-1,-14,-6,-15,-16,-22,-9,11,21,49,-24,-18,-13,-1,-32,-22,-9,-13
4.17067,-33,-46,-30,-20,-21,-6,-15,-33,-12,16,-8,-8,-20,3,-28,-19,-1,17,23,-27,-16,-23,-11,-40,-26,-5,-14
4.18133,-22,-24,-51,-38,-12,-8,-27,-26,-17,3,-5,-2,-17,4,-21,-11,5,7,23,-34,-4,-14,-5,-23,-10,-3,-12
4.19200,-20,-48,-54,-40,-11,-28,-27,-26,-1,5,-18,-6,-14,1,-10,-1,15,7,35,-33,-1,-24,4,-21,-9,1,-16
4.20267,-42,-55,-52,-35,-13,-27,-20,-27,-14,0,-10,-3,-4,-12,-14,-2,10,11,25,-30,-11,-31,-9,-35,-13,-7,-27
4.21333,-41,-45,-30,-39,-19,-28,-18,-27,-19,-1,-2,-5,-22,-6,-15,-7,10,5,23,-32,-11,-16,-13,-35,-15,9,-23
4.22400,-60,-48,-48,-47,-30,-27,-20,-29,-5,2,-8,-8,6,-16,-16,-2,5,11,32,-37,-14,-10,-21,-26,-27,-6,-14
4.23467,-28,-55,-58,-34,-18,-25,-17,-22,-19,5,-7,-5,7,-6,-22,-3,15,-2,34,-23,-8,7,-15,-38,-8,-1,-13
4.24533,-58,-65,-51,-41,2,-21,-27,-34,-17,5,-6,-2,3,1,-17,-13,7,21,50,-16,-11,-11,-12,-30,0,-12,-11
4.25600,-26,-57,-40,-43,-4,-4,-27,-38,-25,-7,-12,0,-6,-13,0,-19,4,3,39,-6,-24,-13,-9,-35,-19,-29,-27
4.26667,-33,-36,-40,-28,-34,-16,-28,-31,-14,-5,-12,2,-14,-18,10,-10,-4,13,45,-14,-14,-15,8,-31,-13,-25,-22
4.27733,-16,-56,-34,-17,-20,-14,-24,-16,-22,-6,-10,0,-13,-27,3,1,4,11,31,1,-15,-16,-9,-26,-15,-23,-24
4.28800,-51,-44,-15,-23,-3,-11,-23,-31,-16,7,-12,2,-17,-14,-9,-7,-2,16,28,-2,-2,-8,-5,-39,-23,-4,-10
4.29867,-19,-49,-39,-40,1,-16,-19,-19,-12,11,-1,-4,5,-1,3,-5,-10,-10,36,-11,-4,-15,-2,-32,-6,-16,-16
4.30933,-21,-61,-23,-32,-3,-10,-20,-14,-15,1,-11,2,2,-5,0,-13,7,4,39,-19,-23,-15,-9,-35,-13,-23,-12
4.32000,-14,-59,-31,-20,-5,0,-26,-13,-20,2,-6,7,1,-7,-9,-6,7,21,35,-27,-35,7,-19,-28,-15,-14,2
4.33067,-37,-51,-26,-23,-16,-2,-20,-20,-9,3,-12,7,-5,-14,-13,4,13,11,24,-25,-31,-12,-20,-11,-25,-21,-7
4.34133,-11,-37,-44,-36,-30,-10,-16,-20,8,8,-16,10,-11,-26,-24,2,2,3,33,-11,-28,-29,-21,-15,-12,-18,-14
4.35200,-29,-50,-47,-39,-13,-9,-33,-17,1,6,-13,13,-15,-22,-19,-3,6,-3,36,-9,-15,-23,-27,-19,-17,-24,-16
4.36267,-12,-20,-50,-20,-16,-9,-24,-22,3,1,-13,1,0,-8,-7,-15,19,-7,52,-9,-27,-17,-24,-16,-18,-33,-28
4.37333,-27,-16,-65,-31,-16,-3,-11,-28,-22,4,-12,2,-4,-3,-2,10,10,17,40,-17,-7,-10,-8,-27,-29,-36,-26
4.38400,-33,-43,-44,-30,-12,-26,-31,-23,-14,19,-27,0,3,-13,-8,5,10,7,44,-10,3,-29,-10,-17,-40,-9,-20
4.39467,-29,-42,-53,-58,-23,-25,-20,-34,-9,11,-17,2,-1,-2,-13,-3,19,19,45,-18,-8,-21,16,-34,-29,-26,-25
4.40533,-28,-51,-55,-52,-4,-14,-16,-38,-18,12,-16,-6,1,-8,-13,-9,15,10,47,-18,-5,-3,-5,-31,-27,-10,-28
4.41600,-36,-51,-59,-43,-15,-17,-26,-30,-28,5,-10,6,-2,-14,-6,-12,21,3,40,-20,-19,-8,-19,-14,-43,-20,-34
4.42667,-12,-52,-65,-31,-19,-14,-34,-29,-16,10,5,0,-2,-2,-7,4,5,1,34,-13,-6,-10,-33,-5,-36,-13,-16
4.43733,-28,-67,-66,-17,-12,-15,-37,-36,-12,1,1,-14,1,-8,-13,17,18,3,40,-14,-21,-7,-8,-15,-22,0,-11
4.44800,-57,-90,-60,-28,-22,-10,-25,-35,-16,4,-16,-2,-16,8,-16,-6,5,5,56,-21,-22,-3,-4,-28,-37,-3,-27
4.45867,-43,-76,-72,-42,-24,-23,-37,-31,-17,1,-10,-1,-3,6,-9,-6,-9,7,57,-20,-11,-11,-17,-31,-25,-13,-23
4.46933,-47,-67,-67,-42,-19,-18,-29,-31,-18,-2,-6,4,-17,-2,-13,-5,9,17,47,-21,-8,-18,-16,-26,-22,-23,-29
4.48000,-38,-84,-71,-35,-29,-12,-38,-25,-18,-3,-11,8,1,-1,-18,-15,16,15,34,-20,-20,-23,-19,-44,-12,-29,-13
4.49067,-38,-85,-50,-40,-23,-18,-37,-22,-19,6,-4,11,-8,-4,-16,-28,-6,-1,23,-18,-11,-27,-19,-25,0,-28,-33
4.50133,-48,-66,-57,-50,-31,-7,-31,-20,-16,-7,-1,-2,-2,2,-21,-26,1,-1,12,-18,15,-20,-25,-25,6,-9,-22
4.51200,-42,-60,-58,-53,-9,-13,-23,-25,-18,-2,-9,-3,-3,1,-30,-21,0,0,22,-9,11,-8,-21,-14,-8,-23,-21
4.52267,-38,-31,-62,-43,-13,-2,-22,-28,-17,-3,-5,-12,-3,2,-25,-28,-4,8,28,-5,-15,1,-16,-12,-12,-6,-13
4.53333,-12,-48,-37,-36,-9,5,-32,-29,-18,3,-3,-3,-1,1,-16,-9,17,-2,35,-15,-17,-7,-22,-27,-8,-37,-19
4.54400,-45,-47,-34,-33,-14,-2,-23,-34,-15,2,6,-1,14,-2,-13,11,15,15,28,-17,-21,-10,-9,-38,-19,-32,-13
4.55467,-14,-27,-45,-39,-10,-11,-12,-23,-25,-2,-7,3,-1,-6,-19,3,11,21,18,-14,-6,-18,-16,-22,-32,-19,-22
4.56533,-9,-40,-42,-40,-9,-21,-26,-11,-14,3,-4,-1,-3,8,-12,-11,6,11,22,-14,-21,-17,-12,-19,-35,-21,-11
4.57600,-39,-49,-44,-32,-3,-12,-11,-14,-13,-1,0,-9,-11,6,-11,-10,7,18,30,-7,-23,-4,-7,-25,-25,-8,-23
4.58667,-54,-36,-44,-23,-4,-14,-23,-26,-13,-13,-3,-5,-1,0,-7,-16,15,22,28,-19,-6,-7,-16,-11,-16,-19,-13
4.59733,-45,-27,-50,-29,-23,-17,-27,-29,-22,-2,-2,7,0,2,-23,-12,6,26,33,-20,-12,-4,-17,-13,-14,-22,-22
4.60800,-38,-27,-39,-32,-5,-17,-25,-45,-24,9,-7,-8,-2,-5,-7,0,12,28,41,-13,-13,6,-21,-34,-24,-14,-12
4.61867,-32,-41,-34,-34,-3,-12,-20,-40,-12,6,-6,8,0,-6,-18,0,23,12,41,-4,0,1,-16,-20,-32,-12,-13
4.62933,-22,-35,-51,-32,-20,-15,-20,-26,-20,-6,6,5,-1,-6,-12,-1,25,8,39,-3,-10,4,-1,-36,-24,-6,-8
4.64000,-18,-46,-23,-42,3,2,-16,-16,-25,4,6,7,9,4,-18,5,8,26,58,19,-3,12,-2,-17,1,2,-10
4.65067,-23,-55,-25,-43,-6,-3,-23,-18,-17,13,10,6,10,5,-14,10,10,30,50,-8,-9,7,-16,-15,-7,-1,-9
4.66133,-33,-18,-28,-50,4,1,-14,-10,-9,7,13,24,-1,13,-4,10,6,4,39,6,15,2,6,-5,-11,2,24
4.67200,-28,-28,-19,-32,-9,5,-9,-15,-3,17,4,22,-1,14,5,5,21,19,46,3,23,8,13,-8,-2,16,34
4.68267,-26,-20,-13,-27,-5,9,-21,-8,2,20,15,10,-7,11,2,25,32,21,74,11,25,25,34,-13,19,33,35
4.69333,-23,-43,-15,-17,10,-7,-14,-6,7,22,13,22,11,22,3,11,34,25,85,11,50,34,24,24,43,40,51
4.70400,-14,-14,-18,-7,6,-2,-13,-4,5,34,2,17,19,19,11,27,39,40,83,15,53,44,29,24,52,48,48
4.71467,-2,-15,6,-8,14,-4,-14,-4,13,21,9,11,23,16,6,24,43,25,78,18,31,51,32,28,42,35,56
4.72533,-27,-19,-1,-5,9,-9,-19,3,9,25,19,15,25,19,17,15,34,43,71,30,40,33,33,30,42,34,57
4.73600,-3,-41,1,-11,-8,6,-15,-8,1,33,11,24,12,14,7,20,19,30,63,20,30,21,25,16,40,49,51
4.74667,-11,-8,-10,-21,14,5,-17,-7,5,30,5,4,23,23,5,13,33,21,69,25,23,29,33,1,31,32,42
4.75733,6,-18,-25,-26,12,13,-20,-1,6,21,7,18,14,10,-1,-2,18,24,71,23,26,6,7,-2,10,25,20
4.76800,-7,-49,-54,-24,1,-4,-23,-5,-11,9,-2,7,15,9,12,-11,26,20,59,3,21,10,-2,-12,-4,-1,12
4.77867,-14,-47,-43,-22,-12,-18,-21,-13,2,1,-4,3,15,7,-11,-3,30,17,51,-21,-4,-4,-7,-27,-12,-4,-9
4.78933,-5,-42,-44,-33,-2,-23,-24,-32,-2,4,-4,13,4,4,-6,12,29,2,48,-14,-16,-15,-11,-18,-26,-21,-12
4.80000,-44,-67,-49,-31,-13,-17,-25,-12,-15,6,-9,17,-1,-4,-8,4,28,7,33,-20,-13,-13,-7,-20,-24,-14,-20
4.81067,-43,-44,-30,-26,-24,-9,-28,-30,-13,14,-7,17,14,-15,8,5,19,3,52,-16,-14,-2,-16,-26,-27,-23,-27
4.82133,-31,-47,-36,-26,-15,-17,-19,-13,-10,15,17,6,12,-11,10,0,18,-1,29,-9,-14,1,-13,-15,-25,-15,-30
4.83200,-50,-59,-35,-29,-14,-12,-29,-12,2,11,11,2,17,-2,5,-7,20,10,33,-26,-20,2,-20,-26,-26,-30,-30
4.84267,-53,-61,-39,-48,-33,-11,-31,-22,-15,2,3,1,4,1,7,-13,7,12,40,-11,-16,-15,-16,-23,-17,-34,-23
4.85333,-20,-48,-33,-29,-27,-16,-31,-28,-15,6,9,-1,5,11,5,-3,10,7,41,-11,-14,-2,-5,-26,-34,-20,-21
4.86400,-32,-36,-49,-29,-11,-5,-14,-20,-12,9,1,9,8,-3,14,-6,10,14,31,-18,-26,-3,0,-25,-36,-24,-28
4.87467,-34,-46,-37,-13,5,-11,-23,-13,-18,19,12,12,6,10,4,9,22,27,37,-25,-15,-9,-11,-19,-46,-33,-27
4.88533,-26,-38,-34,-9,3,-20,-27,-18,-8,9,3,10,-2,5,-3,8,7,26,40,-10,-13,-14,-22,-25,-29,-31,-28
4.89600,-18,-29,-25,-18,-1,4,-15,-9,-6,19,9,19,13,22,-13,3,-1,22,33,-13,-16,-15,-22,-25,-31,-26,-9
4.90667,-24,-17,-11,-19,7,5,-4,0,7,11,10,17,21,13,-4,3,-1,20,38,13,-16,-6,-12,-19,-17,-11,-15
4.91733,-31,-19,-8,-20,22,2,-13,-1,-1,16,-3,25,14,2,1,11,11,6,58,-4,-14,-10,-4,-23,-16,-10,-12
4.92800,-41,-31,-25,-13,11,-3,-15,-15,7,25,4,16,9,-7,7,5,20,12,47,-11,-16,-18,1,-19,-6,-18,-14
4.93867,-8,-33,-31,-7,-1,8,-21,-3,13,16,13,16,14,4,1,-5,25,13,47,-14,-13,-10,5,-19,-3,-20,-28
4.94933,-8,-29,-15,-7,14,0,-13,8,10,23,-2,19,3,-1,8,0,25,15,49,-4,6,1,-2,-19,-12,-32,-14
4.96000,-19,-45,-17,0,9,-11,-11,-2,4,14,2,16,4,15,0,-3,13,12,46,-15,2,-5,-21,-20,-23,-21,-18
4.97067,-40,-18,-21,-5,-1,-4,-11,-18,-6,7,-6,22,7,13,-2,5,19,14,39,-16,-2,-11,-29,-27,-15,-35,-7
4.98133,-32,-23,-45,-20,-10,1,-12,-19,6,15,7,18,12,12,0,-2,4,9,38,-14,7,-2,-3,-23,-8,-12,-6
4.99200,-22,-38,-31,-9,-1,11,-14,-22,5,10,10,9,13,5,5,-7,9,8,33,-17,-2,-11,-12,-5,-8,-14,-18
5.00267,-10,-36,-40,-2,-17,2,-6,-21,2,14,9,16,20,5,-4,-7,20,14,35,-7,5,-11,-16,-17,-37,-17,-14
5.01333,-15,-25,-37,7,-12,-5,-15,-14,0,22,11,21,23,4,20,-7,28,21,33,-9,-15,-10,-19,-14,-35,-17,-18
5.02400,-10,-36,-30,-17,-4,-8,-14,-6,-2,16,3,17,12,4,3,-7,16,32,29,-18,-13,-8,3,-21,-17,-11,-22
5.03467,-33,-47,-46,-15,-6,8,-5,-17,3,8,4,12,10,10,-4,-1,7,23,30,-18,-16,4,-7,-22,-13,-12,-18
5.04533,-40,-23,-44,-11,5,-2,-8,-17,0,-2,12,16,11,18,-6,-4,19,23,46,-4,1,4,-24,-13,-20,-7,-25
5.05600,-20,-30,-28,-14,13,0,-28,-9,-5,6,2,10,21,1,-14,10,21,26,37,-20,-4,6,-20,-13,-11,-15,-5
5.06667,-31,-28,-28,-16,7,5,-21,-21,-16,9,10,6,6,-1,-14,-6,19,22,52,-8,2,1,-27,-29,-7,-11,-18
5.07733,-33,-38,-38,-29,4,-12,-13,-14,-3,14,4,8,19,-1,-15,-9,16,16,37,-18,-1,-8,-28,-15,-20,-19,-25
5.08800,-40,-35,-38,-30,-13,-15,-11,-30,2,5,5,8,-2,7,-15,-6,16,6,27,-23,-9,-4,-12,-18,-15,-23,-27
5.09867,-30,-42,-47,-24,-5,-10,-12,-22,-3,11,-7,2,7,10,-17,2,8,13,37,-31,-10,-5,-27,-33,-17,-3,-23
5.10933,-32,-52,-53,-19,-2,-15,-20,-19,-8,12,2,1,12,3,-7,2,-6,-2,47,-25,1,-6,-29,-28,-19,-8,-15
5.12000,-28,-45,-50,-15,-7,-16,-19,-23,-8,1,-6,14,3,8,0,3,6,-1,54,-22,-9,-10,-8,-32,-33,-17,-13
5.13067,-15,-51,-44,-10,-6,-2,-21,-23,-9,13,-4,16,0,5,-12,0,1,9,56,-24,-15,-6,-11,-34,-17,-24,-21
5.14133,-30,-49,-46,-26,-15,-15,-21,-17,-9,9,-5,4,1,-2,-3,3,2,1,46,-26,-15,-5,-10,-38,-24,-26,-34
5.15200,-33,-32,-43,-1,-27,2,-22,-22,2,11,-8,2,6,-7,-8,7,4,6,48,-27,-4,-6,-1,-30,-17,-19,-38
5.16267,-35,-27,-32,-4,-5,-3,-13,-26,0,15,12,9,-1,5,0,1,2,-9,50,-34,-14,-8,-5,-28,0,-29,-24
5.17333,-7,-15,-33,-1,-1,-4,-15,-20,1,8,6,-3,3,1,-21,5,-1,7,28,-29,-15,-5,-24,-21,-14,-19,-32
5.18400,3,-22,-22,-8,-13,2,-19,-5,-5,16,1,0,-8,-9,-2,-16,-1,3,43,-19,-11,1,-10,-10,-27,-20,-3
5.19467,-17,-21,-18,-12,-23,6,-17,-20,-14,-7,3,3,-9,-12,-10,-23,-5,7,31,-21,2,-5,-17,-15,-32,-9,-18
5.20533,-21,-16,-28,-14,-11,-2,-23,-23,-18,6,-10,12,-8,-11,-2,-17,4,19,24,-16,-3,-7,-7,-26,-36,-11,-19
5.21600,-16,-28,-30,-2,-9,0,-22,-13,-18,5,-1,-2,-10,-10,-16,-18,-5,9,25,-7,-11,-3,-7,-25,-22,-16,-28
5.22667,-10,-35,-33,3,-18,12,-21,-21,-11,-4,-10,3,-14,-14,-23,-20,-10,11,39,-27,-10,-12,-25,-37,-30,-24,-27
5.23733,15,-20,-30,6,3,6,-19,-25,-1,-7,-9,1,-8,-18,-27,-20,2,5,29,-31,-15,-19,-12,-19,-30,-22,-12
5.24800,18,-24,-33,-5,-5,13,-24,-14,-8,3,-12,-3,-4,-13,-28,-16,1,7,47,-33,-13,-36,-16,-29,-27,-16,-9
5.25867,15,-27,-33,-8,-3,17,-22,-10,-17,-3,-12,0,-8,-21,-20,-1,-2,-11,38,-26,-8,-26,-15,-28,-17,-20,-15
5.26933,-7,-35,-16,-16,0,5,-24,-7,-15,-4,-3,2,6,3,-13,-11,9,-7,32,-21,-9,-14,-21,-33,-23,-23,-24
5.28000,-18,-35,-14,-17,0,17,-22,-13,-14,10,1,4,-6,-5,-19,-1,2,-4,39,-29,-16,-12,-15,-29,-7,-20,-39
5.29067,-17,-46,-1,-13,2,9,-9,-22,-7,6,-13,-1,0,-2,-12,-15,-3,11,46,-26,-16,-6,-4,-30,-16,-21,-31
5.30133,-17,-34,-12,-12,-2,3,-12,-18,-3,-4,-14,11,13,-2,-29,-15,-2,18,23,-31,-26,-9,-23,-25,-10,-4,-12
5.31200,-21,-21,-26,-15,4,-8,-8,-31,-8,4,-3,8,11,-7,-26,-20,-15,11,17,-34,-20,-21,-20,-27,-21,-20,-18
5.32267,-35,-39,-16,-7,7,-15,-33,-30,-14,19,-5,6,-6,-9,-24,-14,1,-5,23,-14,-11,-6,-19,-30,-22,-20,-15
5.33333,-18,-44,-28,-9,2,11,-26,-21,-20,7,0,-15,-19,-10,-22,-8,-3,2,14,-17,-15,-11,-26,-15,-28,-12,-21
5.34400,-17,-30,-14,-18,1,14,-26,-16,-11,8,-7,-3,-20,-5,-22,-8,-9,-16,29,-14,-12,-5,-22,-24,-28,-11,-24
5.35467,-16,-24,-17,-18,0,-1,-11,-3,-22,0,-20,-3,-6,-7,-19,-8,-8,-22,35,-22,-1,-19,-24,-17,-28,-17,-27
5.36533,-33,-24,-18,-3,-15,10,-22,-2,-13,-1,-19,-9,-12,-4,-20,-9,6,-7,38,-13,-8,-20,-20,-25,-20,-22,-25
5.37600,-50,-11,-37,1,5,25,-25,-10,-20,-1,-11,-1,3,-21,-5,-11,10,13,32,-17,-13,-10,-15,-42,-17,-19,-22
5.38667,-13,-33,-37,-17,2,0,-21,-19,-28,2,-2,3,-1,-20,-10,-19,0,3,28,-31,-7,-13,-22,-34,-21,-29,-14
5.39733,-14,-18,-40,-20,2,8,-12,-26,-4,7,-6,-6,1,-13,2,-8,5,12,19,-32,-13,-5,-29,-11,-23,-17,-18
5.40800,-53,-33,-40,-21,9,4,-3,-27,-9,4,-3,-10,-5,-13,-11,-16,13,-6,23,-12,-25,-6,-13,-11,-38,-8,-19
5.41867,-38,-19,-49,0,11,3,-15,-15,-10,-3,-10,1,-7,5,-16,-8,3,5,25,-15,-4,5,-7,-17,-15,-14,-13
5.42933,-29,-42,-41,-23,0,5,-9,-17,-20,5,-19,-8,-13,-14,-5,-7,-12,16,34,-23,1,7,-11,-10,-31,-24,-6
5.44000,-37,-40,-28,-18,7,0,-17,-20,-10,5,-8,-2,-7,-11,-16,-24,-1,1,38,-14,-8,-22,-29,-29,-28,-24,-22
5.45067,-29,-41,-21,-22,3,9,-14,-11,-8,8,-10,5,-18,-3,-10,-12,-2,-3,41,-27,-13,-36,-19,-16,-20,-16,-7
5.46133,-7,-17,-10,0,-8,11,-11,-7,-7,17,-15,8,-3,-14,-13,-13,-9,3,38,-26,-13,-31,-12,-28,-29,-26,-22
5.47200,-35,-39,-13,8,6,5,-10,-4,-14,10,-9,-2,-5,3,-8,-17,-2,9,34,-22,-21,-29,-2,-39,-23,-31,-2
5.48267,-14,-34,-28,5,4,-12,-18,-11,-6,9,-13,-3,-19,-4,-15,-5,0,24,42,-11,-6,-10,-13,-28,-30,-27,-17
5.49333,-21,-47,-18,3,2,-6,-25,-13,-9,2,-2,-12,-16,-8,-11,6,9,-10,41,-17,-12,-3,-15,-38,-28,-32,-22
5.50400,-50,-54,-27,-9,-12,5,-27,-11,-6,-3,-10,1,-10,-2,-15,-6,1,-2,17,-23,-21,-11,-19,-21,-40,-21,-27
5.51467,-19,-47,-21,-8,12,16,-16,-18,-6,6,-5,-3,-13,-12,-31,-1,-14,-3,16,-33,-20,-15,-12,-34,-5,-22,-18
5.52533,-9,-44,-10,-7,14,12,-4,-12,-1,15,-9,8,-15,1,-22,-12,2,-4,30,-30,-22,-9,-20,-30,-4,-27,-19
5.53600,3,-14,-27,4,7,3,1,-22,-9,-4,-3,-4,-7,-13,-23,-4,-2,-4,42,-24,-16,-23,-12,-22,-19,-13,-25
5.54667,-14,6,-22,-3,3,18,-2,-28,-7,-4,-2,-4,-21,-23,-12,-4,-5,-7,47,-35,-6,-20,-13,-11,-25,-7,-11
5.55733,4,-10,-3,-5,22,7,-2,-25,-7,-4,-10,-10,-16,-31,-5,-7,13,-15,43,-17,-9,-18,-7,-12,-11,-23,-7
5.56800,-12,7,3,-8,7,6,-7,-12,-12,-9,-3,-9,-11,-24,-12,-18,12,-10,28,-24,-8,-10,-26,-10,-25,-38,-16
5.57867,11,-6,4,-8,-3,8,-10,-13,-5,3,-5,-14,-5,-22,-18,-28,0,-10,14,-22,-10,-3,-26,-11,-30,-35,-3
5.58933,-2,-2,9,9,10,22,-9,-10,-10,14,-11,-13,-8,-16,-14,-13,0,-11,9,-20,-13,8,-24,-28,-16,-31,-9
5.60000,-17,-11,-16,-4,16,21,-10,0,-7,12,1,-14,-17,-11,-19,-12,-19,-12,10,-33,-12,-33,-27,-28,-2,-25,-24
5.61067,-37,-13,1,3,35,24,-8,-3,-10,1,-10,8,-6,-20,-24,-35,-18,-12,25,-36,5,-15,-1,-24,-4,-28,-10
5.62133,-8,-3,8,8,29,26,-8,-3,8,-5,-3,2,-6,0,-28,-27,-20,-6,15,-34,-14,-2,-19,-31,-11,-17,-8
5.63200,1,-9,4,10,13,35,-7,-8,12,2,-10,0,-4,-13,-32,-26,1,-4,0,-34,-15,4,-2,-7,-7,-4,-3
5.64267,-9,-2,3,20,22,12,-8,-15,-3,-8,-15,6,-12,-17,-33,-29,-4,-6,16,-42,-4,5,-10,-28,-8,15,3
5.65333,-24,-26,-7,20,12,10,-8,-10,1,12,0,-13,-12,-12,-31,-24,-2,-6,30,-38,-14,-4,-6,-32,-28,2,2
5.66400,-4,-34,-19,8,23,21,-2,-9,1,14,-13,-6,-8,-18,-38,-23,2,-3,40,-30,-22,-16,-6,-31,-29,-10,-15
5.67467,-14,-20,-13,14,9,14,-6,-10,3,-2,-4,-4,-17,-30,-34,-21,-5,-7,31,-33,-7,-10,-15,-31,-23,-13,-18
5.68533,-5,-31,-4,7,17,31,-7,8,-4,8,-9,-5,-5,-28,-25,-13,-14,-2,23,-37,3,-16,8,-42,-15,-9,-11
5.69600,5,-22,-7,2,21,20,-16,-17,-10,8,-5,-5,-11,-14,-38,-8,-10,-5,18,-33,-26,-1,-8,-34,-16,-17,-14
5.70667,5,-9,-2,2,12,13,4,-11,-9,-4,-14,-6,-5,-19,-30,-24,-3,-4,25,-26,-11,-4,-16,-35,-4,0,-13
5.71733,11,-42,-12,13,6,2,-10,-4,-13,-13,-3,-21,-14,-22,-29,-26,-4,-6,17,-25,-22,-12,-8,-21,-14,6,-22
5.72800,-18,-35,-13,24,13,27,0,0,-5,-14,-10,-10,-8,-23,-20,-13,-10,-11,11,-24,-13,-19,-4,-7,-17,-11,-1
5.73867,-8,-25,-26,1,8,7,-12,-9,6,-3,-15,-8,-4,-9,-18,-16,-18,-8,18,-35,-4,-1,-1,-18,-28,-10,0
5.74933,9,-37,-28,-5,13,-13,1,-16,-10,5,-13,-4,-8,-19,-28,-19,-1,-5,30,-30,-17,-24,-15,-29,-31,-10,-11
5.76000,-6,-18,-24,1,9,1,-11,-15,1,7,-7,-5,-27,-13,-25,3,-10,21,17,-15,-14,-21,-15,-35,-27,-2,-14
5.77067,-5,-19,-13,-7,-5,6,-12,-15,-2,7,-19,-3,-21,-15,-26,-3,-10,6,21,-29,-22,-13,-15,-40,-15,-7,-20
5.78133,-1,-18,-20,0,-8,8,-14,-22,-9,6,-10,-5,-35,-14,-36,-19,-12,-3,28,-32,-22,-11,-14,-23,-6,-23,-11
5.79200,-10,-16,-29,-17,1,5,-23,-33,-13,5,-18,-1,-18,-11,-34,-11,-28,-2,41,-19,-18,-3,-18,-30,-8,-10,-11
5.80267,-19,-28,-29,-10,-2,8,-6,-17,-6,2,-9,-6,-20,-11,-36,-15,-2,-11,42,-31,-15,-19,-25,-24,-5,-18,-26
5.81333,-10,-29,-30,-10,1,7,-7,-20,-7,3,-9,-11,-2,-17,-26,-15,-3,-12,21,-26,-14,-35,-18,-37,-22,-25,-23
5.82400,10,-12,-38,-6,5,6,-13,-31,-8,-5,-11,2,-11,-12,-23,-6,-5,-13,21,-16,-19,-37,-18,-19,-32,-16,-25
5.83467,0,-5,-28,-1,7,17,-18,-11,-4,-4,-11,-4,-10,-12,-19,-4,6,4,12,-10,-32,-31,-17,-25,-42,-16,-17
5.84533,-13,-10,-16,7,12,4,-10,2,1,3,-8,5,-5,-3,-13,-12,-2,6,30,-33,-22,-6,-20,-13,-24,-21,-13
5.85600,-3,-38,-12,-9,26,2,-2,5,-14,0,-8,6,-12,3,-16,-16,9,2,25,-27,-15,-29,-27,-21,-25,-21,-25
5.86667,9,-31,5,1,35,25,-3,7,-2,14,0,4,-17,-8,-20,-12,-11,-3,31,-31,-15,-13,-27,-30,-14,-6,-31
5.87733,-3,-5,-1,10,34,29,9,12,-1,9,-2,9,-12,-25,-19,-22,-11,-11,19,-35,-17,-25,-35,-26,-33,-23,-18
5.88800,-11,-1,-11,5,31,10,-1,6,5,14,1,8,-16,-17,-6,-20,13,-16,37,-17,-12,-32,-37,-30,-29,-5,-20
5.89867,-40,-5,-18,14,27,13,2,12,3,17,5,-2,-16,-7,-17,-16,10,-27,25,-26,-19,-18,-21,-36,-35,-20,-30
5.90933,-3,0,8,14,30,22,0,-2,6,16,-5,4,-3,-11,-24,-9,-7,-16,33,-26,-21,-12,-30,-43,-26,-20,-13
5.92000,21,19,-6,16,10,32,4,-3,-3,0,-7,-7,0,-18,-22,-20,-2,-20,35,-30,-22,-14,-23,-46,-34,-5,-3
5.93067,-18,-2,-16,16,7,15,6,-14,-5,11,-8,-6,-9,-15,-28,-11,-4,-1,26,-29,-12,-11,-34,-36,-26,-12,-23
5.94133,8,14,-1,12,7,15,-4,-12,-16,17,5,5,-11,-8,-6,2,-5,-3,19,-33,0,-13,-28,-34,-26,-20,-33
5.95200,2,19,-19,-2,-2,16,-16,-12,-6,2,-17,6,-7,-7,-9,4,-6,-8,41,-18,-13,-14,-20,-31,-19,-13,-37
5.96267,-2,-1,3,-5,1,-2,-20,-11,-8,1,-4,4,-8,-4,1,7,9,-15,47,-28,-7,-6,-17,-35,-29,-14,-20
5.97333,-26,-9,0,3,-3,2,-22,-17,-9,0,-2,-14,-8,0,-7,-16,5,8,39,-20,-13,-32,-22,-36,-35,-30,-37
5.98400,14,-41,-31,1,22,9,-21,-13,-11,4,-3,0,-1,-6,-14,-29,-4,3,41,-29,-23,-27,-42,-31,-31,-33,-11
5.99467,10,-19,-20,-3,18,14,-21,-8,-7,6,5,3,-17,3,-10,-20,0,0,32,-19,-5,-21,-22,-39,-34,-25,-11
6.00533,-7,-25,-15,-1,4,8,-18,-12,1,13,-5,12,-3,-8,-16,-5,8,-19,23,-18,-11,-20,-36,-32,-29,-20,-32
6.01600,-17,-9,-15,-5,5,10,-12,-24,2,4,-16,3,-4,-11,-14,-22,7,-2,35,-30,-8,-17,-26,-16,-25,-27,-28
6.02667,2,-13,-18,-23,0,17,-3,-24,-2,-4,-4,-1,-4,-9,-15,-11,6,5,16,-25,0,-25,-28,-36,-24,-6,-24
6.03733,2,-21,-17,-12,3,15,-11,-26,1,-5,0,-6,-6,-12,-15,-20,-10,1,29,-39,-16,-20,-33,-47,-12,-18,-17
6.04800,-5,-6,8,-18,10,11,-5,-15,-9,-4,-4,-2,-10,-19,-22,-35,0,12,34,-27,-4,-9,-10,-36,-24,-12,-24
6.05867,-4,-19,14,-10,18,6,-6,-10,0,18,7,-9,-5,-22,-16,-27,5,0,19,-28,-14,-10,-6,-28,-11,-5,-28
6.06933,-1,-14,-9,23,23,3,-7,-12,6,15,-3,-11,-14,-5,-18,-13,6,-5,14,-29,-8,-14,-24,-34,-25,-19,-29
6.08000,5,-3,-22,15,36,7,-11,-11,3,10,-7,0,-6,-13,-21,-10,8,-3,32,-21,-17,-16,-35,-29,-21,-17,-15
6.09067,14,-15,-23,14,18,17,-9,-29,8,-3,-8,4,-3,-7,0,-5,9,3,24,-33,-29,0,-29,-36,-38,-15,-20
6.10133,6,-7,-12,18,13,11,-11,-27,0,1,-11,-2,-19,-7,-5,-16,16,-14,21,-23,-17,-13,-23,-33,-25,-27,-25
6.11200,37,0,-9,17,9,10,1,-15,-6,1,-3,3,-5,-10,-18,-8,10,-4,35,-10,-17,-17,-10,-38,-30,-31,-22
6.12267,10,-9,3,20,18,19,-8,-13,-11,21,3,-13,0,-15,-12,-8,13,8,20,-33,-21,-19,-12,-26,-27,-33,-38
6.13333,11,-7,-5,3,25,20,0,-7,-8,26,-3,1,-7,-4,-10,-18,2,-9,36,-27,-19,-20,-21,-34,-15,-29,-43
6.14400,13,0,2,-2,10,32,-6,-12,3,22,1,-7,-3,-8,-3,1,13,-11,40,-25,7,-20,-23,-43,-20,-24,-30
6.15467,44,-8,23,2,15,24,4,-6,0,4,-2,-6,-3,-12,-9,-12,5,2,43,-17,-8,-6,-28,-39,-10,-17,-22
6.16533,39,-13,13,-3,16,31,5,-3,-4,13,3,2,-5,-9,-13,-22,5,-3,18,-7,-37,-9,-21,-31,-16,-20,-27
6.17600,43,-19,6,-4,12,22,-1,-13,-2,2,-7,-7,-4,-16,-10,-17,4,-5,44,-16,-17,-12,-18,-41,-27,-42,-9
6.18667,20,3,10,12,18,25,5,-5,5,7,-8,2,-5,-7,-10,-11,12,5,30,-17,-8,-3,-9,-40,-24,-36,-13
6.19733,23,-3,18,10,36,33,-3,-3,14,13,0,-9,-7,-16,-15,-3,12,-9,30,-17,-12,-2,-15,-17,-42,-18,-15
6.20800,-5,13,6,23,31,32,-6,-5,13,11,-5,8,-9,-2,-6,-8,8,0,33,-33,3,3,-24,-26,-40,-22,-22
6.21867,18,8,15,7,20,32,-7,-4,18,10,-3,-10,-9,0,-20,-10,4,-7,27,-35,-6,-5,-32,-34,-39,-17,-14
6.22933,32,3,6,14,7,24,-13,-4,10,7,4,-4,-2,-9,-23,-9,-4,-8,34,-51,-13,2,-28,-31,-17,-13,-33
6.24000,24,-11,14,9,17,22,-6,-2,-3,7,-7,0,-8,-19,-24,-16,-4,-2,42,-32,-9,-1,-27,-38,-25,-14,-33
6.25067,31,15,13,19,33,30,-1,-6,-1,3,0,6,-7,-30,-32,-9,-2,-5,33,-18,-20,-23,-13,-43,-10,-10,-17
6.26133,18,23,22,15,34,24,2,-6,7,1,-22,-4,-8,-29,-26,-19,-10,-2,24,-31,-23,-42,-23,-40,-14,-22,-23
6.27200,-2,-1,28,17,37,26,-7,-14,1,6,-6,-6,-5,-28,-3,-20,-18,-16,27,-29,-14,-24,-28,-32,-30,-24,-20
6.28267,-3,5,21,39,38,28,3,-22,17,1,3,-7,-12,-20,-10,-25,-3,-7,14,-35,-19,-13,-15,-39,-31,-8,-24
6.29333,25,5,9,26,33,25,12,-1,1,-3,-6,7,-14,-23,-21,-33,18,-9,40,-29,-8,-1,-22,-35,-17,-10,-38
6.30400,36,1,11,26,35,39,10,-7,-4,8,-14,-4,-19,-13,-22,-19,-4,-13,23,-13,-1,0,-8,-32,-20,-9,-32
6.31467,7,10,38,23,27,37,17,-2,13,-4,-14,3,-22,-17,-14,-21,-11,-2,19,-18,-5,-4,-20,-25,-17,-27,-11
6.32533,14,0,22,24,43,30,14,-7,6,10,-1,-11,-18,-15,-11,-15,3,8,37,-31,1,-18,-7,-26,-18,-26,-16
6.33600,29,-15,21,11,35,30,14,-2,6,4,-10,-13,-17,-26,-18,-21,-7,0,26,-31,7,-7,-14,-27,-17,-6,-13
6.34667,26,6,24,37,45,39,9,-2,9,4,-4,-5,-19,-22,-19,-18,1,-10,23,-31,9,-8,-24,-37,-20,-19,-23
6.35733,32,20,18,53,43,26,0,-11,-3,4,-11,6,-23,-24,-25,-13,-11,-3,34,-26,-6,-15,-9,-19,-18,-24,-14
6.36800,47,29,23,17,47,18,-3,-14,-6,17,1,-8,-20,-18,-26,-35,-11,-2,35,-37,-20,-11,-29,-22,-20,-16,-17
6.37867,47,31,24,33,51,35,0,-9,7,12,-5,-3,-29,-11,-29,-25,-4,-20,50,-35,-30,-27,-25,-29,-12,-28,-21
6.38933,53,41,12,32,40,43,-2,-15,13,16,-16,-5,-32,-10,-22,-17,2,-15,37,-28,-10,-10,-23,-29,-6,-13,-19
6.40000,23,35,12,20,32,38,18,-5,0,3,-9,-4,-23,-14,-28,-18,1,-11,31,-43,-20,-18,-19,-15,-14,-21,-25
6.41067,28,19,1,34,33,31,17,-5,-2,-1,-6,-22,-15,-16,-22,-26,-18,-23,38,-35,-21,-10,-24,-31,-39,-24,-18
6.42133,28,35,18,44,42,27,20,10,5,-4,-1,-13,-22,-20,-22,-30,-2,-11,32,-31,-19,-27,-25,-28,-27,-16,-24
6.43200,31,29,51,36,49,32,10,12,16,22,-7,-11,-17,-17,-25,-21,-4,-17,37,-44,-12,-15,-36,-26,-29,-14,-3
6.44267,47,43,46,40,43,41,20,6,7,28,-1,-12,-27,-32,-21,-19,-2,-8,37,-32,-8,-19,-31,-26,-2,-20,-11
6.45333,57,34,48,70,61,40,21,5,14,30,-5,2,-21,-32,-37,-23,-3,4,12,-27,-21,-8,-19,-20,-26,-30,-1
6.46400,48,51,35,70,57,58,34,12,2,24,-1,2,-23,-29,-35,-43,-20,-15,19,-33,-12,-13,-13,-16,-6,-17,1
6.47467,71,53,49,69,64,59,37,10,15,10,2,-9,-24,-33,-30,-44,-18,-10,21,-18,-10,-17,-11,-17,-4,-2,-9
6.48533,71,78,63,80,77,52,48,18,18,17,4,0,-20,-30,-43,-33,-13,-11,11,-18,5,-37,-11,-18,-14,-7,-3
6.49600,77,50,77,95,88,62,55,28,26,17,0,5,-1,-9,-21,-32,3,6,21,-27,6,-15,-31,-19,0,-4,8
6.50667,91,76,90,89,98,88,65,42,28,17,4,-2,-5,-21,-17,-23,-3,-4,10,-8,-18,-12,-10,-10,-7,4,1
6.51733,95,87,87,97,98,86,63,52,24,28,15,12,-13,-24,-15,-22,16,-3,30,-20,-17,-9,-8,-2,1,11,5
6.52800,99,96,103,100,106,101,67,54,44,40,22,8,-8,-24,-26,-31,8,-9,39,-20,-3,-6,10,-2,6,18,28
6.53867,114,97,82,113,106,95,73,53,50,36,13,12,-9,-5,-26,-29,-4,1,19,-10,-16,-7,-1,6,5,16,18
6.54933,118,106,92,105,122,111,75,58,50,38,12,11,-8,-7,-28,-9,2,-3,21,-27,-5,2,-7,-5,12,3,19
6.56000,152,130,102,112,125,114,77,69,47,46,6,14,-5,-3,-22,-10,-3,3,39,-19,-9,8,-6,-3,25,5,9
6.57067,119,89,94,110,127,100,72,59,41,53,11,14,6,-8,-20,-14,-7,0,37,-30,9,-3,-3,-9,2,12,13
6.58133,117,95,89,108,104,105,71,48,37,52,5,12,2,-15,-24,-19,-5,2,32,-24,-3,8,4,-5,2,19,16
6.59200,120,98,94,102,95,104,48,43,37,48,9,18,-15,-8,-20,-4,-2,8,22,-27,-17,3,-8,7,3,17,9
6.60267,68,75,71,92,100,98,53,41,36,37,12,5,6,3,-13,-1,-11,-11,37,-32,-16,6,0,-10,3,13,4
6.61333,71,59,69,59,86,81,53,32,37,27,14,14,-5,-17,-18,-17,1,-10,28,-23,-7,-1,3,-3,2,-4,-12
6.62400,54,65,57,71,66,71,45,35,27,24,5,18,3,-13,-9,-20,-16,-16,29,-18,-17,0,-16,-18,6,-2,11
6.63467,52,49,61,75,66,64,29,8,18,39,12,3,4,-12,-11,-33,-2,-14,45,-13,-18,-21,-23,-31,-3,-16,-7
6.64533,48,24,34,74,57,59,32,13,15,38,5,1,-5,-8,-18,-9,-4,-7,28,-11,-8,-28,-31,-18,-3,-13,-1
6.65600,47,47,23,45,41,47,33,17,16,24,9,3,-10,-13,-23,-14,15,16,30,-13,-6,-3,-24,-4,3,-14,2
6.66667,31,46,28,48,42,41,21,13,18,18,-14,-3,-13,-6,-20,-22,-6,24,33,-30,-9,-13,-25,-3,-10,-7,-2
6.67733,41,43,21,35,32,41,17,24,16,16,-5,-8,-16,-16,-5,-8,-2,5,38,-31,-7,-26,-28,-10,-38,-24,-8
6.68800,31,28,17,34,36,40,5,10,5,8,7,0,-12,-25,-24,-17,18,6,15,-34,-14,-17,-33,-17,-28,-24,-22
6.69867,52,26,22,30,36,34,14,8,10,2,-1,14,-7,-25,-4,-20,-3,-12,33,-37,-19,-21,-39,-26,-31,-28,-26
6.70933,41,38,21,25,36,29,31,8,2,3,-2,-1,-14,-30,-26,-9,-2,-13,39,-24,-12,-17,-18,-19,-32,-27,-30
6.72000,35,33,26,20,23,15,16,2,8,12,-6,-19,-12,-25,-22,-7,5,-10,21,-24,-28,-19,-31,-21,-24,-30,-38
6.73067,67,24,24,25,35,24,1,-10,-3,14,-6,-8,-14,-21,-29,-12,-9,-17,27,-21,-21,-15,-36,-19,-20,-32,-28
6.74133,56,30,6,17,27,37,16,1,12,11,-5,6,-5,-21,-33,-10,-1,-21,25,-15,-35,-8,-29,-36,-20,-32,-16
6.75200,30,28,27,19,40,40,14,0,14,-3,-2,2,-17,-23,-24,-11,-13,-14,35,-3,-9,-19,-23,-39,-11,-27,-3
6.76267,43,30,22,27,25,28,19,5,3,8,2,-10,-5,-23,-20,-17,-5,0,32,-16,-7,-7,-17,-39,-16,-25,-9
6.77333,55,14,32,14,33,24,12,6,4,8,-7,3,-9,-22,-21,-25,2,5,37,-26,-30,-26,-20,-25,-33,-29,-13
6.78400,36,7,9,15,28,29,26,15,1,11,-18,-15,-3,-22,-20,-33,-9,4,41,-46,-18,-7,-40,-38,-34,-23,-18
6.79467,26,-6,-1,14,34,15,4,-9,2,4,-20,-13,-13,-23,-28,-25,-8,8,34,-43,-12,-11,-37,-42,-27,-35,-25
6.80533,38,-12,2,0,24,18,-2,-17,-7,8,-6,-8,-6,-10,-28,-27,0,7,41,-28,-28,4,-31,-36,-20,-26,-31
6.81600,25,18,9,9,31,11,-10,-5,-11,0,-9,-5,-6,-16,-5,-16,1,-6,29,-32,-25,-9,-32,-29,-16,-20,-20
6.82667,27,9,15,8,21,27,3,-14,-11,7,-7,-7,-17,-8,-20,-23,-9,3,36,-33,-21,-25,-30,-37,-20,-14,-11
6.83733,-3,6,2,4,10,13,2,0,-15,5,-13,-6,-17,-3,-32,-19,-3,4,33,-34,-22,-21,-24,-46,-27,-23,-13
6.84800,-4,24,7,-4,31,2,-11,-5,-3,1,-15,-4,-9,-10,-16,-16,7,-2,28,-41,-25,-6,-25,-36,-35,-1,-18
6.85867,3,14,4,-3,15,-5,-13,-19,-16,0,-13,-11,-10,-20,-19,-15,-1,-11,19,-20,-30,-17,-21,-34,-20,-3,0
6.86933,-8,-5,0,-6,6,13,-22,-14,-10,1,-12,-11,-10,-22,-31,2,-7,-6,31,-17,-32,-14,-5,-26,-5,-13,-8
6.88000,-12,-6,4,-11,23,11,-14,-14,1,1,-13,-10,-28,-14,-26,-3,-5,-18,38,-23,-26,-16,-23,-29,-19,-11,-4
6.89067,-10,-6,15,-6,5,7,-26,-7,-3,-4,-12,-10,-20,-11,-16,-17,-8,-1,22,-36,-13,-13,-25,-33,-36,-15,-9
6.90133,2,-15,2,0,-5,1,-30,-17,-6,-5,-9,-14,-12,-14,-16,-14,-1,-12,20,-13,-26,-20,-33,-34,-36,-16,-17
6.91200,-14,-22,-4,-17,5,10,-19,-9,-12,2,-3,-10,-20,-3,-29,-9,-14,-12,29,-20,-23,-9,-26,-26,-21,-1,-19
6.92267,-13,-19,-27,16,17,8,-10,-12,-7,8,-19,-13,-18,-1,-8,-12,-1,-21,39,-48,-21,-22,-15,-13,-23,-12,-17
6.93333,-19,0,-16,-22,13,17,-20,-13,-18,2,-12,1,-31,-11,-21,-15,17,-10,34,-29,-19,-9,-12,-29,-31,-16,-17
6.94400,-10,2,-5,-18,11,-8,-6,-26,-6,8,-6,7,-21,-8,-28,-25,-5,-9,41,-39,-28,-14,-21,-24,-18,-18,-2
6.95467,-17,-16,-17,-21,1,6,-11,-20,9,1,-14,10,-4,-22,-33,-20,-4,-7,32,-45,-29,-23,-20,-29,-19,-20,0
6.96533,12,-28,6,-23,15,5,-15,-18,-14,-9,-24,2,-14,-24,-31,-20,0,-17,20,-39,-32,-17,-16,-35,-26,-13,-2
6.97600,12,-21,7,-13,2,3,-9,-20,-24,8,-22,-1,-5,-27,-24,-17,3,-11,31,-10,-26,-19,-13,-34,-31,-27,-9
6.98667,-7,-20,-10,-2,13,6,-5,-13,-13,-1,-14,-9,-11,-22,-22,-15,-15,-12,26,-16,-3,-10,-15,-40,-27,-22,-7
6.99733,-25,-19,-28,-1,0,12,-17,-23,-12,1,-15,-13,-4,-23,-19,-14,-7,-2,16,-25,-21,-24,-18,-43,-26,-28,-24
7.00800,-16,-7,-34,-23,11,5,-18,-15,-13,-2,-20,-13,-19,-22,-32,-7,-8,-5,12,-45,-17,-24,-27,-35,-17,-20,-29
7.01867,-26,-22,-30,-6,9,8,-19,-23,-13,-6,-15,-11,-12,-24,-36,-15,6,-9,6,-44,-25,-41,-17,-30,-29,-37,-25
7.02933,-19,-10,-32,-13,18,6,-13,-19,-20,-10,-21,-16,-26,-16,-37,-8,-2,-2,2,-37,-23,-37,-41,-35,-26,-28,-8
7.04000,-7,-21,-1,8,-1,2,-20,-12,-20,-4,-6,-12,-23,-11,-43,-13,-2,-3,17,-28,-12,-35,-33,-49,-30,-25,-10
7.05067,6,3,-24,10,9,9,-14,-18,-13,1,-11,-12,-20,-15,-28,-19,-5,-12,16,-38,-8,-14,-38,-56,-17,-26,-18
7.06133,-8,-19,0,10,25,10,-31,-6,-20,8,-12,-14,-23,-29,-33,-22,-18,-4,26,-42,-17,-24,-26,-40,-22,-29,-16
7.07200,15,-17,-1,-5,17,3,-9,-14,-10,11,-10,0,-34,-17,-30,-22,-3,-3,33,-34,-29,-16,-25,-47,-40,-23,-18
7.08267,14,-15,-25,-9,7,15,-1,-21,-11,6,0,-9,-27,-18,-29,-10,-21,-20,31,-28,-26,-15,-20,-30,-34,-22,-13
7.09333,15,-18,-16,0,13,10,-13,-16,-21,6,-10,-9,-33,-16,-23,0,-8,-16,28,-26,-6,-10,-27,-37,-32,-24,-24
7.10400,1,-16,-21,-1,5,14,-10,-24,-28,15,-10,-4,-10,-19,-24,-6,-22,-11,28,-27,-10,-29,-26,-39,-27,-16,-30
7.11467,10,-1,-25,1,5,17,-13,-25,-15,6,1,-8,5,-9,-10,-22,-14,-12,34,-31,-6,-35,-21,-34,-18,-20,-28
7.12533,-6,-26,-15,-17,6,15,-13,-18,-13,-13,-10,-9,-9,0,-21,-11,-9,2,32,-18,-15,-37,-22,-37,-25,-4,-37
7.13600,-3,-26,-12,-11,10,1,-14,-22,-14,-11,-1,-19,-16,2,-21,-3,-7,-13,42,-15,-20,-31,-30,-37,-34,-28,-39
7.14667,-16,-35,-14,-25,6,-7,-23,-14,-12,-5,-16,-10,-9,-10,-26,2,-16,-15,41,-20,-21,-30,-13,-40,-42,-39,-28
7.15733,-28,-30,-13,-37,2,1,-14,-16,-13,-14,-22,3,-7,-8,-22,-5,9,-11,31,-35,-16,-26,-12,-40,-36,-30,-26
7.16800,-41,-47,-34,-31,-7,2,-18,-30,-13,-16,-14,3,-3,-15,-12,-11,29,-1,27,-48,-9,-33,-21,-15,-37,-37,-40
7.17867,-27,-49,-29,-14,-2,-5,-32,-21,-15,-1,-11,4,-13,-2,-13,-2,23,-2,41,-43,-15,-35,-15,-25,-29,-41,-42
7.18933,-28,-47,-41,-26,-12,0,-37,-39,-12,-6,-16,-3,-13,-22,-32,-2,15,6,28,-32,-23,-27,-27,-32,-50,-32,-32
7.20000,-35,-45,-41,-16,-13,2,-40,-33,-18,-10,-2,-5,-1,-24,-16,-12,20,-1,21,-24,-29,-17,-21,-45,-35,-30,-31
7.21067,-57,-47,-48,-20,-10,-2,-38,-36,-19,-9,-12,-2,0,-21,-26,-21,14,-9,25,-18,-7,-22,-33,-51,-43,-43,-34
7.22133,-40,-56,-47,-36,-5,-6,-36,-31,-12,-2,-11,-8,-10,-21,-24,-1,7,3,15,-11,4,-5,-23,-49,-23,-38,-34
7.23200,-22,-46,-25,-37,-18,-15,-33,-33,-14,12,-13,-4,-1,-21,-13,1,3,21,27,-18,-17,-17,-12,-47,-27,-38,-23
7.24267,-25,-55,-42,-42,-8,-12,-33,-34,-23,1,-6,-4,-5,-17,-17,-9,14,21,35,-17,-11,-6,-8,-40,-38,-27,-46
7.25333,-33,-70,-44,-44,-11,-6,-32,-22,-23,-5,-3,-7,-12,4,-12,-4,10,18,28,-22,-25,-10,-25,-40,-27,-23,-21
7.26400,-58,-62,-39,-30,-6,2,-47,-29,-36,1,-12,2,-11,-5,-12,-7,11,15,33,-24,-21,-22,-27,-38,-17,-17,-36
7.27467,-48,-58,-56,-15,-11,-23,-41,-38,-19,3,-5,-1,-17,3,-14,-29,1,0,43,-21,-20,-17,-24,-42,-30,-33,-32
7.28533,-22,-64,-53,-18,-1,-22,-33,-35,-14,-5,-9,-7,-6,-3,-18,0,6,-11,28,-32,-12,-24,-28,-51,-37,-34,-18
7.29600,-30,-46,-48,-32,-16,-14,-24,-40,-19,-6,-14,-5,-9,-9,-22,-2,0,6,28,-49,-28,-21,-47,-54,-40,-34,-24
7.30667,-65,-40,-59,-41,-14,-15,-29,-35,-22,-11,-17,-11,-12,-16,-21,-3,2,11,27,-20,-20,-40,-41,-40,-41,-31,-18
7.31733,-66,-46,-28,-31,-7,-9,-32,-38,-7,-4,-24,-20,-15,-7,-32,-7,7,14,32,-27,-4,-36,-25,-34,-44,-29,-39
7.32800,-73,-54,-35,-39,-8,-14,-37,-34,-24,2,-16,-1,-23,-20,-31,1,15,12,35,-25,-13,-22,-17,-32,-29,-36,-41
7.33867,-39,-58,-38,-39,-11,-12,-37,-36,-34,4,-18,-5,-32,-7,-28,-11,10,1,35,-25,-27,-26,-18,-34,-36,-39,-41
7.34933,-32,-43,-33,-12,-14,-13,-33,-26,-38,4,-19,5,-15,-18,-27,-1,-12,-2,25,-22,-27,-21,-22,-30,-37,-41,-27
7.36000,-41,-64,-28,-41,-15,-19,-38,-30,-25,-9,-14,-1,-23,-26,-17,-21,-13,-3,16,-32,-18,-23,-28,-36,-36,-34,-29
7.37067,-8,-43,-33,-32,-38,-22,-35,-32,-29,0,-24,1,-19,-7,-9,-33,-7,13,28,-40,-19,-20,-38,-32,-46,-28,-41
7.38133,-31,-57,-26,-32,-29,-20,-29,-35,-28,-12,-16,-18,-24,-12,-16,-26,-4,-8,32,-34,-26,-24,-38,-44,-42,-28,-31
7.39200,-33,-36,-41,-42,-3,-17,-38,-37,-19,-5,-25,-19,-25,-9,-24,-23,-9,-10,15,-28,-37,-20,-50,-42,-40,-50,-26
7.40267,-18,-49,-44,-37,-11,-18,-38,-43,-17,-16,-11,-8,-32,-15,-34,-18,7,-9,14,-40,-21,2,-40,-45,-29,-39,-30
7.41333,-26,-57,-48,-42,-26,-7,-45,-30,-20,-13,-6,-15,-24,-20,-25,-22,2,6,13,-36,-35,-16,-41,-56,-30,-47,-26
7.42400,-37,-73,-44,-1,-30,-4,-36,-33,-13,-20,-16,-17,-26,-9,-26,-23,-9,-18,18,-23,-14,-15,-43,-25,-24,-40,-41
7.43467,-29,-44,-37,-26,-28,-23,-34,-27,-15,-19,-26,-22,-30,-19,-41,-22,-5,-5,11,-40,-33,-21,-56,-32,-33,-38,-31
7.44533,-35,-77,-46,-21,-19,-22,-47,-34,-9,-21,-32,-22,-36,-32,-36,-9,-18,-6,14,-44,-35,-29,-41,-35,-30,-25,-34
7.45600,-26,-44,-53,-20,-10,-17,-37,-34,-18,-19,-36,-21,-46,-24,-24,-29,-16,-6,28,-32,-41,-22,-32,-27,-21,-30,-40
7.46667,-37,-55,-61,-18,-16,-17,-20,-48,-19,-19,-13,-28,-43,-22,-34,-22,-13,-13,19,-24,-44,-39,-40,-34,-32,-29,-43
7.47733,-55,-55,-31,-32,-25,-6,-31,-36,-24,-18,-21,-9,-32,-30,-38,-35,-20,-7,2,-24,-42,-41,-47,-39,-48,-28,-38
7.48800,-44,-36,-49,-20,-1,0,-31,-37,-17,-11,-25,-13,-24,-39,-30,-31,-31,-20,13,-19,-36,-29,-45,-51,-32,-20,-25
7.49867,-72,-46,-40,-8,2,-16,-45,-36,-27,-7,-11,-17,-19,-20,-33,-32,-23,-22,15,-20,-33,-25,-27,-40,-48,-36,-30
7.50933,-40,-30,-26,-21,-6,-8,-38,-35,-26,-17,-29,-23,-16,-24,-30,-32,-28,-21,15,-16,-25,-29,-15,-45,-32,-46,-32
7.52000,-54,-28,-27,-21,-1,-18,-36,-31,-33,-15,-30,-33,-30,-21,-32,-24,-8,-25,15,-33,-33,-36,-34,-70,-34,-50,-14
7.53067,-38,-36,-26,-25,-25,-2,-32,-36,-23,-13,-35,-25,-36,-20,-32,-26,-1,-11,16,-46,-55,-44,-32,-42,-30,-32,-29
7.54133,-32,-47,-20,-28,-2,-16,-33,-33,-23,-6,-27,-30,-26,-16,-37,-27,-14,-14,11,-30,-52,-37,-37,-36,-31,-26,-27
7.55200,-7,-47,-23,-22,-7,-16,-34,-26,-15,-8,-23,-16,-28,-24,-33,-14,-15,-10,22,-27,-44,-31,-12,-32,-33,-28,-30
7.56267,-25,-25,-22,-37,-4,-7,-28,-21,-20,-8,-27,-20,-37,-24,-35,-13,-16,-26,14,-25,-28,-31,-23,-24,-28,-37,-39
7.57333,-19,-44,-46,-29,-12,-4,-28,-17,-11,-3,-17,-25,-26,-22,-40,-25,-14,-30,10,-31,-15,-18,-32,-34,-28,-44,-25
7.58400,-10,-57,-38,-9,-20,-1,-10,-20,-18,-8,-17,-27,-20,-31,-40,-24,-2,-36,17,-18,-11,-17,-30,-36,-31,-33,-19
7.59467,-5,-33,-40,-23,-5,-2,-2,-42,-18,-6,-12,-24,-28,-30,-46,-21,-20,-15,16,-28,-17,-7,-24,-33,-22,-35,-37
7.60533,-15,-47,-51,-26,6,-4,-24,-42,-29,-7,-18,-26,-23,-31,-42,-19,-10,-22,22,-27,-33,-20,-15,-31,-13,-24,-37
7.61600,-30,-64,-55,-23,-1,-1,-33,-31,-30,-12,-21,-26,-20,-33,-33,-10,-16,-24,39,-33,-24,-46,-22,-31,-19,-35,-30
7.62667,-27,-52,-41,-50,-18,-16,-34,-27,-26,-22,-29,-18,-27,-24,-24,-16,-9,-8,38,-27,-14,-32,-35,-46,-35,-28,-37
7.63733,-20,-56,-52,-43,-15,-15,-39,-38,-24,-12,-33,-26,-23,-12,-25,-27,10,-14,41,-34,-20,-12,-46,-43,-29,-47,-43
7.64800,-35,-70,-45,-31,-17,-25,-36,-39,-14,-1,-25,-17,-23,-10,-31,-22,12,-31,36,-31,-25,-12,-41,-48,-40,-29,-37
7.65867,-33,-58,-51,-15,-19,-33,-46,-34,-17,-7,-22,-13,-29,-8,-21,-18,9,-16,38,-36,-29,-26,-25,-45,-31,-33,-38
7.66933,-47,-58,-47,-36,-35,-32,-45,-54,-28,-1,-15,-7,-24,-11,-13,-12,2,-26,23,-37,-28,-1,-26,-38,-27,-34,-41
7.68000,-57,-72,-53,-23,-31,-13,-56,-52,-15,3,-19,-6,-19,-18,-6,-18,7,5,21,-44,-29,7,-25,-51,-26,-35,-39
7.69067,-51,-71,-49,-22,-43,-24,-43,-44,-20,-3,-22,-17,-15,-5,-7,-10,4,1,38,-50,-31,-18,-38,-47,-33,-33,-35
7.70133,-64,-55,-54,-31,-25,-32,-44,-45,-32,-6,-26,-12,-14,-17,-16,-11,13,0,36,-45,-33,-15,-31,-58,-41,-33,-42
7.71200,-58,-59,-68,-32,-41,-33,-50,-44,-24,-13,-18,-10,-12,-14,-29,-6,12,-24,15,-25,-21,-29,-21,-50,-37,-41,-34
7.72267,-60,-68,-91,-45,-36,-35,-46,-36,-24,-11,-25,-7,-12,-13,-32,0,3,-5,22,-39,-37,-33,-38,-51,-48,-28,-37
7.73333,-76,-45,-88,-62,-41,-41,-52,-34,-32,-9,-24,-4,-6,-6,-20,-11,9,-6,25,-43,-10,-25,-48,-43,-46,-35,-35
7.74400,-69,-45,-88,-65,-48,-30,-44,-42,-33,-7,-18,-13,-9,2,-13,-4,-5,-7,22,-46,-31,-22,-38,-52,-42,-38,-46
7.75467,-65,-70,-79,-43,-31,-35,-45,-41,-31,-13,-23,-15,-18,-16,-26,-2,-11,0,36,-42,-37,-15,-40,-38,-25,-36,-35
7.76533,-47,-75,-61,-20,-31,-23,-45,-41,-30,-5,-24,-11,-12,-10,-10,-15,-10,-2,38,-36,-20,-25,-31,-56,-27,-52,-30
7.77600,-66,-67,-68,-36,-26,-24,-45,-55,-28,-14,-15,-1,-16,-12,0,-9,7,-5,38,-26,-16,-26,-42,-50,-37,-39,-35
7.78667,-56,-61,-73,-39,-27,-31,-27,-36,-17,-5,-13,-10,-1,-11,-9,-7,2,7,32,-16,-32,-23,-39,-29,-18,-35,-44
7.79733,-53,-52,-75,-51,-22,-23,-42,-39,-17,-6,-7,-9,-2,-9,-13,-9,-7,5,25,-33,-9,0,-34,-37,-30,-29,-37
7.80800,-33,-52,-43,-48,-34,-31,-47,-33,-20,-11,-10,-19,0,-16,-25,-19,-6,-6,22,-39,-23,-21,-30,-33,-33,-19,-33
7.81867,-63,-53,-48,-38,-22,-15,-46,-24,-32,-10,-15,-4,-14,-8,-25,-11,-5,-8,28,-34,-18,-12,-22,-44,-54,-29,-45
7.82933,-47,-55,-44,-39,-13,-12,-49,-50,-35,-10,-24,-7,-20,-10,-22,-9,-8,-13,36,-30,-22,-17,-10,-26,-31,-20,-54
7.84000,-29,-59,-38,-28,-30,-31,-47,-39,-25,-12,-43,-4,-7,-15,-28,-24,-3,-16,42,-38,-30,-32,-28,-27,-29,-25,-30
7.85067,-18,-66,-62,-41,-27,-27,-29,-40,-26,-4,-37,-14,0,-21,-35,-9,-3,-10,36,-45,-23,-40,-31,-34,-27,-35,-33
7.86133,-67,-56,-69,-42,-24,-25,-39,-38,-22,-21,-18,-17,-14,-8,-34,-12,-1,-1,28,-26,-18,-22,-36,-39,-43,-41,-39
7.87200,-58,-81,-60,-53,-18,-23,-48,-42,-20,-5,-24,-6,-18,-21,-29,-18,4,-19,29,-31,-29,-9,-37,-40,-39,-44,-24
7.88267,-33,-70,-61,-59,-34,-35,-39,-58,-32,-2,-14,-12,-14,-6,-25,1,-7,-18,29,-37,-16,-5,-33,-34,-48,-35,-38
7.89333,2,-74,-81,-49,-20,-18,-55,-46,-34,-8,-24,-12,-13,-6,-20,-1,-10,-2,30,-41,-17,-25,-42,-24,-50,-36,-40
7.90400,-28,-60,-54,-59,-25,-33,-45,-40,-29,-11,-19,-16,-26,-8,-20,-5,-7,-12,25,-37,-29,-37,-47,-40,-49,-37,-49
7.91467,-52,-58,-52,-65,-36,-23,-43,-37,-30,-14,-10,-16,-12,-4,-23,-8,-6,-1,15,-30,-18,-40,-36,-43,-52,-29,-62
7.92533,-51,-44,-64,-74,-35,-25,-48,-47,-30,-11,-19,-14,-10,-4,-37,-8,-2,6,24,-39,-30,-25,-32,-44,-45,-33,-58
7.93600,-58,-76,-80,-65,-50,-35,-57,-40,-29,-7,-18,-7,-13,-6,-29,8,-10,-2,22,-56,-21,-44,-33,-59,-53,-50,-39
7.94667,-71,-67,-74,-80,-47,-39,-61,-43,-32,3,-21,2,-5,-14,-24,5,-1,10,25,-55,-15,-34,-27,-55,-38,-30,-35
7.95733,-51,-71,-88,-82,-54,-37,-49,-46,-25,-12,-12,-7,-5,-6,-10,-10,3,4,19,-34,-23,-37,-43,-41,-30,-43,-40
7.96800,-95,-81,-77,-58,-63,-49,-45,-50,-41,-9,-13,-4,-12,-4,-22,-10,-8,3,27,-27,-21,-44,-31,-61,-40,-45,-49
7.97867,-61,-77,-65,-65,-44,-41,-53,-53,-39,-20,-4,-12,-12,-20,-11,-6,-5,-1,34,-26,-21,-32,-31,-45,-49,-34,-32
7.98933,-67,-84,-78,-48,-56,-53,-50,-54,-37,-11,-8,-15,-5,-6,-26,-18,-6,-9,44,-25,-28,-33,-40,-43,-38,-28,-30
8.00000,-81,-94,-91,-60,-53,-48,-61,-48,-45,-13,-15,-11,7,14,-12,-8,1,10,37,-22,-27,-24,-28,-47,-41,-36,-24
8.01067,-65,-77,-88,-62,-42,-38,-46,-52,-32,-4,-24,0,-6,-2,-5,-2,-5,1,33,-22,-34,-22,-21,-54,-41,-35,-52
8.02133,-76,-97,-82,-69,-51,-17,-45,-48,-32,-9,-15,5,-16,-8,-7,-21,11,8,36,-19,-14,-28,-27,-45,-48,-26,-42
8.03200,-68,-82,-86,-71,-43,-41,-50,-48,-24,2,-23,-4,-11,-12,-8,-8,2,7,17,-17,-5,-40,-29,-44,-44,-31,-46
8.04267,-52,-83,-80,-75,-43,-33,-60,-61,-29,-5,-19,-10,2,-6,-10,1,9,1,32,-14,-18,-34,-34,-57,-48,-23,-42
8.05333,-66,-86,-95,-73,-60,-43,-63,-63,-41,-4,-17,-2,14,-10,-15,7,-2,10,26,-26,-35,-26,-35,-68,-69,-43,-32
8.06400,-84,-67,-90,-68,-64,-43,-52,-53,-38,-1,-15,2,2,-4,-3,-2,-3,-1,33,-11,-34,-15,-22,-46,-53,-48,-37
8.07467,-53,-85,-90,-62,-63,-39,-69,-43,-36,-5,-16,7,0,-3,-9,-12,-15,0,35,-29,-35,-19,-29,-50,-43,-48,-43
8.08533,-62,-72,-76,-74,-51,-52,-64,-45,-37,4,-18,10,6,-8,-5,-8,-2,-10,29,-33,-36,-28,-20,-34,-30,-47,-59
8.09600,-69,-79,-67,-64,-47,-45,-62,-46,-28,-2,-24,5,12,-8,-8,-15,11,7,42,-26,-42,-27,-22,-34,-35,-41,-39
8.10667,-45,-94,-69,-71,-51,-40,-57,-49,-29,8,-9,-4,4,-10,5,-7,15,2,17,-29,-44,-36,-35,-36,-48,-45,-44
8.11733,-65,-72,-66,-63,-52,-41,-57,-63,-35,-11,-16,-2,-14,-12,-17,-6,0,-7,16,-19,-31,-41,-26,-24,-43,-47,-33
8.12800,-61,-56,-80,-70,-41,-50,-59,-59,-40,-26,-21,-13,-4,-14,-21,-10,-6,0,37,-13,-38,-21,-18,-32,-28,-45,-31
8.13867,-57,-75,-76,-53,-52,-44,-56,-53,-34,-24,-16,-10,2,-1,-14,-9,-2,2,24,-26,-30,-18,-33,-32,-30,-33,-31
8.14933,-53,-81,-67,-54,-44,-40,-73,-48,-29,-11,-12,-15,-12,-2,-15,-12,7,6,29,-30,-34,-32,-33,-38,-27,-39,-32
8.16000,-70,-78,-73,-69,-50,-31,-60,-44,-21,-9,-11,-9,-2,-12,-12,-2,-9,13,21,-15,-38,-17,-15,-54,-45,-42,-43
8.17067,-64,-63,-50,-52,-55,-26,-51,-47,-25,-12,-25,-14,-9,-15,-18,-14,-11,5,23,-31,-40,-24,-24,-29,-37,-32,-42
8.18133,-78,-71,-52,-42,-39,-37,-36,-44,-21,0,-28,-21,-8,-18,-13,-7,-12,4,35,-34,-12,-40,-32,-32,-46,-21,-32
8.19200,-68,-60,-64,-61,-51,-31,-53,-42,-34,-7,-21,-11,-16,-23,-15,-19,-1,3,38,-40,-12,-49,-26,-42,-44,-44,-46
8.20267,-65,-45,-65,-58,-49,-35,-53,-37,-39,-11,-23,-6,-14,-9,-26,-16,0,-14,18,-33,-17,-45,-29,-32,-43,-26,-49
8.21333,-53,-54,-69,-48,-46,-39,-59,-36,-49,-3,-22,-1,-14,-2,-16,-14,2,-7,31,-24,-29,-54,-30,-37,-33,-46,-28
8.22400,-47,-44,-56,-47,-44,-34,-58,-43,-37,-18,-26,-2,-14,-10,-31,-2,-1,-6,33,-29,-39,-38,-31,-39,-40,-40,-38
8.23467,-34,-42,-53,-46,-44,-42,-70,-48,-33,-12,-17,-2,-10,-11,-25,-15,-4,-4,31,-20,-30,-20,-31,-42,-40,-36,-43
8.24533,-54,-56,-51,-55,-41,-31,-56,-45,-34,-4,-6,-2,-18,-20,-21,-17,8,-3,44,-48,-29,-23,-29,-46,-36,-37,-33
8.25600,-45,-55,-49,-49,-40,-24,-40,-53,-30,-12,-19,1,-23,-10,-19,-1,5,2,35,-20,-11,-30,-39,-44,-33,-32,-30
8.26667,-37,-56,-43,-62,-47,-33,-41,-56,-32,-1,-21,-4,-27,-9,-17,-17,-3,0,33,-22,-18,-22,-50,-36,-27,-42,-35
8.27733,-34,-57,-68,-57,-52,-35,-44,-43,-22,-3,-17,-12,-11,-10,-14,-10,0,-3,40,-42,-20,-31,-42,-23,-28,-44,-41
8.28800,-51,-51,-41,-56,-39,-46,-59,-30,-39,1,-13,-10,13,-6,-9,-7,0,6,42,-27,-16,-22,-28,-20,-23,-42,-48
8.29867,-35,-50,-68,-40,-26,-38,-52,-28,-38,2,-5,0,11,-5,-23,-7,9,-6,30,-15,-27,-6,-44,-51,-32,-29,-33
8.30933,-42,-55,-59,-26,-31,-46,-55,-36,-28,0,-12,-4,-4,-2,-12,3,-10,-8,18,-22,-14,-25,-41,-28,-25,-20,-39
8.32000,-38,-56,-59,-25,-18,-29,-35,-49,-17,2,-16,-11,2,-7,-12,-4,-17,11,29,-14,-32,-15,-28,-26,-39,-19,-37
8.33067,-41,-63,-79,-26,-36,-30,-38,-49,-23,-7,-12,-5,-2,-11,-1,-5,-23,9,13,-10,-27,-26,-32,-40,-47,-31,-33
8.34133,-55,-78,-73,-22,-38,-34,-51,-46,-28,-7,-7,5,6,-8,-12,-9,-6,-6,23,-9,-26,-20,-25,-65,-39,-31,-36
8.35200,-71,-71,-67,-47,-43,-37,-42,-48,-19,-15,-6,1,7,-4,-8,-3,0,7,19,-6,-22,-13,-49,-50,-30,-50,-49
8.36267,-72,-57,-70,-44,-38,-43,-49,-42,-16,-11,-6,8,-2,-9,9,-6,13,3,23,-9,-29,-26,-36,-47,-27,-52,-36
8.37333,-55,-70,-46,-29,-42,-40,-39,-44,-11,-3,-24,6,-10,-18,-3,-14,9,18,25,-25,-21,-38,-19,-27,-33,-46,-33
8.38400,-73,-75,-53,-47,-36,-33,-42,-46,-38,-1,-14,-9,1,-3,-12,-6,17,15,40,-17,-26,-31,-14,-44,-42,-29,-38
8.39467,-77,-76,-66,-77,-33,-21,-48,-47,-42,-9,-7,-9,3,-12,2,-21,15,6,26,-21,-20,-17,-19,-43,-34,-43,-29
8.40533,-64,-73,-69,-72,-30,-25,-36,-45,-33,-11,-13,-7,-2,-10,-9,-8,13,3,34,-24,1,-27,-31,-38,-36,-31,-24
8.41600,-76,-69,-69,-62,-38,-28,-59,-51,-38,-8,-22,-14,-5,-11,-15,-8,9,6,32,-17,-16,-31,-29,-30,-42,-40,-43
8.42667,-65,-69,-75,-59,-57,-34,-57,-55,-23,-3,-29,7,5,-7,-10,0,8,-7,33,-25,-14,-29,-51,-54,-35,-35,-40
8.43733,-79,-95,-88,-66,-50,-32,-39,-49,-24,-13,-6,5,1,2,-7,-7,-1,-6,40,-25,-10,-30,-29,-42,-37,-46,-51
8.44800,-73,-93,-78,-82,-50,-51,-53,-39,-29,-4,-5,8,3,7,-16,-21,3,6,35,-14,-25,-34,-42,-48,-46,-52,-52
8.45867,-66,-104,-88,-74,-72,-62,-67,-48,-34,-10,-8,10,7,-5,-19,1,2,-5,25,-24,-16,-12,-44,-45,-38,-29,-33
8.46933,-54,-88,-87,-64,-62,-65,-57,-38,-29,-11,-13,-5,9,-2,3,0,1,16,30,-13,-22,-6,-31,-28,-45,-26,-38
8.48000,-97,-100,-90,-73,-63,-59,-61,-50,-44,-4,-22,1,-11,4,5,2,12,9,13,-25,-23,-22,-16,-46,-31,-31,-29
8.49067,-104,-98,-74,-71,-46,-67,-58,-57,-49,3,-19,9,-11,4,-19,0,2,-3,25,-21,-23,-29,-24,-34,-26,-42,-32
8.50133,-76,-87,-94,-61,-48,-51,-73,-61,-36,4,-26,3,-5,2,-4,4,-4,5,31,-42,-40,-23,-22,-43,-33,-44,-50
8.51200,-94,-83,-104,-73,-53,-45,-62,-58,-38,-14,-6,7,6,8,-13,-9,-10,10,34,-28,-17,-19,-20,-33,-38,-39,-46
8.52267,-86,-85,-100,-64,-43,-58,-50,-57,-38,-6,-7,9,1,10,-8,-19,-5,-3,36,-30,-9,-21,-24,-38,-39,-39,-33
8.53333,-68,-81,-100,-75,-37,-48,-58,-59,-41,-5,-18,0,-4,12,-2,-7,0,0,48,-22,-15,-41,-30,-45,-52,-39,-20
8.54400,-64,-89,-89,-59,-38,-41,-69,-62,-36,-19,-13,-2,-9,12,-12,12,-1,6,35,-22,-5,-24,-26,-57,-46,-25,-40
8.55467,-60,-69,-80,-82,-63,-45,-54,-57,-38,-22,-10,-1,-8,6,-13,3,-2,-9,30,-16,-21,-7,-16,-49,-33,-27,-45
8.56533,-51,-76,-79,-70,-44,-50,-49,-66,-31,-14,-11,10,-12,-8,0,-16,1,-6,34,-27,-27,-18,-25,-40,-43,-23,-43
8.57600,-49,-41,-80,-65,-44,-50,-52,-63,-29,-17,-12,6,-10,-15,-7,-5,6,3,47,-32,-40,-35,-40,-41,-26,-34,-29
8.58667,-67,-64,-64,-55,-49,-44,-50,-49,-30,-20,-9,-3,-7,-4,-26,-12,0,12,28,-23,-19,-31,-56,-42,-30,-41,-30
8.59733,-75,-89,-67,-71,-26,-44,-46,-54,-20,-22,-14,3,-12,-13,-34,2,6,6,22,-11,-31,-32,-51,-35,-46,-19,-44
8.60800,-60,-82,-72,-59,-37,-53,-51,-43,-20,-9,-13,-9,-9,-14,-18,6,-1,4,19,-17,-15,-20,-40,-39,-39,-30,-47
8.61867,-60,-74,-82,-41,-46,-43,-70,-45,-40,-15,-13,6,-5,-8,-19,-2,3,10,28,-35,-16,-21,-46,-40,-39,-26,-43
8.62933,-52,-73,-80,-35,-33,-50,-65,-30,-36,-1,-7,1,-9,0,-10,-17,3,20,28,-28,-33,-23,-26,-43,-29,-32,-51
8.64000,-55,-64,-74,-48,-23,-39,-50,-31,-43,-8,-19,2,-4,9,1,-28,-2,28,41,-28,-28,-11,-27,-43,-25,-32,-49
8.65067,-28,-74,-64,-57,-29,-30,-46,-49,-31,-4,-11,2,-11,7,-3,-15,14,21,37,-30,-24,0,-30,-53,-31,-42,-36
8.66133,-55,-59,-56,-53,-28,-29,-49,-41,-16,-6,-13,4,0,7,-3,-7,27,7,45,-28,-17,-19,-27,-42,-46,-42,-43
8.67200,-23,-43,-51,-32,-7,-12,-47,-35,-16,15,-4,23,-4,13,6,-1,24,3,22,-15,3,-17,-31,-28,-39,-46,-41
8.68267,-21,-55,-46,-36,-14,-6,-37,-35,-11,7,8,11,-7,5,6,2,19,10,23,-16,-8,-8,-34,-34,-45,-24,-28
8.69333,-22,-25,-52,-1,-14,-16,-26,-28,-14,0,5,23,12,5,5,12,20,11,25,-18,-3,-8,-14,-50,-25,-35,-25
8.70400,-5,-36,-40,-13,-7,-5,-16,-20,-12,8,-1,24,1,-3,4,14,17,0,26,-17,-10,1,-13,-42,-35,-33,-32
8.71467,-8,-11,-19,-18,6,10,-14,-18,4,16,15,18,8,10,11,9,10,24,41,-28,-14,-7,-24,-40,-50,-43,-43
8.72533,-6,-25,11,-7,0,23,-1,0,15,28,15,21,16,24,-1,8,11,9,43,-18,-20,-15,-10,-35,-43,-47,-41
8.73600,22,-1,-1,0,24,17,8,4,24,37,13,16,17,23,9,10,22,25,28,-28,-18,-6,-30,-42,-33,-37,-27
8.74667,38,29,11,24,41,31,7,19,19,41,25,26,33,26,7,-3,19,27,30,-26,-25,-28,-6,-36,-22,-34,-38
8.75733,43,33,40,34,40,57,31,31,21,38,32,26,31,17,8,-6,12,23,29,-35,-13,-18,-23,-40,-33,-33,-24
8.76800,58,32,58,58,68,66,42,30,33,49,17,44,32,27,5,7,17,28,37,-38,-9,-22,-25,-27,-23,-28,-32
8.77867,73,61,37,55,71,84,55,40,29,59,31,38,31,27,5,3,16,20,52,-17,-10,3,-30,-20,-19,-31,-24
8.78933,104,73,62,66,80,85,59,42,47,64,47,40,23,25,0,7,11,31,46,-17,-11,-7,-16,-25,-27,-23,-27
8.80000,119,71,85,65,81,81,62,42,41,54,47,38,30,32,-11,13,20,21,48,-16,-14,-15,-31,-40,-20,-37,-25
8.81067,108,78,75,75,88,83,61,54,47,66,35,47,43,22,1,18,31,22,37,-23,-2,-11,-24,-33,-11,-32,-30
8.82133,104,69,66,68,79,79,51,55,45,68,38,41,36,32,-4,20,22,6,39,-18,-10,-8,-15,-39,-14,-21,-16
8.83200,98,56,72,65,83,73,52,44,45,61,32,57,40,22,19,17,20,5,34,-20,-11,-4,-19,-32,-36,-36,-21
8.84267,110,68,69,79,82,70,50,46,56,60,33,45,24,17,25,12,6,8,26,-5,-7,-2,-37,-34,-36,-36,-32
8.85333,79,37,61,67,72,60,50,43,33,54,35,47,22,26,21,5,13,11,30,-16,6,-15,-19,-23,-32,-29,-31
8.86400,58,47,41,60,72,56,39,32,29,56,20,36,29,27,9,14,12,11,26,-18,-6,16,-28,-37,-20,-26,-45
8.87467,50,44,45,53,58,50,22,26,19,46,16,31,24,13,0,16,3,15,49,-19,-17,-20,-21,-26,-29,-31,-23
8.88533,70,33,26,55,54,33,14,17,14,42,16,30,13,22,4,1,6,1,46,-18,-25,-9,-20,-16,-30,-36,-22
8.89600,44,24,31,36,36,25,5,2,14,34,33,26,28,27,10,-6,-3,1,39,-15,-28,-22,-27,-26,-34,-39,-12
8.90667,28,18,31,11,17,19,0,-9,10,14,28,17,23,11,-4,-6,12,-4,35,-17,-23,-16,-29,-29,-20,-39,-38
8.91733,23,-11,5,6,17,21,-7,-19,5,19,2,6,15,3,-27,5,7,10,24,-7,-8,-21,-31,-35,-23,-34,-30
8.92800,-3,-13,-1,-14,2,4,-12,-23,3,11,4,3,10,12,-15,-3,10,2,20,-9,-18,-22,-26,-35,-27,-31,-45
8.93867,-21,-42,-15,-11,-13,-7,-18,-29,-13,2,3,6,13,14,-4,-2,4,-2,24,-5,-17,-29,-31,-30,-45,-41,-36
8.94933,-48,-59,-29,-22,-10,-21,-15,-25,-19,4,-1,0,4,8,-14,2,0,-5,34,-33,-32,-9,-37,-28,-46,-40,-33
8.96000,-26,-58,-20,-19,-25,-25,-27,-20,-23,7,-13,4,1,-8,-6,13,14,-1,38,-34,-35,-15,-29,-27,-40,-44,-43
8.97067,-41,-71,-18,-23,-32,-26,-33,-45,-29,4,-9,7,12,-4,-23,-2,17,-7,21,-19,-28,-23,-30,-27,-45,-61,-46
8.98133,-58,-61,-40,-54,-39,-31,-42,-38,-16,-2,-15,9,11,-2,-11,-4,15,0,31,-26,-18,-30,-31,-23,-42,-48,-33
8.99200,-64,-46,-60,-70,-46,-25,-43,-41,-39,-4,-15,7,1,-8,-5,0,-1,4,23,-42,-35,-28,-37,-36,-38,-40,-35
9.00267,-59,-54,-65,-55,-51,-39,-46,-37,-32,-17,-21,-6,-9,-10,-14,-6,19,-11,36,-39,-26,-32,-36,-43,-39,-53,-43
9.01333,-59,-54,-84,-60,-41,-33,-46,-49,-32,-20,-19,-20,-10,-9,-16,-13,20,-11,31,-29,-20,-39,-30,-40,-48,-45,-47
9.02400,-59,-57,-67,-63,-36,-27,-54,-55,-41,-14,-28,-15,0,-13,-6,-3,-1,-5,27,-30,-25,-52,-35,-38,-33,-45,-56
9.03467,-52,-66,-92,-60,-41,-27,-61,-48,-42,-13,-23,-2,-28,-8,-12,-11,-2,-9,29,-17,-19,-59,-53,-44,-29,-34,-54
9.04533,-35,-72,-77,-55,-45,-36,-62,-52,-32,-12,-13,-1,-10,8,-13,-6,19,-16,21,-26,-11,-39,-54,-44,-47,-46,-42
9.05600,-37,-98,-72,-67,-46,-53,-72,-46,-35,-9,-11,4,2,0,0,-4,12,-5,26,-40,-17,-24,-36,-57,-49,-62,-52
9.06667,-48,-93,-70,-76,-45,-50,-54,-41,-51,-15,-18,-4,5,3,-5,-7,-3,-3,25,-37,-10,-24,-36,-56,-44,-59,-47
9.07733,-62,-97,-96,-75,-41,-61,-49,-59,-42,-16,-8,-8,8,3,-16,-2,11,13,21,-38,-21,-22,-40,-38,-44,-64,-42
9.08800,-69,-104,-96,-71,-51,-51,-54,-58,-41,-15,-5,-8,9,9,-14,-6,6,5,25,-39,-26,-37,-44,-45,-50,-52,-49
9.09867,-55,-113,-84,-64,-70,-50,-58,-61,-42,-14,-22,-11,-8,-5,-7,-12,-6,0,19,-37,-24,-32,-54,-50,-50,-45,-40
9.10933,-90,-85,-63,-67,-58,-38,-63,-63,-45,-16,-29,-10,-13,-13,-11,-20,-3,0,21,-46,-21,-17,-49,-59,-47,-45,-45
9.12000,-63,-78,-65,-75,-63,-58,-59,-60,-36,-16,-27,-4,-8,-7,-17,-8,23,-11,22,-32,-15,-22,-47,-52,-30,-54,-49
9.13067,-78,-86,-94,-76,-52,-46,-58,-59,-52,-18,-24,-2,-5,4,1,-21,6,-25,35,-28,-28,-26,-28,-56,-27,-52,-43
9.14133,-72,-89,-81,-82,-55,-48,-64,-53,-43,-19,-16,2,-7,4,-4,-9,11,-17,37,-33,-34,-25,-34,-53,-45,-43,-57
9.15200,-88,-95,-88,-56,-49,-41,-67,-52,-34,-24,-17,-3,-8,-10,-17,-3,2,-13,17,-18,-35,-20,-41,-54,-48,-52,-53
9.16267,-76,-89,-94,-70,-60,-40,-54,-58,-31,-22,-12,7,-7,-20,-24,2,6,-8,35,-31,-32,-13,-25,-56,-51,-37,-51
9.17333,-79,-78,-88,-70,-64,-42,-50,-57,-36,-21,-20,-2,-1,-7,-25,-1,9,8,23,-22,-20,-29,-21,-59,-44,-40,-44
9.18400,-76,-76,-89,-77,-67,-39,-55,-69,-37,-23,-24,-18,-22,-15,-17,-1,3,-12,16,-31,-24,-13,-31,-59,-53,-46,-41
9.19467,-63,-88,-94,-80,-52,-60,-70,-66,-39,-20,-21,-4,-18,-8,-26,-9,-4,-12,28,-20,-24,-18,-41,-43,-48,-48,-33
9.20533,-57,-74,-76,-72,-45,-61,-56,-73,-31,-14,-19,-6,-1,-12,-20,-10,1,-1,31,-39,-20,-31,-33,-50,-44,-46,-41
9.21600,-71,-73,-82,-71,-49,-52,-55,-71,-42,-8,-16,-2,0,-10,-21,-23,2,7,39,-51,-21,-36,-36,-46,-40,-39,-38
9.22667,-81,-81,-86,-70,-60,-57,-59,-66,-39,-1,-24,-2,10,-2,-17,-15,-8,-10,40,-26,-33,-40,-55,-48,-22,-45,-41
9.23733,-58,-66,-82,-66,-62,-56,-62,-67,-45,-5,-20,-13,-3,-10,-3,-23,-3,-18,17,-27,-27,-34,-33,-44,-35,-43,-56
9.24800,-36,-94,-92,-57,-48,-46,-55,-56,-46,-12,-12,-23,-2,-4,-15,-12,4,7,6,-32,-16,-23,-30,-40,-59,-56,-56
9.25867,-32,-93,-93,-68,-54,-49,-55,-58,-35,-11,-13,-22,-4,-16,-26,-10,-14,18,8,-41,-24,-31,-34,-41,-62,-44,-47
9.26933,-33,-84,-102,-63,-30,-50,-64,-66,-27,-7,-12,-20,4,-18,-1,-7,1,19,18,-60,-25,-42,-36,-47,-58,-60,-53
9.28000,-50,-94,-99,-79,-37,-49,-75,-76,-31,-16,-18,-13,-11,-11,-12,-10,-8,14,17,-40,-31,-13,-49,-56,-48,-42,-57
9.29067,-53,-100,-99,-79,-49,-46,-80,-64,-38,-14,-24,-5,-19,-10,-5,0,-7,4,30,-27,-32,-24,-23,-51,-56,-45,-40
9.30133,-59,-102,-106,-73,-43,-51,-66,-56,-45,-26,-16,-15,-18,-4,-2,-10,7,3,25,-32,-24,-28,-24,-38,-52,-43,-41
9.31200,-69,-111,-104,-76,-39,-64,-63,-65,-40,-24,-26,-17,1,-3,-12,-16,-9,-3,23,-30,-30,-30,-24,-53,-43,-33,-39
9.32267,-86,-108,-75,-80,-54,-55,-76,-70,-34,-26,-29,-17,-15,-10,-25,-18,1,-10,12,-43,-37,-25,-27,-39,-51,-39,-40
9.33333,-71,-82,-79,-70,-67,-55,-66,-81,-30,-30,-40,-16,-30,-17,-12,-29,10,-13,22,-39,-41,-20,-28,-50,-59,-61,-42
9.34400,-45,-103,-94,-60,-66,-52,-62,-64,-39,-14,-37,-35,-8,-19,-13,-18,-1,-1,15,-41,-29,-20,-33,-55,-52,-41,-43
9.35467,-69,-89,-84,-80,-63,-40,-56,-71,-47,-17,-24,-19,-3,-14,-6,2,12,0,16,-28,-25,-24,-25,-52,-49,-35,-43
9.36533,-82,-84,-95,-79,-57,-50,-77,-64,-41,-18,-36,-10,-25,-22,-13,-29,-14,12,30,-44,-41,-34,-47,-57,-51,-40,-42
9.37600,-110,-85,-90,-79,-50,-48,-72,-65,-47,-11,-31,0,-20,-13,-22,-18,-6,15,20,-40,-41,-36,-54,-58,-27,-43,-42
9.38667,-80,-96,-84,-66,-48,-51,-71,-62,-50,-18,-34,2,-8,-5,-21,-20,10,-2,18,-27,-18,-30,-37,-53,-46,-60,-52
9.39733,-49,-106,-89,-67,-50,-65,-61,-55,-42,-26,-32,-17,1,-13,-11,-10,4,-5,36,-22,-26,-49,-48,-65,-30,-48,-42
9.40800,-43,-78,-84,-81,-51,-70,-71,-66,-46,-12,-26,-17,-3,-22,-17,-13,9,-3,20,-35,-20,-52,-40,-65,-43,-52,-36
9.41867,-45,-78,-102,-91,-55,-57,-92,-70,-54,-18,-18,-2,-3,-10,-20,-18,6,-9,38,-28,-19,-33,-38,-59,-47,-51,-45
9.42933,-58,-75,-76,-103,-54,-50,-77,-63,-59,-27,-19,-14,-3,-2,-5,-5,4,-9,23,-28,-18,-24,-40,-50,-42,-49,-60
9.44000,-67,-92,-75,-89,-44,-52,-85,-53,-51,-26,-17,-9,-1,-7,-21,-7,0,-4,26,-27,-26,-11,-35,-51,-44,-59,-40
9.45067,-55,-88,-85,-67,-49,-57,-76,-67,-49,-18,-15,-9,-8,-4,-18,-8,6,-9,25,-9,-27,-24,-46,-41,-32,-41,-44
9.46133,-60,-66,-74,-60,-54,-41,-56,-64,-46,-15,-20,0,-3,-3,-9,-14,-4,-14,25,-23,-12,-22,-32,-52,-56,-47,-56
9.47200,-52,-65,-81,-55,-46,-37,-49,-71,-41,-17,-26,-8,-19,-19,-25,-24,-9,-4,19,-29,-30,-12,-42,-63,-54,-43,-52
9.48267,-57,-79,-71,-73,-53,-41,-55,-67,-36,-19,-16,-18,-16,-10,-17,-11,-5,-13,7,-37,-31,-33,-32,-40,-54,-39,-46
9.49333,-56,-76,-63,-64,-53,-37,-59,-62,-34,-11,-24,-18,-1,-18,-24,-15,-10,-2,17,-27,-34,-26,-27,-43,-51,-36,-49
9.50400,-53,-70,-42,-65,-62,-39,-59,-52,-56,-21,-15,-15,-10,-12,-34,-23,-11,-1,25,-24,-30,-30,-27,-55,-62,-43,-39
9.51467,-48,-74,-61,-63,-38,-51,-57,-56,-42,-34,-22,-31,-21,-10,-30,-18,-16,-3,22,-33,-42,-22,-32,-62,-41,-54,-49
9.52533,-62,-77,-79,-56,-47,-56,-59,-53,-43,-26,-18,-27,-18,-8,-17,-24,-18,5,26,-45,-38,-34,-40,-55,-43,-43,-46
9.53600,-53,-65,-77,-54,-55,-44,-51,-44,-41,-17,-20,-22,-25,-6,-16,1,-1,-7,22,-42,-37,-22,-30,-46,-47,-55,-49
9.54667,-58,-92,-75,-45,-45,-48,-56,-59,-38,-15,-16,-12,-14,-14,-9,-2,-13,-3,29,-27,-34,-39,-36,-52,-39,-34,-45
9.55733,-64,-82,-70,-65,-40,-48,-73,-51,-34,-16,-16,-1,-10,-5,-19,0,-5,-5,11,-40,-39,-40,-29,-56,-49,-34,-42
9.56800,-59,-92,-83,-51,-43,-60,-61,-56,-43,-15,-26,-22,-10,-11,-22,-9,-5,-12,34,-45,-30,-24,-20,-53,-60,-24,-43
9.57867,-61,-83,-64,-59,-72,-56,-62,-53,-44,-24,-26,-21,-19,-13,-21,1,-8,-1,31,-47,-6,-24,-36,-54,-66,-39,-28
9.58933,-86,-65,-78,-59,-71,-58,-56,-59,-46,-24,-19,-17,-17,-27,-14,8,5,-10,33,-40,7,-19,-38,-46,-50,-41,-43
9.60000,-51,-70,-69,-71,-43,-55,-74,-68,-38,-22,-20,-13,-16,-16,-23,-9,-10,-12,25,-39,-8,-26,-43,-46,-56,-41,-62
9.61067,-45,-74,-64,-67,-50,-52,-75,-68,-32,-17,-16,-6,-9,-18,-21,-20,8,-14,22,-27,-18,-36,-44,-36,-51,-27,-52
9.62133,-66,-73,-65,-59,-40,-51,-67,-68,-33,-25,-12,-17,0,-11,-5,-10,-8,9,26,-26,-25,-30,-47,-37,-61,-38,-31
9.63200,-43,-87,-83,-70,-49,-50,-73,-61,-33,-27,-22,-15,-1,-14,-4,-9,-6,1,22,-31,-24,-26,-35,-34,-52,-31,-36
9.64267,-47,-77,-77,-64,-51,-46,-59,-53,-39,-28,-27,-13,-11,-13,-30,-13,6,9,38,-30,-25,-37,-36,-43,-51,-37,-44
9.65333,-45,-84,-81,-56,-47,-47,-60,-52,-29,-31,-29,-8,-8,-27,-26,-12,6,0,24,-19,-20,-15,-29,-34,-50,-36,-33
9.66400,-23,-85,-60,-58,-41,-45,-61,-54,-42,-21,-25,-5,-6,-12,-21,-9,-2,-9,24,-18,-36,-34,-28,-23,-45,-40,-44
9.67467,-38,-55,-80,-39,-36,-47,-65,-45,-46,-25,-32,5,2,-12,-18,-16,-8,-16,17,-38,-21,-26,-23,-43,-27,-42,-31
9.68533,-63,-67,-67,-49,-35,-47,-67,-54,-44,-23,-25,-3,4,-5,-21,-7,2,0,31,-33,-26,-20,-16,-27,-42,-39,-34
9.69600,-33,-90,-78,-51,-45,-44,-58,-57,-32,-20,-27,-18,-11,0,-29,13,-4,-6,28,-26,-36,-34,-16,-35,-36,-42,-34
9.70667,-18,-75,-81,-68,-29,-41,-64,-45,-33,-21,-23,-7,-12,-12,-28,-14,1,-4,29,-27,-30,-28,-20,-44,-26,-40,-30
9.71733,-24,-72,-56,-51,-37,-39,-68,-41,-38,-15,-24,-9,-13,-20,-11,-8,-11,8,18,-29,-32,-35,-24,-55,-32,-33,-37
9.72800,-33,-64,-57,-40,-35,-31,-52,-57,-41,-28,-26,-11,-9,-17,-13,-7,3,3,33,-18,-32,-27,-13,-35,-33,-29,-34
9.73867,-42,-69,-63,-42,-25,-45,-61,-55,-50,-13,-27,-10,-13,-27,-27,-24,-5,-2,54,-16,-20,-21,-27,-36,-28,-36,-21
9.74933,-19,-59,-62,-54,-17,-46,-48,-49,-40,-18,-16,-8,2,-20,-23,-18,7,-13,20,-19,-23,-23,-15,-36,-14,-31,-13
9.76000,-43,-31,-59,-60,-39,-30,-56,-37,-39,-26,-10,-4,-13,-20,-20,-12,8,-5,27,-22,-30,-27,-21,-52,-27,-25,-24
9.77067,-45,-44,-52,-46,-37,-48,-52,-38,-31,-14,-31,-18,-20,-6,-8,-20,10,-28,24,-30,-21,-26,-18,-35,-26,-28,-44
9.78133,-32,-30,-60,-42,-40,-63,-67,-51,-40,-19,-27,-12,-23,-6,-4,-2,1,-1,30,-32,-25,-24,-13,-34,-38,-25,-25
9.79200,-31,-28,-52,-55,-44,-49,-59,-49,-28,-13,-25,-7,-18,-15,-9,-19,-1,6,28,-27,-8,-18,-16,-18,-30,-12,-28
9.80267,-27,-46,-50,-60,-36,-38,-54,-56,-35,-15,-25,-24,-23,-7,-17,-27,0,4,30,-22,-7,-11,-14,-24,-27,-18,-19
9.81333,-27,-65,-57,-31,-50,-47,-52,-56,-39,-19,-17,-12,-4,-11,-15,0,8,13,33,-22,-6,-33,-25,-26,-31,-15,-14
9.82400,-47,-52,-72,-54,-36,-43,-39,-64,-29,-14,-11,-13,-12,-24,-16,-18,8,6,32,-28,-13,-30,-16,-33,-32,-7,-23
9.83467,-61,-54,-50,-47,-48,-40,-48,-51,-34,-7,-4,-12,-12,-25,-6,-13,-2,1,18,-32,-15,-28,-21,-37,-34,-19,-31
9.84533,-47,-70,-56,-58,-50,-30,-55,-42,-20,-10,-12,-19,-7,-23,-16,-2,10,13,22,-31,-18,-10,-28,-20,-38,-22,-23
9.85600,-19,-58,-44,-47,-46,-36,-48,-45,-34,-20,-15,-22,-8,-14,-26,-9,15,3,16,-25,-31,-2,-31,-45,-39,-29,-28
9.86667,-24,-53,-65,-49,-42,-36,-60,-61,-35,-19,-19,-11,-19,-10,-15,-4,5,-13,19,-29,-29,-27,-44,-36,-17,-37,-32
9.87733,-23,-43,-62,-43,-28,-41,-56,-68,-45,-12,-27,-4,-17,-12,-7,-16,18,-20,6,-32,-18,-36,-34,-42,-25,-33,-37
9.88800,-21,-58,-43,-43,-38,-39,-57,-53,-40,-33,-34,-2,-9,-20,-19,-7,3,-4,16,-41,-22,-36,-15,-41,-35,-36,-33
9.89867,-55,-36,-58,-42,-39,-35,-49,-49,-43,-22,-31,-7,-16,-19,-30,-22,6,4,21,-35,-35,-20,-24,-38,-56,-36,-32
9.90933,-56,-57,-47,-42,-58,-50,-58,-63,-42,-16,-20,-19,-26,-18,-26,-21,2,2,25,-33,-28,-32,-29,-43,-35,-27,-22
9.92000,-62,-67,-66,-44,-53,-45,-56,-48,-33,-17,-24,-20,-20,-22,-26,-13,-5,-16,31,-22,-18,-19,-20,-66,-31,-36,-39
9.93067,-49,-73,-50,-42,-48,-45,-60,-52,-35,-16,-28,-24,-21,-18,-24,-3,-9,-18,28,-16,-26,-17,-39,-59,-47,-46,-36
9.94133,-18,-63,-60,-55,-42,-40,-62,-43,-43,-20,-27,-21,-18,-19,-34,-15,1,-19,16,-30,-20,-21,-44,-40,-29,-44,-27
9.95200,-21,-75,-56,-65,-45,-59,-64,-55,-38,-10,-30,-7,-23,-29,-25,-6,6,-5,40,-39,-15,-25,-38,-34,-42,-39,-33
9.96267,-33,-74,-69,-64,-48,-56,-61,-43,-35,-3,-21,-14,-8,-24,-17,-10,4,-7,20,-40,-22,-17,-34,-45,-52,-26,-33
9.97333,-31,-71,-72,-57,-47,-51,-62,-57,-33,-14,-22,-7,-12,-17,-18,-11,8,-7,26,-48,-34,-26,-27,-51,-46,-35,-36
9.98400,-60,-88,-72,-76,-40,-50,-63,-62,-36,-22,-20,-7,-16,-10,-9,-18,-1,-13,31,-44,-24,-28,-30,-43,-44,-51,-45
9.99467,-38,-67,-69,-66,-52,-42,-54,-64,-35,-21,-22,-6,-11,-11,-11,-20,-5,-23,37,-47,-33,-36,-40,-45,-47,-57,-42
10.00533,-53,-78,-78,-54,-36,-44,-57,-52,-32,-16,-14,-7,-9,-12,-12,-27,-10,-17,40,-27,-40,-33,-44,-41,-53,-45,-46
10.01600,-72,-75,-69,-56,-46,-47,-58,-52,-28,-17,-23,-21,-20,-18,-25,-18,5,-14,35,-46,-20,-36,-28,-47,-24,-44,-52
10.02667,-68,-72,-71,-64,-59,-57,-76,-48,-38,-5,-31,-13,-15,-10,-11,-17,-11,-2,28,-47,-21,-38,-33,-59,-41,-47,-56
10.03733,-49,-70,-71,-62,-41,-52,-73,-49,-32,-20,-32,-18,-15,-21,-20,-17,1,8,31,-41,-29,-30,-33,-55,-38,-45,-50
10.04800,-26,-58,-66,-50,-42,-49,-67,-64,-40,-20,-19,-21,-25,-16,-29,-11,10,-16,33,-44,-12,-1,-40,-57,-38,-46,-34
10.05867,-29,-63,-58,-58,-62,-34,-65,-62,-45,-23,-38,-22,-17,-12,-37,-19,-4,-25,22,-39,-5,-28,-44,-48,-54,-43,-41
10.06933,-56,-73,-41,-53,-50,-42,-67,-56,-41,-24,-27,-28,-14,-14,-23,-24,-19,-20,22,-31,-6,-20,-35,-37,-36,-41,-51
10.08000,-63,-50,-38,-44,-46,-29,-53,-24,-40,-14,-14,-1,-5,1,-20,-4,-10,-20,13,-19,-12,6,-30,-14,-25,-32,-28
10.09067,-52,-63,-47,-42,-31,-28,-62,-39,-26,-22,-14,-4,-16,-7,-29,0,-13,-1,23,-24,-31,0,-22,-32,-36,-20,-41
10.10133,-18,-76,-52,-66,-23,-36,-62,-46,-38,-19,-20,-20,-19,-17,-30,-8,-3,2,11,-12,-23,-22,-42,-39,-41,-21,-37
10.11200,-31,-62,-77,-59,-40,-29,-55,-52,-41,-21,-31,-23,-16,-6,-9,-13,-7,-13,21,-36,-37,-27,-33,-51,-48,-24,-33
10.12267,-44,-72,-62,-42,-45,-32,-55,-50,-21,-25,-27,-14,-21,-19,-22,-21,-13,2,17,-40,-30,-23,-33,-58,-35,-29,-47
10.13333,-56,-55,-58,-39,-38,-25,-53,-56,-31,-14,-34,-19,-12,-20,-10,-18,-1,-7,18,-33,-41,-24,-37,-57,-39,-36,-46
10.14400,-54,-67,-65,-32,-34,-31,-51,-57,-34,-5,-34,-11,-22,-14,-16,-20,-8,5,18,-36,-38,-27,-36,-46,-45,-26,-48
10.15467,-35,-56,-47,-32,-28,-37,-50,-55,-48,-4,-37,-21,-35,-14,-27,-25,3,-8,22,-38,-37,-33,-25,-73,-28,-25,-46
10.16533,-55,-82,-65,-42,-36,-48,-56,-53,-46,-19,-37,-16,-32,-18,-6,-15,3,-11,19,-36,-31,-13,-30,-43,-28,-39,-49
10.17600,-62,-61,-52,-57,-26,-45,-57,-60,-43,-20,-32,-10,-34,-9,1,-20,5,14,21,-27,-27,-20,-18,-53,-18,-41,-37
10.18667,-14,-61,-46,-60,-43,-29,-44,-54,-47,-22,-18,-13,-18,-20,-11,-35,-4,5,27,-53,-19,-23,-21,-44,-26,-28,-42
10.19733,-28,-77,-72,-55,-45,-38,-45,-68,-52,-17,-18,-3,-13,-16,-14,-24,-7,-2,6,-49,-25,-17,-14,-60,-35,-46,-29
10.20800,-37,-77,-59,-56,-52,-35,-48,-61,-35,-26,-20,-11,-16,-11,-21,-21,-10,4,9,-22,-8,-13,-33,-57,-52,-46,-50
10.21867,-34,-57,-73,-47,-48,-42,-37,-61,-40,-22,-27,-10,-18,-18,10,-16,-16,-13,10,-32,-9,-30,-27,-46,-43,-50,-52
10.22933,-66,-69,-85,-58,-35,-47,-56,-60,-40,-21,-30,-16,-18,-6,-5,-4,-4,-13,13,-27,-13,-36,-16,-40,-31,-48,-46
10.24000,-22,-71,-75,-59,-30,-42,-69,-65,-40,-28,-31,-12,-9,-5,-30,-9,7,-13,15,-54,-32,-34,-31,-43,-51,-48,-52
10.25067,-25,-80,-77,-50,-34,-53,-76,-69,-54,-26,-23,-13,-11,-4,-21,1,3,-5,12,-41,-34,-28,-27,-47,-36,-38,-37
10.26133,-54,-73,-54,-61,-40,-56,-66,-67,-41,-27,-15,-8,-12,-22,-17,-19,13,-1,33,-39,-34,-27,-21,-48,-34,-47,-38
10.27200,-68,-96,-67,-55,-62,-42,-63,-59,-47,-25,-30,-2,0,1,-21,-21,3,10,28,-37,-51,-25,-25,-31,-39,-40,-47
10.28267,-59,-75,-90,-69,-49,-49,-69,-60,-42,-12,-32,-19,-15,-8,-16,-15,-11,1,19,-20,-40,-26,-28,-42,-38,-46,-47
10.29333,-53,-86,-83,-76,-63,-40,-66,-58,-48,-20,-28,-20,-5,-14,6,-10,0,3,24,-31,-16,-12,-28,-51,-58,-45,-47
10.30400,-61,-67,-90,-79,-76,-36,-60,-55,-46,-20,-28,-3,-10,-24,-5,-17,3,15,32,-35,-25,-14,-20,-51,-49,-51,-51
10.31467,-83,-65,-92,-56,-62,-47,-65,-51,-47,-30,-28,-13,-4,-14,-13,-8,7,9,29,-31,-21,-24,-34,-34,-42,-29,-47
10.32533,-63,-84,-90,-76,-68,-56,-69,-61,-47,-26,-26,-12,-11,-4,-7,-2,10,20,25,-33,-25,-26,-27,-40,-51,-52,-50
10.33600,-65,-72,-88,-65,-58,-45,-76,-59,-55,-26,-23,-10,5,-1,-1,-13,-15,13,21,-26,-21,-21,-35,-50,-56,-58,-42
10.34667,-64,-57,-63,-55,-48,-48,-69,-53,-48,-27,-28,-18,-5,-18,-12,-18,-8,8,21,-32,-16,-25,-33,-48,-50,-57,-33
10.35733,-56,-74,-72,-64,-51,-45,-66,-61,-50,-28,-26,1,-12,-13,-9,-19,1,3,18,-27,-30,-18,-39,-56,-46,-58,-31
10.36800,-66,-79,-80,-80,-48,-59,-76,-63,-40,-23,-32,-7,-9,-6,-17,-8,2,-2,30,-29,-12,-24,-26,-53,-54,-54,-29
10.37867,-51,-77,-77,-88,-36,-52,-73,-59,-43,-27,-23,-4,-8,5,-15,1,3,-8,35,-24,-16,-23,-37,-48,-56,-42,-46
10.38933,-66,-82,-92,-77,-49,-49,-69,-57,-38,-26,-23,-11,-24,11,-1,-13,1,-1,29,-29,-11,-31,-26,-43,-47,-42,-58
10.40000,-63,-91,-97,-70,-50,-59,-63,-62,-44,-26,-32,-2,-25,3,-12,-7,3,-5,26,-26,-27,-34,-26,-28,-48,-52,-48
10.41067,-80,-76,-84,-80,-58,-64,-56,-64,-51,-21,-20,-6,-20,6,-27,-8,19,10,22,-27,-36,-20,-19,-49,-34,-60,-38
10.42133,-67,-96,-76,-80,-71,-54,-62,-61,-41,-15,-11,-5,-10,3,-18,4,17,8,35,-28,-34,-10,-23,-38,-43,-60,-54
10.43200,-74,-94,-86,-85,-67,-78,-59,-61,-33,-17,-17,-11,-15,-2,0,2,25,12,29,-16,-26,-25,-31,-36,-43,-36,-53
10.44267,-82,-94,-85,-99,-62,-64,-79,-67,-47,-23,-23,-15,-6,-4,-6,-4,24,27,39,-34,-29,-36,-40,-60,-32,-30,-48
10.45333,-76,-103,-80,-103,-73,-43,-71,-63,-51,-26,-26,-12,-18,5,-2,-7,9,10,21,-31,-21,-24,-29,-59,-42,-35,-42
10.46400,-92,-80,-89,-81,-68,-50,-84,-63,-44,-29,-29,-1,-18,-4,17,-5,7,18,31,-36,-28,-26,-31,-57,-50,-40,-51
10.47467,-80,-83,-99,-80,-79,-72,-74,-62,-44,-32,-24,-8,0,4,-2,-20,13,12,33,-39,-31,-29,-29,-42,-42,-48,-39
10.48533,-90,-84,-104,-86,-84,-79,-71,-61,-42,-29,-19,2,-4,-6,-11,-19,15,8,37,-33,-28,-37,-34,-33,-36,-55,-37
10.49600,-90,-86,-116,-69,-78,-73,-75,-66,-51,-31,-25,11,-9,10,3,-14,1,6,37,-35,-37,-23,-25,-40,-27,-54,-38
10.50667,-108,-85,-119,-78,-83,-70,-76,-72,-47,-11,-27,7,-11,11,-13,-2,12,1,34,-37,-31,-34,-42,-57,-26,-45,-40
10.51733,-65,-98,-95,-86,-76,-63,-79,-62,-62,-23,-30,-8,-9,6,-7,10,4,7,42,-24,-37,-29,-33,-54,-31,-47,-46
10.52800,-107,-111,-95,-104,-69,-59,-70,-66,-52,-23,-22,-3,1,9,-2,5,-2,7,35,-39,-25,-12,-36,-35,-31,-31,-64
10.53867,-97,-97,-97,-98,-77,-64,-80,-76,-38,-30,-19,-3,8,4,-6,4,6,3,31,-37,-29,-33,-22,-31,-48,-36,-61
10.54933,-88,-80,-84,-101,-67,-51,-62,-65,-45,-34,-28,4,1,-7,-9,9,11,-2,36,-27,-20,-10,-25,-40,-33,-39,-45
10.56000,-88,-86,-86,-84,-72,-51,-66,-63,-48,-22,-15,-1,-5,1,-17,2,19,4,44,-44,-17,-20,-33,-55,-43,-48,-51
10.57067,-95,-110,-94,-57,-77,-51,-70,-53,-42,-28,-17,-6,-7,-17,-14,6,15,7,42,-30,-21,-20,-38,-49,-27,-42,-57
10.58133,-93,-103,-87,-67,-67,-38,-69,-66,-47,-19,-17,2,0,-9,-6,3,3,-23,26,-32,-32,-41,-26,-37,-38,-46,-56
10.59200,-108,-107,-94,-70,-71,-50,-72,-82,-39,-21,-27,-14,-8,2,-2,9,7,13,38,-19,-30,-43,-31,-35,-45,-52,-45
10.60267,-95,-97,-85,-85,-57,-46,-78,-78,-34,-27,-23,-20,-10,6,-5,1,6,12,27,-23,-17,-34,-44,-38,-51,-40,-47
10.61333,-77,-93,-85,-67,-45,-47,-78,-57,-41,-27,-25,-11,-1,-6,-16,-4,-3,-10,28,-18,-25,-31,-40,-36,-54,-33,-47
10.62400,-93,-93,-100,-84,-51,-46,-83,-59,-47,-26,-31,-9,-18,-4,-12,3,9,-6,38,-17,-12,-37,-30,-34,-57,-38,-41
10.63467,-89,-74,-102,-77,-51,-54,-75,-51,-49,-19,-29,0,-18,1,-17,15,7,-11,17,-35,-24,-16,-24,-46,-45,-36,-54
10.64533,-78,-82,-93,-91,-62,-59,-69,-70,-45,-26,-21,-12,-3,7,-19,13,-7,9,13,-35,-24,-14,-32,-58,-39,-41,-51
10.65600,-84,-106,-75,-69,-66,-61,-60,-59,-37,-23,-15,-12,-8,3,-25,10,-8,6,17,-40,-28,-17,-27,-57,-47,-38,-57
10.66667,-54,-90,-73,-77,-54,-61,-61,-66,-55,-28,-23,-11,-10,-8,-14,-1,-8,4,26,-48,-30,-22,-23,-55,-49,-45,-40
10.67733,-72,-87,-85,-73,-67,-58,-67,-62,-44,-21,-29,-2,-8,-13,-14,4,2,-13,15,-35,-49,-33,-35,-56,-60,-39,-35
10.68800,-73,-70,-91,-84,-65,-60,-72,-50,-47,-19,-30,0,-10,-4,-18,0,18,0,13,-28,-39,-26,-21,-45,-46,-31,-28
10.69867,-61,-75,-82,-79,-59,-63,-67,-51,-39,-19,-31,-3,-13,-3,-13,4,13,13,36,-32,-21,-32,-31,-52,-47,-47,-38
10.70933,-77,-95,-82,-72,-48,-69,-75,-56,-37,-27,-28,-1,-12,-14,-16,5,7,14,28,-32,-38,-41,-30,-67,-34,-37,-46
10.72000,-78,-103,-73,-83,-70,-77,-73,-52,-46,-19,-23,-1,-10,-2,0,-1,3,4,42,-31,-40,-40,-32,-46,-29,-30,-42
10.73067,-69,-97,-68,-81,-54,-65,-65,-61,-39,-11,-14,8,-4,-3,-1,10,-5,-3,17,-28,-43,-32,-18,-48,-34,-48,-38
10.74133,-76,-80,-98,-67,-59,-66,-61,-53,-37,-15,-26,4,-4,-20,-14,-21,-7,8,35,-39,-22,-30,-23,-60,-44,-51,-41
10.75200,-72,-88,-100,-63,-64,-51,-78,-69,-44,-14,-18,-6,-10,-21,-16,-15,9,-3,41,-33,-35,-17,-44,-51,-42,-46,-46
10.76267,-80,-66,-95,-81,-72,-59,-72,-76,-43,-27,-30,-7,-17,-17,-12,-7,8,-3,32,-27,-37,-35,-39,-63,-37,-49,-53
10.77333,-68,-69,-80,-76,-65,-56,-73,-75,-48,-29,-23,-8,-9,-1,-5,-1,2,-4,33,-27,-41,-24,-43,-50,-37,-57,-45
10.78400,-66,-77,-104,-74,-55,-58,-61,-59,-46,-29,-33,-8,1,-5,-11,-6,-10,-1,29,-40,-37,-17,-39,-59,-45,-48,-42
10.79467,-69,-81,-78,-81,-51,-69,-76,-66,-48,-23,-25,-8,-12,4,-5,4,1,-1,41,-29,-1,-31,-36,-56,-52,-56,-39
10.80533,-72,-88,-77,-86,-50,-59,-74,-61,-36,-31,-27,-20,-9,6,2,1,2,0,41,-36,-14,-19,-37,-30,-48,-53,-40
10.81600,-61,-89,-81,-68,-58,-51,-71,-65,-53,-22,-29,-12,-3,3,-9,-10,0,-3,41,-38,-27,-14,-38,-32,-48,-56,-55
10.82667,-49,-93,-68,-62,-70,-48,-76,-67,-47,-22,-20,0,6,2,-17,-14,-6,7,30,-30,-22,-25,-32,-18,-40,-42,-54
10.83733,-48,-97,-78,-71,-55,-42,-60,-54,-45,-25,-19,-9,8,-2,-10,-5,-6,12,32,-34,-12,-29,-31,-36,-55,-35,-39
10.84800,-85,-108,-71,-75,-57,-52,-57,-50,-45,-24,-29,5,-8,-11,-15,-13,13,-4,17,-24,-7,-43,-46,-50,-53,-31,-41
10.85867,-75,-90,-74,-70,-48,-56,-66,-55,-49,-19,-25,-5,-15,-4,-10,-17,10,-6,4,-28,-29,-36,-35,-50,-42,-29,-41
10.86933,-58,-67,-85,-64,-45,-60,-60,-53,-52,-25,-38,1,-14,-8,-13,-8,3,0,11,-30,-23,-46,-20,-51,-54,-40,-31
10.88000,-33,-61,-71,-65,-49,-53,-68,-62,-45,-30,-19,-1,-5,-11,-9,0,-12,8,16,-32,-26,-30,-41,-41,-46,-45,-44
10.89067,-67,-89,-78,-71,-57,-52,-67,-62,-39,-21,-20,-3,-18,-10,-14,-6,-2,2,35,-29,-18,-16,-36,-49,-44,-45,-43
10.90133,-78,-112,-78,-55,-69,-46,-70,-55,-45,-16,-25,2,-16,-18,-7,-14,3,-17,25,-26,-24,-18,-39,-46,-53,-48,-41
10.91200,-89,-109,-79,-64,-63,-53,-73,-50,-35,-35,-27,-1,-14,1,-10,-1,7,9,11,-34,-24,-27,-45,-49,-69,-42,-49
10.92267,-76,-76,-69,-72,-53,-54,-78,-56,-37,-21,-27,-16,-5,-3,-5,2,5,5,17,-32,-38,-40,-44,-59,-57,-49,-51
10.93333,-64,-93,-79,-57,-54,-35,-85,-80,-32,-23,-26,-11,-1,-13,0,-8,2,11,26,-36,-22,-22,-23,-61,-53,-42,-47
10.94400,-69,-99,-55,-66,-56,-44,-86,-62,-44,-13,-19,-14,-3,-10,5,-8,10,-11,39,-33,-20,-6,-12,-44,-34,-46,-46
10.95467,-68,-90,-64,-70,-59,-52,-87,-62,-55,-9,-16,-22,-3,-3,-5,-21,0,5,26,-27,-17,-15,-21,-59,-40,-33,-25
10.96533,-77,-79,-78,-62,-74,-55,-70,-62,-60,-12,-23,-12,-17,3,-16,-11,-5,14,28,-41,-16,-40,-39,-49,-40,-47,-44
10.97600,-94,-67,-97,-79,-74,-56,-81,-63,-52,-15,-21,-20,-13,2,-30,-1,6,7,29,-48,-24,-32,-32,-55,-53,-43,-32
10.98667,-78,-90,-93,-78,-70,-63,-75,-68,-41,-22,-16,-4,-17,-9,-15,-7,5,1,19,-39,-10,-39,-32,-61,-64,-42,-40
10.99733,-85,-78,-92,-69,-63,-60,-77,-72,-45,-16,-16,-1,-9,-9,-10,-5,0,3,23,-35,-34,-31,-31,-44,-56,-33,-45
11.00800,-96,-101,-77,-74,-64,-56,-63,-72,-49,-17,-18,-13,0,-16,1,10,12,14,17,-36,-16,-28,-39,-47,-41,-38,-45
11.01867,-83,-108,-79,-67,-57,-59,-71,-61,-50,-35,-13,-8,-9,-7,-18,-4,7,7,23,-24,-10,-27,-28,-41,-44,-55,-51
11.02933,-80,-89,-85,-79,-60,-56,-70,-71,-40,-27,-22,-11,9,-11,-2,-5,-5,19,28,-38,-23,-34,-42,-55,-48,-52,-54
11.04000,-87,-92,-94,-75,-65,-54,-80,-68,-48,-28,-32,-11,-4,-7,-12,2,0,16,27,-41,-24,-26,-42,-66,-40,-41,-52
11.05067,-96,-81,-87,-80,-62,-51,-78,-57,-47,-24,-42,-9,-28,1,-9,-11,-6,6,29,-28,-17,-20,-31,-58,-48,-37,-43
11.06133,-58,-102,-80,-75,-59,-55,-66,-54,-55,-14,-36,-1,-12,-10,-11,-4,3,-7,35,-28,-15,-25,-45,-64,-46,-37,-36
11.07200,-80,-96,-116,-60,-58,-48,-63,-54,-40,-20,-29,-4,-3,-19,1,-3,-9,-19,29,-34,-19,-27,-38,-57,-35,-41,-34
11.08267,-89,-67,-88,-68,-75,-56,-60,-51,-41,-29,-17,-8,-5,-15,-8,-11,-7,1,25,-40,-23,-20,-38,-40,-42,-29,-27
11.09333,-80,-73,-102,-82,-73,-61,-67,-58,-42,-27,-17,-5,-10,-7,2,-5,-14,-7,44,-29,2,-3,-32,-49,-31,-26,-38
11.10400,-101,-93,-98,-68,-81,-55,-68,-53,-46,-25,-19,-14,-17,5,3,-22,13,11,27,-21,-11,-7,-25,-50,-38,-28,-39
11.11467,-94,-86,-106,-81,-71,-55,-69,-65,-43,-15,-18,-18,-2,-1,-20,-16,13,10,20,-29,-24,-17,-28,-45,-29,-36,-38
11.12533,-91,-80,-100,-69,-69,-65,-71,-71,-44,-18,-25,-14,12,-7,-4,-6,11,16,30,-26,-13,-25,-42,-47,-44,-36,-35
11.13600,-74,-101,-100,-91,-69,-66,-67,-66,-55,-11,-24,2,3,-17,-2,4,10,7,35,-14,-10,-30,-38,-50,-39,-59,-44
11.14667,-71,-109,-90,-93,-67,-60,-82,-81,-56,-9,-34,8,13,-12,2,-3,12,-4,41,-19,-14,-17,-21,-54,-42,-54,-42
11.15733,-66,-111,-89,-103,-65,-67,-79,-85,-56,-19,-28,-12,-2,-1,-3,1,10,4,35,-31,-16,-24,-17,-45,-45,-52,-51
11.16800,-81,-102,-82,-75,-81,-58,-65,-77,-49,-11,-28,-1,0,-5,-5,-7,1,12,33,-24,-25,-16,-32,-48,-40,-34,-45
11.17867,-75,-122,-92,-90,-90,-68,-70,-65,-47,-16,-27,-5,4,3,7,11,8,13,38,-21,-20,-20,-34,-42,-45,-37,-39
11.18933,-76,-104,-108,-73,-78,-74,-71,-71,-50,-12,-14,-15,6,13,8,2,15,6,30,-23,-14,-24,-32,-38,-30,-53,-35
11.20000,-102,-91,-107,-85,-68,-62,-81,-88,-48,1,-18,-1,-7,5,-5,8,6,11,26,-19,-20,-19,-39,-59,-35,-49,-35
11.21067,-82,-103,-110,-83,-71,-65,-75,-87,-45,-6,-22,4,1,4,5,2,29,6,32,-11,-34,-2,-31,-50,-30,-37,-50
11.22133,-92,-90,-105,-92,-76,-83,-76,-90,-48,-25,-30,6,-6,2,-4,6,22,12,40,-22,-37,-9,-26,-32,-29,-38,-55
11.23200,-77,-122,-107,-87,-76,-63,-86,-77,-54,-19,-36,1,11,7,1,4,17,4,28,-27,-19,-14,-36,-38,-27,-40,-28
11.24267,-89,-101,-101,-114,-75,-84,-85,-69,-55,-16,-20,-8,2,10,-12,5,31,13,36,-24,-17,-20,-34,-51,-28,-51,-42
11.25333,-91,-96,-82,-109,-86,-67,-79,-70,-55,-12,-18,0,10,7,6,2,22,19,38,-8,-23,-19,-25,-49,-44,-43,-54
11.26400,-86,-110,-104,-91,-76,-66,-63,-72,-54,-19,-20,-9,1,-1,-1,3,8,5,40,-28,-13,-36,-28,-46,-49,-46,-38
11.27467,-67,-91,-72,-100,-87,-50,-75,-79,-53,-16,-22,2,11,7,-6,14,19,-6,35,-12,-18,-35,-40,-35,-40,-46,-35
11.28533,-97,-104,-87,-95,-61,-63,-82,-76,-56,-25,-35,5,-2,-10,2,0,6,7,39,-24,-9,-31,-33,-45,-43,-50,-34
11.29600,-96,-114,-88,-93,-68,-55,-86,-79,-55,-25,-30,-4,3,0,-2,3,16,13,51,-33,-16,-14,-41,-45,-32,-59,-53
11.30667,-87,-102,-83,-105,-77,-52,-95,-69,-53,-38,-27,-6,12,0,12,10,11,8,41,-37,-4,-9,-36,-48,-44,-57,-50
11.31733,-95,-135,-91,-98,-68,-50,-85,-77,-53,-29,-28,-5,1,0,1,-9,21,11,30,-26,-9,-7,-23,-53,-40,-51,-59
11.32800,-84,-125,-104,-89,-67,-71,-88,-81,-47,-17,-19,2,-5,-1,-16,-6,19,10,20,-41,-15,-13,-26,-47,-37,-48,-40
11.33867,-79,-108,-89,-94,-78,-64,-94,-73,-41,-19,-34,-5,3,7,-8,12,12,-1,24,-34,-15,-10,-17,-50,-41,-52,-46
11.34933,-84,-86,-113,-93,-78,-77,-77,-77,-48,-23,-26,-2,1,10,-6,8,10,15,39,-9,-29,-24,-34,-46,-34,-54,-34
11.36000,-72,-96,-106,-86,-70,-71,-83,-72,-53,-22,-31,-2,9,10,-7,6,7,18,29,-13,-18,-14,-45,-52,-53,-42,-46
11.37067,-79,-105,-100,-102,-68,-67,-77,-73,-50,-23,-26,5,12,-2,5,5,15,13,35,1,-23,-24,-39,-47,-43,-46,-46
11.38133,-78,-118,-93,-80,-85,-73,-84,-66,-47,-23,-27,-4,19,8,4,2,19,14,35,-14,-37,-27,-47,-61,-33,-37,-52
11.39200,-73,-121,-100,-91,-82,-67,-64,-82,-56,-23,-25,-1,6,7,13,8,23,0,39,-14,-38,-30,-22,-67,-41,-43,-56
11.40267,-86,-124,-104,-90,-97,-68,-80,-76,-52,-22,-23,0,15,2,21,10,23,9,26,-12,-25,-23,-25,-64,-48,-35,-50
11.41333,-100,-135,-120,-71,-81,-64,-78,-75,-44,-19,-24,8,7,6,13,2,22,19,40,-23,-21,-36,-35,-41,-42,-46,-38
11.42400,-92,-118,-105,-93,-98,-78,-81,-68,-51,-14,-19,-6,8,8,5,9,21,19,34,-26,-8,-35,-45,-54,-35,-41,-43
11.43467,-87,-107,-97,-107,-89,-79,-85,-85,-46,-24,-22,-10,-8,10,0,7,35,12,38,-34,-8,-12,-39,-34,-49,-33,-49
11.44533,-68,-105,-102,-113,-90,-80,-90,-82,-42,-30,-13,-5,14,7,6,4,39,10,44,-35,-6,-3,-23,-37,-36,-55,-34
11.45600,-90,-101,-97,-106,-81,-74,-84,-78,-60,-22,-24,0,13,4,2,9,48,-4,45,-18,-9,-16,-21,-52,-36,-57,-29
11.46667,-99,-104,-101,-102,-79,-71,-94,-68,-67,-22,-22,7,18,8,23,14,30,10,56,-29,-20,-19,-32,-45,-48,-51,-38
11.47733,-87,-116,-103,-95,-88,-74,-82,-68,-51,-6,-2,6,9,14,3,21,34,-10,43,-28,-26,-36,-37,-39,-28,-42,-33
11.48800,-107,-103,-113,-100,-73,-76,-85,-65,-43,-15,-15,11,20,28,14,16,11,3,40,-20,-20,-31,-53,-35,-42,-47,-29
11.49867,-83,-110,-125,-99,-80,-87,-70,-69,-48,-21,-10,18,5,13,9,20,25,11,30,-15,-30,-19,-26,-55,-45,-42,-21
11.50933,-83,-118,-120,-103,-85,-81,-90,-71,-49,-14,-8,9,-5,6,-1,2,4,22,43,-22,-10,-19,-23,-44,-34,-35,-38
11.52000,-85,-118,-124,-103,-74,-66,-81,-83,-39,-20,-5,19,10,7,12,-9,8,22,35,-17,-7,-10,-12,-52,-41,-53,-42
11.53067,-82,-111,-132,-107,-88,-69,-82,-81,-56,-16,-6,-2,10,-4,18,7,13,10,36,-18,-13,-28,-28,-53,-34,-51,-45
11.54133,-113,-125,-108,-101,-77,-78,-75,-81,-62,-17,-2,-3,0,16,3,9,17,16,27,-30,-19,-32,-42,-41,-33,-56,-37
11.55200,-129,-120,-101,-89,-61,-87,-81,-83,-43,-25,-10,-8,14,16,-6,1,21,9,40,-22,-27,-22,-23,-54,-52,-58,-37
11.56267,-87,-116,-92,-93,-77,-75,-86,-97,-46,-28,-16,1,22,1,19,9,22,13,45,-21,-24,-19,-22,-42,-48,-60,-44
11.57333,-98,-140,-103,-100,-75,-82,-89,-81,-61,-19,-23,8,18,2,19,14,27,28,39,-29,-22,-8,-23,-32,-50,-60,-51
11.58400,-96,-133,-113,-96,-79,-75,-83,-71,-51,-13,-19,3,11,3,8,4,25,5,35,-27,-16,-24,-26,-47,-43,-58,-57
11.59467,-97,-131,-125,-94,-71,-81,-84,-64,-54,-22,-18,7,17,8,8,14,28,16,33,-36,-15,-35,-29,-51,-59,-53,-72
11.60533,-73,-123,-113,-100,-83,-85,-84,-73,-46,-18,-17,2,8,18,16,9,16,28,39,-32,-26,-33,-18,-53,-65,-28,-44
11.61600,-94,-117,-125,-99,-93,-90,-88,-77,-46,-19,-12,19,15,17,1,6,16,17,46,-13,-33,-30,-13,-44,-49,-52,-47
11.62667,-79,-100,-109,-97,-89,-94,-78,-78,-50,-22,-11,14,15,18,22,3,3,3,47,-9,-26,-5,-27,-52,-53,-40,-53
11.63733,-90,-112,-100,-95,-73,-80,-78,-55,-42,-17,-16,14,29,8,27,22,11,8,43,-26,-22,-2,-9,-38,-51,-46,-37
11.64800,-72,-109,-101,-97,-69,-84,-85,-67,-46,-26,-31,4,12,-3,16,12,24,23,33,-21,-16,-19,-25,-46,-48,-43,-43
11.65867,-83,-93,-83,-95,-79,-78,-89,-76,-53,-10,-25,3,7,-1,5,8,23,9,15,-26,-34,-8,-27,-42,-36,-41,-49
11.66933,-76,-81,-84,-98,-83,-75,-93,-73,-54,-18,-25,3,1,6,-12,5,25,12,35,-22,-31,-19,-28,-39,-38,-42,-39
11.68000,-91,-87,-95,-83,-72,-68,-83,-69,-50,-13,-26,-1,-7,20,-7,5,22,21,13,-9,-30,-5,-8,-35,-38,-44,-45
11.69067,-91,-98,-92,-79,-70,-78,-81,-82,-47,-18,-10,1,1,15,8,12,20,3,28,-28,-6,-13,-16,-33,-51,-31,-54
11.70133,-96,-81,-112,-84,-87,-78,-79,-81,-49,-24,-13,7,-3,14,-1,15,26,-8,51,-28,-15,-20,-34,-52,-49,-30,-42
11.71200,-105,-110,-89,-86,-73,-73,-86,-59,-55,-16,-19,1,6,17,-15,9,15,-8,43,-38,-18,-7,-27,-44,-43,-48,-40
11.72267,-99,-112,-83,-85,-74,-65,-75,-53,-53,-16,-17,6,11,20,-15,-1,15,9,28,-35,-29,-37,-27,-47,-46,-29,-43
11.73333,-104,-117,-84,-100,-74,-69,-75,-63,-52,-22,-12,6,-7,12,6,11,18,1,24,-19,-23,-20,-24,-45,-36,-36,-43
11.74400,-100,-92,-86,-84,-71,-62,-79,-70,-48,-33,-6,-10,1,14,7,13,26,4,32,-28,-23,-12,-18,-42,-34,-23,-41
11.75467,-106,-104,-89,-86,-65,-58,-83,-61,-42,-20,-14,-8,4,10,0,8,26,15,52,-25,-2,-3,-17,-37,-38,-45,-40
11.76533,-82,-109,-100,-75,-68,-65,-73,-69,-38,-29,-18,2,6,4,13,15,28,25,42,-19,-9,-13,-18,-39,-43,-60,-34
11.77600,-101,-110,-87,-85,-73,-67,-72,-67,-48,-24,-9,2,-4,12,17,8,28,14,42,-31,-15,-27,-38,-39,-38,-43,-29
11.78667,-94,-100,-102,-81,-72,-75,-73,-72,-46,-25,-21,4,0,15,5,11,15,4,33,-30,-2,-19,-23,-50,-34,-42,-35
11.79733,-66,-101,-93,-86,-72,-68,-83,-57,-46,-25,-8,8,9,10,8,21,11,6,38,-31,-9,-32,-36,-49,-52,-28,-37
11.80800,-85,-97,-108,-94,-79,-72,-72,-51,-47,-27,-16,5,10,-7,26,13,17,11,53,-15,-9,-32,-39,-35,-42,-29,-40
11.81867,-104,-104,-103,-84,-90,-83,-71,-59,-40,-26,-9,0,9,1,29,25,6,14,43,-13,-15,-28,-31,-35,-36,-40,-52
11.82933,-94,-95,-104,-64,-81,-70,-82,-63,-41,-16,-11,5,14,8,13,21,22,5,52,-12,-26,-18,-29,-35,-36,-24,-33
11.84000,-67,-117,-102,-79,-89,-72,-81,-71,-42,-17,-9,6,6,7,11,20,8,15,42,-27,-1,-18,-31,-55,-49,-29,-43
11.85067,-68,-104,-96,-102,-96,-61,-94,-61,-50,-21,-6,16,12,11,4,18,29,9,54,-17,-1,-21,-27,-54,-43,-31,-23
11.86133,-82,-90,-106,-106,-80,-64,-88,-75,-52,-19,-10,5,-2,18,14,7,13,5,53,-22,-22,-42,-12,-50,-42,-29,-29
11.87200,-80,-104,-98,-129,-90,-69,-83,-65,-45,-29,-17,-3,0,11,17,-4,16,23,33,-21,-18,-14,-10,-59,-36,-30,-46
11.88267,-91,-110,-95,-108,-92,-66,-71,-72,-49,-13,-17,-6,16,18,12,0,24,19,38,-19,-23,-22,-21,-48,-44,-29,-31
11.89333,-72,-109,-105,-87,-85,-63,-80,-76,-46,-19,-25,3,13,13,9,6,23,7,46,-24,-30,-14,-16,-44,-49,-43,-36
11.90400,-88,-110,-95,-92,-90,-70,-80,-72,-44,-10,-16,10,23,5,15,17,24,6,53,-16,-23,-24,-33,-49,-52,-53,-44
11.91467,-68,-99,-101,-93,-78,-69,-82,-68,-48,-12,-1,14,25,-2,12,10,19,14,42,-5,-23,-19,-34,-50,-36,-42,-40
11.92533,-66,-104,-90,-80,-75,-70,-82,-72,-50,-7,-22,1,16,4,14,14,20,20,39,-20,-9,-5,-18,-40,-46,-44,-44
11.93600,-48,-105,-113,-90,-80,-72,-82,-78,-55,-21,-13,14,19,12,3,18,22,17,51,-15,-7,-18,-24,-42,-43,-32,-41
11.94667,-73,-131,-113,-82,-70,-66,-79,-72,-53,-12,-4,4,11,6,-5,17,30,19,59,-31,-10,-29,-22,-36,-42,-36,-47
11.95733,-69,-113,-95,-100,-71,-61,-81,-75,-55,-17,2,15,15,19,2,8,27,11,53,-27,-13,-25,-18,-43,-51,-37,-46
11.96800,-85,-119,-92,-90,-62,-59,-89,-90,-56,-10,-15,13,6,17,26,17,31,17,42,-25,-12,-26,-20,-24,-45,-42,-43
11.97867,-91,-130,-89,-90,-72,-69,-87,-71,-49,-17,-16,-2,14,4,24,12,31,15,46,-20,-25,-15,-8,-36,-36,-50,-43
11.98933,-95,-101,-87,-80,-78,-73,-85,-65,-38,-18,-19,-10,13,10,7,1,18,5,34,-19,-19,-20,-30,-52,-36,-39,-44
12.00000,-84,-116,-99,-99,-89,-64,-78,-78,-47,-33,-17,6,10,18,21,3,9,30,29,-15,-23,-24,-21,-47,-30,-40,-56
12.01067,-93,-102,-104,-90,-89,-79,-88,-84,-52,-29,-6,11,1,25,20,6,7,14,33,-16,-12,-21,-8,-45,-43,-42,-47
12.02133,-69,-123,-116,-99,-70,-72,-74,-74,-43,-15,-7,3,14,9,0,6,14,22,50,-21,-19,-14,-27,-53,-42,-37,-37
12.03200,-98,-112,-102,-95,-69,-71,-82,-84,-45,-7,-11,-7,13,8,4,19,12,14,42,-20,-7,-16,-30,-47,-39,-48,-53
12.04267,-112,-89,-101,-119,-80,-83,-85,-75,-51,-10,-6,8,13,5,-4,16,13,23,42,-17,-12,-22,-42,-50,-54,-33,-39
12.05333,-111,-105,-112,-111,-83,-67,-86,-78,-44,-20,-6,12,18,9,2,20,17,20,39,-18,-1,-14,-25,-36,-39,-36,-39
12.06400,-110,-93,-103,-87,-82,-64,-94,-69,-53,-24,-6,18,8,0,-4,-2,26,12,38,-21,-7,-6,-20,-37,-29,-27,-43
12.07467,-119,-99,-83,-102,-63,-47,-92,-79,-54,-27,-18,9,12,17,-11,4,32,26,64,-12,-8,-9,-16,-42,-41,-32,-46
12.08533,-81,-90,-79,-105,-70,-62,-85,-88,-46,-23,-3,16,4,3,6,18,26,27,43,-8,-9,-5,-33,-37,-56,-34,-45
12.09600,-85,-79,-76,-89,-72,-71,-78,-72,-48,-25,-16,9,4,9,4,11,32,11,51,-19,-7,-18,-31,-45,-42,-33,-41
12.10667,-94,-109,-91,-98,-74,-71,-75,-66,-50,-18,-11,5,1,14,-2,17,31,12,38,-17,-8,-15,-34,-35,-22,-21,-62
12.11733,-92,-109,-103,-112,-86,-82,-80,-63,-55,-28,-9,1,7,11,2,7,20,20,45,-17,1,-11,-30,-39,-27,-34,-52
12.12800,-90,-106,-117,-95,-79,-72,-74,-71,-46,-19,-17,-11,18,5,-4,12,36,24,35,-31,-12,-3,-24,-27,-27,-33,-36
12.13867,-76,-99,-116,-95,-85,-68,-79,-71,-46,-18,-4,-15,4,10,-2,12,32,23,50,-36,-7,-23,-20,-40,-44,-31,-57
12.14933,-80,-93,-131,-110,-88,-76,-83,-75,-42,-16,-18,-6,14,20,-8,0,24,38,53,-17,-11,-16,-19,-35,-46,-26,-53
12.16000,-72,-99,-115,-117,-93,-74,-78,-89,-49,-5,-12,10,8,24,-6,16,32,22,50,-20,-14,-4,-25,-35,-35,-27,-47
12.17067,-98,-113,-117,-125,-95,-70,-88,-87,-47,-19,-11,15,16,19,22,10,34,16,49,-24,-13,-5,-16,-43,-46,-33,-51
12.18133,-101,-111,-121,-113,-94,-77,-87,-86,-44,-27,-11,14,-3,12,21,9,24,21,50,-11,-13,-3,-28,-30,-47,-31,-63
12.19200,-85,-131,-127,-96,-87,-74,-86,-80,-47,-38,-10,19,14,21,24,21,31,24,48,-10,-6,-4,-28,-27,-36,-33,-52
12.20267,-90,-132,-125,-96,-82,-81,-87,-76,-43,-27,-9,12,8,19,13,24,21,30,31,-23,-22,-7,-16,-37,-43,-40,-43
12.21333,-77,-123,-111,-114,-91,-90,-96,-90,-48,-24,-19,0,3,20,13,10,20,36,41,-5,-30,-16,-9,-43,-41,-42,-31
12.22400,-81,-119,-121,-109,-85,-69,-91,-69,-40,-23,-16,-12,1,15,-2,5,30,30,45,-20,-25,-12,-25,-42,-34,-40,-47
12.23467,-91,-103,-120,-103,-99,-82,-104,-71,-49,-13,-9,14,10,21,-5,13,31,30,40,-24,-14,-7,-24,-57,-34,-47,-41
12.24533,-89,-110,-135,-96,-108,-72,-102,-87,-60,-8,-11,17,14,15,2,17,9,26,36,-14,-19,-14,-28,-60,-57,-39,-41
12.25600,-81,-123,-138,-103,-107,-82,-106,-80,-58,-13,-22,8,14,24,10,2,31,26,56,-11,3,-12,-21,-60,-47,-39,-55
12.26667,-101,-110,-123,-91,-83,-98,-95,-76,-42,-8,-16,15,7,14,27,14,32,33,43,-24,-1,-17,-31,-54,-28,-32,-45
12.27733,-101,-131,-132,-109,-83,-89,-96,-78,-52,-13,-15,16,8,6,14,7,39,32,36,-4,-19,-12,-35,-50,-41,-49,-43
12.28800,-79,-125,-126,-113,-88,-84,-99,-80,-55,-16,-4,0,23,17,4,16,24,25,49,-15,-15,-16,-18,-42,-50,-44,-27
12.29867,-86,-138,-135,-119,-106,-88,-103,-87,-54,-10,-14,-2,15,13,3,22,27,22,38,-20,-11,-24,-20,-37,-33,-43,-31
12.30933,-93,-130,-134,-114,-92,-88,-97,-90,-56,-21,-14,-5,6,11,22,11,25,8,48,-23,-9,-13,-38,-39,-38,-36,-36
12.32000,-105,-143,-132,-109,-106,-83,-96,-86,-72,-25,-25,4,5,21,23,7,21,15,46,-19,-23,-14,-22,-45,-44,-32,-22
12.33067,-124,-121,-129,-113,-103,-87,-88,-82,-64,-23,-20,9,11,17,19,19,30,21,45,-13,-24,-4,-29,-35,-44,-47,-40
12.34133,-107,-132,-131,-124,-96,-95,-92,-85,-62,-12,-7,-1,20,21,28,28,40,11,61,-21,-6,-7,-36,-33,-36,-38,-51
12.35200,-110,-153,-133,-111,-82,-95,-92,-84,-58,-20,-18,2,14,25,13,22,35,17,56,-11,-16,-13,-30,-48,-49,-40,-54
12.36267,-98,-151,-131,-102,-92,-91,-97,-75,-63,-24,-13,2,9,23,26,26,37,29,53,-12,-25,-17,-42,-46,-51,-21,-44
12.37333,-109,-137,-130,-129,-107,-94,-92,-75,-69,-22,-26,12,13,20,30,26,36,7,57,-19,-17,-13,-39,-60,-46,-40,-41
12.38400,-107,-138,-132,-127,-100,-95,-102,-86,-61,-20,-16,9,26,22,16,18,34,10,56,-16,-7,2,-37,-54,-52,-44,-55
12.39467,-118,-146,-127,-134,-109,-109,-96,-85,-69,-13,-10,1,15,21,17,11,19,24,41,-8,-20,-27,-41,-48,-61,-52,-37
12.40533,-98,-145,-134,-135,-104,-94,-101,-93,-60,-23,-21,10,28,11,24,25,19,13,52,-21,-17,-42,-35,-44,-58,-58,-46
12.41600,-94,-122,-129,-127,-83,-98,-106,-95,-55,-28,-14,7,23,6,20,25,18,32,43,-22,-7,-27,-30,-38,-47,-43,-26
12.42667,-131,-119,-115,-122,-84,-95,-104,-86,-50,-26,-19,7,27,31,7,18,23,35,48,-8,-4,-28,-15,-40,-44,-50,-33
12.43733,-104,-115,-131,-125,-86,-102,-103,-79,-54,-16,-4,0,28,27,0,9,27,36,45,-13,-4,-17,-28,-32,-40,-64,-38
12.44800,-84,-125,-127,-117,-95,-85,-103,-82,-55,-5,-17,0,25,27,6,10,26,15,54,-21,-15,-7,-30,-29,-44,-42,-43
12.45867,-102,-127,-123,-117,-89,-89,-88,-76,-49,-18,-19,-2,24,24,4,20,33,15,50,-31,-15,-11,-28,-48,-54,-55,-45
12.46933,-98,-122,-108,-124,-83,-87,-84,-73,-51,-20,-18,15,13,25,7,15,31,21,42,-19,-15,-6,-18,-57,-42,-44,-38
12.48000,-111,-112,-127,-107,-89,-88,-79,-77,-55,-7,-1,28,28,22,15,24,34,12,54,-20,-2,-16,-18,-47,-46,-34,-36
12.49067,-90,-118,-135,-97,-94,-85,-93,-59,-51,-9,-3,18,20,24,30,15,29,13,44,-7,-6,-15,-22,-55,-48,-41,-31
12.50133,-103,-116,-119,-106,-95,-74,-82,-73,-51,-22,1,11,6,13,28,24,33,8,53,-16,-7,-11,-6,-49,-33,-53,-38
12.51200,-85,-114,-95,-120,-81,-76,-86,-83,-64,-6,-18,0,17,14,28,23,15,19,58,-16,-9,-6,-24,-48,-33,-55,-59
12.52267,-95,-110,-93,-119,-102,-83,-73,-87,-51,-4,-14,6,14,16,15,20,10,34,45,-13,-12,-23,-40,-42,-50,-55,-58
12.53333,-75,-114,-120,-108,-83,-68,-79,-78,-54,-8,-8,3,26,21,-3,15,32,36,31,-9,-8,-18,-25,-54,-40,-51,-50
12.54400,-91,-113,-100,-117,-77,-83,-86,-68,-56,-17,-15,-3,25,24,2,10,39,27,35,-22,-11,0,-29,-42,-50,-57,-54
12.55467,-96,-131,-107,-106,-67,-80,-86,-64,-55,-17,-24,10,19,25,5,8,44,26,47,-21,-16,-18,-15,-46,-39,-43,-62
12.56533,-90,-120,-108,-83,-71,-81,-77,-79,-46,-26,-19,13,13,24,18,12,34,22,56,-20,-12,-27,-16,-39,-39,-47,-32
12.57600,-80,-105,-118,-105,-72,-76,-85,-77,-50,-23,-19,3,-1,21,23,23,32,18,59,-21,-13,-10,4,-48,-32,-41,-39
12.58667,-99,-111,-123,-114,-74,-86,-82,-64,-49,-18,-21,7,17,26,19,20,32,36,64,-16,-19,-18,-11,-41,-24,-37,-42
12.59733,-84,-118,-95,-135,-95,-83,-80,-73,-49,-14,-22,13,12,25,19,29,12,24,60,-17,-19,-5,-14,-40,-27,-34,-44
12.60800,-96,-119,-118,-130,-99,-76,-92,-68,-52,-16,-21,6,16,7,16,10,13,25,52,-14,-1,9,-13,-40,-38,-31,-42
12.61867,-123,-128,-107,-106,-100,-78,-93,-78,-41,-24,-28,5,5,18,14,4,12,17,38,-25,-4,-13,-31,-26,-33,-30,-42
12.62933,-92,-128,-100,-98,-87,-68,-82,-67,-46,-24,-12,14,11,15,16,14,28,23,51,-21,7,-23,-25,-33,-39,-35,-56
12.64000,-102,-109,-95,-88,-95,-73,-89,-57,-42,-21,-18,9,2,19,12,14,19,23,54,2,-11,-17,-34,-34,-32,-41,-44
12.65067,-84,-97,-108,-89,-73,-71,-78,-60,-46,-28,-11,9,3,7,2,17,16,17,46,-9,-6,-12,-38,-39,-27,-44,-32
12.66133,-70,-110,-109,-86,-84,-81,-93,-72,-39,-18,-12,7,8,16,16,9,25,25,43,-3,-7,-8,-29,-46,-30,-39,-41
12.67200,-93,-118,-107,-93,-100,-87,-92,-77,-38,-10,-9,16,17,24,18,18,18,34,51,-15,-4,-12,-28,-31,-53,-60,-42
12.68267,-87,-110,-96,-95,-106,-87,-88,-86,-45,-13,-13,1,7,17,16,17,33,37,38,-14,-6,-13,-48,-44,-41,-48,-45
12.69333,-89,-118,-126,-125,-87,-100,-99,-76,-53,-6,-18,11,21,25,10,21,45,33,41,-22,-9,-20,-38,-39,-47,-39,-54
12.70400,-105,-105,-127,-129,-91,-85,-98,-88,-54,-13,-10,14,11,32,19,15,36,27,38,-16,-5,-23,-23,-43,-41,-40,-44
12.71467,-103,-118,-131,-117,-74,-102,-82,-82,-55,-27,-19,22,20,33,20,20,33,33,45,-31,-8,-15,-9,-42,-63,-49,-38
12.72533,-92,-141,-114,-125,-90,-113,-90,-78,-64,-39,-11,6,21,16,22,30,25,16,53,-2,-9,10,-4,-31,-55,-48,-50
12.73600,-118,-125,-135,-112,-99,-95,-104,-89,-58,-32,-17,8,22,27,25,26,40,24,58,5,3,-8,-16,-31,-51,-42,-37
12.74667,-109,-150,-148,-114,-114,-85,-110,-91,-58,-26,-25,2,20,26,23,31,34,27,56,-2,-6,-10,-20,-33,-48,-54,-43
12.75733,-121,-136,-137,-120,-109,-92,-119,-92,-63,-26,-20,19,30,32,12,36,45,36,68,-11,-1,-4,-37,-56,-52,-52,-50
12.76800,-141,-130,-133,-143,-106,-94,-116,-90,-53,-24,-13,11,27,37,26,35,37,44,55,-8,10,-20,-26,-42,-43,-59,-35
12.77867,-127,-118,-116,-153,-110,-100,-106,-91,-59,-23,-9,14,21,36,38,26,49,38,44,-2,-13,-22,-36,-56,-51,-52,-29
12.78933,-126,-131,-134,-136,-107,-99,-103,-86,-58,-32,7,21,23,30,22,20,47,27,41,-15,-8,-7,-36,-37,-41,-56,-42
12.80000,-130,-132,-136,-134,-110,-93,-96,-104,-51,-38,-1,24,18,16,23,17,48,25,57,-10,-5,-1,-20,-40,-27,-52,-46
12.81067,-118,-132,-145,-110,-103,-95,-97,-109,-51,-27,8,15,39,17,32,16,48,43,48,7,0,-7,-25,-36,-49,-44,-51
12.82133,-121,-148,-129,-115,-91,-98,-96,-91,-55,-31,2,20,20,33,32,25,45,30,52,12,13,-8,-34,-45,-38,-45,-36
12.83200,-110,-124,-134,-119,-108,-96,-84,-91,-61,-21,-11,19,25,22,28,24,44,25,67,-9,-4,-23,-49,-41,-56,-31,-52
12.84267,-102,-123,-110,-116,-102,-99,-88,-71,-54,-16,-3,19,28,18,36,20,43,33,56,-16,3,-20,-32,-40,-62,-39,-52
12.85333,-97,-142,-103,-122,-95,-98,-87,-95,-54,-22,-5,17,30,31,30,31,23,28,55,-22,-14,-11,-38,-44,-55,-44,-43
12.86400,-110,-117,-121,-111,-99,-101,-86,-76,-49,-30,3,25,30,20,24,31,40,34,48,5,-12,-8,-27,-39,-44,-45,-42
12.87467,-95,-120,-131,-119,-94,-96,-109,-71,-61,-23,-2,26,20,29,19,33,38,32,53,4,-1,-20,-21,-33,-43,-52,-53
12.88533,-106,-152,-123,-122,-111,-92,-108,-87,-55,-24,-11,13,25,38,20,30,26,23,57,-12,-6,-10,-30,-49,-44,-42,-58
12.89600,-116,-150,-117,-134,-96,-87,-102,-86,-55,-16,-18,8,21,41,22,28,16,19,43,-15,-18,-8,-44,-44,-41,-58,-51
12.90667,-116,-148,-126,-128,-96,-87,-90,-66,-63,-17,-15,1,37,39,15,30,29,32,49,-7,-16,-9,-7,-42,-48,-48,-48
12.91733,-120,-126,-129,-129,-89,-85,-104,-71,-55,-17,-19,5,34,23,6,28,29,21,54,-12,-7,-3,-12,-30,-37,-45,-57
12.92800,-102,-105,-129,-105,-96,-89,-91,-87,-45,-22,-17,4,22,33,13,33,43,16,60,5,-18,6,-18,-26,-25,-40,-43
12.93867,-127,-121,-134,-119,-99,-94,-94,-91,-56,-26,-10,9,11,22,28,22,33,17,59,0,-19,7,-24,-42,-44,-39,-42
12.94933,-119,-142,-128,-103,-84,-98,-101,-82,-61,-27,-4,11,21,27,24,29,32,26,54,-16,-14,-1,-30,-35,-45,-50,-37
12.96000,-134,-147,-134,-114,-98,-96,-104,-84,-54,-27,-4,17,13,22,23,29,33,13,53,-32,-8,-9,-23,-40,-45,-28,-43
12.97067,-119,-107,-127,-117,-96,-84,-91,-97,-54,-21,-1,18,21,29,26,22,40,15,57,-21,-8,5,-37,-59,-40,-38,-36
12.98133,-122,-120,-136,-104,-98,-90,-87,-89,-43,-29,-5,22,24,32,16,27,38,25,43,-19,12,3,-31,-41,-59,-42,-37
12.99200,-139,-114,-117,-104,-92,-86,-93,-89,-41,-26,-11,26,16,25,10,29,35,51,32,-20,-4,-1,-24,-35,-40,-45,-33
13.00267,-111,-119,-119,-112,-77,-84,-91,-87,-49,-16,-17,10,10,21,20,22,44,47,48,-21,-7,-7,-43,-24,-38,-44,-40
13.01333,-115,-127,-130,-105,-88,-77,-93,-96,-56,-11,-13,9,24,17,5,23,30,33,48,0,-9,-1,-27,-44,-43,-40,-46
13.02400,-95,-104,-128,-99,-83,-75,-98,-85,-40,-18,-14,14,17,15,7,31,24,23,41,-19,4,-17,-29,-45,-44,-42,-47
13.03467,-101,-123,-117,-93,-99,-84,-91,-78,-53,-9,-13,11,17,23,20,28,33,13,46,-16,-3,-19,-25,-35,-45,-40,-39
13.04533,-103,-132,-123,-96,-94,-92,-102,-78,-48,-11,-11,1,11,32,25,21,34,25,51,-11,13,-9,-16,-19,-39,-49,-46
13.05600,-87,-138,-92,-125,-84,-81,-91,-77,-51,-6,-9,13,17,23,27,22,25,29,55,-3,4,4,-35,-42,-34,-50,-40
13.06667,-92,-118,-101,-96,-84,-79,-97,-82,-52,-5,-9,6,21,17,19,23,30,30,51,-4,1,10,-31,-33,-18,-33,-50
13.07733,-99,-102,-115,-108,-95,-80,-103,-83,-56,-9,-10,13,25,16,17,25,42,36,52,-3,-2,3,-31,-32,-21,-46,-54
13.08800,-119,-100,-105,-112,-87,-71,-100,-88,-52,-10,-15,16,21,24,29,22,43,39,69,-3,7,-13,0,-23,-31,-33,-45
13.09867,-96,-95,-122,-108,-85,-79,-95,-69,-51,-20,-17,16,10,19,30,22,28,38,46,0,-11,-4,-30,-25,-26,-43,-50
13.10933,-86,-108,-131,-94,-95,-71,-76,-72,-39,-11,-5,11,22,22,20,32,45,31,56,-14,-10,-7,-23,-19,-15,-33,-48
13.12000,-107,-117,-128,-107,-103,-71,-82,-67,-35,-14,-3,13,26,26,25,37,35,32,60,-12,1,-6,-22,-33,-32,-48,-38
13.13067,-110,-130,-106,-96,-93,-79,-92,-69,-44,-13,-2,10,28,17,21,40,40,36,52,-11,2,-25,-20,-30,-31,-35,-40
13.14133,-90,-136,-119,-99,-95,-84,-95,-79,-39,-6,-1,27,20,17,20,33,40,43,47,1,10,-12,-21,-40,-50,-36,-59
13.15200,-84,-131,-124,-118,-96,-92,-94,-79,-44,-11,-10,18,12,26,24,27,40,34,47,-4,1,-14,-21,-32,-44,-36,-37
13.16267,-81,-120,-96,-106,-85,-79,-78,-66,-46,-1,-2,29,31,14,19,34,37,25,62,-2,0,-31,-17,-37,-52,-43,-47
13.17333,-99,-116,-98,-127,-92,-88,-81,-76,-46,-2,1,36,32,12,19,30,44,38,43,-10,-12,-32,-19,-38,-43,-46,-43
13.18400,-97,-130,-89,-122,-87,-75,-85,-82,-52,-10,-10,25,18,17,12,48,45,27,56,-3,-14,-9,-15,-39,-59,-34,-45
13.19467,-82,-148,-91,-118,-86,-73,-73,-76,-41,-2,-11,17,17,35,30,33,36,22,55,-20,-4,-15,-34,-41,-46,-26,-44
13.20533,-90,-123,-96,-110,-74,-57,-79,-81,-48,-5,-8,17,27,13,27,37,42,31,72,-3,-14,-11,-21,-42,-28,-36,-50
13.21600,-100,-103,-112,-98,-90,-77,-88,-69,-44,-13,-4,7,27,24,25,28,41,41,50,-5,-9,-29,-18,-23,-29,-37,-48
13.22667,-93,-93,-109,-100,-87,-78,-65,-72,-37,-8,-5,21,23,32,26,14,28,40,70,2,-6,-21,-25,-35,-39,-35,-52
13.23733,-81,-92,-107,-85,-89,-81,-79,-71,-41,-9,-2,25,33,31,29,29,28,49,74,-7,-14,-26,-30,-33,-49,-44,-43
13.24800,-80,-124,-123,-102,-96,-71,-82,-63,-48,-10,-12,24,27,31,15,33,32,39,72,-1,-8,-19,-17,-31,-43,-33,-46
13.25867,-106,-113,-119,-116,-77,-74,-96,-64,-45,1,7,15,35,38,26,35,23,40,73,-1,-13,9,-18,-40,-27,-31,-47
13.26933,-112,-115,-111,-110,-89,-82,-101,-73,-32,-4,-4,27,37,32,33,34,36,37,73,7,-1,18,-10,-35,-43,-42,-52
13.28000,-102,-117,-112,-116,-89,-101,-100,-78,-35,-18,7,21,21,28,36,36,38,32,64,12,17,16,-10,-33,-40,-40,-49
13.29067,-109,-108,-109,-120,-86,-80,-89,-76,-45,-17,9,40,41,33,32,43,39,29,57,13,9,0,-8,-32,-31,-41,-47
13.30133,-117,-107,-111,-109,-91,-79,-100,-81,-39,-10,8,29,32,37,43,50,44,43,67,-7,13,-9,1,-44,-35,-27,-48
13.31200,-109,-125,-115,-121,-99,-79,-97,-71,-38,-4,-1,36,25,44,42,38,48,41,72,2,20,-23,-11,-49,-37,-34,-39
13.32267,-135,-126,-119,-116,-99,-80,-98,-68,-38,-3,-7,25,25,40,42,33,40,45,62,12,13,-11,-7,-32,-33,-45,-49
13.33333,-126,-149,-117,-123,-109,-76,-89,-64,-45,1,9,23,44,31,42,28,39,36,63,7,-4,-1,-16,-28,-30,-40,-46
13.34400,-110,-127,-146,-118,-93,-89,-101,-71,-46,-8,5,11,44,45,40,43,56,37,57,4,2,-6,-16,-25,-37,-34,-38
13.35467,-103,-133,-144,-115,-99,-87,-90,-79,-45,-2,8,36,48,52,49,43,67,44,61,2,-6,-13,-32,-34,-26,-42,-43
13.36533,-113,-117,-146,-126,-85,-82,-93,-80,-48,1,7,41,44,52,45,47,64,53,61,-5,3,-6,-15,-48,-30,-49,-50
13.37600,-119,-137,-135,-108,-106,-81,-96,-81,-49,-10,5,39,51,60,33,50,58,37,75,9,-7,10,-14,-65,-35,-52,-51
13.38667,-110,-140,-137,-132,-108,-91,-95,-57,-53,-6,-1,39,57,53,35,54,58,37,81,-8,1,-2,-19,-39,-54,-56,-55
13.39733,-116,-129,-137,-127,-109,-89,-88,-78,-47,6,0,33,48,51,43,46,54,35,76,0,2,2,-18,-47,-48,-48,-45
13.40800,-116,-121,-135,-137,-115,-102,-104,-68,-56,-10,9,37,44,46,54,49,60,45,73,1,20,9,-16,-49,-47,-35,-40
13.41867,-120,-129,-151,-124,-115,-99,-108,-73,-53,3,14,43,38,52,57,49,57,55,71,-13,5,-6,-17,-38,-38,-42,-50
13.42933,-95,-127,-137,-130,-106,-95,-115,-83,-60,-1,6,42,45,51,52,54,45,46,77,-3,14,-7,-13,-19,-53,-29,-64
13.44000,-111,-146,-134,-128,-107,-97,-101,-83,-55,-1,5,34,44,51,39,50,48,42,70,5,-1,-3,-11,-18,-47,-43,-57
13.45067,-112,-138,-136,-142,-119,-89,-94,-76,-51,-6,-3,32,47,53,46,50,50,50,67,11,3,-7,-21,-25,-34,-38,-32
13.46133,-125,-153,-131,-142,-117,-90,-96,-61,-35,5,2,38,39,53,24,46,45,40,63,4,1,-2,-26,-46,-50,-38,-44
13.47200,-147,-161,-141,-140,-116,-94,-104,-74,-50,-2,5,29,35,47,38,55,56,40,73,3,5,-20,-35,-47,-42,-37,-45
13.48267,-123,-153,-148,-127,-119,-102,-105,-86,-44,0,5,24,40,46,36,47,55,62,71,13,9,-4,-31,-45,-26,-45,-51
13.49333,-104,-148,-136,-124,-122,-98,-114,-90,-49,-18,13,28,38,28,45,45,39,76,75,17,-11,-14,-29,-36,-30,-55,-44
13.50400,-124,-158,-147,-135,-103,-107,-111,-92,-56,-22,7,35,46,40,45,51,59,57,52,6,-5,-19,-25,-38,-41,-34,-67
13.51467,-115,-143,-144,-136,-119,-106,-107,-92,-52,-24,16,33,46,50,44,37,58,50,60,8,-1,19,-9,-27,-53,-38,-58
13.52533,-123,-137,-160,-140,-120,-108,-110,-101,-50,-13,17,35,38,55,57,49,63,49,62,1,6,-2,-18,-43,-60,-35,-41
13.53600,-110,-141,-156,-148,-116,-101,-108,-99,-41,-16,7,17,41,53,47,42,57,37,78,-2,4,-5,-13,-45,-47,-40,-56
13.54667,-135,-144,-142,-135,-99,-115,-107,-92,-47,-15,11,32,37,48,50,39,50,51,57,-4,-9,-11,-29,-47,-36,-56,-50
13.55733,-107,-171,-131,-145,-103,-110,-97,-96,-61,-19,10,25,35,43,58,46,43,43,66,14,-7,-23,-11,-40,-48,-53,-53
13.56800,-136,-164,-149,-147,-114,-105,-113,-88,-54,-15,8,24,30,43,51,49,46,32,79,-1,13,-14,-6,-39,-41,-57,-39
13.57867,-143,-158,-144,-136,-115,-104,-105,-92,-57,-5,-3,29,40,34,45,50,49,35,79,-4,4,-1,-24,-39,-43,-42,-47
13.58933,-126,-161,-154,-151,-110,-107,-110,-84,-59,-6,0,22,41,41,57,45,56,40,79,-1,-2,1,-40,-39,-50,-43,-38
13.60000,-106,-152,-162,-140,-118,-108,-108,-83,-45,-6,14,28,44,54,49,39,45,43,71,-25,-1,-12,-25,-43,-44,-37,-49
13.61067,-122,-158,-154,-134,-109,-103,-107,-86,-54,-3,11,25,44,42,47,38,47,54,76,-7,-10,-3,-23,-34,-45,-51,-53
13.62133,-143,-148,-139,-124,-103,-97,-113,-92,-58,-9,8,23,42,43,49,41,42,35,74,0,-7,2,-19,-39,-47,-42,-57
13.63200,-133,-136,-132,-142,-98,-111,-112,-101,-53,-4,-1,37,43,36,40,46,50,46,84,13,-2,-3,-28,-37,-34,-38,-38
13.64267,-129,-149,-130,-139,-130,-87,-105,-89,-51,-12,-8,26,34,43,40,41,53,60,45,-2,-2,-10,-5,-37,-31,-28,-53
13.65333,-122,-147,-130,-140,-109,-89,-99,-95,-49,-18,-9,30,31,36,36,37,53,39,61,18,-1,7,-21,-34,-26,-35,-55
13.66400,-125,-138,-131,-136,-109,-86,-112,-86,-45,-19,-4,27,29,30,38,40,34,34,54,3,1,-3,-18,-31,-27,-26,-36
13.67467,-104,-128,-135,-122,-125,-90,-116,-86,-46,-12,-6,14,32,48,32,33,49,38,57,1,11,-1,-18,-38,-26,-51,-49
13.68533,-95,-127,-140,-127,-114,-82,-103,-80,-48,-5,-4,11,39,40,46,43,65,45,65,1,-5,-14,-24,-43,-26,-45,-54
13.69600,-118,-131,-130,-128,-97,-94,-96,-91,-53,-12,-4,18,36,28,26,38,44,32,63,-6,-12,-14,-20,-31,-27,-36,-43
13.70667,-124,-135,-131,-136,-110,-97,-102,-86,-48,-13,-11,31,55,31,28,47,45,45,60,-10,-6,-14,-11,-39,-14,-47,-46
13.71733,-124,-138,-113,-136,-119,-111,-111,-81,-51,-17,6,29,47,41,40,50,39,56,61,-16,-3,2,-12,-46,-21,-41,-40
13.72800,-122,-140,-118,-135,-112,-116,-101,-74,-47,-3,14,33,46,39,38,41,43,38,54,15,5,-10,-23,-42,-34,-30,-32
13.73867,-123,-146,-124,-134,-107,-90,-111,-76,-44,-2,17,25,35,35,47,40,52,50,66,15,6,4,-32,-53,-30,-27,-40
13.74933,-118,-139,-124,-132,-117,-97,-109,-84,-45,-6,1,27,40,36,25,45,42,35,58,2,4,-1,-19,-39,-43,-31,-42
13.76000,-136,-135,-139,-121,-120,-122,-111,-85,-60,-13,-2,26,44,36,41,52,42,34,58,12,19,-17,-18,-28,-49,-40,-41
13.77067,-140,-147,-145,-142,-112,-108,-103,-94,-59,-4,-1,28,48,56,33,52,47,40,65,14,4,-20,-28,-44,-29,-37,-53
13.78133,-130,-150,-136,-137,-122,-118,-100,-83,-53,-21,12,13,39,49,32,40,51,38,65,4,3,7,-17,-54,-38,-36,-48
13.79200,-131,-122,-127,-136,-131,-110,-96,-93,-65,-12,5,26,36,51,38,42,35,52,62,-8,5,-1,-25,-37,-62,-51,-48
13.80267,-149,-127,-129,-122,-131,-107,-105,-86,-61,-10,8,13,32,49,39,38,54,42,53,-3,16,-8,-17,-45,-38,-55,-51
13.81333,-139,-127,-146,-147,-138,-90,-97,-80,-56,-2,2,18,35,46,44,28,63,56,64,-10,11,-2,-15,-48,-32,-59,-48
13.82400,-103,-125,-160,-135,-110,-102,-111,-81,-55,-6,-1,33,49,60,59,35,51,64,73,3,4,-10,-23,-47,-44,-49,-46
13.83467,-118,-145,-156,-149,-105,-109,-108,-95,-50,-9,1,27,50,47,33,50,51,62,65,-1,-5,2,-34,-38,-35,-47,-47
13.84533,-143,-154,-139,-130,-115,-106,-114,-91,-55,-17,-7,34,43,43,42,45,47,66,62,7,26,5,-34,-42,-32,-41,-46
13.85600,-104,-130,-129,-137,-121,-87,-106,-92,-50,-12,-10,20,42,41,47,59,49,57,55,-8,21,4,-30,-44,-41,-34,-44
13.86667,-120,-130,-152,-111,-125,-101,-110,-86,-56,-6,-8,27,33,46,41,60,54,48,66,-7,17,1,-32,-49,-38,-38,-47
13.87733,-124,-116,-158,-128,-128,-104,-105,-79,-57,1,-5,30,30,44,52,57,46,59,71,1,8,-13,-42,-42,-31,-38,-38
13.88800,-121,-149,-137,-129,-115,-98,-103,-88,-59,-2,4,31,42,56,51,50,62,44,76,-3,-8,3,-28,-47,-29,-40,-42
13.89867,-124,-139,-137,-148,-112,-98,-95,-96,-52,-8,4,30,50,57,60,42,61,52,78,-6,-8,-7,-18,-41,-29,-49,-46
13.90933,-103,-130,-148,-148,-119,-108,-95,-81,-47,-7,8,33,43,57,39,53,59,56,83,-9,-10,-4,-5,-49,-43,-37,-36
13.92000,-133,-147,-156,-137,-133,-112,-99,-83,-45,-6,9,24,44,55,40,43,47,42,88,-6,4,2,-21,-31,-32,-29,-32
13.93067,-142,-171,-171,-137,-123,-120,-114,-82,-54,-7,-4,33,42,50,45,51,47,53,73,-3,2,-14,-9,-45,-40,-49,-45
13.94133,-131,-172,-163,-143,-125,-113,-113,-76,-62,-11,-6,28,49,55,47,48,44,51,66,-10,2,-16,-30,-43,-32,-44,-48
13.95200,-128,-150,-152,-148,-114,-97,-108,-84,-62,0,-1,32,45,51,46,47,47,48,58,-10,2,-8,-28,-40,-43,-60,-53
13.96267,-92,-146,-159,-134,-126,-106,-102,-95,-57,-2,1,30,41,40,49,44,59,41,63,-3,-2,-19,-17,-49,-24,-48,-46
13.97333,-96,-145,-158,-146,-127,-98,-99,-91,-47,-4,0,39,34,43,47,38,58,44,66,2,11,-10,-19,-29,-34,-49,-42
13.98400,-94,-119,-141,-155,-117,-99,-98,-106,-44,-17,10,46,33,43,27,45,42,42,62,1,1,-8,0,-28,-31,-35,-48
13.99467,-119,-127,-157,-135,-127,-88,-99,-90,-53,-22,11,28,37,52,38,47,47,54,54,4,8,-3,-23,-25,-44,-22,-43
14.00533,-123,-125,-153,-145,-109,-82,-108,-81,-54,-7,6,30,35,35,49,47,45,46,59,-4,-5,-9,-10,-30,-31,-39,-38
14.01600,-111,-123,-149,-149,-103,-89,-106,-96,-40,-9,5,36,49,35,40,34,59,38,62,2,-6,-20,-30,-42,-36,-43,-30
14.02667,-127,-139,-157,-121,-121,-99,-105,-90,-59,-4,0,32,47,46,47,36,55,60,68,4,-8,-2,-27,-37,-29,-46,-36
14.03733,-131,-148,-141,-128,-116,-90,-96,-102,-40,-4,4,35,55,43,53,40,58,52,67,4,4,1,-12,-33,-39,-30,-33
14.04800,-112,-147,-142,-137,-109,-87,-92,-96,-45,-6,7,40,41,52,55,40,48,53,58,-1,6,1,-38,-35,-47,-28,-43
14.05867,-105,-148,-136,-131,-111,-96,-104,-76,-43,-13,5,39,39,49,50,34,58,59,64,-7,8,-15,-35,-25,-47,-31,-45
14.06933,-141,-158,-148,-128,-115,-80,-97,-82,-48,-3,2,36,41,52,38,29,56,47,62,11,-22,-10,-17,-36,-44,-51,-35
14.08000,-132,-139,-133,-122,-118,-98,-98,-67,-56,-4,11,34,44,45,40,32,51,43,65,4,6,-10,-19,-37,-40,-53,-60
14.09067,-119,-150,-142,-120,-97,-93,-105,-81,-47,-10,3,33,43,38,49,47,59,45,59,11,5,0,-20,-29,-17,-47,-51
14.10133,-126,-148,-119,-125,-101,-108,-104,-91,-47,-4,3,34,45,39,58,48,56,43,72,10,4,-5,-18,-27,-36,-45,-37
14.11200,-116,-140,-138,-114,-105,-103,-96,-84,-55,-17,-4,44,50,40,47,49,45,52,69,16,-8,-25,-18,-14,-35,-39,-31
14.12267,-130,-136,-137,-124,-96,-93,-107,-93,-46,-7,3,35,52,46,38,48,36,53,80,19,-19,-9,-18,-16,-38,-37,-40
14.13333,-114,-127,-141,-159,-107,-91,-103,-93,-52,2,4,15,45,42,38,52,50,48,69,18,-8,-2,-32,-33,-41,-39,-44
14.14400,-116,-118,-140,-137,-114,-98,-111,-73,-47,0,0,26,39,40,31,49,50,54,57,9,12,-13,-30,-29,-57,-49,-43
14.15467,-130,-128,-130,-133,-101,-86,-101,-84,-48,-12,4,37,45,38,40,45,41,52,64,10,2,-11,-8,-41,-41,-39,-43
14.16533,-112,-144,-131,-117,-105,-84,-101,-76,-55,-20,0,26,28,47,41,39,60,48,70,3,5,-16,-8,-48,-34,-46,-58
14.17600,-111,-143,-134,-129,-109,-97,-90,-86,-50,-12,0,17,25,35,24,46,59,46,66,4,7,-10,-19,-41,-45,-53,-47
14.18667,-99,-150,-139,-125,-97,-98,-91,-79,-55,-7,7,16,41,40,41,41,50,36,61,-2,-3,-13,-31,-38,-26,-55,-50
14.19733,-117,-127,-134,-120,-111,-111,-102,-76,-56,-8,3,18,38,38,42,56,41,33,70,-11,-9,-10,-22,-42,-44,-53,-52
14.20800,-116,-147,-127,-130,-100,-99,-93,-81,-47,-11,2,23,31,38,36,38,42,31,67,-4,12,-4,-3,-41,-40,-49,-54
14.21867,-115,-118,-130,-116,-107,-85,-90,-87,-44,-4,-8,32,32,46,40,32,38,35,73,10,3,-12,-28,-47,-41,-47,-58
14.22933,-120,-125,-151,-103,-115,-81,-99,-74,-43,-6,-3,29,31,43,33,28,44,41,63,-5,4,-14,-15,-31,-41,-38,-59
14.24000,-117,-125,-138,-129,-108,-90,-103,-77,-40,-2,5,26,39,43,39,44,51,43,60,13,-12,-17,-37,-35,-29,-23,-36
14.25067,-112,-143,-140,-118,-104,-90,-97,-78,-42,-14,-1,20,41,49,46,42,50,49,64,10,-5,-6,-33,-40,-49,-24,-51
14.26133,-94,-128,-157,-120,-102,-97,-102,-72,-49,-19,4,26,45,46,29,39,40,42,59,10,-1,-9,-29,-33,-41,-28,-65
14.27200,-139,-121,-147,-113,-101,-100,-99,-79,-51,-8,-3,18,33,37,33,44,58,24,61,-2,16,-6,-20,-42,-27,-27,-59
14.28267,-124,-115,-141,-114,-110,-102,-107,-73,-46,1,-10,19,38,48,41,38,57,40,61,-2,-1,-7,-12,-45,-31,-53,-50
14.29333,-95,-111,-135,-102,-104,-98,-94,-75,-48,-5,-1,32,41,44,30,39,39,33,58,6,-13,-9,-34,-35,-33,-34,-57
14.30400,-112,-114,-134,-113,-98,-101,-103,-84,-41,-7,2,30,44,31,26,50,45,34,52,-4,-15,-22,-27,-37,-50,-40,-50
14.31467,-95,-140,-139,-127,-97,-95,-98,-73,-49,-19,-3,33,49,36,33,53,42,38,62,13,-7,-1,-29,-25,-34,-42,-48
14.32533,-100,-138,-145,-134,-114,-93,-98,-82,-56,-19,-6,29,49,38,48,39,33,39,71,7,-3,3,-11,-29,-28,-26,-50
14.33600,-94,-152,-155,-141,-99,-100,-105,-90,-34,-18,-4,32,38,26,38,43,47,43,68,1,14,-15,-21,-34,-45,-32,-36
14.34667,-95,-159,-148,-140,-105,-100,-108,-79,-44,-6,12,29,43,40,35,42,52,58,66,-8,9,9,-41,-27,-36,-28,-40
14.35733,-97,-138,-136,-114,-106,-102,-104,-84,-42,-6,5,22,47,49,38,23,52,46,62,-21,0,-5,-43,-48,-28,-33,-40
14.36800,-95,-130,-124,-128,-100,-100,-110,-84,-49,1,-1,31,55,46,44,32,62,39,61,-21,5,-12,-11,-36,-34,-44,-48
14.37867,-101,-129,-128,-129,-99,-93,-94,-77,-41,-8,-1,32,47,49,52,32,66,36,63,7,-6,-6,-22,-42,-40,-38,-32
14.38933,-90,-133,-121,-118,-102,-101,-85,-73,-45,-2,16,42,52,58,44,46,70,34,58,14,4,2,-22,-41,-22,-37,-32
14.40000,-98,-124,-130,-113,-104,-108,-90,-81,-43,3,3,37,58,41,29,43,57,56,73,4,9,-4,0,-44,-41,-24,-32
14.41067,-107,-122,-120,-124,-97,-95,-92,-69,-48,3,11,36,52,46,40,47,55,61,75,-6,18,1,4,-37,-28,-19,-43
14.42133,-106,-121,-102,-116,-89,-83,-92,-78,-56,1,10,32,52,51,42,43,52,49,82,-3,3,3,-10,-37,-32,-35,-26
14.43200,-111,-119,-114,-111,-82,-80,-91,-67,-57,-3,0,38,52,45,41,58,44,37,78,-8,-10,-5,0,-34,-22,-32,-41
14.44267,-88,-113,-117,-112,-88,-81,-99,-67,-56,1,17,26,41,47,41,50,48,41,73,1,22,6,-11,-26,-25,-39,-42
14.45333,-93,-113,-122,-111,-101,-80,-96,-68,-48,2,13,37,40,50,40,41,50,53,69,2,15,2,-6,-29,-26,-39,-57
14.46400,-84,-112,-106,-113,-94,-80,-90,-78,-44,3,13,39,44,45,54,46,54,64,76,16,15,0,-13,-14,-23,-28,-43
14.47467,-98,-114,-112,-125,-88,-68,-97,-69,-43,-9,15,39,60,49,60,49,53,63,85,10,27,10,-7,-25,-21,-22,-41
14.48533,-93,-125,-115,-123,-80,-73,-74,-67,-32,-7,9,44,49,48,43,52,76,68,95,23,33,15,-6,-14,-30,-16,-51
14.49600,-94,-112,-129,-108,-82,-83,-92,-63,-35,3,5,42,57,54,45,49,80,56,90,19,24,-2,-2,-18,-29,-20,-34
14.50667,-90,-113,-123,-115,-92,-74,-93,-60,-38,9,29,33,52,57,47,54,67,68,89,14,16,-1,1,-11,-45,-28,-19
14.51733,-84,-108,-115,-128,-97,-89,-88,-69,-34,0,18,27,57,69,51,60,70,61,81,20,38,16,-1,-20,-27,-30,-34
14.52800,-94,-117,-128,-108,-94,-97,-98,-71,-47,2,17,50,62,79,62,72,74,73,78,21,34,26,1,-15,-18,-30,-35
14.53867,-111,-138,-136,-119,-109,-90,-105,-66,-33,11,9,60,72,64,63,59,84,65,95,17,35,21,15,-15,-22,-35,-27
14.54933,-109,-139,-117,-118,-96,-76,-87,-61,-28,18,23,48,71,67,64,59,70,69,90,36,38,9,2,-16,-40,-36,-39
14.56000,-115,-125,-141,-121,-97,-80,-73,-60,-38,23,12,49,71,70,67,69,65,85,86,27,35,23,20,-16,-38,-21,-25
14.57067,-89,-129,-128,-104,-91,-76,-73,-69,-27,6,15,58,61,69,68,63,77,89,94,38,21,24,5,-13,-35,-27,-37
14.58133,-98,-122,-132,-96,-98,-72,-81,-69,-26,4,24,58,58,56,67,62,76,79,95,42,22,23,7,-8,-19,-27,-39
14.59200,-103,-131,-122,-110,-81,-78,-81,-67,-36,9,26,54,60,70,65,47,68,81,91,40,19,21,3,-14,-36,-27,-35
14.60267,-114,-147,-126,-98,-80,-86,-86,-63,-32,0,24,50,59,73,69,57,87,63,91,38,17,40,-4,-14,-39,-22,-16
14.61333,-125,-138,-120,-104,-84,-79,-88,-59,-29,-1,22,46,54,59,68,54,71,61,87,33,18,17,-13,-6,-21,-30,-27
14.62400,-92,-133,-121,-97,-86,-83,-92,-75,-26,-1,29,35,43,62,65,43,79,62,96,21,37,10,-20,3,-26,-27,-33
14.63467,-94,-109,-123,-115,-103,-71,-88,-63,-33,10,12,48,46,60,66,52,74,44,76,28,26,1,-8,-20,-27,-16,-31
14.64533,-105,-128,-127,-123,-90,-83,-93,-65,-30,-2,12,39,36,67,55,56,66,45,91,29,23,16,-15,-19,-21,-12,-37
14.65600,-98,-88,-133,-102,-88,-85,-96,-73,-35,-1,11,45,51,64,56,47,71,45,81,29,25,9,-10,-30,-31,-30,-38
14.66667,-99,-103,-115,-135,-88,-76,-86,-71,-36,10,10,45,46,67,47,48,68,59,69,15,-1,15,-9,-7,-11,-29,-34
14.67733,-104,-121,-113,-132,-96,-85,-94,-62,-34,-1,13,31,54,56,52,56,54,41,80,24,4,26,-8,-17,-22,-28,-14
14.68800,-115,-120,-121,-119,-86,-74,-90,-67,-29,2,6,43,59,48,47,57,73,45,84,20,14,8,-19,-19,-24,-23,-31
14.69867,-96,-119,-109,-111,-112,-77,-96,-77,-40,6,9,32,41,54,40,50,62,49,86,8,11,16,-14,-29,-35,-28,-31
14.70933,-81,-119,-121,-105,-106,-83,-99,-89,-35,4,5,30,45,78,39,56,59,51,87,11,9,19,-6,-36,-42,-30,-50
14.72000,-74,-125,-116,-113,-97,-77,-88,-78,-33,-5,8,29,41,64,50,46,57,46,81,12,11,10,-13,-31,-38,-41,-27
14.73067,-101,-139,-136,-109,-102,-71,-96,-86,-32,-3,1,30,43,55,58,42,57,58,77,4,-8,-8,7,-25,-36,-51,-39
14.74133,-100,-143,-128,-114,-100,-83,-103,-86,-40,-6,7,29,42,54,57,54,60,54,64,0,11,0,-14,-27,-37,-31,-47
14.75200,-94,-148,-126,-137,-107,-94,-96,-89,-44,-16,12,32,41,41,48,59,58,39,62,6,9,3,-16,-12,-38,-33,-42
14.76267,-115,-146,-131,-124,-98,-96,-90,-65,-51,-4,5,21,61,36,49,49,61,48,65,13,-12,-7,-20,-18,-33,-28,-28
14.77333,-122,-136,-134,-146,-91,-89,-88,-83,-46,-7,13,28,46,34,49,26,54,41,66,9,-7,11,-26,-21,-52,-40,-24
14.78400,-106,-136,-145,-133,-106,-93,-86,-86,-36,-3,-1,34,38,46,44,30,56,48,73,5,-4,-1,-23,-34,-56,-30,-45
14.79467,-124,-124,-141,-127,-116,-94,-90,-77,-31,1,9,31,49,32,55,32,52,58,65,0,8,5,-25,-38,-49,-43,-50
14.80533,-108,-136,-144,-131,-119,-72,-96,-78,-50,3,12,25,47,35,40,31,49,41,69,8,5,4,-33,-54,-47,-40,-35
14.81600,-108,-127,-138,-130,-106,-85,-105,-78,-42,-5,-7,36,44,40,37,35,40,38,69,4,6,13,-31,-36,-41,-51,-44
14.82667,-121,-130,-142,-132,-106,-79,-102,-66,-32,-9,-2,25,39,35,31,33,32,35,60,-19,14,7,-18,-33,-41,-51,-45
14.83733,-133,-102,-145,-118,-101,-92,-104,-77,-44,-12,-3,36,39,43,44,49,40,40,59,2,17,4,-16,-42,-52,-37,-55
14.84800,-107,-105,-137,-117,-96,-90,-95,-72,-44,-9,3,23,27,36,35,40,47,38,56,12,23,-10,-14,-52,-42,-22,-37
14.85867,-95,-130,-134,-117,-100,-87,-102,-88,-39,-4,4,40,18,38,31,35,53,24,53,11,11,-8,0,-51,-41,-44,-32
14.86933,-111,-135,-123,-111,-109,-78,-100,-84,-47,-13,7,43,28,36,31,35,37,32,67,15,-14,-13,-22,-41,-37,-41,-44
14.88000,-110,-121,-136,-109,-105,-86,-91,-62,-49,-11,0,32,41,40,24,41,53,37,51,-9,-8,-17,-27,-10,-34,-47,-42
14.89067,-95,-143,-138,-109,-121,-89,-95,-86,-57,-22,2,45,42,43,34,34,34,41,55,1,-2,-2,-21,-19,-30,-41,-46
14.90133,-124,-138,-121,-131,-103,-89,-97,-79,-44,-10,-2,40,37,48,36,47,37,42,65,-12,-12,-2,-15,-23,-33,-46,-40
14.91200,-129,-141,-144,-121,-104,-88,-88,-98,-34,-10,3,28,40,51,38,47,58,30,60,2,10,-23,-22,-21,-45,-45,-53
14.92267,-128,-142,-129,-112,-100,-98,-94,-95,-39,-10,4,28,24,51,39,41,47,35,76,22,9,-15,-23,-35,-41,-41,-40
14.93333,-109,-141,-130,-132,-104,-82,-101,-97,-40,-7,0,14,32,49,29,51,49,43,84,-3,-8,-21,-13,-39,-32,-32,-48
14.94400,-97,-132,-136,-141,-117,-93,-107,-91,-42,-4,1,22,37,51,45,33,44,50,81,1,3,6,-24,-45,-30,-46,-46
14.95467,-116,-135,-120,-123,-112,-90,-98,-80,-61,-7,-1,26,36,53,35,40,60,44,65,1,1,0,-31,-48,-32,-47,-53
14.96533,-100,-133,-127,-120,-104,-97,-96,-90,-59,-17,0,33,34,45,36,39,61,47,73,8,7,-11,-23,-30,-31,-31,-50
14.97600,-106,-129,-147,-137,-108,-97,-99,-93,-42,-18,1,35,25,39,41,49,52,55,70,0,2,12,-28,-34,-45,-33,-35
14.98667,-95,-139,-118,-137,-121,-97,-100,-90,-40,-17,4,35,35,40,34,33,58,37,59,-4,0,-2,-31,-31,-48,-47,-47
14.99733,-98,-152,-130,-122,-104,-86,-101,-83,-40,-17,3,27,37,50,35,40,47,34,45,-13,4,4,-22,-46,-57,-46,-49
15.00800,-103,-152,-153,-121,-119,-95,-87,-80,-41,-17,-2,26,28,36,49,44,46,55,59,-10,-1,1,-49,-41,-51,-51,-36
