R.Time (min)
,22890,23011,23132,23253,23374,23495,23617,23738,23859,23980,24102,24223,24344,24466,24587,24709,24830,24952,25073,25195,25316,25438,25559,25681,25802,25924,26046
0.00000,0,0,0,0,0,0,0,0,0,0,0,0,0,0,0,0,0,0,0,0,0,0,0,0,0,0,0
0.01067,0,0,0,0,0,0,0,0,0,0,0,0,0,0,0,0,0,0,0,0,0,0,0,0,0,0,0
0.02133,0,0,0,0,0,0,0,0,0,0,0,0,0,0,0,0,0,0,0,0,0,0,0,0,0,0,0
0.03200,0,0,0,0,0,0,0,0,0,0,0,0,0,0,0,0,0,0,0,0,0,0,0,0,0,0,0
0.04267,0,0,0,0,0,0,0,0,0,0,0,0,0,0,0,0,0,0,0,0,0,0,0,0,0,0,0
0.05333,0,0,0,0,0,0,0,0,0,0,0,0,0,0,0,0,0,0,0,0,0,0,0,0,0,0,0
0.06400,0,0,0,0,0,0,0,0,0,0,0,0,0,0,0,0,0,0,0,0,0,0,0,0,0,0,0
0.07467,0,0,0,0,0,0,0,0,0,0,0,0,0,0,0,0,0,0,0,0,0,0,0,0,0,0,0
0.08533,0,0,0,0,0,0,0,0,0,0,0,0,0,0,0,0,0,0,0,0,0,0,0,0,0,0,0
0.09600,0,0,0,0,0,0,0,0,0,0,0,0,0,0,0,0,0,0,0,0,0,0,0,0,0,0,0
0.10667,1,-17,-3,15,10,-1,7,-8,6,16,0,-3,16,-2,-5,7,-16,-13,-13,0,5,-16,-12,-7,-3,5,-6
0.11733,7,-33,-10,-2,12,-10,15,-12,-7,21,11,-6,23,2,-5,-3,-31,0,-14,1,4,-22,-23,16,10,5,-10
0.12800,5,-10,-16,-3,5,-9,11,-11,-13,7,16,-9,29,7,-2,-11,-33,-12,-14,-5,5,-33,-19,20,5,0,-6
0.13867,10,-18,-9,2,17,-13,22,-14,-1,-6,12,-9,25,0,4,-1,-22,21,7,3,6,-24,-23,9,6,8,-6
0.14933,-4,-12,-29,19,11,-23,3,-12,-10,9,8,-3,35,-10,17,7,-25,12,-6,0,13,-21,-31,30,7,6,-5
0.16000,-3,5,-23,20,-7,-26,9,-15,-17,4,1,-11,15,-17,5,3,-24,2,-3,-4,2,-38,-22,0,6,15,-19
0.17067,8,-18,-21,2,-5,-37,-7,-11,-10,0,-3,-15,5,-5,0,-5,-34,-15,-21,-12,10,-36,-27,2,9,6,-18
0.18133,-16,-22,-15,9,2,-32,-1,-9,-15,-4,5,-14,16,-6,-9,-4,-33,-21,-10,-9,4,-30,-38,0,4,-5,-17
0.19200,-40,-21,-17,5,2,-40,9,-4,-12,9,0,-9,14,-10,-14,-10,-39,-20,-9,-20,15,-36,-41,3,10,15,-11
0.20267,-36,-34,-15,-9,-9,-37,-1,-9,-17,11,-4,-12,23,-15,-7,-17,-23,-19,-18,-13,8,-37,-32,5,14,0,-13
0.21333,-41,-31,-30,-6,-3,-34,-7,-14,-8,-7,-5,-4,28,-2,-4,-23,-18,-20,-20,-11,7,-41,-28,11,2,11,-8
0.22400,-16,-25,-31,-10,8,-35,4,-24,-13,3,3,-1,24,-11,-8,-7,-21,-23,-19,-16,-1,-39,-29,13,7,15,-8
0.23467,-32,-34,-29,-19,15,-50,13,-27,-19,-1,-2,2,24,-11,0,-14,-32,-26,-17,-34,8,-46,-32,4,0,2,-5
0.24533,-10,-35,-35,-9,3,-33,9,-20,-15,-3,6,-5,12,0,-7,0,-28,-12,-18,-25,7,-52,-16,-15,-7,6,-15
0.25600,-16,-47,-33,-6,4,-43,0,-24,-21,4,-6,-13,3,-2,-9,-11,-34,-13,-18,-9,7,-41,-27,-13,3,9,-12
0.26667,-31,-36,-43,6,4,-52,2,-29,-22,-6,-11,-19,2,7,-8,-15,-36,-21,-17,3,2,-34,-24,-9,4,-2,-12
0.27733,-7,-48,-27,1,-4,-56,1,-15,-31,-6,0,-13,1,7,-12,-12,-44,-35,-20,-6,-8,-29,-43,-1,-3,10,-9
0.28800,-14,-17,-38,-4,-7,-49,4,-18,-28,-2,-3,-3,15,-4,-11,-14,-25,-27,-30,-18,-2,-37,-33,-9,-19,10,-20
0.29867,-30,-18,-37,-20,1,-41,-1,-18,-15,-5,-1,-12,23,-14,-7,-11,-25,-23,-16,-25,0,-29,-21,-11,11,1,-10
0.30933,-40,-22,-41,-1,-10,-33,-16,-11,-7,-11,-13,4,7,-12,-5,-15,-29,-27,-11,-18,-11,-30,-30,-10,1,-6,-28
0.32000,-31,-36,-25,-18,-14,-39,-9,-21,-21,3,-16,3,15,-7,-9,-15,-38,-26,-19,-20,-13,-53,-24,-5,-14,2,-11
0.33067,-28,-46,-19,-21,-16,-39,-4,-32,-18,-16,-3,-12,13,-1,-7,-4,-48,-16,-21,-30,1,-50,-27,-5,3,16,-10
0.34133,-28,-31,-24,-12,-6,-40,0,-24,-10,-13,-9,-17,13,-8,-19,-17,-30,-13,-11,-30,-21,-45,-16,0,-6,2,-13
0.35200,-31,-41,-28,-12,-7,-43,-5,-18,-20,-15,-3,-15,17,-6,-10,0,-33,0,0,-20,-22,-37,-14,1,-20,-4,-15
0.36267,-28,-55,-44,-29,-10,-37,-2,-17,-14,-9,-3,-22,26,-10,-19,-2,-26,-16,-10,-14,-5,-43,-4,1,-13,-1,-17
0.37333,-38,-41,-38,-31,-9,-56,-2,-18,-4,-23,-7,-2,14,-6,-15,3,-12,-9,-13,-19,5,-22,-31,-3,-19,8,5
0.38400,-36,-30,-41,-40,10,-31,-1,-25,-16,-23,-11,-13,24,-1,2,-4,-21,-18,-11,-27,3,-35,-8,15,2,-4,-1
0.39467,-35,-33,-45,-30,-4,-33,-11,-20,-24,-1,-12,-20,29,-5,7,25,-16,-2,-3,0,7,-46,-22,5,-23,-15,-13
0.40533,-56,-26,-38,-12,-12,-32,-11,-27,-31,3,8,-18,-1,-2,-4,13,-34,7,3,-5,-9,-52,-31,-9,-14,-3,-16
0.41600,-65,-25,-35,-10,-9,-32,-5,-34,-20,-6,-9,-6,18,-9,-1,1,-36,-1,1,-10,-13,-52,-40,-18,-6,-6,-14
0.42667,-33,-29,-44,-10,5,-44,2,-21,-25,-10,-1,-19,28,4,1,7,-36,-8,-8,-18,-10,-42,-20,-14,-4,-12,-21
0.43733,-5,-33,-40,-20,-1,-48,-8,-15,-21,5,5,-13,20,11,7,-7,-13,1,2,-8,-2,-43,-32,-8,-12,-12,-20
0.44800,-27,-29,-45,-43,6,-46,1,-23,-21,0,8,-19,14,-3,1,-9,-13,-3,7,-12,5,-41,-18,-4,-5,0,-23
0.45867,-32,-37,-19,-8,-3,-42,-7,-22,-14,-5,7,8,25,2,-2,-1,-24,-2,-2,-8,4,-19,-25,-5,7,3,-5
0.46933,-42,-26,-27,-6,10,-47,12,-18,-15,-1,7,1,14,-6,-1,-10,-24,-12,-23,-15,8,-40,-30,3,-9,6,-19
0.48000,-35,-43,-23,-12,4,-39,-1,-14,-26,-1,6,-3,25,-6,5,-2,-26,-11,-19,-22,13,-38,-26,-16,-9,0,-15
0.49067,-35,-56,-34,-26,8,-44,2,-13,-15,1,-2,-1,20,0,12,-10,-38,-4,-15,-8,8,-27,-23,-10,0,-4,-4
0.50133,-21,-40,-38,-14,2,-45,-8,-20,-18,5,-1,-7,21,-2,-9,-12,-28,-12,-15,-4,-4,-35,-21,-16,-8,-6,-25
0.51200,-24,-47,-24,-18,-5,-39,-6,-13,-16,0,-8,-5,13,-1,-3,-8,-27,-32,-21,1,-17,-39,-27,-4,-10,-5,-20
0.52267,-24,-18,-45,-40,-25,-56,-5,-12,-23,8,3,-5,29,11,10,-6,-22,-10,-33,-13,-21,-37,-25,-4,2,-6,-22
0.53333,-26,-37,-21,-14,-5,-55,9,-8,-15,12,-4,-6,18,16,3,-17,-25,3,-13,-16,-10,-33,-19,-3,9,7,-23
0.54400,-15,-28,-26,-26,-9,-45,-4,-10,-18,10,9,-2,10,10,10,-14,-21,-14,-8,-10,-25,-31,-24,0,1,5,-23
0.55467,-23,-32,-39,-20,2,-59,-9,-17,-12,8,-2,3,17,7,10,-3,-18,0,-25,-9,-30,-33,-22,-7,-3,3,-19
0.56533,-35,-28,-40,-3,-5,-50,1,-25,-12,4,-6,-1,18,4,9,6,-15,-7,-28,-11,-18,-39,-29,-18,8,7,-12
0.57600,-20,-42,-37,-12,-4,-46,-6,-27,-18,7,3,-14,13,0,6,-7,-2,-10,-20,-10,1,-40,-26,4,2,10,-12
0.58667,-4,-29,-45,1,-21,-48,-6,-19,-3,3,-3,-11,9,1,-1,-4,-24,-17,-12,12,8,-42,-26,7,-4,-1,-19
0.59733,-29,-15,-52,-7,-23,-47,-14,-11,-5,-1,7,1,23,-2,-11,-12,-25,-11,-4,-8,0,-35,-19,3,3,2,-21
0.60800,-13,-25,-64,-17,-12,-47,-2,-16,-18,6,-2,2,27,-2,-10,-7,-21,2,4,-12,4,-29,-24,0,1,-4,-5
0.61867,-1,-26,-33,-14,-8,-51,4,-18,-20,7,-4,1,20,-6,-3,-3,-29,-7,-11,-15,1,-22,-6,-8,6,-4,-13
0.62933,-24,-32,-22,-9,-2,-41,1,-13,-16,-8,6,-6,24,-8,2,-16,-25,-8,-17,6,-10,-22,-22,8,-7,10,-27
0.64000,-20,-22,-41,-25,4,-44,-9,-11,-8,1,12,-5,30,5,2,-11,-15,-9,-18,8,-18,-12,-40,6,-24,12,-19
0.65067,-27,-14,-20,-17,8,-36,8,-3,2,17,1,-6,28,3,2,-9,-21,-19,-13,-12,-3,-31,-49,5,-2,-1,-15
0.66133,-29,-5,-33,-20,12,-31,6,4,-8,18,2,-16,25,-4,12,-15,-23,-17,-5,-13,-4,-40,-44,0,-2,3,-12
0.67200,-34,-16,-30,-17,-4,-41,-8,3,-12,6,4,-17,23,-9,-5,-5,-25,-16,-15,-10,-8,-52,-27,-9,2,1,-12
0.68267,-22,-28,-61,-1,-5,-45,-11,-21,-21,-2,8,-6,23,2,11,-4,-29,-21,-4,-15,-6,-44,-32,-18,-1,-7,-18
0.69333,-17,-35,-40,8,-18,-34,7,-15,-18,-10,6,-17,21,11,0,-8,-39,-15,-11,-19,3,-40,-31,-6,-6,7,-28
0.70400,-27,-25,-36,-4,-20,-34,-2,-23,-16,-16,-3,-5,11,-5,-2,-14,-34,-16,-23,-13,-15,-39,-28,-4,17,5,-31
0.71467,-22,-46,-28,-8,-10,-41,-11,-18,-19,-3,-1,-5,18,-11,14,-19,-27,-19,-16,-8,0,-55,-41,2,15,4,-15
0.72533,-12,-12,-17,-21,9,-34,-6,-12,-19,-3,8,3,28,-5,11,-2,-23,-9,-20,-16,2,-42,-23,3,20,-9,-13
0.73600,48,40,41,40,53,22,64,51,44,50,62,65,64,58,63,48,13,53,40,52,50,24,26,51,61,58,49
0.74667,28,27,9,9,59,-4,39,31,40,37,46,49,76,40,47,19,2,21,40,28,49,12,18,36,48,49,24
0.75733,-7,-24,-9,-12,19,-37,16,-2,2,17,3,26,41,10,12,16,-26,-3,3,-13,27,-29,-25,22,12,28,-2
0.76800,-2,-24,-24,-2,-8,-41,0,-13,-3,6,10,13,25,6,4,5,-32,-31,-15,-21,-4,-46,-26,3,-18,1,-14
0.77867,-16,-31,-28,-8,-13,-37,4,-30,-13,7,10,-1,19,4,4,-11,-36,-18,-8,-16,-14,-39,-31,-29,-16,-16,-12
0.78933,-41,-43,-25,-6,2,-49,6,-10,-11,8,8,-11,18,12,17,-26,-34,-9,-17,-42,-5,-30,-37,-11,-19,9,-24
0.80000,-37,-34,-32,-16,-13,-53,7,-9,-2,11,12,4,7,-3,2,-24,-38,-9,-8,-29,2,-39,-28,-8,-9,3,-22
0.81067,-41,-24,-36,-20,-21,-60,-5,-12,-11,7,15,12,5,7,5,-10,-40,-2,-14,-16,-4,-44,-38,-6,7,-3,-14
0.82133,-18,-31,-37,-26,-5,-45,-9,-30,-21,-1,4,11,14,2,3,-8,-28,-12,-39,-19,4,-41,-40,-12,-10,-10,-23
0.83200,-57,-40,-50,-23,-19,-55,-19,-13,-20,2,-4,6,22,-14,2,-6,-34,-13,-37,-23,-7,-72,-22,-22,-8,-9,-35
0.84267,-48,-38,-48,-17,-20,-52,-25,-19,-26,11,10,1,32,-17,5,-16,-19,-23,-27,-24,-1,-53,-18,4,-8,-9,-16
0.85333,-42,-53,-37,-27,-19,-52,-2,-20,-26,2,6,-6,32,-17,4,-11,-26,-12,-14,-32,6,-51,-32,3,-22,-4,-17
0.86400,-39,-61,-56,-21,-23,-48,-7,-25,-27,-5,4,8,26,-2,19,-5,-19,-7,-15,-20,3,-49,-34,-13,-14,-2,-22
0.87467,-48,-49,-69,-25,-21,-66,-5,-35,-22,-8,8,-6,30,4,25,8,-18,-5,-5,-14,-15,-44,-26,-14,-11,-16,-42
0.88533,-44,-53,-76,-19,-25,-69,-8,-41,-25,9,11,-9,29,26,17,-12,-11,1,10,-8,-6,-31,-32,-17,-4,-10,-30
0.89600,-56,-39,-84,-40,-26,-67,-6,-35,-33,-16,1,1,13,23,-2,-5,-1,0,-2,-17,2,-41,-32,-26,-3,-9,-33
0.90667,-54,-53,-78,-62,-13,-63,-21,-30,-39,4,3,2,15,6,4,-7,-15,-6,-2,-17,2,-36,-27,-18,-13,-5,-41
0.91733,-64,-73,-75,-66,-18,-65,-28,-31,-24,4,0,-4,20,-3,10,-4,-14,-3,-11,-16,-2,-30,-32,-2,4,-5,-36
0.92800,-54,-103,-72,-55,-6,-66,-24,-35,-20,8,-8,-12,22,4,6,5,-24,2,-5,-8,-9,-39,-64,3,-1,-2,-27
0.93867,-56,-70,-81,-51,-20,-70,-20,-45,-24,-9,-12,-6,19,18,11,-3,-26,-4,-21,-19,-3,-46,-48,-6,1,-19,-26
0.94933,-67,-63,-83,-34,-37,-72,-27,-32,-26,-1,3,5,20,-4,9,-7,-22,5,-20,-16,-2,-41,-48,-12,-13,-15,-22
0.96000,-66,-56,-79,-42,-32,-60,-13,-24,-34,8,-4,10,20,9,3,-11,-26,4,-21,-2,0,-45,-37,-2,-13,-19,-14
0.97067,-54,-60,-74,-41,-21,-61,-19,-28,-32,3,-13,-2,25,28,5,-15,-24,-7,-23,-5,-7,-35,-39,-12,-15,-24,-9
0.98133,-69,-58,-49,-27,-33,-59,-17,-20,-30,-6,-4,5,32,21,14,6,-35,-6,-4,-2,-13,-35,-37,-4,5,-10,-6
0.99200,-67,-65,-45,-45,-33,-64,-9,-21,-33,2,0,-3,32,5,9,10,-36,-9,-12,-13,-19,-33,-33,5,5,-17,-11
1.00267,-77,-52,-50,-38,-33,-64,3,-20,-33,4,9,2,21,-9,19,-2,-39,0,-18,-8,-11,-33,-36,-11,-11,-12,-15
1.01333,-54,-68,-55,-42,-29,-54,-7,-30,-22,-9,1,1,21,-9,16,-3,-20,-13,-5,-13,6,-35,-53,1,-4,-12,-31
1.02400,-46,-71,-60,-38,-20,-56,-12,-26,-29,-3,5,1,30,6,9,4,-22,-3,-8,-16,10,-35,-41,-14,-2,-2,-18
1.03467,-38,-58,-40,-31,-20,-60,-6,-35,-24,-1,8,2,39,-9,2,18,-21,-14,-3,-11,5,-29,-39,6,-20,2,-18
1.04533,-50,-43,-46,-45,-19,-61,-19,-16,-19,11,2,2,25,-2,-2,9,-23,-15,-10,-7,-19,-26,-33,-10,-11,-3,-24
1.05600,-57,-56,-57,-36,-19,-71,-13,-14,-30,3,9,8,35,1,1,-2,-29,-9,-8,-5,-14,-31,-29,-5,-15,-4,-35
1.06667,-64,-49,-75,-47,-14,-65,-10,-22,-26,-7,5,8,39,-2,-4,-9,-19,-3,-12,-6,-18,-42,-35,-23,-15,-12,-24
1.07733,-85,-51,-82,-53,-22,-61,-12,-32,-20,-5,-4,8,25,12,15,0,-23,-5,-3,-15,-18,-48,-27,-12,-7,-7,-29
1.08800,-74,-60,-74,-60,-33,-48,-21,-21,-21,2,-10,7,31,13,5,16,-26,-13,-28,3,0,-42,-31,-14,2,-7,-20
1.09867,-43,-53,-65,-47,-34,-50,-16,-14,-17,1,-11,-6,25,2,0,10,-21,-2,-11,-15,-7,-56,-37,-11,-4,4,-28
1.10933,-48,-51,-63,-37,-34,-60,-5,-5,-20,0,-6,-1,33,0,-2,-8,-19,-16,0,9,-12,-41,-17,-19,-16,-3,-17
1.12000,-53,-34,-42,-31,-24,-66,-9,-17,-28,6,1,3,24,2,-7,-9,-1,-9,-14,4,-5,-33,-31,-28,-9,-11,-20
1.13067,-35,-56,-33,-27,-32,-68,-17,-30,-19,4,-2,-2,35,11,3,-10,-19,-13,-10,-12,-14,-35,-34,-15,-5,-18,-18
1.14133,-55,-59,-45,-21,-25,-72,-23,-18,-21,5,-7,-11,22,14,-1,-13,-22,-20,-15,-15,-11,-29,-28,-23,3,-2,-32
1.15200,-75,-48,-48,-43,-26,-62,-22,-27,-15,4,-5,-11,8,12,17,-2,-26,-10,-17,-10,-8,-33,-28,-16,-5,7,-38
1.16267,-65,-39,-53,-47,-37,-68,-16,-12,-18,6,16,-10,29,12,21,-10,-25,-20,-16,4,-13,-41,-22,-24,-6,-16,-22
1.17333,-59,-54,-60,-35,-31,-65,-7,-22,-16,1,4,-14,48,11,20,6,-20,-21,-12,-13,0,-27,-16,-20,5,-8,-25
1.18400,-54,-63,-72,-27,-24,-63,-24,-28,-22,8,5,-4,43,14,20,2,-29,-10,-10,-13,6,-22,-29,-17,-9,-12,-16
1.19467,-70,-60,-78,-46,-26,-70,-9,-17,-16,3,7,4,26,7,5,3,-38,-21,-18,-5,-5,-34,-22,-19,-4,-9,-14
1.20533,-60,-75,-63,-60,-29,-72,-9,-28,-15,4,1,-7,10,-6,-7,-13,-33,-20,-8,-6,-15,-41,-28,-12,-17,-4,-19
1.21600,-53,-54,-40,-45,-17,-53,-5,-17,-18,16,17,-5,13,12,3,3,-33,-13,0,-8,5,-44,-23,-12,0,11,-29
1.22667,-65,-78,-36,-19,-21,-58,-10,-21,-26,9,2,-10,16,8,-1,-7,-34,-17,-9,-14,-6,-53,-31,-13,-1,-4,-16
1.23733,-52,-64,-49,-43,-27,-45,-14,-30,-17,6,2,-6,25,0,-10,-16,-32,-16,-7,-18,7,-55,-27,-17,-6,-14,-22
1.24800,-34,-57,-34,-32,-18,-55,-16,-24,-14,7,9,-6,20,0,1,-12,-12,-18,-13,-15,-9,-39,-26,3,-7,-19,-21
1.25867,-39,-50,-42,-19,-31,-59,2,-17,-25,2,9,-10,18,-2,1,-8,-22,-11,-14,-7,-15,-50,-28,22,-10,-3,-16
1.26933,-43,-35,-54,-14,-25,-53,-9,-28,-20,6,-5,-12,18,-1,4,-7,-20,3,-19,3,-24,-53,-37,8,-32,1,-20
1.28000,-58,-64,-51,-33,-32,-70,-13,-29,-20,-7,0,-3,26,6,12,-19,-20,-10,-24,-5,-2,-37,-25,11,-7,-14,-14
1.29067,-36,-50,-54,-39,-16,-59,-11,-23,-20,-9,-7,-9,26,-4,-8,-25,-26,2,-11,-6,-6,-47,-31,1,-12,-13,-28
1.30133,-36,-67,-69,-29,-12,-52,-14,-20,-19,-8,-7,-4,29,-6,-7,-19,-37,-1,-12,3,-2,-36,-20,-4,-1,-9,-25
1.31200,-8,-52,-30,-20,-4,-52,-9,-17,-16,3,8,-1,24,4,-11,-9,-25,-6,-17,0,-12,-46,-27,-2,-4,-12,-25
1.32267,-21,-52,-26,-22,-8,-45,-13,-10,-21,-5,2,-6,31,-4,-9,-14,-34,-13,-5,-9,-9,-50,-22,-11,-10,-6,-16
1.33333,-35,-50,-43,-27,10,-43,2,-17,-23,-8,-5,-14,13,-4,-10,-18,-30,-20,-17,-7,-7,-43,-19,4,-14,-11,-16
1.34400,-17,-52,-47,-22,-7,-40,-10,-23,-30,-9,-8,-5,8,5,4,-19,-35,-13,-10,6,-9,-48,-20,1,-30,-6,-22
1.35467,-21,-74,-40,-13,-7,-65,-6,-15,-35,-8,-6,-4,0,8,8,-16,-26,2,-26,5,4,-47,-36,3,-27,3,-13
1.36533,-29,-45,-29,-22,3,-51,-1,-18,-22,-7,-6,-11,11,5,6,-7,-28,-15,-31,-13,-4,-40,-38,5,-3,5,-24
1.37600,-29,-20,-46,-18,-26,-40,-4,-17,-25,-6,-10,-8,38,2,10,-15,-28,-16,-26,-22,-7,-49,-48,-3,0,2,-28
1.38667,-37,-21,-54,-17,-6,-43,-14,-16,-22,3,-10,-3,28,-13,2,-8,-27,-20,-23,-14,-14,-43,-47,-11,-4,-16,-27
1.39733,-37,-39,-44,-10,-14,-48,-16,-10,-19,8,-10,-2,23,-8,0,-16,-31,-31,-29,-4,-14,-48,-37,-8,-18,-6,-18
1.40800,-60,-51,-46,-10,-1,-47,-4,-17,-13,3,-8,3,18,-17,13,-26,-37,-15,-22,-8,-18,-38,-31,5,-12,-1,-18
1.41867,-51,-51,-30,-34,-2,-41,-16,-27,-23,10,-13,8,28,-12,14,-13,-21,-3,-14,-8,-16,-35,-21,4,-5,-3,-21
1.42933,-43,-40,-58,-21,-2,-45,-12,-22,-28,1,-4,-3,19,5,6,-16,-19,-12,-4,-2,15,-47,-35,1,-18,0,-27
1.44000,-25,-43,-65,-34,-7,-57,-11,-22,-16,-8,-2,-5,32,14,0,-7,-25,-19,-27,-5,-7,-49,-36,-18,-18,-3,-23
1.45067,-24,-53,-85,-30,-21,-71,-18,-17,-13,-3,-4,-3,32,19,7,3,-31,-9,-5,0,-1,-44,-40,4,-11,-6,-22
1.46133,-51,-45,-61,-31,-38,-69,-28,-13,-18,5,8,1,15,14,7,2,-23,-9,-11,-20,-6,-49,-31,0,-13,-10,-27
1.47200,-43,-56,-55,-41,-20,-60,-11,-15,-13,0,9,-8,6,12,10,11,-31,-9,-7,-13,2,-39,-34,-2,-7,-9,-17
1.48267,-15,-38,-39,-53,-26,-60,-10,-23,-14,1,8,-13,17,-12,7,8,-27,2,-8,-21,-21,-40,-13,-16,-12,-6,-5
1.49333,-34,-42,-57,-47,-27,-57,-15,-21,-17,-7,1,-3,18,-1,4,-2,-16,-15,-10,-13,-5,-52,-30,-32,-13,-10,-20
1.50400,-23,-34,-53,-18,-6,-42,0,-6,6,19,26,14,38,16,19,15,-7,10,-2,6,0,-40,-7,1,19,9,-13
1.51467,-44,-45,-57,-34,-6,-75,-5,-16,-17,7,12,9,46,13,8,1,-3,-1,-17,-12,-19,-50,-18,-12,18,2,-24
1.52533,-40,-49,-53,-49,-12,-69,-3,-16,-18,0,-2,1,47,-1,6,-2,-17,-17,-12,-8,-4,-43,-27,-15,5,5,-43
1.53600,-12,-41,-37,-50,-12,-60,13,-26,-17,-2,1,3,36,0,6,-8,-34,-13,-11,-3,0,-41,-24,-26,-9,-2,-23
1.54667,-44,-29,-44,-35,-3,-69,0,-23,-20,-2,12,1,32,7,2,-17,-16,0,-11,-26,-23,-44,-28,-14,-15,-10,-32
1.55733,-31,-34,-66,-32,2,-66,-8,-17,-23,-3,1,-6,10,2,-6,-10,-33,-9,-28,-34,-15,-50,-27,-9,-17,-19,-32
1.56800,-26,-31,-67,-27,-5,-58,-15,-15,-27,-3,-1,-12,25,16,-3,4,-30,3,-30,-13,-9,-38,-39,-7,-14,-13,-10
1.57867,-23,-31,-60,-34,-13,-44,-20,-10,-23,-2,-7,-4,20,6,10,3,-31,-10,-40,-18,-12,-31,-34,8,-25,-8,-27
1.58933,-30,-46,-70,-17,-19,-59,-7,-13,-15,8,-6,-9,14,1,2,-10,-43,-21,-37,-28,-13,-35,-30,0,-23,5,-18
1.60000,-34,-51,-69,-32,-23,-56,-17,-26,-23,-2,-13,-12,30,7,-6,0,-30,-21,-28,-14,-18,-34,-35,-9,-12,4,-15
1.61067,-50,-35,-53,-26,-15,-65,-19,-41,-29,-4,-13,-15,20,5,-21,-9,-32,-23,-25,-10,-9,-42,-35,-2,-19,4,-34
1.62133,-51,-46,-37,-41,-21,-85,-24,-40,-32,-6,-11,-25,13,-7,-20,-11,-47,-10,-18,-8,-2,-55,-34,-4,-24,-4,-46
1.63200,-57,-47,-65,-51,-15,-73,-36,-41,-33,-3,-12,-29,16,-18,-4,-18,-31,-8,-24,-13,-8,-46,-37,-14,-29,-12,-33
1.64267,-47,-71,-72,-38,-40,-61,-35,-43,-42,-16,-14,-19,7,-24,-11,-22,-36,-22,-34,-22,11,-38,-52,-12,-30,-6,-35
1.65333,-68,-84,-70,-46,-30,-73,-35,-55,-50,-28,-19,-42,-1,-21,-16,-15,-47,-25,-38,-25,-11,-44,-60,-27,-21,-11,-39
1.66400,-96,-79,-81,-50,-31,-71,-34,-53,-52,-32,-25,-25,3,-3,-20,-26,-33,-45,-43,-28,-21,-55,-55,-32,-34,-34,-37
1.67467,-116,-80,-72,-49,-31,-84,-31,-44,-51,-31,-14,-41,3,-17,-14,-32,-45,-36,-37,-29,-24,-65,-61,-38,-33,-36,-33
1.68533,-116,-68,-80,-54,-48,-101,-29,-48,-51,-30,-17,-41,0,-23,-7,-33,-60,-44,-35,-28,-17,-55,-65,-42,-30,-25,-44
1.69600,-94,-65,-86,-45,-55,-87,-34,-51,-47,-37,-34,-44,-7,-13,-19,-46,-60,-34,-32,-32,-23,-73,-65,-45,-37,-31,-68
1.70667,-86,-68,-91,-79,-54,-87,-42,-48,-58,-41,-21,-38,-3,-14,-26,-45,-68,-30,-56,-33,-22,-74,-69,-42,-28,-42,-53
1.71733,-92,-92,-80,-69,-60,-94,-44,-46,-48,-39,-26,-31,7,-26,-23,-39,-66,-31,-58,-39,-19,-72,-69,-42,-40,-40,-54
1.72800,-87,-87,-79,-74,-59,-96,-32,-49,-53,-33,-32,-36,1,-30,-11,-31,-54,-41,-45,-43,-40,-70,-62,-42,-20,-34,-53
1.73867,-97,-102,-79,-70,-56,-112,-35,-47,-54,-34,-32,-25,2,-31,-21,-28,-52,-37,-46,-44,-32,-78,-64,-52,-33,-44,-43
1.74933,-84,-78,-72,-60,-56,-93,-52,-54,-55,-25,-26,-32,-11,-33,-18,-22,-49,-29,-52,-35,-15,-72,-62,-35,-24,-33,-39
1.76000,-90,-71,-94,-69,-64,-103,-49,-65,-50,-24,-40,-38,-7,-34,-11,-21,-48,-32,-53,-38,-20,-65,-65,-40,-32,-29,-26
1.77067,-65,-80,-114,-66,-58,-106,-48,-69,-51,-36,-32,-46,-2,-36,-29,-25,-53,-48,-40,-42,-35,-69,-57,-36,-29,-21,-31
1.78133,-79,-94,-104,-70,-72,-94,-47,-56,-42,-30,-33,-26,1,-35,-15,-34,-56,-45,-46,-24,-26,-75,-45,-25,-26,-26,-46
1.79200,-89,-106,-106,-73,-70,-87,-44,-58,-52,-33,-33,-38,-4,-29,-8,-23,-63,-30,-53,-26,-29,-85,-47,-46,-29,-26,-37
1.80267,-81,-79,-97,-64,-51,-98,-51,-57,-49,-37,-31,-30,4,-30,-6,-21,-60,-34,-34,-29,-39,-82,-67,-35,-41,-26,-53
1.81333,-86,-57,-90,-66,-53,-82,-49,-48,-60,-40,-31,-28,0,-29,-9,-27,-43,-41,-40,-34,-29,-74,-65,-33,-33,-17,-65
1.82400,-87,-98,-98,-64,-45,-78,-49,-46,-61,-33,-28,-26,4,-35,-16,-30,-48,-56,-40,-27,-27,-69,-37,-35,-33,-20,-49
1.83467,-100,-92,-112,-85,-64,-84,-54,-60,-48,-31,-29,-38,1,-30,-10,-38,-59,-50,-28,-45,-28,-73,-47,-44,-32,-33,-46
1.84533,-107,-90,-116,-87,-60,-86,-56,-51,-47,-35,-32,-24,9,-29,-20,-24,-64,-33,-21,-51,-27,-74,-36,-30,-17,-41,-29
1.85600,-113,-92,-102,-87,-57,-95,-53,-58,-58,-41,-27,-24,5,-21,-19,-22,-37,-58,-20,-26,-35,-51,-49,-38,-26,-28,-50
1.86667,-96,-112,-119,-84,-61,-92,-52,-56,-58,-40,-21,-19,9,-3,-30,-28,-47,-53,-55,-22,-34,-61,-52,-41,-27,-30,-56
1.87733,-97,-117,-127,-86,-50,-87,-53,-48,-52,-35,-32,-23,0,0,-18,-29,-40,-37,-56,-32,-33,-68,-52,-50,-32,-41,-43
1.88800,-117,-109,-117,-93,-65,-99,-59,-54,-51,-27,-31,-13,2,-13,-22,-25,-45,-24,-31,-38,-22,-65,-57,-46,-36,-45,-51
1.89867,-121,-107,-112,-91,-70,-95,-58,-68,-48,-29,-27,-27,5,-19,-16,-24,-44,-33,-39,-31,-33,-56,-39,-45,-33,-33,-51
1.90933,-117,-125,-122,-91,-90,-101,-72,-80,-67,-34,-36,-32,-9,-25,-21,-36,-60,-53,-49,-48,-27,-62,-47,-33,-51,-31,-41
1.92000,-144,-171,-167,-132,-129,-148,-110,-126,-104,-86,-82,-73,-57,-68,-50,-72,-88,-77,-69,-74,-61,-98,-100,-69,-70,-73,-57
1.93067,-236,-250,-236,-222,-236,-255,-206,-201,-198,-163,-151,-158,-123,-134,-134,-145,-165,-147,-148,-122,-120,-158,-149,-124,-141,-122,-133
1.94133,-351,-351,-365,-347,-340,-374,-313,-315,-309,-275,-257,-267,-225,-224,-229,-245,-256,-234,-219,-206,-210,-247,-234,-196,-213,-199,-198
1.95200,-463,-442,-470,-446,-426,-464,-399,-403,-395,-362,-346,-362,-303,-324,-329,-317,-340,-311,-302,-286,-288,-314,-300,-266,-259,-253,-248
1.96267,-521,-514,-504,-496,-475,-508,-439,-439,-423,-407,-390,-384,-348,-355,-366,-347,-370,-345,-333,-325,-317,-337,-324,-304,-276,-287,-279
1.97333,-533,-556,-517,-484,-457,-513,-438,-444,-428,-396,-391,-372,-331,-343,-354,-336,-358,-336,-325,-337,-310,-339,-304,-309,-282,-282,-298
1.98400,-495,-473,-494,-454,-429,-467,-413,-408,-392,-366,-352,-338,-300,-327,-313,-303,-319,-313,-297,-319,-293,-285,-292,-278,-262,-257,-267
1.99467,-432,-439,-448,-399,-376,-422,-349,-341,-336,-308,-298,-306,-256,-261,-267,-259,-278,-259,-255,-268,-247,-261,-255,-224,-213,-222,-241
2.00533,-373,-400,-375,-324,-345,-352,-292,-300,-270,-257,-238,-238,-208,-219,-212,-209,-218,-221,-205,-219,-195,-236,-216,-202,-186,-197,-195
2.01600,-325,-351,-327,-263,-278,-292,-226,-240,-227,-197,-188,-182,-145,-174,-160,-166,-195,-176,-157,-169,-157,-194,-166,-158,-137,-156,-164
2.02667,-260,-305,-281,-232,-222,-243,-186,-188,-178,-146,-141,-151,-108,-119,-110,-117,-149,-133,-139,-135,-131,-146,-151,-132,-101,-122,-143
2.03733,-224,-240,-225,-210,-175,-210,-143,-138,-148,-123,-110,-110,-90,-103,-82,-104,-123,-104,-98,-102,-92,-116,-122,-100,-100,-95,-106
2.04800,-221,-204,-192,-176,-140,-173,-125,-124,-129,-98,-82,-76,-60,-73,-67,-80,-95,-78,-58,-66,-59,-89,-86,-72,-71,-73,-92
2.05867,-224,-211,-217,-153,-136,-168,-118,-108,-102,-82,-66,-59,-28,-44,-46,-56,-72,-54,-54,-50,-43,-66,-96,-66,-55,-38,-62
2.06933,-436,-402,-370,-283,-245,-260,-184,-171,-155,-101,-85,-80,-33,-48,-34,-40,-66,-49,-38,-51,-43,-89,-79,-64,-49,-37,-69
2.08000,-1339,-1178,-1044,-887,-741,-671,-515,-460,-379,-286,-236,-200,-131,-129,-99,-94,-98,-69,-55,-76,-61,-101,-79,-64,-62,-51,-61
2.09067,-3899,-3393,-2975,-2554,-2148,-1862,-1512,-1279,-1050,-832,-677,-550,-427,-360,-278,-244,-212,-179,-143,-141,-117,-136,-119,-107,-101,-89,-90
2.10133,-8547,-7452,-6486,-5565,-4719,-4022,-3322,-2771,-2265,-1836,-1483,-1187,-918,-751,-584,-487,-416,-330,-287,-255,-209,-228,-189,-172,-170,-140,-155
2.11200,-14182,-12392,-10762,-9226,-7844,-6648,-5507,-4574,-3749,-3022,-2454,-1951,-1515,-1228,-961,-778,-636,-514,-438,-380,-312,-317,-257,-229,-236,-212,-200
2.12267,-18929,-16531,-14353,-12292,-10462,-8852,-7335,-6089,-4984,-4012,-3231,-2565,-2000,-1604,-1242,-984,-808,-644,-545,-460,-356,-345,-317,-259,-258,-223,-212
2.13333,-21450,-18729,-16234,-13917,-11835,-9989,-8306,-6854,-5599,-4519,-3624,-2887,-2243,-1781,-1386,-1071,-866,-678,-560,-465,-366,-343,-305,-243,-230,-213,-204
2.14400,-21528,-18781,-16264,-13954,-11855,-10021,-8316,-6863,-5593,-4502,-3595,-2845,-2215,-1750,-1342,-1048,-820,-651,-524,-414,-319,-300,-259,-220,-212,-167,-166
2.15467,-19662,-17175,-14875,-12764,-10846,-9179,-7610,-6279,-5116,-4114,-3282,-2591,-2001,-1578,-1205,-931,-734,-563,-448,-346,-248,-270,-214,-180,-159,-127,-138
2.16533,-16928,-14810,-12830,-11010,-9357,-7913,-6553,-5398,-4401,-3540,-2813,-2203,-1702,-1334,-1035,-780,-615,-458,-358,-277,-212,-215,-176,-132,-104,-100,-104
2.17600,-14476,-12645,-10944,-9347,-7931,-6719,-5533,-4560,-3696,-2972,-2365,-1849,-1411,-1085,-841,-642,-506,-377,-298,-225,-179,-180,-134,-101,-74,-70,-88
2.18667,-12767,-11060,-9529,-8085,-6850,-5755,-4724,-3888,-3130,-2512,-1986,-1558,-1167,-901,-689,-522,-429,-326,-250,-192,-143,-144,-102,-83,-68,-52,-80
2.19733,-11349,-9794,-8358,-7069,-5917,-4966,-4047,-3309,-2673,-2112,-1681,-1302,-981,-768,-572,-435,-354,-277,-197,-160,-129,-127,-93,-58,-71,-51,-58
2.20800,-9798,-8436,-7135,-6003,-4999,-4187,-3385,-2765,-2222,-1754,-1389,-1084,-808,-626,-462,-365,-306,-222,-169,-140,-105,-103,-103,-42,-61,-36,-67
2.21867,-8061,-6885,-5854,-4897,-4063,-3406,-2748,-2242,-1798,-1409,-1119,-859,-638,-494,-391,-300,-254,-193,-137,-113,-77,-108,-83,-46,-39,-23,-45
2.22933,-6344,-5425,-4606,-3871,-3203,-2685,-2162,-1762,-1420,-1112,-873,-671,-507,-398,-317,-251,-197,-146,-117,-101,-69,-96,-73,-58,-51,-24,-42
2.24000,-4811,-4142,-3517,-2958,-2447,-2061,-1660,-1352,-1096,-855,-686,-530,-381,-307,-251,-204,-159,-120,-82,-72,-53,-88,-65,-43,-40,-20,-61
2.25067,-3525,-3070,-2603,-2193,-1824,-1546,-1247,-1026,-822,-650,-521,-410,-283,-245,-181,-152,-134,-86,-67,-73,-54,-95,-65,-55,-46,-13,-53
2.26133,-2320,-1997,-1727,-1449,-1217,-1046,-822,-695,-564,-428,-361,-284,-186,-169,-137,-112,-103,-74,-59,-60,-57,-84,-53,-60,-53,-30,-41
2.27200,-835,-716,-623,-481,-408,-383,-286,-244,-192,-133,-111,-105,-55,-56,-59,-39,-47,-43,-39,-41,-39,-72,-64,-44,-43,-20,-35
2.28267,1477,1305,1131,1013,872,694,618,498,408,345,287,211,190,128,89,62,22,17,6,22,10,-24,-35,-31,-21,-7,-18
2.29333,5096,4487,3919,3415,2930,2436,2082,1702,1391,1151,915,730,591,454,333,241,159,134,91,64,45,14,-2,32,-4,28,6
2.30400,10436,9200,8041,6974,5982,5045,4264,3527,2884,2361,1885,1500,1216,925,706,530,384,294,218,174,128,72,47,86,47,55,39
2.31467,17679,15571,13635,11830,10163,8581,7220,5989,4914,4015,3226,2558,2041,1586,1238,934,689,539,411,319,254,187,143,159,135,120,97
2.32533,26111,23052,20206,17568,15108,12814,10822,9009,7438,6110,4963,3983,3207,2536,2035,1612,1280,1024,833,705,619,511,473,451,428,390,377
2.33600,32448,28835,25436,22274,19327,16587,14193,12021,10120,8503,7107,5939,5003,4195,3570,3052,2668,2346,2117,1952,1838,1696,1645,1620,1581,1548,1503
2.34667,32520,29240,26099,23146,20381,17806,15531,13470,11651,10104,8788,7665,6758,5975,5378,4873,4489,4185,3964,3790,3667,3530,3471,3441,3395,3351,3304
2.35733,24514,22500,20480,18574,16731,14974,13423,11994,10730,9636,8717,7927,7293,6731,6287,5917,5620,5384,5225,5093,4974,4876,4805,4773,4742,4713,4657
2.36800,10221,10049,9769,9417,9012,8533,8134,7689,7275,6930,6620,6344,6160,5918,5740,5582,5432,5351,5257,5192,5121,5056,5000,4970,4953,4915,4881
2.37867,-5986,-4270,-2762,-1455,-371,517,1309,1916,2441,2870,3230,3499,3745,3882,3984,4062,4110,4145,4142,4161,4139,4105,4068,4084,4055,4029,4014
2.38933,-20054,-16780,-13831,-11185,-8867,-6860,-5064,-3580,-2286,-1202,-301,427,1044,1492,1855,2117,2296,2469,2559,2622,2661,2657,2647,2697,2651,2646,2647
2.40000,-29780,-25519,-21642,-18132,-15012,-12280,-9810,-7725,-5942,-4396,-3147,-2121,-1241,-581,-48,342,612,848,1006,1117,1204,1221,1250,1290,1277,1282,1272
2.41067,-34771,-30117,-25826,-21932,-18443,-15375,-12590,-10235,-8208,-6465,-5017,-3836,-2835,-2082,-1471,-1003,-683,-401,-203,-70,42,65,104,147,161,167,170
2.42133,-35727,-31120,-26851,-22962,-19482,-16405,-13599,-11245,-9187,-7426,-5961,-4758,-3750,-2974,-2349,-1873,-1532,-1246,-1039,-900,-789,-759,-689,-647,-636,-631,-619
2.43200,-33845,-29568,-25644,-22029,-18779,-15947,-13331,-11118,-9196,-7555,-6184,-5054,-4117,-3382,-2803,-2351,-2036,-1751,-1552,-1425,-1300,-1292,-1225,-1168,-1140,-1111,-1135
2.44267,-30212,-26483,-23056,-19899,-17038,-14543,-12260,-10311,-8598,-7153,-5944,-4952,-4107,-3479,-2963,-2527,-2261,-2002,-1834,-1723,-1616,-1595,-1544,-1468,-1442,-1438,-1440
2.45333,-25799,-22714,-19818,-17170,-14765,-12678,-10736,-9085,-7663,-6430,-5407,-4582,-3867,-3324,-2873,-2533,-2302,-2081,-1936,-1839,-1741,-1723,-1665,-1605,-1597,-1581,-1573
2.46400,-21238,-18755,-16414,-14266,-12332,-10623,-9059,-7711,-6544,-5547,-4707,-4046,-3442,-3019,-2635,-2369,-2164,-1982,-1879,-1781,-1711,-1691,-1656,-1600,-1581,-1555,-1578
2.47467,-16977,-15032,-13189,-11494,-9967,-8630,-7386,-6346,-5419,-4617,-3947,-3421,-2937,-2608,-2313,-2094,-1937,-1788,-1692,-1614,-1568,-1546,-1515,-1475,-1457,-1440,-1463
2.48533,-13264,-11760,-10361,-9049,-7866,-6859,-5873,-5053,-4352,-3719,-3202,-2785,-2415,-2154,-1934,-1750,-1646,-1524,-1444,-1399,-1352,-1353,-1313,-1276,-1266,-1240,-1249
2.49600,-10216,-9080,-8029,-7007,-6107,-5344,-4573,-3947,-3415,-2918,-2534,-2210,-1920,-1728,-1546,-1416,-1339,-1251,-1176,-1130,-1088,-1100,-1068,-1032,-1031,-1006,-1039
2.50667,-7840,-6953,-6163,-5409,-4691,-4130,-3532,-3066,-2646,-2260,-1959,-1704,-1482,-1337,-1198,-1108,-1050,-979,-931,-893,-855,-863,-847,-814,-823,-788,-812
2.51733,-6029,-5350,-4732,-4171,-3613,-3199,-2712,-2358,-2038,-1736,-1500,-1314,-1133,-1021,-924,-855,-792,-757,-712,-664,-651,-663,-654,-625,-626,-609,-623
2.52800,-4724,-4203,-3715,-3262,-2831,-2508,-2121,-1834,-1588,-1355,-1162,-1022,-858,-772,-691,-649,-616,-567,-542,-517,-488,-515,-503,-458,-468,-464,-464
2.53867,-3784,-3363,-2998,-2614,-2254,-2009,-1691,-1454,-1254,-1077,-922,-802,-675,-611,-527,-506,-476,-443,-444,-396,-394,-409,-400,-351,-378,-358,-369
2.54933,-3125,-2753,-2466,-2146,-1867,-1653,-1383,-1190,-1036,-884,-749,-651,-539,-479,-428,-409,-401,-354,-365,-325,-307,-341,-344,-289,-302,-279,-312
2.56000,-2624,-2342,-2077,-1809,-1576,-1413,-1177,-1018,-867,-741,-631,-548,-447,-408,-365,-343,-337,-298,-298,-278,-254,-286,-282,-250,-264,-250,-266
2.57067,-2277,-2029,-1776,-1571,-1357,-1227,-1003,-879,-760,-644,-537,-472,-394,-364,-334,-302,-289,-275,-248,-245,-204,-270,-245,-243,-253,-221,-240
2.58133,-1995,-1791,-1583,-1380,-1182,-1083,-893,-792,-695,-558,-487,-413,-352,-333,-307,-276,-261,-261,-241,-237,-191,-253,-243,-223,-224,-218,-234
2.59200,-1765,-1624,-1423,-1243,-1067,-965,-798,-704,-622,-501,-449,-384,-329,-299,-277,-262,-257,-229,-233,-220,-187,-249,-237,-189,-204,-215,-208
2.60267,-1593,-1458,-1279,-1112,-969,-875,-717,-648,-571,-477,-404,-370,-293,-285,-259,-245,-244,-223,-214,-204,-174,-226,-207,-181,-187,-193,-200
2.61333,-1467,-1334,-1179,-1038,-885,-814,-671,-580,-522,-432,-380,-345,-274,-253,-233,-243,-242,-208,-202,-210,-170,-213,-208,-188,-185,-185,-196
2.62400,-1352,-1225,-1086,-972,-815,-762,-646,-541,-496,-411,-357,-325,-256,-243,-234,-232,-234,-202,-195,-195,-182,-219,-215,-188,-180,-182,-177
2.63467,-1258,-1144,-1033,-882,-777,-714,-587,-511,-462,-385,-337,-307,-246,-248,-216,-216,-231,-191,-202,-185,-161,-230,-214,-185,-184,-170,-194
2.64533,-1190,-1054,-962,-845,-740,-670,-546,-483,-437,-366,-313,-285,-236,-238,-196,-208,-209,-182,-199,-175,-185,-230,-191,-164,-191,-190,-193
2.65600,-1126,-1011,-905,-789,-681,-634,-518,-468,-425,-344,-304,-270,-223,-236,-201,-197,-207,-196,-185,-171,-179,-208,-196,-165,-173,-179,-191
2.66667,-1054,-956,-850,-734,-648,-607,-497,-450,-408,-339,-293,-270,-211,-218,-192,-195,-216,-194,-182,-156,-167,-206,-202,-180,-177,-187,-201
2.67733,-997,-894,-815,-689,-606,-562,-461,-424,-388,-326,-284,-255,-204,-207,-190,-197,-215,-199,-197,-185,-148,-204,-203,-187,-182,-183,-200
2.68800,-939,-856,-768,-662,-586,-560,-461,-414,-372,-321,-266,-250,-200,-219,-198,-195,-206,-195,-191,-178,-162,-224,-207,-183,-195,-188,-187
2.69867,-872,-803,-733,-628,-552,-548,-441,-388,-347,-306,-268,-249,-185,-213,-201,-196,-208,-185,-196,-172,-174,-219,-202,-175,-187,-172,-204
2.70933,-836,-763,-693,-608,-510,-518,-418,-387,-348,-300,-281,-257,-185,-205,-193,-200,-219,-197,-198,-173,-189,-227,-211,-177,-184,-182,-207
2.72000,-774,-720,-667,-581,-493,-486,-392,-373,-332,-292,-278,-245,-199,-215,-206,-197,-233,-198,-197,-197,-196,-207,-216,-184,-207,-196,-215
2.73067,-710,-695,-619,-569,-483,-479,-390,-376,-333,-301,-269,-268,-220,-219,-231,-231,-243,-207,-216,-208,-215,-250,-233,-206,-206,-199,-222
2.74133,-674,-664,-582,-522,-464,-483,-401,-390,-351,-322,-294,-293,-245,-264,-246,-239,-274,-255,-245,-255,-252,-267,-263,-231,-243,-239,-262
2.75200,-629,-593,-554,-512,-443,-487,-426,-416,-386,-335,-340,-333,-300,-317,-304,-307,-322,-309,-308,-313,-305,-321,-315,-282,-292,-281,-315
2.76267,-525,-541,-510,-487,-450,-490,-446,-457,-433,-411,-406,-397,-371,-392,-399,-387,-404,-405,-406,-399,-383,-415,-412,-372,-378,-375,-401
2.77333,-368,-387,-420,-429,-440,-504,-479,-502,-508,-501,-504,-511,-485,-519,-518,-523,-547,-534,-536,-527,-505,-554,-545,-515,-516,-499,-537
2.78400,-94,-186,-272,-343,-403,-503,-509,-558,-592,-599,-637,-647,-636,-674,-678,-694,-714,-712,-712,-702,-667,-722,-709,-663,-669,-669,-693
2.79467,310,123,-30,-160,-302,-461,-522,-606,-667,-713,-742,-804,-809,-851,-861,-876,-899,-915,-904,-893,-881,-903,-893,-873,-854,-856,-877
2.80533,861,573,283,81,-136,-345,-476,-620,-724,-796,-869,-947,-976,-1029,-1045,-1073,-1103,-1101,-1092,-1108,-1093,-1096,-1089,-1075,-1048,-1058,-1070
2.81600,1579,1151,752,421,128,-197,-375,-570,-739,-853,-968,-1061,-1112,-1178,-1216,-1262,-1282,-1290,-1292,-1286,-1276,-1302,-1288,-1265,-1241,-1256,-1269
2.82667,2498,1895,1325,896,485,72,-186,-455,-688,-854,-997,-1152,-1208,-1312,-1374,-1407,-1448,-1440,-1444,-1443,-1450,-1468,-1450,-1439,-1407,-1401,-1413
2.83733,3561,2802,2082,1493,954,435,95,-271,-575,-803,-997,-1169,-1258,-1382,-1460,-1514,-1564,-1573,-1596,-1587,-1569,-1616,-1587,-1554,-1545,-1531,-1530
2.84800,4767,3826,2940,2215,1540,920,446,2,-377,-633,-885,-1103,-1227,-1371,-1469,-1543,-1589,-1608,-1636,-1621,-1615,-1670,-1634,-1612,-1589,-1571,-1583
2.85867,6094,4969,3940,3064,2269,1543,976,443,4,-335,-612,-875,-1024,-1191,-1317,-1393,-1459,-1489,-1512,-1493,-1491,-1543,-1523,-1507,-1479,-1441,-1464
2.86933,7377,6087,4936,3945,3063,2245,1606,995,514,107,-206,-499,-673,-884,-1002,-1094,-1189,-1205,-1238,-1234,-1230,-1278,-1259,-1219,-1221,-1184,-1203
2.88000,8468,7064,5818,4735,3757,2856,2159,1504,973,540,199,-121,-330,-532,-657,-770,-866,-890,-932,-943,-939,-979,-978,-931,-935,-912,-922
2.89067,9346,7848,6538,5375,4333,3381,2641,1950,1390,936,556,223,13,-216,-351,-481,-577,-603,-635,-650,-660,-707,-703,-668,-679,-636,-662
2.90133,10074,8512,7152,5946,4859,3881,3102,2388,1816,1323,935,591,359,132,-16,-147,-245,-292,-329,-345,-352,-414,-385,-357,-361,-343,-355
2.91200,10607,9006,7650,6426,5333,4323,3538,2818,2238,1746,1347,1003,762,546,377,245,152,87,83,17,26,-27,-30,-9,17,11,-5
2.92267,10828,9263,7918,6717,5643,4663,3865,3166,2581,2102,1716,1379,1145,926,756,620,522,465,432,373,395,324,327,346,364,361,346
2.93333,10760,9268,7967,6800,5768,4814,4064,3388,2820,2369,1977,1651,1429,1218,1058,926,821,785,718,678,674,620,629,651,656,652,635
2.94400,10454,9070,7817,6691,5709,4828,4122,3459,2927,2500,2134,1821,1614,1405,1254,1145,1031,984,943,899,888,832,828,846,874,872,826
2.95467,9980,8666,7513,6461,5564,4710,4055,3459,2951,2545,2210,1908,1728,1534,1385,1283,1164,1116,1078,1040,1045,982,966,1005,1002,1001,985
2.96533,9377,8172,7094,6149,5316,4524,3918,3356,2897,2521,2206,1948,1757,1571,1444,1335,1215,1194,1152,1134,1122,1065,1059,1079,1075,1075,1060
2.97600,8701,7612,6633,5769,5033,4297,3752,3249,2824,2485,2198,1957,1801,1624,1504,1399,1308,1271,1236,1207,1199,1147,1141,1150,1151,1156,1139
2.98667,7908,6965,6101,5343,4675,4041,3567,3121,2750,2453,2195,1983,1854,1696,1581,1483,1396,1369,1341,1311,1298,1258,1254,1272,1258,1259,1252
2.99733,6990,6191,5476,4827,4277,3742,3336,2959,2641,2398,2159,2004,1886,1751,1652,1580,1475,1470,1429,1431,1399,1371,1371,1379,1364,1358,1342
3.00800,5874,5270,4685,4182,3750,3305,2992,2691,2446,2244,2058,1918,1839,1727,1644,1583,1511,1488,1468,1446,1440,1417,1405,1423,1392,1386,1362
3.01867,4704,4228,3803,3407,3081,2725,2526,2270,2094,1945,1807,1678,1640,1553,1484,1442,1364,1369,1332,1318,1328,1290,1281,1301,1279,1275,1258
3.02933,3555,3223,2901,2644,2398,2127,1997,1795,1660,1561,1457,1367,1343,1269,1218,1180,1123,1139,1111,1094,1094,1049,1062,1059,1075,1062,1044
3.04000,2566,2355,2116,1941,1777,1562,1481,1350,1249,1193,1103,1036,1035,977,941,906,864,861,873,844,856,820,817,835,829,815,799
3.05067,1787,1639,1469,1347,1252,1085,1061,963,887,850,800,749,757,700,663,666,613,626,615,615,610,569,586,605,607,588,564
3.06133,1172,1076,961,893,844,718,726,646,597,569,549,510,523,479,457,455,414,413,420,432,409,378,398,398,402,389,370
3.07200,756,694,596,583,552,458,462,413,385,370,346,332,346,317,298,286,244,260,252,253,242,213,223,228,251,236,229
3.08267,480,418,373,369,353,279,302,257,234,235,218,201,214,190,179,154,127,158,136,145,151,99,125,131,154,130,126
3.09333,301,273,222,248,220,155,189,155,140,141,135,134,133,112,104,86,69,76,60,74,73,50,64,93,94,80,58
3.10400,195,171,150,157,145,78,111,88,84,96,90,80,84,57,54,50,15,36,34,22,48,32,30,45,61,54,29
3.11467,131,118,93,105,93,43,76,56,47,74,55,37,57,39,40,15,-1,23,12,-2,17,11,9,25,25,27,14
3.12533,92,75,49,55,68,20,57,38,21,57,45,22,30,16,20,11,-20,12,2,-17,-4,-12,-9,15,10,20,6
3.13600,63,45,33,53,57,-14,37,22,12,32,18,-3,35,5,10,3,-13,18,7,-4,-16,-25,-17,2,10,11,-2
3.14667,40,32,32,29,36,-12,36,5,8,21,17,-5,26,-14,14,-1,-20,18,-7,-2,-8,-30,-6,0,1,0,-13
3.15733,8,16,30,18,38,-26,25,14,6,21,21,-4,18,3,6,-11,-39,-9,-2,-10,-11,-32,-28,-15,2,1,-11
3.16800,24,23,16,12,27,-23,33,7,9,11,22,-3,13,-3,18,-8,-31,-21,-17,-23,-6,-34,-30,-12,1,-5,-14
3.17867,6,18,-7,-13,11,-31,19,-4,7,15,10,1,15,-5,0,-9,-30,-18,-22,-18,-22,-48,-39,1,-15,-5,-33
3.18933,3,-16,-23,-11,18,-37,11,-10,-5,14,8,-4,23,-14,-12,4,-41,-15,-25,-25,-17,-42,-49,7,-10,-9,-22
3.20000,-13,-11,-36,-24,11,-48,5,-18,-12,-2,3,6,12,-11,-13,3,-44,-19,-19,-34,-19,-57,-42,-9,-20,-5,-29
3.21067,-3,-15,-27,-15,11,-51,12,-17,-11,-1,5,-6,15,-1,-3,-5,-33,-23,-16,-25,-11,-46,-36,-18,-9,-15,-17
3.22133,-12,-33,-18,2,1,-43,9,-17,-28,-14,-3,10,34,-8,1,-14,-40,-33,-12,-26,-9,-36,-43,-32,-12,-5,-6
3.23200,-25,-46,-15,0,2,-38,7,-20,-38,-3,-1,-7,29,-13,1,-10,-49,-29,-13,-14,-3,-42,-34,-19,-8,0,-17
3.24267,-22,-40,-25,-11,-3,-54,-4,-31,-39,-13,-7,-7,15,-10,-6,-12,-27,-30,-12,-20,-12,-56,-37,-8,-9,-12,-32
3.25333,-24,-42,-54,-18,-12,-35,6,-28,-26,-1,1,-8,15,-8,-12,-10,-33,-17,-25,-23,-14,-58,-40,-9,-2,-21,-42
3.26400,-21,-38,-49,-7,-11,-34,4,-28,-17,8,0,-13,8,-14,-19,-24,-39,-11,-23,-18,-32,-49,-38,-8,-9,-17,-30
3.27467,-26,-39,-52,-11,9,-53,9,-23,-8,-10,-7,-4,12,-13,-7,-20,-37,-17,-22,-6,-23,-43,-34,-6,-12,-27,-4
3.28533,-42,-34,-48,-10,10,-54,-12,-25,-18,9,0,-13,12,-1,-9,-14,-36,-25,-20,5,-13,-41,-30,-20,-7,-7,-7
3.29600,-19,-44,-34,-11,-12,-50,-12,-19,-26,6,-10,-18,6,0,-15,-2,-31,-25,-33,-2,-7,-35,-35,-5,-5,-8,-11
3.30667,-44,-53,-47,-27,-11,-50,-1,-25,-29,7,-4,-19,-8,-6,-5,-11,-33,-17,-31,-13,-3,-27,-38,-12,0,-16,-14
3.31733,-34,-59,-51,-26,1,-49,2,-27,-18,-4,-1,-9,-6,-4,-12,-20,-40,-26,-27,-24,-19,-39,-51,-10,16,-16,-35
3.32800,-63,-46,-46,-31,-11,-44,-13,-20,-20,3,-4,-12,3,-1,-19,-29,-42,-19,-27,-21,-10,-44,-33,-17,10,-4,-28
3.33867,-42,-45,-42,-11,-9,-50,-2,-29,-25,-5,-11,-8,10,-4,-17,-24,-46,-33,-24,-19,-20,-38,-23,-17,-15,-20,-29
3.34933,-52,-45,-60,-7,-10,-54,-4,-21,-16,-9,-13,-15,6,-20,-19,-21,-38,-37,-31,-30,-11,-61,-33,-12,-11,-21,-40
3.36000,-65,-51,-51,-12,-13,-58,2,-21,-24,0,-13,-21,-1,-22,-12,-19,-49,-28,-36,-33,-18,-45,-36,-12,-20,-31,-42
3.37067,-61,-38,-32,-20,-33,-59,-9,-27,-25,-15,-9,-20,7,-11,-7,-5,-43,-21,-47,-24,-21,-56,-35,7,-26,-18,-31
3.38133,-56,-40,-42,-22,-14,-64,-13,-19,-26,-23,-19,-29,5,-13,-15,-17,-34,-30,-46,-26,-13,-49,-31,-18,-17,-17,-29
3.39200,-45,-57,-36,-17,-16,-65,-12,-23,-25,-10,-11,-20,1,-18,-18,-17,-37,-25,-28,-37,-20,-47,-36,-9,-12,-5,-30
3.40267,-72,-62,-45,-35,-26,-72,-15,-27,-36,0,-11,-15,-8,-16,-32,-14,-40,-28,-32,-22,-36,-47,-37,-13,-19,-16,-29
3.41333,-44,-55,-46,-20,-8,-59,-14,-27,-23,-6,-5,-29,-2,-19,-30,-18,-41,-28,-30,-27,-16,-37,-39,-14,-22,-12,-15
3.42400,-42,-59,-43,-23,-21,-53,-7,-26,-23,-5,-5,-24,2,-9,-19,-15,-42,-35,-25,-21,-9,-25,-40,-27,-13,-14,-19
3.43467,-49,-67,-51,-35,-16,-63,-12,-28,-35,-6,-1,-13,7,-2,-17,-10,-41,-38,-23,-27,-11,-40,-51,-6,-13,-15,-31
3.44533,-62,-87,-71,-43,-29,-54,-5,-26,-32,-11,-2,-13,3,-10,-27,-31,-48,-19,-19,-34,-5,-60,-44,-1,-26,-12,-41
3.45600,-34,-90,-58,-39,-25,-64,-7,-27,-39,-5,-7,-22,1,-24,-20,-19,-57,-20,-27,-43,3,-40,-39,-7,-18,-20,-28
3.46667,-58,-58,-59,-43,-14,-62,-7,-22,-38,-2,-14,-28,-8,-18,-20,-28,-54,-34,-27,-46,6,-59,-38,-17,-14,-13,-39
3.47733,-53,-47,-50,-31,-11,-45,-12,-26,-32,-2,-25,-32,-1,-17,-30,-22,-59,-31,-34,-50,-18,-50,-38,-17,-19,-16,-40
3.48800,-52,-41,-33,-31,-4,-34,-19,-29,-23,-8,-24,-24,6,-27,-39,-31,-53,-35,-32,-36,-11,-60,-34,-17,-16,-20,-42
3.49867,-64,-47,-52,-27,-12,-49,-24,-22,-31,-3,-16,-22,4,-26,-23,-21,-57,-28,-54,-35,-4,-60,-14,-44,-17,-9,-29
3.50933,-60,-50,-61,-40,-22,-46,-21,-16,-27,-20,-23,-42,-2,-12,-26,-18,-69,-38,-52,-26,-11,-58,-48,-25,-4,-10,-36
3.52000,-48,-45,-71,-41,-13,-64,-23,-34,-34,-18,-22,-31,-4,-16,-33,-32,-52,-40,-43,-22,-36,-51,-54,-23,-29,-21,-29
3.53067,-54,-62,-72,-33,-3,-66,-4,-38,-33,-14,-31,-25,-16,-4,-28,-23,-54,-37,-36,-27,-23,-57,-44,-25,-20,-21,-34
3.54133,-55,-45,-72,-36,1,-60,-16,-26,-33,-17,-25,-35,-3,-19,-28,-24,-72,-40,-28,-25,-24,-38,-40,-37,-24,-33,-35
3.55200,-47,-55,-61,-40,-18,-53,-13,-28,-28,-22,-25,-21,-16,-20,-38,-25,-70,-26,-33,-11,-28,-45,-40,-42,-28,-14,-32
3.56267,-57,-57,-82,-43,-24,-40,-15,-24,-44,-29,-25,-26,-7,-27,-29,-36,-59,-32,-28,-13,-22,-45,-38,-38,-22,-18,-29
3.57333,-55,-69,-73,-59,-26,-62,-19,-35,-30,-14,-28,-29,-11,-26,-29,-30,-63,-25,-22,-35,-31,-54,-43,-10,-32,-16,-27
3.58400,-56,-72,-68,-57,-16,-62,-11,-18,-24,-8,-20,-28,-10,-24,-23,-15,-75,-39,-22,-40,-32,-60,-37,-6,-28,-9,-18
3.59467,-45,-77,-59,-44,-24,-47,-16,-26,-41,-22,-20,-22,-2,-28,-11,-29,-60,-23,-30,-47,-30,-44,-49,-24,-40,-22,-18
3.60533,-72,-65,-54,-28,-22,-61,-25,-29,-29,-29,-25,-19,-3,-8,-16,-21,-49,-48,-32,-49,-21,-61,-30,-7,-36,-19,-22
3.61600,-70,-51,-59,-18,-28,-54,-32,-33,-34,-24,-26,-24,4,-24,-21,-23,-44,-28,-47,-32,-24,-54,-33,-25,-23,-16,-18
3.62667,-65,-67,-55,-27,-2,-63,-23,-32,-33,-15,-12,-23,9,-26,-16,-23,-64,-21,-35,-28,-26,-53,-33,-18,-33,-8,-21
3.63733,-58,-46,-40,-32,-13,-61,-10,-37,-31,-18,-12,-18,4,-28,-21,-21,-60,-23,-22,-34,-19,-49,-42,-5,-24,-15,-36
3.64800,-57,-49,-46,-39,-32,-69,-29,-45,-40,-18,-7,-20,-7,-14,-28,-20,-58,-15,-41,-29,-26,-42,-26,-11,-12,-19,-27
3.65867,-48,-47,-57,-36,-30,-84,-34,-34,-42,-21,-17,-17,-19,-20,-18,-15,-48,-12,-31,-32,-24,-46,-30,-24,-18,-28,-43
3.66933,-60,-51,-60,-39,-28,-68,-26,-34,-36,-14,-16,-14,-7,-14,-17,-24,-40,-36,-41,-41,-12,-48,-30,-23,-15,-31,-43
3.68000,-64,-63,-53,-41,-38,-69,-38,-41,-28,-17,-6,-16,4,-15,-20,-32,-61,-27,-41,-13,-14,-41,-40,-12,-28,-19,-36
3.69067,-73,-80,-48,-59,-34,-78,-27,-48,-40,-16,-8,-26,26,-15,-18,-28,-61,-34,-28,-30,-21,-58,-49,-20,-28,-29,-31
3.70133,-80,-63,-79,-46,-26,-67,-26,-44,-47,-19,-11,-16,13,-39,-23,-36,-41,-48,-38,-35,-23,-53,-31,-17,-23,-29,-29
3.71200,-72,-47,-78,-37,-11,-65,-31,-32,-47,-21,-5,-16,-2,-19,-12,-20,-50,-29,-19,-28,-30,-51,-37,-22,-18,-21,-32
3.72267,-67,-58,-76,-39,-21,-61,-37,-33,-24,-17,-21,-19,1,-15,-21,-33,-51,-18,-10,-32,-14,-36,-32,-18,-15,-31,-39
3.73333,-63,-72,-84,-48,-24,-60,-32,-33,-27,-9,-28,-23,7,-21,-18,-42,-53,-24,-15,-33,-27,-51,-39,-19,-10,-41,-46
3.74400,-62,-70,-62,-41,-33,-68,-23,-48,-32,-15,-18,-35,7,-12,-18,-34,-56,-28,-25,-33,-14,-44,-33,-12,-2,-26,-31
3.75467,-66,-63,-53,-50,-28,-73,-4,-52,-34,-20,-23,-26,8,-30,-27,-29,-50,-40,-24,-22,-32,-55,-40,-15,-7,-13,-36
3.76533,-68,-57,-61,-37,-17,-70,-14,-36,-31,-24,-31,-17,1,-30,-15,-7,-60,-31,-34,-35,-26,-59,-50,-18,-3,-12,-42
3.77600,-50,-76,-85,-38,-13,-68,-7,-47,-34,-22,-30,-25,-4,-27,-17,-20,-57,-36,-35,-51,-27,-67,-52,-12,7,-23,-23
3.78667,-58,-76,-83,-30,-26,-73,-6,-38,-50,-25,-36,-25,3,-21,-24,-34,-50,-46,-40,-37,-30,-61,-40,-21,0,-23,-35
3.79733,-49,-71,-57,-37,-19,-89,-9,-37,-31,-17,-28,-30,-7,-26,-18,-43,-52,-50,-38,-48,-39,-73,-59,-30,-16,-11,-38
3.80800,-40,-65,-56,-39,-17,-82,-21,-33,-38,-12,-24,-19,-9,-19,-23,-39,-38,-22,-34,-25,-22,-58,-46,-30,-30,0,-38
3.81867,-66,-70,-51,-24,-23,-67,-38,-38,-41,-10,-28,-14,-13,-25,-26,-29,-42,-33,-29,-15,-9,-47,-55,-29,-28,-4,-41
3.82933,-51,-70,-66,-30,-21,-65,-27,-34,-34,-15,-28,-29,-14,-17,-35,-34,-52,-37,-35,-19,-18,-68,-49,-24,-15,-3,-38
3.84000,-38,-79,-77,-29,-29,-53,-41,-37,-31,-15,-27,-35,4,-13,-38,-24,-45,-40,-28,-33,-13,-58,-51,-16,-17,-11,-37
3.85067,-44,-52,-79,-28,-27,-56,-32,-32,-37,-8,-19,-26,-3,-16,-38,-24,-47,-50,-19,-21,-22,-54,-38,-7,-13,-4,-31
3.86133,-40,-67,-65,-28,-29,-55,-18,-28,-38,-14,-23,-25,1,-20,-14,-29,-42,-39,-39,-24,-3,-58,-38,-14,-14,2,-29
3.87200,-40,-41,-68,-25,-16,-61,-9,-40,-37,-11,-21,-31,10,-34,-22,-23,-48,-34,-33,-39,-12,-59,-41,-4,-12,0,-39
3.88267,-72,-36,-45,-28,-19,-57,-12,-29,-33,-9,-11,-25,1,-28,-9,-16,-49,-40,-36,-33,-35,-54,-32,-17,-4,-1,-39
3.89333,-50,-56,-72,-35,-24,-52,-16,-25,-38,-10,-8,-22,-1,-6,-13,-22,-44,-27,-39,-16,-16,-55,-30,-27,-28,-12,-37
3.90400,-55,-47,-64,-43,-27,-50,-21,-29,-33,-9,-6,-24,0,-18,-17,-28,-47,-48,-34,-22,-16,-50,-26,-18,-12,-8,-38
3.91467,-53,-40,-67,-44,-29,-53,-19,-32,-31,-21,-11,-19,5,-19,-17,-33,-49,-44,-20,-26,-16,-40,-40,-4,-16,-13,-33
3.92533,-74,-57,-64,-35,-35,-60,-18,-32,-38,-13,-18,-15,10,-11,-12,-38,-47,-28,-28,-28,-17,-40,-17,-14,-24,-9,-20
3.93600,-49,-67,-51,-29,-26,-53,-14,-29,-36,-14,-31,-25,5,-14,-19,-36,-52,-21,-32,-21,-17,-53,-30,-36,-28,-20,-31
3.94667,-67,-68,-52,-44,-19,-62,-18,-32,-42,-21,-21,-34,-1,-10,-17,-38,-47,-26,-34,-21,-12,-46,-26,-34,-19,-13,-36
3.95733,-73,-68,-71,-42,-27,-57,-8,-38,-38,-12,-24,-33,-3,-20,-28,-28,-61,-25,-38,-32,-28,-59,-36,-21,-19,-11,-31
3.96800,-71,-52,-91,-38,-36,-62,-7,-25,-37,-20,-31,-33,0,-28,-14,-31,-53,-25,-49,-28,-32,-48,-43,-20,-23,-8,-29
3.97867,-81,-68,-85,-53,-33,-62,-17,-44,-38,-26,-19,-29,-5,-27,-32,-23,-61,-29,-28,-22,-24,-44,-57,-19,-16,-16,-28
3.98933,-64,-65,-87,-39,-16,-68,-18,-35,-34,-15,-15,-11,-5,-25,-10,-24,-41,-25,-42,-20,-27,-37,-51,-28,-13,-30,-16
4.00000,-60,-78,-89,-52,-22,-65,-14,-27,-40,-25,-13,-28,-18,-20,-1,-34,-56,-41,-32,-27,-29,-63,-39,-27,-21,-33,-25
4.01067,-45,-71,-86,-43,-23,-69,-24,-24,-41,-29,-19,-30,-10,-29,-12,-37,-53,-28,-31,-36,-38,-59,-49,-29,-6,-18,-33
4.02133,-58,-51,-81,-33,-21,-73,-19,-24,-41,-24,-22,-19,-10,-29,-29,-27,-50,-42,-28,-36,-28,-65,-54,-33,-19,-15,-43
4.03200,-50,-52,-73,-43,-33,-53,-47,-29,-32,-28,-20,-32,-10,-31,-18,-16,-47,-27,-22,-43,-22,-58,-56,-26,-25,-21,-45
4.04267,-39,-61,-89,-60,-7,-66,-29,-35,-33,-27,-27,-36,-14,-23,-26,-20,-49,-36,-30,-23,-25,-54,-42,-24,-41,-21,-49
4.05333,-50,-67,-93,-49,-22,-71,-30,-24,-39,-14,-29,-44,-3,-22,-39,-18,-45,-50,-28,-32,-17,-63,-35,-15,-36,-29,-34
4.06400,-56,-80,-88,-41,-40,-84,-28,-40,-45,-19,-29,-33,-5,-30,-27,-24,-50,-28,-37,-47,-27,-54,-37,-30,-26,-36,-50
4.07467,-95,-80,-69,-52,-33,-80,-42,-43,-42,-19,-25,-21,3,-20,-28,-35,-53,-46,-52,-50,-22,-51,-40,-26,-27,-27,-46
4.08533,-100,-93,-46,-51,-51,-78,-44,-38,-45,-24,-24,-22,-1,-27,-18,-42,-58,-48,-45,-43,-21,-63,-38,-46,-38,-19,-49
4.09600,-83,-96,-67,-42,-39,-74,-39,-41,-52,-22,-16,-22,-3,-40,-20,-33,-50,-66,-44,-47,-23,-70,-53,-32,-23,-25,-41
4.10667,-59,-92,-94,-59,-30,-71,-46,-50,-39,-24,-19,-28,-11,-25,-17,-27,-39,-61,-36,-53,-44,-76,-64,-45,-27,-31,-45
4.11733,-60,-88,-80,-74,-40,-88,-47,-53,-40,-15,-26,-38,1,-9,-22,-22,-51,-48,-38,-29,-41,-66,-41,-20,-42,-31,-24
4.12800,-76,-97,-58,-59,-50,-85,-36,-39,-33,-28,-21,-36,12,-11,-21,-24,-50,-48,-34,-35,-40,-73,-48,-16,-43,-20,-30
4.13867,-76,-93,-71,-59,-46,-77,-43,-42,-28,-32,-17,-35,7,-12,-25,-28,-47,-54,-21,-36,-28,-79,-57,-20,-37,-37,-29
4.14933,-72,-118,-72,-56,-49,-85,-34,-42,-46,-18,-14,-21,13,-27,-30,-21,-54,-38,-41,-38,-37,-75,-73,-16,-14,-40,-31
4.16000,-83,-120,-80,-64,-41,-96,-38,-49,-52,-23,-30,-34,5,-33,-35,-16,-39,-28,-46,-32,-36,-61,-63,-21,-10,-44,-39
4.17067,-78,-101,-94,-80,-45,-103,-44,-52,-55,-23,-23,-42,5,-28,-22,-35,-44,-41,-44,-46,-23,-65,-67,-21,-10,-38,-30
4.18133,-80,-115,-84,-55,-55,-90,-37,-38,-50,-20,-28,-34,6,-21,-24,-19,-47,-49,-36,-63,-30,-64,-70,-26,-40,-28,-35
4.19200,-91,-87,-92,-43,-45,-79,-34,-46,-46,-24,-33,-45,3,-24,-30,-15,-52,-44,-38,-60,-35,-68,-64,-37,-37,-22,-35
4.20267,-94,-87,-95,-63,-36,-83,-34,-54,-50,-30,-44,-37,-7,-37,-30,-16,-44,-47,-26,-54,-30,-79,-60,-33,-32,-35,-31
4.21333,-109,-93,-93,-53,-37,-75,-29,-52,-30,-29,-41,-50,-7,-38,-16,-27,-49,-56,-36,-47,-21,-65,-47,-12,-27,-36,-35
4.22400,-92,-95,-83,-41,-39,-70,-18,-52,-41,-30,-18,-42,-16,-32,-25,-24,-65,-47,-32,-47,-21,-78,-60,-21,-28,-42,-38
4.23467,-72,-86,-71,-46,-45,-80,-25,-42,-48,-21,-32,-28,-5,-35,-32,-25,-61,-53,-32,-37,-36,-66,-40,-31,-37,-46,-46
4.24533,-82,-68,-74,-52,-51,-85,-36,-34,-48,-18,-34,-33,-7,-21,-25,-31,-74,-41,-43,-48,-30,-70,-42,-35,-26,-55,-46
4.25600,-101,-73,-73,-51,-34,-74,-49,-41,-43,-24,-27,-43,-4,-22,-30,-28,-66,-39,-47,-41,-40,-64,-51,-43,-29,-44,-41
4.26667,-77,-90,-74,-57,-38,-79,-30,-42,-45,-24,-31,-31,-1,-33,-32,-25,-55,-48,-52,-52,-54,-55,-69,-35,-32,-39,-35
4.27733,-89,-79,-86,-72,-39,-86,-44,-45,-44,-32,-38,-37,-6,-35,-41,-25,-70,-33,-48,-55,-40,-58,-46,-25,-35,-39,-35
4.28800,-71,-75,-73,-56,-40,-74,-43,-52,-50,-22,-29,-36,-8,-40,-32,-26,-66,-44,-58,-41,-18,-61,-56,-38,-25,-39,-45
4.29867,-83,-63,-61,-61,-42,-90,-36,-46,-58,-27,-38,-31,-5,-38,-30,-26,-75,-46,-56,-46,-33,-62,-46,-29,-35,-35,-52
4.30933,-80,-57,-67,-68,-39,-83,-35,-44,-39,-26,-32,-39,-19,-35,-28,-39,-57,-61,-58,-42,-37,-57,-41,-26,-37,-40,-53
4.32000,-56,-59,-73,-50,-37,-68,-41,-39,-54,-29,-27,-35,1,-33,-21,-47,-45,-24,-58,-33,-19,-57,-67,-36,-37,-30,-42
4.33067,-95,-86,-85,-45,-41,-83,-20,-47,-52,-27,-35,-27,-5,-33,-33,-41,-55,-29,-51,-35,-37,-76,-47,-36,-26,-21,-57
4.34133,-111,-79,-81,-52,-52,-83,-27,-49,-48,-27,-35,-29,-9,-16,-37,-37,-59,-42,-51,-60,-43,-71,-46,-41,-24,-27,-44
4.35200,-91,-89,-83,-54,-38,-86,-39,-38,-49,-36,-33,-38,-11,-27,-32,-38,-79,-52,-53,-45,-44,-62,-49,-29,-46,-28,-45
4.36267,-77,-77,-77,-62,-49,-76,-27,-44,-46,-18,-26,-44,-5,-37,-36,-39,-75,-39,-43,-55,-36,-65,-59,-15,-40,-26,-30
4.37333,-62,-69,-81,-54,-41,-69,-28,-44,-45,-30,-29,-29,-9,-32,-32,-35,-63,-35,-61,-55,-37,-70,-64,-25,-44,-34,-30
4.38400,-76,-69,-81,-51,-30,-75,-24,-41,-57,-30,-38,-44,-21,-25,-25,-52,-63,-43,-51,-61,-34,-66,-71,-30,-38,-39,-48
4.39467,-75,-61,-75,-53,-34,-86,-27,-47,-60,-29,-37,-36,-19,-21,-34,-40,-54,-53,-44,-46,-28,-62,-49,-22,-21,-31,-44
4.40533,-86,-65,-70,-48,-45,-78,-21,-54,-55,-24,-29,-38,-16,-30,-31,-45,-56,-50,-56,-37,-33,-53,-65,-13,-20,-32,-36
4.41600,-63,-77,-92,-55,-45,-72,-28,-41,-61,-38,-34,-28,-24,-41,-39,-42,-56,-30,-62,-52,-23,-64,-75,-35,-14,-23,-57
4.42667,-46,-85,-99,-60,-32,-77,-27,-44,-49,-38,-39,-39,-7,-32,-41,-37,-64,-24,-63,-50,-24,-61,-73,-31,-23,-31,-43
4.43733,-61,-90,-100,-54,-40,-83,-39,-46,-44,-30,-41,-52,-10,-27,-44,-44,-60,-47,-74,-30,-32,-54,-67,-36,-15,-30,-46
4.44800,-75,-95,-109,-53,-31,-81,-31,-55,-63,-37,-27,-49,-11,-35,-41,-44,-69,-32,-55,-47,-46,-60,-58,-30,1,-27,-43
4.45867,-95,-98,-106,-58,-37,-84,-39,-62,-67,-32,-16,-45,-17,-39,-40,-34,-64,-48,-48,-46,-50,-66,-58,-41,-6,-23,-43
4.46933,-102,-70,-86,-67,-62,-88,-47,-58,-57,-33,-34,-42,-15,-27,-22,-30,-66,-48,-46,-42,-35,-54,-57,-48,-31,-41,-43
4.48000,-104,-86,-104,-65,-53,-83,-50,-64,-45,-41,-35,-46,-19,-15,-14,-28,-66,-44,-49,-58,-38,-60,-42,-32,-42,-26,-49
4.49067,-90,-88,-111,-66,-57,-93,-34,-62,-44,-39,-25,-36,-15,-25,-23,-23,-62,-44,-47,-60,-43,-78,-61,-39,-40,-17,-33
4.50133,-87,-101,-94,-69,-61,-119,-43,-58,-57,-34,-36,-36,-4,-26,-24,-41,-57,-50,-38,-57,-42,-83,-71,-41,-33,-31,-51
4.51200,-92,-111,-97,-70,-61,-119,-52,-63,-53,-31,-38,-34,-7,-30,-23,-25,-75,-51,-28,-54,-51,-80,-49,-43,-35,-35,-43
4.52267,-92,-125,-106,-71,-63,-108,-50,-65,-53,-39,-36,-39,-11,-33,-28,-27,-66,-60,-48,-37,-47,-78,-54,-38,-37,-24,-42
4.53333,-91,-91,-109,-75,-73,-107,-43,-57,-54,-39,-34,-19,-7,-25,-21,-33,-52,-50,-48,-41,-46,-73,-49,-48,-32,-33,-50
4.54400,-88,-109,-97,-75,-72,-95,-47,-54,-55,-40,-28,-33,-9,-28,-31,-41,-57,-34,-52,-48,-29,-67,-46,-39,-32,-42,-43
4.55467,-113,-92,-84,-79,-72,-99,-47,-60,-51,-23,-43,-40,-13,-42,-25,-37,-64,-34,-31,-37,-30,-72,-46,-42,-39,-45,-35
4.56533,-91,-108,-107,-76,-61,-95,-42,-61,-61,-32,-33,-38,-6,-29,-33,-30,-64,-35,-54,-46,-20,-86,-44,-39,-38,-37,-42
4.57600,-71,-95,-106,-70,-50,-93,-45,-62,-63,-29,-44,-44,-10,-26,-21,-37,-54,-38,-33,-45,-37,-71,-55,-29,-29,-48,-52
4.58667,-100,-89,-109,-78,-56,-85,-35,-63,-60,-36,-39,-41,0,-25,-48,-58,-55,-44,-24,-53,-46,-63,-50,-22,-35,-39,-51
4.59733,-85,-94,-106,-83,-54,-87,-50,-53,-66,-35,-37,-23,-5,-25,-40,-45,-44,-49,-50,-49,-42,-75,-57,-40,-50,-38,-40
4.60800,-86,-96,-116,-67,-67,-93,-55,-49,-44,-25,-30,-32,-5,-15,-29,-46,-45,-40,-39,-36,-35,-72,-49,-32,-37,-35,-43
4.61867,-89,-93,-104,-74,-75,-98,-49,-62,-43,-38,-30,-38,1,-22,-19,-19,-64,-49,-45,-34,-30,-79,-53,-29,-42,-44,-44
4.62933,-99,-101,-92,-73,-52,-96,-52,-55,-45,-28,-21,-38,-3,-27,-27,-43,-56,-47,-43,-44,-39,-62,-63,-30,-45,-33,-35
4.64000,-101,-105,-105,-69,-61,-114,-44,-53,-54,-32,-34,-32,-7,-20,-27,-45,-49,-35,-60,-45,-38,-68,-67,-23,-46,-18,-55
4.65067,-97,-87,-106,-70,-44,-89,-48,-53,-52,-25,-35,-28,-15,-33,-33,-50,-61,-33,-55,-39,-43,-62,-62,-37,-44,-42,-44
4.66133,-86,-103,-104,-59,-45,-75,-43,-54,-51,-30,-28,-34,-20,-19,-30,-34,-60,-38,-58,-36,-27,-54,-59,-41,-40,-44,-52
4.67200,-68,-81,-90,-65,-41,-96,-41,-47,-45,-28,-36,-29,-16,-27,-30,-36,-56,-47,-59,-46,-23,-68,-61,-33,-46,-38,-56
4.68267,-82,-79,-80,-81,-43,-94,-48,-48,-53,-26,-36,-40,-10,-11,-45,-35,-57,-42,-62,-38,-37,-62,-61,-48,-41,-20,-45
4.69333,-93,-88,-84,-60,-49,-85,-34,-54,-64,-36,-25,-39,-3,-12,-27,-42,-66,-54,-42,-51,-31,-74,-50,-43,-47,-27,-44
4.70400,-77,-91,-76,-62,-33,-86,-41,-50,-61,-36,-32,-39,-2,-23,-16,-34,-49,-50,-44,-27,-33,-55,-57,-47,-50,-21,-36
4.71467,-87,-86,-94,-61,-34,-86,-35,-47,-46,-38,-39,-37,-11,-37,-30,-36,-49,-44,-57,-28,-43,-79,-52,-32,-46,-30,-52
4.72533,-87,-75,-100,-60,-46,-80,-36,-58,-45,-37,-34,-34,-19,-28,-25,-41,-61,-48,-48,-36,-35,-84,-79,-40,-44,-28,-52
4.73600,-71,-72,-82,-62,-50,-88,-37,-57,-56,-38,-27,-36,-15,-31,-44,-38,-76,-56,-49,-33,-39,-60,-58,-22,-32,-18,-53
4.74667,-46,-87,-86,-62,-45,-93,-43,-60,-52,-35,-26,-33,-14,-30,-35,-33,-62,-49,-49,-28,-43,-69,-66,-26,-49,-16,-37
4.75733,-78,-81,-91,-64,-54,-81,-42,-66,-60,-32,-23,-39,-29,-38,-31,-24,-69,-48,-41,-46,-34,-61,-62,-32,-29,-25,-53
4.76800,-71,-98,-87,-50,-49,-87,-47,-65,-54,-16,-26,-45,-20,-39,-15,-40,-78,-47,-52,-30,-31,-61,-52,-29,-17,-32,-49
4.77867,-109,-104,-80,-59,-59,-81,-57,-58,-54,-19,-36,-50,-2,-42,-14,-38,-53,-52,-41,-34,-20,-65,-60,-18,-30,-41,-56
4.78933,-117,-111,-76,-67,-66,-82,-52,-62,-52,-23,-40,-35,-6,-26,-22,-33,-37,-44,-33,-26,-37,-72,-66,-19,-42,-37,-65
4.80000,-54,-113,-76,-55,-61,-74,-40,-65,-51,-26,-29,-35,-5,-28,-31,-24,-57,-47,-47,-38,-34,-70,-66,-39,-42,-34,-49
4.81067,-74,-101,-70,-73,-53,-77,-43,-50,-58,-26,-37,-33,2,-31,-24,-22,-58,-49,-46,-47,-34,-83,-60,-44,-41,-33,-44
4.82133,-101,-83,-84,-71,-51,-76,-43,-57,-56,-23,-28,-43,-5,-23,-33,-37,-57,-29,-50,-38,-20,-66,-66,-48,-39,-26,-41
4.83200,-110,-104,-94,-62,-48,-81,-56,-63,-42,-30,-34,-39,-13,-35,-25,-49,-58,-45,-59,-57,-25,-65,-65,-50,-43,-30,-45
4.84267,-81,-93,-103,-75,-54,-70,-46,-58,-46,-39,-29,-42,-14,-32,-17,-48,-51,-37,-45,-44,-17,-58,-50,-33,-46,-44,-44
4.85333,-64,-102,-92,-76,-44,-83,-43,-55,-46,-35,-23,-43,-20,-31,-25,-39,-44,-35,-54,-53,-23,-69,-62,-28,-46,-34,-46
4.86400,-92,-86,-102,-69,-45,-92,-49,-60,-54,-33,-27,-27,-12,-38,-29,-46,-64,-46,-43,-62,-28,-73,-48,-34,-53,-29,-36
4.87467,-98,-91,-108,-68,-53,-79,-45,-50,-50,-29,-24,-20,6,-35,-27,-35,-40,-28,-46,-49,-33,-68,-31,-39,-30,-28,-36
4.88533,-88,-100,-115,-49,-68,-81,-49,-53,-54,-29,-33,-31,-6,-33,-19,-53,-53,-40,-49,-73,-49,-80,-38,-44,-26,-37,-35
4.89600,-82,-74,-98,-49,-70,-86,-45,-50,-46,-30,-33,-35,-11,-28,-27,-36,-56,-41,-41,-48,-41,-82,-49,-34,-20,-46,-44
4.90667,-71,-75,-107,-62,-61,-96,-50,-52,-58,-21,-27,-39,-11,-42,-24,-42,-69,-34,-48,-58,-50,-80,-38,-35,-28,-50,-45
4.91733,-57,-91,-107,-56,-53,-84,-45,-55,-60,-25,-20,-31,-8,-44,-25,-34,-62,-38,-46,-55,-27,-77,-48,-43,-28,-34,-34
4.92800,-83,-79,-82,-78,-56,-78,-41,-50,-55,-30,-34,-38,-7,-55,-40,-36,-66,-41,-63,-32,-44,-72,-62,-47,-37,-32,-34
4.93867,-79,-85,-100,-59,-64,-80,-52,-58,-60,-27,-39,-38,-16,-39,-32,-37,-67,-34,-51,-46,-40,-81,-49,-37,-46,-43,-40
4.94933,-61,-79,-93,-47,-56,-84,-60,-47,-54,-27,-40,-39,-19,-27,-46,-45,-66,-44,-46,-35,-35,-66,-58,-36,-38,-51,-47
4.96000,-49,-100,-104,-45,-55,-89,-47,-57,-58,-26,-27,-40,-9,-34,-47,-43,-66,-60,-41,-37,-30,-57,-61,-15,-37,-43,-48
4.97067,-88,-92,-99,-43,-57,-93,-45,-56,-59,-41,-30,-39,-10,-36,-35,-43,-67,-45,-57,-39,-30,-52,-56,-34,-37,-35,-55
4.98133,-88,-85,-104,-60,-56,-88,-53,-49,-60,-32,-26,-45,-6,-37,-34,-42,-57,-51,-48,-60,-38,-73,-55,-43,-18,-31,-48
4.99200,-83,-79,-108,-78,-56,-98,-31,-47,-62,-33,-33,-42,-25,-34,-33,-36,-51,-56,-36,-45,-33,-70,-52,-40,-23,-32,-37
5.00267,-82,-89,-108,-76,-53,-101,-39,-60,-56,-38,-24,-35,-12,-33,-41,-42,-48,-40,-43,-47,-36,-83,-46,-36,-34,-41,-38
5.01333,-86,-106,-98,-78,-61,-86,-55,-62,-60,-39,-31,-47,-15,-36,-35,-26,-61,-54,-49,-50,-35,-83,-63,-24,-23,-35,-49
5.02400,-80,-112,-105,-66,-59,-88,-46,-55,-56,-47,-30,-43,-10,-33,-30,-26,-57,-49,-34,-48,-23,-63,-57,-39,-47,-33,-45
5.03467,-89,-103,-107,-71,-63,-93,-43,-70,-45,-30,-37,-45,-18,-34,-35,-33,-72,-46,-43,-43,-35,-47,-79,-24,-39,-25,-55
5.04533,-94,-93,-108,-86,-56,-101,-57,-59,-64,-34,-33,-41,-9,-27,-35,-51,-71,-52,-49,-44,-48,-56,-64,-40,-43,-28,-43
5.05600,-77,-91,-89,-80,-63,-99,-55,-62,-50,-38,-29,-30,-8,-39,-51,-44,-64,-53,-42,-42,-42,-76,-71,-51,-42,-38,-57
5.06667,-82,-110,-94,-90,-63,-100,-53,-52,-55,-41,-37,-28,-10,-28,-36,-40,-68,-33,-53,-33,-35,-88,-79,-46,-35,-27,-58
5.07733,-91,-91,-98,-73,-62,-104,-57,-59,-56,-39,-39,-39,-8,-31,-28,-45,-60,-51,-45,-43,-31,-71,-67,-49,-42,-39,-45
5.08800,-95,-101,-100,-68,-51,-99,-45,-55,-59,-42,-40,-43,-16,-16,-25,-35,-62,-50,-40,-38,-32,-83,-66,-28,-48,-44,-36
5.09867,-94,-86,-101,-86,-69,-99,-61,-64,-58,-53,-29,-33,-16,-22,-45,-45,-71,-43,-35,-53,-27,-75,-51,-33,-40,-54,-32
5.10933,-118,-97,-101,-82,-57,-104,-64,-60,-54,-53,-25,-34,-13,-19,-21,-49,-62,-32,-37,-36,-20,-79,-46,-44,-38,-44,-49
5.12000,-98,-116,-93,-89,-54,-91,-58,-60,-66,-30,-23,-32,-8,-30,-41,-40,-57,-42,-49,-47,-27,-78,-69,-29,-42,-48,-61
5.13067,-94,-102,-102,-81,-52,-93,-58,-56,-68,-33,-31,-40,-11,-26,-33,-32,-47,-39,-55,-49,-35,-54,-61,-44,-36,-47,-48
5.14133,-106,-100,-86,-82,-45,-94,-56,-62,-54,-37,-34,-37,-13,-33,-33,-31,-45,-39,-50,-60,-36,-64,-59,-28,-30,-47,-47
5.15200,-80,-95,-88,-78,-50,-90,-52,-61,-66,-34,-31,-32,-13,-25,-42,-31,-54,-23,-49,-49,-29,-51,-61,-39,-40,-52,-41
5.16267,-108,-105,-126,-83,-72,-86,-52,-56,-58,-27,-40,-28,-21,-45,-28,-45,-63,-43,-52,-40,-25,-69,-71,-44,-28,-65,-46
5.17333,-96,-96,-95,-83,-65,-96,-45,-51,-64,-30,-41,-37,-24,-33,-33,-49,-66,-44,-49,-44,-30,-66,-75,-37,-32,-52,-45
5.18400,-104,-109,-96,-66,-77,-94,-54,-65,-58,-42,-30,-47,-23,-23,-32,-45,-72,-47,-49,-35,-28,-62,-75,-50,-24,-38,-51
5.19467,-93,-107,-107,-88,-67,-99,-49,-62,-61,-24,-25,-53,-17,-33,-32,-34,-58,-48,-54,-38,-20,-81,-76,-50,-43,-47,-37
5.20533,-110,-95,-111,-92,-70,-103,-56,-60,-63,-45,-30,-55,-5,-39,-30,-16,-53,-41,-70,-46,-34,-83,-57,-45,-42,-38,-41
5.21600,-111,-124,-125,-85,-77,-99,-55,-82,-55,-50,-37,-48,-11,-37,-22,-24,-47,-48,-65,-54,-30,-69,-70,-33,-36,-26,-40
5.22667,-103,-124,-117,-113,-63,-100,-60,-70,-53,-38,-42,-37,-14,-44,-21,-34,-56,-52,-53,-37,-38,-63,-58,-42,-47,-28,-47
5.23733,-94,-110,-108,-98,-76,-100,-45,-69,-67,-37,-28,-49,-16,-40,-16,-44,-51,-42,-44,-46,-30,-68,-63,-35,-56,-45,-59
5.24800,-114,-100,-108,-78,-75,-100,-44,-84,-60,-37,-41,-37,-3,-36,-16,-49,-54,-46,-54,-41,-43,-63,-65,-39,-49,-31,-54
5.25867,-120,-102,-128,-96,-75,-90,-54,-72,-69,-37,-32,-34,-10,-33,-29,-36,-74,-34,-52,-36,-36,-74,-50,-38,-43,-40,-53
5.26933,-118,-121,-117,-80,-76,-98,-63,-80,-70,-41,-38,-27,-6,-26,-40,-38,-70,-53,-50,-30,-37,-83,-58,-45,-27,-42,-57
5.28000,-91,-105,-114,-86,-75,-101,-45,-81,-78,-31,-41,-34,1,-19,-40,-46,-65,-43,-44,-46,-45,-72,-65,-57,-46,-35,-47
5.29067,-120,-102,-124,-90,-70,-100,-44,-71,-70,-39,-38,-26,-9,-15,-31,-41,-66,-37,-48,-41,-48,-71,-65,-45,-28,-16,-52
5.30133,-108,-109,-104,-92,-72,-93,-53,-64,-58,-43,-36,-38,-14,-29,-24,-34,-39,-44,-43,-38,-37,-79,-52,-34,-44,-39,-49
5.31200,-90,-119,-111,-88,-48,-106,-47,-55,-54,-31,-30,-43,0,-27,-21,-42,-48,-46,-41,-48,-38,-56,-49,-29,-38,-27,-42
5.32267,-103,-110,-103,-85,-67,-117,-63,-67,-52,-31,-24,-41,-6,-30,-32,-31,-49,-41,-48,-52,-44,-53,-57,-26,-45,-33,-36
5.33333,-105,-102,-96,-91,-60,-106,-55,-63,-54,-31,-30,-44,-17,-37,-20,-45,-49,-47,-42,-48,-48,-51,-70,-40,-55,-43,-42
5.34400,-103,-89,-93,-89,-70,-97,-52,-61,-53,-44,-43,-45,-18,-28,-28,-39,-56,-51,-46,-50,-46,-70,-54,-46,-45,-53,-57
5.35467,-96,-105,-110,-94,-52,-109,-46,-55,-66,-24,-40,-46,-27,-28,-26,-38,-48,-58,-51,-45,-45,-70,-62,-58,-48,-31,-63
5.36533,-87,-106,-114,-94,-62,-102,-47,-67,-54,-27,-48,-43,-21,-33,-35,-35,-50,-46,-39,-59,-35,-75,-67,-46,-39,-34,-55
5.37600,-90,-99,-124,-90,-60,-106,-57,-61,-62,-41,-49,-43,-29,-27,-45,-44,-48,-58,-43,-55,-47,-76,-57,-39,-29,-31,-54
5.38667,-93,-91,-119,-86,-70,-102,-57,-59,-64,-40,-40,-53,-13,-44,-41,-46,-61,-48,-50,-49,-43,-70,-72,-30,-30,-36,-41
5.39733,-105,-99,-102,-74,-69,-91,-46,-54,-69,-48,-46,-46,-17,-40,-49,-47,-64,-22,-47,-61,-29,-66,-62,-41,-42,-47,-54
5.40800,-102,-96,-102,-77,-59,-87,-51,-58,-62,-49,-50,-32,-17,-38,-32,-43,-63,-27,-57,-49,-42,-56,-59,-44,-32,-40,-59
5.41867,-120,-115,-107,-75,-65,-104,-54,-67,-69,-48,-37,-39,-9,-28,-34,-51,-75,-29,-52,-42,-42,-63,-77,-53,-38,-33,-55
5.42933,-115,-119,-115,-80,-70,-101,-61,-58,-72,-58,-34,-43,-17,-37,-38,-54,-78,-39,-43,-38,-32,-65,-71,-42,-38,-40,-56
5.44000,-132,-128,-120,-90,-72,-105,-68,-58,-70,-38,-38,-48,-17,-43,-44,-44,-73,-40,-33,-44,-41,-75,-66,-42,-46,-45,-49
5.45067,-128,-121,-114,-87,-64,-115,-57,-65,-81,-52,-39,-56,-12,-26,-44,-50,-52,-60,-44,-45,-34,-67,-60,-49,-51,-30,-50
5.46133,-109,-113,-112,-74,-74,-128,-65,-74,-63,-44,-50,-47,-18,-33,-43,-44,-52,-34,-56,-45,-43,-70,-56,-53,-48,-27,-48
5.47200,-104,-98,-107,-76,-87,-118,-62,-83,-57,-44,-55,-49,-13,-30,-40,-41,-64,-48,-56,-49,-45,-73,-59,-42,-47,-31,-36
5.48267,-87,-76,-101,-94,-84,-122,-74,-79,-73,-38,-45,-34,-6,-29,-39,-45,-78,-51,-44,-57,-55,-67,-67,-39,-52,-48,-59
5.49333,-111,-86,-94,-86,-77,-123,-65,-64,-60,-52,-43,-40,-12,-23,-39,-29,-70,-49,-41,-64,-40,-74,-57,-41,-49,-42,-61
5.50400,-137,-114,-114,-89,-86,-118,-63,-70,-60,-54,-37,-44,-16,-28,-36,-30,-73,-44,-49,-61,-59,-83,-68,-39,-43,-39,-58
5.51467,-127,-118,-112,-86,-71,-104,-71,-68,-64,-61,-39,-41,-1,-35,-33,-47,-69,-34,-40,-50,-50,-85,-53,-46,-49,-43,-56
5.52533,-127,-113,-117,-97,-84,-113,-65,-70,-74,-62,-28,-44,-2,-42,-37,-53,-55,-43,-61,-58,-52,-80,-66,-30,-44,-39,-59
5.53600,-145,-113,-138,-94,-83,-127,-78,-68,-67,-53,-39,-42,3,-46,-38,-29,-71,-50,-64,-60,-33,-68,-68,-25,-35,-22,-55
5.54667,-120,-102,-123,-94,-75,-115,-70,-67,-70,-47,-40,-43,-3,-40,-32,-42,-71,-54,-47,-47,-35,-87,-61,-44,-34,-41,-76
5.55733,-122,-105,-115,-106,-75,-125,-68,-78,-76,-50,-44,-42,-17,-37,-24,-41,-76,-71,-48,-68,-42,-73,-62,-43,-37,-46,-52
5.56800,-109,-137,-132,-109,-75,-119,-61,-71,-69,-47,-48,-45,-19,-47,-25,-57,-73,-60,-35,-58,-41,-77,-53,-60,-45,-44,-64
5.57867,-110,-132,-109,-78,-77,-116,-60,-68,-67,-46,-44,-48,-18,-43,-27,-37,-79,-47,-41,-63,-44,-70,-69,-57,-48,-43,-63
5.58933,-99,-109,-116,-68,-60,-119,-49,-70,-70,-46,-40,-56,-11,-32,-49,-54,-74,-57,-53,-62,-38,-84,-77,-44,-40,-30,-49
5.60000,-106,-113,-112,-76,-70,-107,-58,-73,-69,-50,-43,-47,-20,-43,-48,-45,-57,-38,-69,-61,-30,-84,-80,-42,-36,-44,-37
5.61067,-116,-107,-118,-94,-81,-115,-61,-73,-61,-48,-47,-52,-23,-44,-46,-41,-73,-37,-62,-52,-30,-83,-74,-33,-26,-50,-49
5.62133,-132,-120,-126,-81,-69,-126,-56,-81,-68,-48,-53,-50,-20,-48,-46,-50,-68,-45,-58,-54,-54,-97,-61,-50,-36,-43,-58
5.63200,-119,-123,-110,-72,-80,-114,-55,-86,-73,-49,-61,-57,-6,-34,-50,-44,-61,-44,-55,-41,-56,-87,-74,-46,-24,-47,-44
5.64267,-145,-121,-108,-72,-80,-113,-55,-82,-68,-40,-52,-56,-13,-35,-40,-36,-62,-52,-61,-47,-46,-67,-77,-25,-50,-42,-53
5.65333,-119,-121,-120,-85,-86,-114,-55,-74,-68,-44,-43,-49,-15,-40,-28,-48,-64,-48,-57,-44,-54,-81,-66,-46,-58,-47,-47
5.66400,-98,-146,-116,-102,-83,-127,-61,-73,-67,-45,-37,-40,-19,-33,-46,-49,-65,-39,-49,-60,-48,-71,-59,-41,-53,-43,-69
5.67467,-127,-123,-116,-100,-78,-125,-63,-77,-76,-53,-38,-41,-7,-42,-45,-37,-77,-36,-57,-63,-52,-79,-70,-35,-37,-47,-55
5.68533,-136,-121,-118,-84,-82,-118,-58,-75,-80,-46,-50,-46,-18,-29,-38,-42,-55,-45,-52,-58,-44,-81,-66,-45,-41,-49,-45
5.69600,-126,-96,-114,-93,-81,-115,-71,-81,-89,-47,-37,-44,-18,-33,-37,-43,-69,-52,-64,-50,-37,-80,-58,-43,-38,-39,-57
5.70667,-116,-93,-116,-106,-84,-112,-69,-69,-73,-41,-33,-55,-13,-40,-32,-50,-74,-61,-55,-55,-34,-71,-59,-39,-35,-39,-62
5.71733,-107,-125,-115,-107,-84,-127,-63,-72,-85,-38,-47,-49,-18,-43,-30,-43,-72,-53,-67,-54,-34,-74,-61,-48,-46,-46,-57
5.72800,-107,-121,-131,-95,-83,-125,-72,-71,-81,-53,-54,-54,-7,-36,-34,-29,-66,-64,-60,-61,-26,-61,-71,-42,-56,-42,-61
5.73867,-112,-121,-118,-91,-85,-119,-67,-65,-72,-44,-46,-51,-9,-33,-33,-35,-59,-50,-42,-59,-35,-76,-57,-55,-49,-35,-74
5.74933,-112,-124,-121,-108,-69,-118,-58,-63,-64,-48,-48,-51,-15,-30,-35,-30,-56,-46,-31,-54,-30,-74,-62,-31,-43,-30,-42
5.76000,-102,-114,-132,-102,-79,-107,-53,-71,-71,-28,-39,-38,-21,-30,-25,-43,-60,-42,-40,-53,-38,-66,-62,-32,-51,-31,-42
5.77067,-101,-124,-129,-92,-90,-108,-59,-70,-54,-41,-40,-45,-30,-41,-25,-39,-65,-49,-32,-50,-52,-65,-52,-45,-47,-39,-59
5.78133,-102,-108,-135,-99,-77,-125,-60,-76,-64,-48,-34,-53,-24,-56,-43,-33,-69,-34,-43,-53,-45,-69,-64,-57,-45,-34,-48
5.79200,-110,-97,-125,-104,-85,-122,-56,-72,-74,-66,-48,-39,-26,-47,-39,-48,-58,-35,-60,-42,-42,-82,-48,-71,-52,-50,-55
5.80267,-104,-133,-135,-120,-94,-110,-71,-68,-71,-59,-48,-30,-22,-57,-39,-36,-47,-31,-75,-59,-43,-75,-65,-69,-56,-39,-48
5.81333,-119,-124,-132,-126,-93,-125,-65,-73,-71,-49,-48,-44,-15,-49,-32,-35,-55,-36,-63,-63,-27,-69,-76,-54,-56,-46,-55
5.82400,-120,-130,-131,-109,-80,-113,-68,-71,-67,-58,-52,-42,-21,-44,-37,-29,-81,-30,-58,-59,-34,-64,-82,-62,-48,-43,-68
5.83467,-121,-134,-134,-97,-99,-107,-62,-82,-65,-60,-40,-44,-26,-44,-25,-33,-69,-44,-57,-59,-31,-68,-74,-56,-58,-45,-72
5.84533,-109,-123,-137,-100,-90,-112,-76,-86,-66,-52,-50,-36,-19,-41,-27,-34,-68,-43,-65,-55,-31,-75,-62,-37,-56,-35,-58
5.85600,-117,-112,-132,-95,-79,-113,-67,-83,-68,-45,-48,-39,-18,-41,-34,-41,-56,-51,-56,-31,-33,-56,-67,-39,-51,-42,-53
5.86667,-131,-118,-123,-95,-94,-109,-72,-75,-74,-38,-50,-45,-18,-38,-47,-49,-60,-47,-56,-40,-46,-62,-64,-42,-53,-32,-50
5.87733,-104,-138,-126,-89,-98,-107,-70,-70,-70,-39,-48,-39,-23,-46,-36,-47,-70,-48,-69,-51,-35,-88,-73,-52,-40,-41,-50
5.88800,-115,-117,-123,-95,-96,-124,-76,-74,-74,-48,-31,-51,-25,-31,-40,-48,-76,-55,-53,-51,-39,-86,-58,-38,-37,-48,-55
5.89867,-111,-116,-132,-86,-107,-127,-80,-78,-70,-49,-48,-49,-28,-47,-45,-34,-78,-54,-45,-54,-56,-87,-76,-38,-41,-51,-50
5.90933,-117,-120,-119,-94,-93,-120,-78,-91,-74,-45,-48,-47,-22,-49,-40,-34,-74,-61,-49,-61,-47,-73,-72,-46,-36,-43,-46
5.92000,-106,-131,-114,-109,-75,-115,-85,-95,-69,-57,-52,-55,-33,-48,-37,-45,-71,-51,-39,-49,-50,-66,-81,-53,-49,-23,-64
5.93067,-127,-129,-125,-89,-91,-115,-85,-87,-69,-56,-52,-50,-22,-43,-48,-47,-75,-68,-44,-39,-48,-67,-70,-65,-47,-44,-62
5.94133,-135,-129,-106,-92,-80,-127,-75,-85,-74,-53,-46,-44,-27,-34,-36,-36,-62,-47,-52,-28,-45,-84,-80,-57,-49,-48,-56
5.95200,-114,-126,-118,-75,-86,-112,-76,-77,-78,-45,-38,-43,-34,-35,-26,-48,-71,-53,-42,-47,-41,-82,-85,-51,-59,-60,-64
5.96267,-114,-113,-119,-93,-69,-105,-75,-72,-80,-48,-45,-39,-33,-39,-29,-36,-66,-51,-51,-52,-30,-80,-68,-45,-58,-51,-62
5.97333,-111,-125,-107,-100,-67,-107,-60,-78,-75,-58,-51,-34,-32,-31,-42,-49,-57,-51,-58,-52,-53,-84,-55,-47,-41,-54,-64
5.98400,-109,-140,-111,-79,-80,-125,-58,-69,-66,-52,-35,-47,-25,-30,-43,-60,-72,-55,-52,-50,-46,-81,-55,-56,-42,-45,-62
5.99467,-127,-131,-110,-98,-82,-121,-69,-66,-77,-51,-46,-50,-31,-43,-51,-54,-64,-56,-49,-49,-33,-80,-64,-43,-55,-29,-57
6.00533,-120,-144,-111,-80,-88,-107,-72,-68,-75,-51,-42,-49,-16,-52,-40,-52,-76,-56,-44,-47,-34,-69,-58,-50,-56,-32,-60
6.01600,-112,-134,-104,-72,-75,-103,-64,-79,-78,-49,-39,-51,-21,-33,-25,-47,-70,-52,-72,-49,-28,-82,-57,-53,-53,-35,-50
6.02667,-101,-117,-100,-81,-73,-107,-67,-79,-67,-52,-40,-55,-13,-37,-43,-49,-74,-49,-59,-47,-43,-89,-60,-45,-52,-41,-56
6.03733,-125,-91,-92,-82,-60,-100,-70,-75,-73,-57,-25,-49,-11,-39,-52,-52,-72,-54,-48,-57,-36,-90,-50,-46,-43,-35,-54
6.04800,-123,-109,-94,-91,-79,-112,-64,-80,-76,-56,-42,-52,-17,-37,-41,-47,-59,-49,-43,-56,-35,-74,-67,-35,-45,-42,-65
6.05867,-120,-122,-105,-89,-63,-117,-48,-79,-82,-38,-52,-46,-23,-44,-32,-44,-60,-48,-41,-52,-45,-71,-75,-46,-61,-51,-58
6.06933,-110,-122,-125,-88,-82,-119,-51,-70,-85,-30,-44,-45,-12,-38,-40,-55,-66,-52,-42,-54,-42,-78,-91,-51,-59,-40,-57
6.08000,-105,-119,-138,-83,-69,-115,-65,-70,-68,-38,-49,-39,5,-35,-40,-47,-66,-55,-49,-74,-40,-75,-69,-53,-62,-43,-65
6.09067,-112,-120,-108,-86,-75,-122,-65,-86,-67,-53,-50,-45,-16,-32,-34,-52,-69,-45,-43,-50,-19,-91,-70,-51,-61,-40,-60
6.10133,-94,-136,-115,-79,-86,-114,-78,-82,-68,-57,-36,-49,-19,-39,-34,-58,-69,-50,-52,-59,-39,-93,-80,-48,-46,-30,-64
6.11200,-112,-109,-129,-77,-79,-110,-74,-89,-77,-45,-38,-41,-15,-31,-40,-44,-63,-44,-55,-60,-44,-93,-64,-51,-38,-28,-65
6.12267,-99,-124,-106,-81,-90,-122,-63,-87,-80,-51,-30,-33,-13,-31,-43,-39,-58,-49,-43,-50,-41,-73,-45,-39,-55,-28,-63
6.13333,-96,-120,-109,-75,-90,-111,-65,-92,-72,-60,-46,-48,-21,-28,-58,-44,-60,-46,-64,-54,-51,-61,-74,-48,-62,-30,-69
6.14400,-88,-107,-112,-94,-79,-114,-56,-82,-67,-64,-40,-45,-7,-38,-40,-44,-69,-54,-41,-41,-48,-66,-63,-50,-65,-46,-59
6.15467,-118,-103,-114,-93,-70,-122,-62,-78,-81,-52,-36,-38,-11,-40,-36,-43,-70,-44,-54,-35,-60,-64,-74,-45,-62,-55,-69
6.16533,-116,-131,-111,-108,-79,-136,-73,-84,-79,-51,-30,-33,-3,-33,-38,-36,-72,-30,-64,-44,-55,-87,-65,-42,-64,-51,-67
6.17600,-108,-125,-101,-95,-80,-132,-82,-77,-78,-48,-36,-41,5,-39,-39,-36,-74,-38,-63,-47,-59,-93,-65,-44,-53,-73,-59
6.18667,-117,-120,-114,-103,-71,-110,-72,-81,-81,-46,-37,-33,-5,-27,-33,-53,-64,-58,-50,-46,-46,-82,-61,-38,-61,-62,-61
6.19733,-94,-134,-133,-95,-78,-126,-84,-78,-78,-54,-43,-42,-30,-34,-31,-45,-69,-62,-46,-53,-38,-77,-72,-49,-64,-53,-72
6.20800,-105,-117,-114,-108,-73,-109,-74,-80,-65,-50,-34,-42,-24,-36,-52,-31,-49,-43,-51,-51,-30,-86,-78,-47,-57,-56,-46
6.21867,-103,-150,-108,-102,-72,-115,-71,-74,-70,-50,-41,-42,-13,-29,-44,-41,-56,-30,-52,-41,-44,-86,-63,-54,-58,-48,-51
6.22933,-111,-137,-102,-118,-81,-114,-63,-86,-73,-53,-38,-39,-26,-36,-42,-49,-60,-28,-56,-41,-49,-82,-63,-53,-65,-60,-59
6.24000,-101,-114,-110,-115,-92,-112,-65,-80,-78,-42,-41,-45,-22,-31,-32,-63,-68,-44,-60,-64,-44,-88,-70,-57,-55,-42,-66
6.25067,-78,-116,-117,-106,-74,-107,-67,-80,-75,-50,-54,-58,-30,-42,-48,-65,-66,-45,-50,-47,-42,-93,-80,-56,-55,-44,-80
6.26133,-102,-106,-118,-89,-61,-120,-67,-79,-73,-51,-42,-61,-33,-46,-46,-54,-71,-64,-38,-42,-48,-76,-89,-36,-58,-35,-76
6.27200,-95,-122,-112,-92,-66,-124,-87,-80,-65,-56,-45,-52,-17,-38,-50,-49,-72,-48,-38,-38,-29,-73,-72,-40,-54,-49,-66
6.28267,-113,-133,-101,-95,-78,-129,-83,-72,-73,-56,-65,-54,-25,-46,-44,-46,-70,-49,-64,-43,-51,-79,-79,-53,-61,-57,-66
6.29333,-103,-139,-109,-97,-76,-115,-66,-70,-71,-37,-66,-50,-23,-37,-46,-43,-70,-41,-52,-52,-51,-75,-71,-50,-62,-50,-69
6.30400,-119,-106,-118,-82,-95,-128,-76,-67,-82,-55,-37,-47,-23,-44,-43,-44,-68,-45,-47,-62,-33,-74,-63,-51,-43,-53,-63
6.31467,-137,-117,-121,-94,-93,-135,-86,-91,-81,-62,-50,-46,-16,-37,-37,-42,-75,-33,-51,-64,-55,-79,-80,-49,-47,-54,-62
6.32533,-110,-131,-123,-111,-84,-149,-84,-88,-82,-64,-37,-44,-23,-37,-44,-51,-78,-39,-50,-64,-56,-80,-78,-50,-54,-63,-71
6.33600,-125,-138,-128,-108,-90,-129,-86,-84,-93,-53,-50,-48,-18,-38,-31,-42,-78,-57,-59,-55,-53,-87,-69,-62,-53,-48,-62
6.34667,-118,-138,-133,-111,-101,-142,-82,-92,-85,-61,-46,-50,-23,-41,-21,-34,-76,-56,-55,-55,-41,-78,-81,-51,-41,-41,-66
6.35733,-128,-112,-141,-114,-84,-140,-83,-82,-87,-54,-57,-52,-15,-35,-36,-36,-85,-57,-52,-56,-44,-78,-75,-37,-42,-67,-66
6.36800,-102,-120,-125,-116,-89,-137,-80,-89,-85,-50,-57,-56,-19,-32,-49,-34,-71,-48,-60,-68,-45,-85,-66,-51,-49,-59,-74
6.37867,-121,-107,-119,-116,-92,-118,-87,-87,-93,-55,-46,-49,-12,-28,-43,-31,-71,-48,-57,-72,-28,-94,-78,-49,-54,-57,-68
6.38933,-127,-128,-123,-96,-92,-129,-84,-94,-75,-55,-49,-48,-24,-42,-43,-33,-79,-37,-50,-54,-35,-86,-90,-56,-46,-61,-83
6.40000,-98,-112,-148,-95,-86,-135,-76,-101,-83,-57,-58,-55,-32,-52,-39,-32,-75,-56,-56,-47,-31,-96,-79,-40,-59,-65,-77
6.41067,-103,-118,-120,-108,-80,-130,-82,-96,-75,-57,-52,-52,-26,-52,-42,-54,-70,-63,-60,-55,-39,-90,-88,-42,-69,-68,-77
6.42133,-123,-143,-124,-103,-82,-130,-79,-94,-83,-56,-55,-47,-25,-49,-34,-69,-56,-60,-78,-45,-45,-93,-88,-48,-66,-70,-69
6.43200,-117,-146,-106,-105,-89,-141,-75,-88,-85,-61,-47,-56,-36,-43,-34,-59,-81,-62,-72,-64,-62,-74,-82,-42,-59,-40,-67
6.44267,-119,-120,-121,-96,-100,-131,-69,-87,-78,-65,-50,-51,-29,-47,-22,-49,-74,-56,-52,-50,-63,-93,-85,-58,-67,-43,-78
6.45333,-101,-122,-140,-102,-88,-137,-73,-86,-91,-55,-47,-55,-24,-56,-39,-43,-74,-54,-47,-42,-44,-93,-69,-62,-73,-49,-75
6.46400,-115,-125,-136,-86,-86,-133,-83,-91,-87,-66,-61,-51,-24,-49,-52,-34,-76,-62,-62,-52,-42,-90,-73,-56,-59,-50,-70
6.47467,-115,-111,-139,-82,-99,-129,-67,-85,-72,-74,-58,-61,-25,-32,-55,-42,-81,-68,-51,-58,-50,-93,-83,-55,-51,-58,-76
6.48533,-108,-132,-146,-96,-103,-111,-73,-81,-79,-61,-54,-71,-20,-42,-38,-43,-84,-56,-55,-64,-42,-82,-94,-47,-57,-41,-74
6.49600,-118,-139,-141,-104,-86,-124,-72,-74,-80,-65,-55,-60,-24,-25,-40,-62,-71,-55,-77,-58,-45,-95,-84,-56,-59,-42,-63
6.50667,-113,-136,-124,-99,-87,-129,-76,-77,-82,-50,-55,-48,-27,-33,-56,-57,-74,-66,-78,-58,-46,-86,-76,-50,-56,-59,-54
6.51733,-130,-147,-117,-96,-89,-136,-80,-72,-66,-66,-46,-55,-25,-40,-45,-47,-62,-59,-75,-75,-54,-76,-88,-54,-66,-44,-59
6.52800,-110,-150,-123,-103,-79,-123,-86,-85,-77,-61,-54,-45,-20,-36,-54,-55,-67,-60,-62,-73,-53,-84,-90,-68,-59,-43,-63
6.53867,-104,-154,-113,-112,-79,-115,-83,-87,-65,-55,-54,-46,-5,-41,-40,-52,-72,-62,-46,-64,-56,-96,-74,-65,-50,-43,-68
6.54933,-105,-156,-118,-106,-91,-123,-77,-87,-68,-61,-55,-47,-17,-40,-41,-50,-61,-60,-54,-54,-52,-99,-85,-65,-53,-34,-67
6.56000,-115,-145,-125,-109,-102,-118,-91,-65,-81,-54,-67,-45,-18,-41,-33,-54,-71,-55,-63,-51,-52,-79,-71,-56,-56,-46,-64
6.57067,-116,-144,-136,-108,-81,-122,-74,-85,-76,-48,-57,-58,-33,-41,-41,-47,-77,-57,-75,-46,-36,-78,-69,-38,-53,-54,-64
6.58133,-109,-144,-137,-100,-91,-123,-85,-85,-83,-53,-52,-56,-26,-42,-43,-55,-76,-63,-78,-44,-43,-93,-68,-43,-58,-38,-56
6.59200,-136,-148,-134,-98,-84,-149,-99,-75,-83,-63,-51,-50,-11,-38,-47,-52,-71,-47,-76,-47,-59,-82,-74,-64,-53,-46,-61
6.60267,-142,-145,-117,-86,-78,-149,-77,-84,-83,-44,-44,-53,-22,-36,-31,-46,-76,-39,-72,-55,-42,-110,-64,-66,-52,-56,-75
6.61333,-130,-124,-127,-102,-96,-157,-87,-93,-75,-54,-40,-58,-23,-41,-32,-35,-75,-32,-63,-73,-61,-92,-65,-62,-63,-49,-81
6.62400,-128,-145,-153,-114,-108,-150,-81,-97,-84,-53,-53,-57,-19,-46,-29,-56,-79,-54,-68,-62,-48,-91,-69,-36,-60,-43,-69
6.63467,-154,-132,-119,-116,-98,-130,-96,-96,-90,-59,-52,-55,-22,-36,-44,-47,-61,-60,-56,-60,-54,-88,-73,-45,-71,-42,-76
6.64533,-165,-124,-133,-113,-104,-139,-83,-81,-92,-70,-61,-53,-22,-53,-46,-44,-60,-61,-66,-63,-60,-85,-87,-51,-68,-50,-68
6.65600,-176,-128,-143,-117,-120,-140,-88,-98,-97,-66,-50,-54,-29,-50,-61,-47,-74,-60,-69,-54,-59,-89,-80,-44,-64,-59,-69
6.66667,-142,-134,-142,-121,-110,-143,-93,-100,-95,-71,-56,-68,-45,-57,-55,-47,-67,-58,-62,-55,-54,-83,-79,-60,-63,-60,-64
6.67733,-125,-148,-148,-116,-97,-147,-92,-95,-85,-62,-58,-70,-33,-46,-52,-65,-78,-65,-55,-54,-56,-84,-87,-55,-52,-66,-68
6.68800,-131,-146,-150,-128,-98,-143,-102,-98,-87,-70,-70,-70,-34,-44,-52,-60,-64,-62,-63,-68,-42,-93,-80,-55,-54,-61,-68
6.69867,-117,-142,-136,-118,-111,-154,-85,-102,-89,-63,-71,-55,-38,-42,-58,-58,-70,-63,-58,-60,-44,-99,-77,-68,-54,-67,-63
6.70933,-122,-129,-161,-118,-105,-140,-85,-104,-87,-56,-66,-62,-50,-48,-48,-40,-71,-47,-56,-52,-54,-100,-89,-59,-67,-70,-66
6.72000,-117,-135,-163,-126,-108,-146,-92,-95,-92,-66,-57,-73,-39,-57,-43,-61,-85,-53,-62,-54,-57,-99,-80,-52,-63,-72,-86
6.73067,-118,-151,-142,-116,-103,-133,-77,-89,-96,-60,-59,-63,-30,-54,-61,-75,-79,-76,-59,-49,-66,-94,-69,-54,-74,-46,-78
6.74133,-129,-134,-162,-126,-107,-131,-89,-100,-91,-66,-62,-58,-19,-43,-51,-77,-78,-60,-53,-56,-58,-88,-85,-55,-77,-69,-74
6.75200,-148,-124,-138,-120,-106,-134,-94,-96,-104,-70,-57,-64,-36,-52,-39,-74,-96,-52,-58,-60,-45,-93,-89,-56,-76,-73,-71
6.76267,-147,-149,-145,-112,-100,-143,-81,-94,-90,-68,-70,-72,-29,-48,-60,-73,-75,-57,-54,-64,-62,-91,-90,-65,-81,-57,-66
6.77333,-143,-159,-139,-112,-101,-146,-77,-87,-83,-62,-42,-70,-36,-54,-46,-75,-76,-69,-77,-59,-50,-85,-69,-57,-64,-51,-63
6.78400,-126,-132,-149,-108,-94,-136,-78,-84,-83,-62,-63,-70,-38,-58,-48,-59,-69,-56,-68,-62,-44,-88,-92,-62,-51,-60,-65
6.79467,-131,-129,-168,-112,-115,-137,-83,-101,-84,-65,-78,-53,-31,-58,-54,-67,-71,-66,-55,-64,-44,-93,-86,-70,-59,-69,-80
6.80533,-140,-143,-153,-113,-115,-136,-94,-94,-94,-66,-67,-61,-33,-55,-52,-54,-76,-75,-71,-64,-49,-95,-74,-75,-55,-60,-71
6.81600,-144,-135,-138,-134,-110,-140,-93,-100,-95,-80,-62,-56,-48,-42,-53,-60,-88,-73,-62,-72,-56,-97,-86,-61,-64,-69,-69
6.82667,-135,-144,-154,-109,-110,-132,-91,-100,-80,-69,-66,-63,-37,-62,-39,-54,-86,-60,-74,-81,-44,-91,-93,-53,-68,-71,-70
6.83733,-136,-125,-152,-128,-109,-133,-97,-101,-97,-61,-79,-58,-38,-59,-43,-49,-85,-71,-61,-76,-40,-93,-74,-52,-65,-70,-72
6.84800,-137,-157,-148,-132,-102,-153,-94,-108,-96,-78,-71,-64,-34,-55,-26,-59,-87,-69,-69,-66,-61,-90,-79,-79,-74,-71,-77
6.85867,-129,-132,-162,-114,-104,-146,-94,-114,-106,-82,-68,-57,-28,-63,-41,-64,-89,-57,-77,-63,-66,-85,-92,-69,-80,-79,-79
6.86933,-111,-134,-169,-120,-101,-157,-93,-112,-96,-80,-65,-71,-21,-66,-57,-61,-78,-59,-82,-61,-60,-96,-81,-78,-71,-61,-79
6.88000,-123,-161,-170,-124,-116,-152,-96,-100,-104,-76,-60,-69,-25,-55,-45,-58,-82,-62,-77,-64,-61,-93,-77,-69,-77,-57,-80
6.89067,-143,-164,-170,-115,-113,-152,-99,-109,-90,-71,-59,-68,-15,-54,-64,-60,-72,-63,-71,-58,-65,-110,-82,-64,-75,-58,-91
6.90133,-138,-155,-159,-120,-124,-150,-106,-120,-92,-82,-52,-71,-25,-49,-58,-58,-71,-53,-54,-52,-70,-107,-90,-69,-63,-62,-85
6.91200,-126,-166,-156,-142,-128,-159,-112,-122,-103,-75,-63,-71,-43,-56,-57,-60,-87,-62,-62,-60,-61,-93,-95,-58,-62,-73,-78
6.92267,-141,-180,-154,-137,-137,-165,-112,-118,-104,-83,-60,-55,-34,-61,-55,-64,-85,-56,-67,-54,-43,-94,-101,-63,-57,-66,-80
6.93333,-148,-154,-169,-129,-132,-147,-102,-116,-99,-78,-66,-61,-39,-66,-59,-68,-81,-65,-79,-66,-66,-92,-105,-68,-55,-67,-78
6.94400,-146,-155,-164,-126,-125,-141,-113,-105,-106,-62,-65,-63,-32,-55,-64,-66,-76,-67,-66,-83,-60,-105,-87,-63,-62,-60,-86
6.95467,-165,-153,-159,-128,-112,-150,-96,-112,-102,-51,-62,-70,-41,-50,-40,-58,-93,-57,-54,-77,-59,-93,-74,-77,-66,-65,-80
6.96533,-136,-132,-158,-139,-113,-147,-91,-110,-104,-65,-70,-65,-51,-45,-38,-51,-93,-43,-55,-77,-56,-90,-76,-73,-64,-57,-78
6.97600,-156,-153,-160,-122,-117,-153,-95,-101,-96,-66,-69,-65,-40,-40,-51,-60,-98,-52,-65,-81,-51,-90,-88,-65,-64,-67,-69
6.98667,-146,-156,-168,-106,-115,-148,-88,-109,-91,-76,-63,-74,-45,-54,-63,-75,-96,-65,-64,-100,-70,-91,-82,-66,-68,-76,-78
6.99733,-172,-166,-152,-132,-130,-141,-99,-114,-95,-91,-57,-66,-52,-71,-67,-69,-91,-71,-53,-90,-66,-106,-100,-66,-73,-65,-88
7.00800,-143,-178,-160,-120,-111,-133,-102,-100,-104,-71,-68,-65,-39,-57,-70,-63,-91,-50,-69,-85,-57,-102,-84,-76,-72,-70,-88
7.01867,-139,-167,-165,-120,-115,-145,-104,-107,-109,-73,-73,-70,-41,-65,-54,-60,-76,-67,-70,-67,-68,-106,-86,-81,-76,-71,-81
7.02933,-145,-170,-159,-136,-128,-152,-103,-115,-101,-70,-73,-68,-29,-64,-44,-60,-86,-74,-58,-56,-45,-106,-91,-76,-73,-83,-85
7.04000,-143,-173,-144,-131,-134,-153,-109,-120,-105,-76,-73,-65,-37,-48,-54,-53,-64,-71,-71,-69,-66,-94,-86,-76,-66,-53,-82
7.05067,-160,-180,-149,-133,-125,-169,-107,-114,-98,-81,-78,-74,-35,-66,-50,-51,-63,-56,-72,-62,-48,-109,-93,-74,-70,-65,-87
7.06133,-156,-177,-144,-137,-129,-167,-100,-101,-108,-82,-64,-69,-30,-61,-47,-63,-79,-58,-70,-69,-61,-109,-90,-63,-57,-74,-81
7.07200,-153,-153,-151,-130,-123,-160,-100,-101,-102,-80,-67,-59,-22,-58,-40,-58,-77,-77,-66,-69,-64,-106,-80,-53,-74,-75,-69
7.08267,-143,-147,-167,-131,-123,-148,-94,-97,-110,-86,-62,-67,-30,-47,-46,-62,-67,-61,-68,-69,-62,-112,-98,-57,-74,-67,-72
7.09333,-167,-168,-135,-115,-119,-167,-104,-120,-113,-87,-69,-68,-35,-51,-60,-60,-67,-80,-73,-75,-46,-117,-88,-70,-65,-66,-73
7.10400,-149,-166,-147,-125,-113,-162,-107,-116,-110,-88,-68,-71,-39,-56,-55,-62,-78,-75,-65,-79,-58,-98,-100,-70,-68,-55,-72
7.11467,-146,-159,-163,-123,-131,-160,-100,-111,-114,-77,-73,-61,-41,-50,-60,-68,-88,-71,-64,-76,-54,-101,-88,-76,-61,-47,-81
7.12533,-146,-168,-164,-133,-128,-175,-97,-103,-109,-87,-73,-73,-38,-53,-61,-64,-88,-72,-63,-82,-59,-100,-96,-57,-69,-55,-71
7.13600,-160,-168,-163,-123,-118,-162,-90,-100,-95,-89,-72,-68,-31,-65,-63,-72,-100,-75,-58,-78,-55,-99,-90,-69,-61,-61,-62
7.14667,-162,-162,-151,-122,-114,-156,-106,-99,-90,-90,-76,-80,-41,-69,-60,-75,-93,-63,-54,-81,-58,-95,-83,-73,-53,-71,-70
7.15733,-168,-154,-152,-99,-114,-150,-112,-98,-101,-86,-75,-79,-44,-67,-55,-72,-97,-47,-63,-76,-56,-84,-77,-75,-64,-68,-80
7.16800,-154,-132,-147,-114,-112,-151,-103,-97,-94,-87,-67,-70,-57,-61,-55,-63,-101,-70,-61,-71,-49,-81,-95,-53,-53,-65,-82
7.17867,-148,-162,-156,-117,-95,-151,-92,-94,-106,-95,-66,-66,-39,-61,-62,-56,-99,-79,-72,-70,-71,-95,-88,-47,-58,-64,-78
7.18933,-154,-169,-146,-105,-99,-150,-101,-110,-106,-76,-73,-91,-33,-67,-47,-78,-106,-79,-70,-69,-72,-85,-92,-48,-69,-49,-61
7.20000,-147,-160,-160,-116,-108,-144,-107,-101,-107,-97,-73,-73,-44,-74,-52,-74,-100,-72,-64,-70,-50,-72,-98,-65,-61,-67,-58
7.21067,-118,-174,-158,-125,-111,-139,-107,-96,-102,-80,-67,-69,-53,-71,-73,-75,-86,-73,-65,-68,-55,-84,-91,-52,-43,-63,-73
7.22133,-125,-132,-144,-114,-116,-131,-101,-98,-94,-81,-74,-71,-51,-69,-61,-65,-76,-76,-89,-69,-52,-81,-80,-66,-57,-65,-83
7.23200,-140,-132,-138,-127,-122,-159,-97,-115,-97,-86,-84,-87,-49,-70,-61,-63,-84,-65,-80,-66,-58,-92,-84,-80,-71,-63,-75
7.24267,-134,-128,-151,-129,-106,-146,-99,-105,-107,-78,-90,-83,-61,-74,-61,-78,-88,-67,-60,-63,-66,-87,-82,-61,-82,-56,-77
7.25333,-118,-140,-147,-131,-99,-142,-94,-118,-112,-84,-89,-80,-59,-75,-76,-82,-93,-63,-88,-67,-66,-99,-80,-58,-56,-59,-68
7.26400,-124,-128,-141,-121,-99,-141,-97,-134,-108,-92,-87,-79,-49,-72,-68,-78,-88,-76,-78,-79,-74,-115,-91,-66,-64,-53,-73
7.27467,-124,-153,-150,-110,-117,-145,-89,-108,-104,-97,-79,-80,-56,-84,-61,-68,-90,-76,-85,-95,-57,-110,-117,-61,-71,-63,-65
7.28533,-132,-148,-162,-122,-128,-146,-101,-100,-108,-96,-82,-93,-62,-73,-66,-59,-92,-76,-80,-74,-55,-102,-104,-64,-64,-74,-71
7.29600,-140,-131,-167,-130,-104,-145,-114,-99,-117,-82,-73,-81,-51,-77,-71,-76,-101,-75,-76,-72,-45,-99,-87,-63,-64,-74,-72
7.30667,-153,-154,-148,-121,-97,-137,-101,-104,-109,-79,-84,-95,-44,-84,-80,-67,-85,-87,-100,-80,-57,-94,-89,-48,-58,-64,-68
7.31733,-155,-146,-150,-140,-106,-136,-103,-110,-109,-76,-80,-95,-54,-61,-52,-67,-91,-74,-76,-79,-61,-97,-88,-51,-54,-69,-73
7.32800,-152,-149,-155,-119,-105,-137,-101,-111,-108,-81,-83,-83,-58,-63,-52,-85,-90,-80,-85,-76,-57,-81,-74,-64,-57,-64,-74
7.33867,-129,-166,-143,-131,-107,-160,-107,-123,-123,-84,-81,-71,-45,-75,-57,-84,-81,-76,-96,-67,-73,-100,-77,-70,-79,-64,-67
7.34933,-150,-194,-153,-142,-114,-160,-115,-121,-107,-84,-77,-65,-42,-53,-64,-79,-88,-65,-92,-66,-47,-106,-79,-79,-54,-69,-67
7.36000,-157,-193,-148,-134,-125,-161,-112,-115,-111,-82,-91,-79,-46,-63,-77,-73,-100,-74,-98,-69,-47,-105,-76,-67,-55,-65,-75
7.37067,-162,-189,-163,-137,-136,-157,-115,-114,-113,-73,-80,-88,-44,-49,-64,-71,-102,-74,-78,-57,-56,-100,-73,-76,-67,-51,-79
7.38133,-171,-178,-151,-124,-128,-155,-106,-112,-113,-81,-73,-78,-49,-54,-67,-74,-93,-69,-73,-74,-62,-95,-82,-72,-65,-58,-71
7.39200,-160,-164,-169,-133,-131,-156,-108,-113,-115,-94,-82,-80,-47,-65,-57,-56,-92,-84,-73,-79,-55,-95,-71,-71,-75,-73,-88
7.40267,-187,-170,-151,-138,-125,-166,-111,-122,-117,-88,-83,-94,-37,-66,-67,-51,-95,-78,-64,-65,-56,-101,-75,-75,-81,-70,-71
7.41333,-158,-182,-165,-150,-124,-159,-124,-122,-123,-91,-91,-85,-49,-62,-61,-65,-89,-75,-58,-69,-52,-91,-102,-67,-68,-74,-84
7.42400,-174,-180,-167,-138,-121,-153,-126,-129,-117,-92,-84,-82,-43,-62,-63,-68,-93,-63,-64,-73,-51,-111,-106,-66,-82,-61,-95
7.43467,-150,-170,-175,-129,-132,-157,-121,-119,-119,-93,-95,-83,-51,-58,-71,-70,-94,-77,-70,-90,-68,-92,-95,-70,-79,-68,-88
7.44533,-157,-165,-177,-147,-140,-160,-117,-119,-124,-99,-89,-90,-57,-62,-76,-84,-104,-70,-71,-72,-75,-107,-81,-64,-79,-66,-69
7.45600,-165,-182,-170,-126,-137,-168,-121,-126,-131,-87,-89,-75,-51,-69,-69,-89,-84,-76,-80,-75,-63,-114,-91,-62,-72,-58,-80
7.46667,-156,-176,-158,-145,-119,-166,-112,-119,-125,-93,-86,-83,-53,-73,-59,-73,-101,-95,-76,-78,-56,-108,-88,-58,-63,-54,-79
7.47733,-172,-182,-169,-148,-135,-167,-122,-128,-118,-83,-89,-83,-58,-68,-59,-71,-102,-82,-100,-71,-61,-102,-81,-69,-72,-62,-74
7.48800,-174,-182,-174,-148,-115,-172,-127,-130,-112,-86,-88,-81,-57,-66,-67,-70,-91,-77,-81,-59,-72,-108,-89,-64,-55,-64,-69
7.49867,-178,-178,-164,-146,-116,-174,-117,-131,-130,-82,-87,-72,-51,-71,-60,-72,-93,-84,-54,-83,-68,-97,-91,-75,-71,-66,-66
7.50933,-182,-173,-170,-143,-119,-145,-102,-126,-118,-86,-82,-91,-56,-76,-56,-73,-95,-88,-86,-71,-68,-108,-94,-65,-71,-55,-73
7.52000,-179,-181,-165,-145,-116,-160,-114,-127,-118,-80,-77,-89,-61,-68,-72,-63,-102,-80,-93,-85,-51,-91,-88,-74,-72,-65,-74
7.53067,-167,-173,-182,-124,-119,-154,-117,-125,-118,-87,-80,-86,-54,-70,-58,-71,-92,-79,-85,-73,-51,-107,-90,-83,-79,-64,-87
7.54133,-176,-161,-181,-129,-122,-157,-116,-113,-115,-93,-84,-84,-48,-61,-75,-54,-82,-87,-72,-67,-60,-112,-101,-67,-76,-63,-84
7.55200,-162,-157,-166,-128,-129,-162,-113,-126,-126,-96,-75,-79,-53,-60,-54,-66,-98,-81,-72,-77,-55,-99,-88,-59,-66,-56,-88
7.56267,-144,-170,-168,-147,-125,-159,-107,-114,-132,-91,-81,-77,-53,-66,-59,-59,-85,-82,-79,-83,-63,-104,-94,-72,-70,-56,-79
7.57333,-136,-162,-165,-161,-123,-166,-110,-115,-119,-96,-75,-83,-51,-71,-51,-66,-75,-87,-82,-98,-54,-94,-82,-57,-74,-66,-85
7.58400,-160,-166,-153,-131,-136,-164,-109,-128,-112,-90,-70,-75,-45,-61,-64,-65,-86,-66,-84,-78,-64,-98,-95,-75,-73,-61,-62
7.59467,-154,-165,-172,-144,-121,-169,-94,-125,-113,-89,-76,-76,-45,-75,-70,-71,-85,-69,-74,-80,-60,-101,-102,-70,-75,-59,-64
7.60533,-153,-155,-164,-128,-120,-174,-99,-120,-106,-92,-76,-85,-41,-73,-66,-83,-96,-62,-82,-67,-81,-101,-92,-57,-73,-56,-69
7.61600,-141,-162,-159,-133,-118,-171,-108,-132,-113,-81,-79,-96,-38,-61,-62,-68,-89,-62,-83,-66,-93,-98,-100,-58,-73,-73,-76
7.62667,-143,-164,-155,-146,-117,-150,-104,-126,-119,-85,-87,-80,-43,-59,-75,-68,-76,-66,-87,-64,-71,-110,-84,-69,-80,-66,-78
7.63733,-131,-173,-157,-148,-121,-165,-119,-129,-121,-101,-77,-82,-43,-61,-72,-76,-76,-77,-73,-75,-63,-93,-86,-69,-65,-67,-90
7.64800,-159,-184,-180,-148,-120,-158,-118,-114,-122,-97,-76,-85,-35,-60,-74,-83,-88,-80,-69,-81,-55,-107,-86,-54,-60,-75,-96
7.65867,-153,-172,-160,-137,-142,-167,-120,-102,-107,-88,-79,-73,-32,-59,-75,-86,-81,-68,-78,-90,-65,-109,-84,-65,-67,-91,-88
7.66933,-165,-174,-153,-135,-146,-171,-122,-118,-111,-78,-84,-72,-36,-69,-70,-74,-85,-59,-64,-80,-61,-87,-86,-79,-73,-76,-93
7.68000,-170,-158,-158,-138,-136,-175,-120,-128,-120,-90,-87,-71,-34,-65,-54,-71,-70,-64,-60,-58,-67,-100,-86,-69,-72,-81,-90
7.69067,-164,-187,-170,-150,-137,-167,-111,-135,-130,-96,-76,-59,-49,-66,-49,-71,-98,-55,-63,-79,-74,-109,-92,-56,-71,-84,-84
7.70133,-165,-186,-177,-154,-139,-175,-136,-138,-116,-87,-83,-67,-39,-68,-68,-81,-95,-65,-81,-78,-72,-88,-87,-84,-72,-73,-88
7.71200,-173,-174,-187,-158,-150,-178,-123,-128,-121,-88,-81,-81,-45,-65,-59,-75,-101,-60,-75,-70,-78,-92,-88,-87,-80,-70,-81
7.72267,-166,-195,-180,-158,-150,-187,-131,-128,-117,-82,-85,-83,-44,-65,-53,-84,-79,-82,-64,-58,-77,-99,-88,-74,-67,-67,-88
7.73333,-148,-191,-176,-147,-153,-186,-140,-137,-112,-82,-78,-75,-44,-68,-46,-71,-89,-69,-60,-77,-68,-91,-68,-62,-68,-67,-76
7.74400,-151,-190,-180,-158,-153,-188,-135,-140,-127,-87,-92,-79,-49,-62,-46,-61,-89,-72,-51,-69,-77,-90,-95,-66,-69,-68,-84
7.75467,-161,-176,-198,-162,-142,-169,-133,-135,-130,-85,-81,-74,-46,-53,-62,-59,-79,-76,-57,-54,-75,-88,-99,-83,-79,-66,-85
7.76533,-175,-161,-194,-150,-143,-168,-134,-140,-123,-96,-91,-65,-38,-57,-59,-69,-80,-64,-78,-67,-82,-103,-87,-86,-83,-69,-91
7.77600,-191,-192,-202,-151,-155,-175,-127,-138,-125,-95,-87,-73,-45,-62,-58,-83,-68,-62,-76,-88,-80,-99,-107,-80,-84,-65,-92
7.78667,-197,-177,-189,-170,-164,-190,-115,-141,-118,-89,-89,-73,-41,-57,-73,-72,-84,-60,-87,-63,-83,-95,-101,-57,-80,-71,-72
7.79733,-176,-213,-199,-178,-136,-193,-127,-132,-117,-91,-82,-67,-41,-68,-62,-74,-81,-59,-77,-72,-68,-123,-97,-61,-66,-72,-70
7.80800,-168,-209,-192,-191,-147,-185,-124,-131,-119,-82,-70,-61,-35,-71,-66,-59,-75,-59,-69,-86,-64,-113,-78,-56,-74,-82,-84
7.81867,-164,-220,-196,-183,-151,-172,-131,-135,-122,-93,-88,-79,-41,-50,-57,-60,-75,-64,-87,-63,-53,-100,-83,-81,-70,-72,-89
7.82933,-188,-197,-200,-175,-157,-186,-129,-136,-112,-107,-88,-80,-33,-65,-51,-48,-73,-72,-76,-61,-51,-91,-96,-82,-75,-75,-81
7.84000,-192,-204,-200,-176,-156,-180,-138,-147,-120,-95,-79,-78,-37,-53,-48,-54,-68,-62,-66,-54,-70,-83,-82,-81,-78,-79,-85
7.85067,-193,-186,-204,-172,-158,-193,-136,-144,-114,-88,-88,-88,-41,-67,-52,-64,-79,-53,-66,-63,-65,-92,-89,-69,-68,-81,-81
7.86133,-187,-202,-199,-171,-152,-181,-140,-136,-131,-97,-77,-82,-28,-50,-43,-63,-74,-65,-89,-57,-62,-105,-99,-80,-74,-75,-94
7.87200,-197,-201,-202,-160,-153,-188,-143,-148,-125,-96,-81,-67,-28,-59,-45,-68,-73,-81,-74,-78,-80,-109,-81,-81,-83,-74,-95
7.88267,-195,-204,-190,-163,-153,-190,-147,-148,-130,-87,-79,-67,-27,-46,-54,-58,-79,-75,-69,-83,-81,-94,-95,-78,-79,-67,-91
7.89333,-197,-215,-204,-167,-156,-183,-125,-140,-135,-98,-85,-70,-30,-53,-62,-47,-89,-77,-62,-76,-85,-91,-92,-75,-66,-58,-82
7.90400,-191,-204,-204,-166,-161,-191,-132,-142,-120,-81,-94,-75,-36,-44,-50,-56,-82,-86,-78,-77,-74,-92,-91,-77,-73,-65,-90
7.91467,-197,-203,-214,-170,-139,-186,-143,-133,-135,-87,-91,-77,-27,-52,-51,-60,-97,-77,-82,-86,-65,-107,-105,-70,-63,-61,-97
7.92533,-201,-215,-211,-163,-162,-192,-139,-135,-130,-87,-90,-81,-32,-43,-52,-67,-88,-55,-67,-79,-72,-115,-94,-72,-71,-64,-92
7.93600,-195,-209,-224,-164,-164,-196,-150,-138,-137,-89,-91,-90,-31,-59,-60,-53,-71,-67,-75,-73,-66,-116,-80,-77,-81,-65,-96
7.94667,-174,-204,-200,-156,-175,-197,-143,-131,-122,-88,-88,-74,-39,-65,-56,-55,-80,-68,-70,-87,-68,-98,-92,-77,-86,-57,-90
7.95733,-221,-198,-204,-169,-179,-195,-132,-130,-136,-89,-83,-64,-43,-37,-63,-43,-80,-75,-57,-75,-61,-93,-82,-76,-78,-65,-84
7.96800,-218,-202,-197,-177,-178,-192,-143,-133,-123,-87,-74,-81,-40,-58,-40,-44,-75,-72,-60,-73,-72,-96,-94,-85,-82,-80,-88
7.97867,-185,-201,-203,-193,-163,-198,-142,-137,-136,-79,-81,-71,-33,-51,-37,-50,-82,-71,-67,-65,-72,-95,-87,-78,-77,-86,-79
7.98933,-189,-216,-213,-191,-170,-187,-144,-148,-130,-89,-82,-83,-45,-60,-38,-49,-82,-70,-75,-62,-64,-100,-91,-82,-75,-80,-96
8.00000,-191,-215,-212,-176,-160,-201,-150,-144,-132,-93,-63,-69,-46,-62,-43,-56,-105,-56,-83,-73,-70,-93,-91,-84,-79,-81,-95
8.01067,-195,-211,-207,-179,-172,-196,-145,-146,-133,-92,-77,-63,-54,-59,-55,-54,-88,-68,-73,-67,-48,-91,-82,-70,-72,-76,-91
8.02133,-202,-212,-210,-182,-175,-191,-146,-140,-133,-103,-80,-76,-44,-56,-60,-54,-87,-55,-78,-57,-63,-105,-84,-67,-78,-82,-82
8.03200,-201,-216,-206,-180,-162,-183,-136,-156,-123,-98,-85,-76,-48,-56,-58,-60,-81,-49,-63,-55,-60,-95,-93,-80,-78,-72,-89
8.04267,-197,-214,-198,-185,-160,-186,-139,-133,-131,-96,-88,-76,-40,-59,-65,-56,-83,-57,-73,-58,-65,-81,-82,-60,-90,-64,-95
8.05333,-218,-212,-207,-177,-161,-198,-132,-126,-118,-98,-77,-77,-39,-47,-48,-51,-82,-52,-74,-58,-50,-81,-85,-65,-84,-74,-89
8.06400,-221,-209,-202,-177,-164,-207,-132,-143,-128,-111,-80,-70,-41,-62,-44,-54,-83,-39,-68,-63,-55,-87,-87,-68,-92,-66,-86
8.07467,-224,-229,-217,-173,-172,-202,-127,-133,-125,-104,-88,-68,-26,-60,-53,-54,-78,-60,-76,-66,-73,-90,-86,-61,-90,-70,-99
8.08533,-217,-216,-209,-199,-163,-207,-130,-140,-130,-96,-77,-75,-40,-50,-58,-51,-86,-55,-71,-60,-64,-85,-88,-70,-71,-65,-99
8.09600,-201,-220,-212,-198,-161,-192,-145,-146,-127,-95,-83,-74,-27,-51,-47,-56,-88,-52,-78,-67,-63,-96,-82,-65,-66,-68,-95
8.10667,-185,-216,-225,-185,-176,-209,-161,-152,-138,-90,-75,-69,-21,-51,-48,-62,-72,-51,-79,-74,-73,-103,-81,-74,-77,-66,-90
8.11733,-193,-209,-222,-210,-176,-219,-160,-147,-134,-88,-71,-63,-20,-40,-57,-56,-98,-33,-66,-84,-62,-87,-92,-61,-72,-74,-76
8.12800,-212,-205,-213,-212,-176,-219,-148,-140,-130,-92,-68,-61,-33,-48,-39,-47,-73,-44,-65,-72,-59,-87,-79,-49,-79,-73,-82
8.13867,-202,-219,-214,-201,-164,-199,-143,-145,-138,-99,-70,-64,-35,-49,-36,-45,-59,-39,-50,-70,-51,-98,-75,-50,-80,-64,-92
8.14933,-209,-220,-228,-200,-168,-203,-143,-148,-135,-89,-82,-51,-30,-40,-43,-31,-60,-50,-58,-54,-35,-103,-84,-69,-57,-60,-88
8.16000,-219,-251,-237,-195,-177,-219,-151,-155,-135,-100,-87,-60,-18,-51,-44,-41,-64,-57,-57,-67,-64,-99,-96,-65,-64,-60,-70
8.17067,-214,-238,-223,-210,-180,-232,-169,-154,-135,-91,-78,-63,-20,-45,-47,-49,-68,-55,-53,-71,-73,-93,-96,-58,-79,-70,-71
8.18133,-203,-221,-227,-206,-171,-232,-163,-148,-127,-95,-85,-72,-15,-47,-39,-43,-59,-48,-73,-67,-46,-97,-87,-59,-59,-70,-92
8.19200,-217,-246,-225,-216,-183,-233,-149,-151,-131,-101,-86,-67,-38,-55,-42,-49,-59,-56,-72,-61,-44,-104,-101,-70,-73,-82,-99
8.20267,-217,-242,-237,-189,-180,-234,-148,-159,-133,-83,-69,-62,-24,-46,-53,-46,-65,-57,-63,-73,-58,-101,-105,-76,-75,-94,-87
8.21333,-244,-240,-243,-200,-186,-219,-161,-158,-138,-88,-74,-58,-22,-33,-33,-50,-56,-60,-50,-58,-54,-84,-90,-69,-74,-93,-92
8.22400,-244,-238,-240,-201,-203,-223,-170,-147,-138,-90,-73,-60,-34,-29,-42,-44,-47,-61,-67,-60,-44,-83,-68,-83,-77,-86,-101
8.23467,-247,-238,-242,-191,-197,-227,-156,-153,-149,-84,-71,-62,-28,-29,-34,-34,-56,-64,-63,-65,-44,-91,-78,-78,-87,-82,-97
8.24533,-229,-237,-246,-193,-183,-231,-147,-151,-125,-88,-62,-57,-20,-24,-27,-43,-54,-52,-43,-74,-49,-92,-79,-73,-87,-84,-88
8.25600,-226,-251,-231,-183,-181,-217,-148,-140,-132,-85,-71,-48,-24,-36,-39,-38,-57,-50,-52,-64,-38,-84,-84,-76,-75,-77,-82
8.26667,-239,-216,-249,-180,-183,-205,-150,-155,-134,-83,-73,-61,-20,-24,-29,-49,-58,-41,-60,-59,-45,-86,-101,-72,-80,-68,-92
8.27733,-234,-209,-243,-200,-191,-207,-160,-159,-135,-84,-71,-50,-24,-34,-39,-61,-54,-48,-82,-57,-43,-97,-92,-78,-76,-72,-85
8.28800,-228,-230,-236,-239,-192,-214,-164,-160,-141,-77,-80,-62,-26,-31,-41,-58,-69,-57,-78,-52,-58,-93,-91,-101,-75,-80,-92
8.29867,-259,-260,-240,-227,-194,-213,-160,-158,-133,-90,-75,-73,-23,-38,-29,-46,-79,-52,-79,-68,-56,-76,-77,-83,-85,-83,-82
8.30933,-251,-248,-208,-203,-184,-210,-152,-149,-127,-84,-76,-68,-29,-43,-39,-44,-73,-61,-58,-84,-47,-97,-96,-78,-76,-83,-75
8.32000,-226,-245,-213,-212,-185,-215,-155,-166,-132,-83,-71,-68,-29,-46,-50,-40,-68,-56,-62,-49,-63,-78,-96,-77,-78,-92,-78
8.33067,-244,-239,-227,-212,-178,-222,-169,-153,-128,-80,-74,-63,-30,-58,-40,-41,-60,-44,-67,-57,-58,-95,-92,-77,-76,-88,-94
8.34133,-235,-226,-240,-215,-190,-218,-153,-161,-126,-82,-82,-54,-38,-56,-36,-32,-57,-60,-62,-62,-65,-88,-83,-84,-74,-84,-93
8.35200,-227,-220,-222,-200,-192,-222,-155,-156,-132,-93,-79,-54,-23,-45,-48,-43,-59,-59,-48,-65,-60,-81,-90,-76,-71,-77,-84
8.36267,-242,-235,-237,-195,-192,-210,-156,-152,-131,-101,-85,-65,-34,-39,-58,-34,-75,-46,-50,-55,-57,-92,-86,-64,-74,-68,-84
8.37333,-219,-244,-235,-190,-192,-214,-156,-157,-143,-98,-84,-75,-26,-37,-40,-48,-69,-50,-65,-54,-61,-86,-86,-61,-76,-75,-102
8.38400,-228,-225,-242,-189,-193,-214,-155,-139,-129,-95,-78,-73,-38,-40,-42,-49,-76,-55,-58,-60,-68,-89,-91,-64,-71,-75,-85
8.39467,-219,-231,-227,-199,-189,-211,-153,-146,-139,-97,-80,-67,-32,-39,-45,-53,-68,-71,-54,-68,-60,-93,-88,-77,-71,-75,-81
8.40533,-206,-248,-237,-208,-195,-200,-165,-160,-138,-98,-91,-78,-32,-35,-45,-51,-79,-48,-53,-60,-71,-94,-94,-69,-86,-70,-93
8.41600,-235,-247,-248,-196,-201,-209,-162,-160,-135,-84,-93,-65,-29,-47,-42,-38,-79,-69,-56,-47,-67,-96,-99,-57,-73,-68,-84
8.42667,-233,-247,-256,-191,-179,-220,-164,-146,-135,-97,-82,-64,-30,-58,-40,-44,-75,-68,-54,-58,-65,-98,-85,-46,-70,-67,-85
8.43733,-239,-236,-244,-202,-178,-214,-160,-143,-142,-103,-84,-60,-32,-34,-34,-37,-67,-62,-59,-71,-52,-88,-86,-65,-72,-81,-88
8.44800,-237,-236,-239,-206,-182,-222,-156,-145,-142,-105,-78,-66,-27,-44,-44,-30,-76,-53,-71,-66,-60,-95,-78,-73,-75,-73,-88
8.45867,-228,-237,-262,-204,-185,-226,-160,-150,-135,-96,-67,-54,-29,-47,-56,-51,-64,-48,-65,-67,-55,-85,-75,-54,-100,-76,-92
8.46933,-224,-245,-253,-216,-188,-213,-160,-152,-123,-93,-71,-55,-32,-47,-42,-39,-64,-50,-64,-67,-50,-89,-82,-57,-78,-82,-76
8.48000,-231,-231,-251,-205,-198,-223,-155,-150,-131,-91,-65,-56,-27,-47,-45,-50,-62,-48,-70,-67,-56,-82,-68,-70,-70,-85,-87
8.49067,-237,-207,-247,-194,-198,-213,-164,-145,-140,-96,-80,-52,-27,-41,-38,-52,-81,-72,-58,-53,-38,-89,-77,-69,-64,-72,-92
8.50133,-238,-205,-224,-212,-192,-207,-150,-143,-134,-92,-81,-57,-23,-50,-44,-49,-69,-70,-68,-61,-56,-96,-80,-64,-60,-67,-100
8.51200,-204,-222,-245,-224,-191,-210,-161,-142,-138,-103,-73,-59,-29,-44,-44,-42,-82,-71,-57,-78,-51,-91,-103,-64,-78,-76,-90
8.52267,-226,-227,-237,-224,-191,-232,-172,-159,-140,-108,-77,-61,-44,-41,-45,-45,-78,-40,-42,-61,-43,-96,-88,-61,-71,-82,-90
8.53333,-220,-227,-251,-210,-192,-220,-170,-159,-141,-93,-83,-65,-38,-43,-38,-34,-73,-48,-51,-55,-41,-93,-87,-68,-82,-82,-87
8.54400,-210,-230,-228,-206,-191,-218,-161,-143,-137,-101,-88,-74,-23,-54,-46,-40,-67,-50,-68,-57,-59,-101,-91,-71,-70,-97,-101
8.55467,-208,-226,-240,-219,-178,-219,-155,-154,-129,-110,-85,-72,-25,-52,-39,-48,-69,-47,-73,-57,-47,-97,-104,-68,-73,-84,-103
8.56533,-217,-234,-238,-212,-177,-212,-165,-164,-138,-96,-88,-69,-34,-49,-41,-55,-71,-48,-59,-74,-47,-100,-94,-67,-77,-84,-93
8.57600,-222,-227,-235,-196,-186,-210,-158,-162,-139,-95,-83,-63,-26,-44,-49,-49,-77,-51,-74,-68,-59,-101,-89,-70,-84,-71,-88
8.58667,-219,-222,-215,-202,-198,-222,-157,-156,-134,-96,-86,-72,-34,-43,-45,-40,-79,-57,-69,-68,-58,-96,-90,-69,-80,-75,-88
8.59733,-226,-213,-229,-214,-188,-227,-168,-165,-128,-90,-79,-83,-31,-19,-37,-40,-71,-53,-72,-58,-70,-100,-80,-80,-85,-73,-78
8.60800,-244,-214,-224,-208,-197,-222,-175,-165,-136,-86,-79,-69,-30,-29,-40,-37,-61,-66,-62,-66,-58,-105,-83,-71,-76,-75,-96
8.61867,-236,-223,-221,-217,-193,-210,-163,-147,-133,-80,-87,-62,-27,-30,-24,-40,-69,-71,-77,-77,-75,-97,-102,-74,-72,-64,-110
8.62933,-202,-219,-218,-210,-189,-202,-156,-148,-135,-89,-72,-68,-23,-35,-35,-52,-70,-52,-62,-61,-55,-96,-92,-82,-71,-82,-87
8.64000,-219,-222,-209,-192,-175,-212,-151,-145,-127,-91,-73,-73,-17,-39,-46,-56,-71,-54,-70,-74,-40,-105,-88,-70,-72,-82,-97
8.65067,-200,-219,-198,-188,-165,-186,-142,-143,-112,-74,-73,-63,-16,-34,-46,-54,-72,-51,-42,-61,-47,-92,-93,-65,-62,-96,-101
8.66133,-181,-222,-194,-177,-148,-176,-126,-138,-112,-75,-67,-61,-17,-42,-27,-42,-79,-42,-60,-65,-51,-90,-90,-67,-59,-91,-102
8.67200,-152,-200,-188,-155,-149,-176,-116,-107,-106,-72,-61,-60,-28,-38,-29,-37,-68,-47,-46,-60,-52,-82,-96,-70,-62,-90,-90
8.68267,-136,-155,-180,-135,-127,-155,-105,-89,-81,-54,-44,-45,-22,-40,-25,-32,-62,-48,-56,-64,-56,-94,-93,-77,-58,-84,-94
8.69333,-125,-147,-145,-102,-94,-138,-87,-80,-74,-47,-35,-41,4,-34,-25,-30,-66,-35,-58,-59,-52,-99,-80,-76,-65,-68,-98
8.70400,-91,-96,-105,-67,-70,-109,-56,-57,-63,-22,-19,-33,2,-21,-7,-10,-54,-26,-57,-53,-48,-74,-84,-58,-63,-69,-86
8.71467,-18,-54,-54,-41,-33,-73,-21,-18,-19,5,5,0,21,-4,2,-4,-64,-39,-65,-46,-35,-88,-87,-56,-62,-78,-68
8.72533,26,20,-16,5,28,-31,26,16,16,50,28,23,25,16,2,-4,-57,-23,-48,-39,-31,-73,-93,-59,-65,-72,-71
8.73600,95,80,49,52,75,30,66,61,58,67,49,36,45,37,10,4,-37,-24,-50,-30,-23,-68,-76,-64,-55,-56,-80
8.74667,157,143,125,141,147,90,120,105,99,109,80,65,67,54,27,11,-27,-24,-34,-27,-16,-62,-59,-52,-62,-32,-68
8.75733,257,240,205,251,224,163,188,162,156,141,130,105,109,82,53,30,-12,0,-14,-26,-4,-49,-49,-45,-49,-32,-63
8.76800,344,320,298,325,309,249,258,229,209,188,167,120,121,96,68,40,-2,10,-8,-18,-7,-55,-28,-42,-41,-22,-53
8.77867,428,409,385,400,370,304,321,290,249,227,207,163,150,122,75,42,9,14,9,-15,-8,-29,-39,-40,-39,-19,-43
8.78933,516,516,463,474,457,379,392,337,295,272,236,192,171,137,94,59,29,32,16,-1,3,-36,-51,-15,-44,-22,-37
8.80000,581,588,546,545,533,437,434,383,340,315,261,209,200,148,111,75,18,48,11,-6,12,-38,-25,-6,-44,-24,-38
8.81067,618,627,616,602,576,503,488,426,368,342,285,227,215,165,113,80,35,43,8,3,4,-35,-26,3,-20,-16,-26
8.82133,676,658,644,639,612,524,519,454,401,357,305,241,221,166,126,86,38,41,21,9,8,-44,-29,-7,-4,-20,-28
8.83200,698,677,666,652,631,531,527,466,412,373,319,252,228,178,129,121,52,50,17,6,26,-26,-22,-10,-24,-18,-32
8.84267,717,690,645,639,627,533,531,478,401,370,313,236,228,174,135,87,48,49,22,21,4,-36,-17,-7,-9,0,-44
8.85333,685,673,642,615,612,539,521,454,390,366,306,241,224,167,128,89,49,51,21,11,17,-33,-22,-8,-16,-5,-33
8.86400,663,643,597,589,575,498,497,426,372,344,282,227,215,158,126,92,54,38,24,1,31,-35,-34,-8,-13,-25,-25
8.87467,598,583,531,536,544,453,456,390,363,315,270,217,193,148,107,82,41,31,11,-1,17,-34,-18,-22,-14,-39,-50
8.88533,535,519,462,481,488,403,402,350,319,283,248,198,168,133,107,76,31,20,3,-1,8,-31,-39,-2,-29,-42,-35
8.89600,462,451,440,418,405,334,350,307,277,247,217,168,161,130,82,69,14,12,-9,-11,0,-39,-24,-14,-34,-32,-46
8.90667,393,374,365,354,339,272,299,279,230,213,194,125,142,105,73,69,2,8,-8,-2,13,-43,-38,-32,-49,-38,-51
8.91733,320,313,277,286,286,221,244,219,193,173,146,99,134,79,35,51,16,-4,11,-6,-26,-54,-59,-38,-43,-36,-59
8.92800,252,223,210,222,200,159,184,166,131,124,114,91,104,53,36,38,1,6,-8,-19,-18,-86,-54,-46,-39,-52,-71
8.93867,184,159,133,153,169,109,132,100,94,101,83,68,90,38,30,2,-6,2,-17,-31,-19,-89,-56,-32,-48,-35,-68
8.94933,99,121,88,107,102,57,80,58,52,78,55,60,65,34,35,-12,-27,1,-36,-23,-27,-86,-63,-41,-66,-45,-77
8.96000,33,55,45,55,49,5,24,29,21,41,34,28,59,28,18,-3,-37,-25,-42,-37,-30,-86,-65,-57,-61,-42,-82
8.97067,-17,-8,-9,0,0,-35,1,-3,-5,14,16,8,34,4,-2,-21,-30,-16,-28,-33,-31,-94,-78,-64,-69,-64,-79
8.98133,-56,-51,-60,-30,-35,-76,-23,-29,-36,-18,-5,0,21,-9,-12,-20,-41,-25,-40,-43,-22,-103,-84,-64,-54,-56,-82
8.99200,-70,-88,-111,-57,-68,-104,-45,-49,-53,-29,-25,-15,-10,-10,-28,-26,-54,-46,-32,-45,-46,-96,-81,-63,-78,-83,-93
9.00267,-112,-126,-131,-93,-75,-122,-69,-73,-60,-45,-33,-32,3,-9,-25,-33,-46,-45,-39,-58,-42,-102,-93,-73,-71,-76,-82
9.01333,-113,-147,-145,-109,-105,-139,-92,-93,-74,-53,-46,-36,6,-13,-15,-38,-33,-41,-43,-47,-46,-90,-87,-78,-62,-66,-88
9.02400,-152,-151,-154,-122,-142,-156,-96,-101,-89,-78,-47,-45,-4,-8,-16,-41,-44,-49,-40,-62,-56,-95,-83,-58,-60,-61,-85
9.03467,-155,-178,-176,-136,-133,-170,-109,-124,-92,-85,-51,-46,-18,-19,-34,-36,-65,-48,-45,-65,-56,-94,-67,-73,-63,-64,-93
9.04533,-199,-172,-186,-136,-143,-170,-121,-139,-121,-85,-56,-41,-31,-39,-37,-43,-62,-57,-54,-67,-50,-86,-88,-60,-65,-57,-85
9.05600,-224,-193,-200,-161,-174,-196,-150,-135,-134,-79,-65,-35,-24,-27,-29,-39,-52,-60,-61,-60,-33,-95,-87,-72,-66,-68,-99
9.06667,-201,-204,-211,-178,-173,-202,-151,-145,-135,-80,-72,-47,-21,-38,-31,-41,-51,-53,-72,-68,-52,-88,-88,-77,-74,-84,-87
9.07733,-195,-212,-220,-186,-186,-209,-138,-129,-127,-90,-68,-66,-27,-38,-34,-37,-67,-50,-52,-59,-39,-101,-89,-68,-80,-76,-90
9.08800,-201,-221,-232,-216,-181,-205,-159,-142,-127,-87,-66,-65,-29,-36,-43,-59,-64,-55,-63,-62,-47,-102,-87,-76,-74,-75,-85
9.09867,-213,-222,-239,-203,-171,-212,-165,-150,-138,-92,-74,-68,-33,-30,-55,-50,-58,-60,-46,-56,-53,-101,-94,-67,-73,-67,-85
9.10933,-222,-236,-219,-205,-171,-217,-157,-161,-131,-101,-79,-79,-26,-34,-37,-44,-63,-48,-50,-78,-60,-92,-77,-69,-83,-73,-99
9.12000,-217,-222,-215,-205,-165,-210,-155,-150,-148,-100,-76,-85,-29,-45,-33,-48,-54,-47,-63,-84,-57,-94,-76,-72,-67,-71,-83
9.13067,-217,-232,-220,-202,-167,-217,-157,-146,-143,-96,-78,-76,-32,-36,-33,-45,-51,-45,-52,-80,-50,-97,-89,-67,-79,-51,-92
9.14133,-240,-228,-234,-208,-163,-213,-163,-146,-140,-103,-87,-79,-30,-28,-24,-44,-55,-47,-63,-65,-42,-90,-95,-66,-72,-56,-92
9.15200,-232,-218,-240,-202,-172,-218,-166,-163,-137,-97,-85,-75,-33,-40,-42,-27,-57,-63,-61,-49,-42,-84,-106,-85,-86,-76,-109
9.16267,-216,-232,-259,-196,-173,-221,-159,-157,-142,-93,-78,-75,-31,-34,-50,-25,-68,-57,-65,-60,-47,-91,-104,-65,-86,-75,-93
9.17333,-233,-241,-251,-218,-181,-213,-152,-160,-143,-101,-75,-78,-43,-25,-33,-39,-83,-62,-47,-57,-55,-101,-97,-68,-73,-61,-93
9.18400,-233,-227,-244,-217,-192,-219,-156,-164,-137,-106,-78,-69,-38,-41,-25,-43,-72,-49,-65,-64,-51,-102,-99,-73,-89,-60,-76
9.19467,-238,-260,-261,-215,-179,-215,-157,-157,-135,-95,-78,-70,-35,-45,-31,-47,-68,-46,-50,-74,-61,-96,-89,-56,-72,-58,-90
9.20533,-238,-243,-252,-214,-179,-216,-158,-155,-137,-109,-81,-66,-27,-49,-31,-36,-87,-48,-61,-71,-68,-96,-83,-78,-68,-66,-84
9.21600,-239,-237,-260,-212,-181,-216,-164,-165,-142,-95,-75,-71,-31,-40,-35,-34,-86,-65,-61,-66,-57,-100,-84,-78,-79,-76,-84
9.22667,-216,-252,-271,-218,-193,-229,-169,-166,-145,-95,-83,-74,-37,-35,-41,-40,-78,-38,-56,-65,-47,-100,-74,-59,-81,-79,-97
9.23733,-234,-242,-259,-212,-202,-228,-164,-163,-149,-103,-75,-70,-37,-38,-60,-47,-74,-41,-45,-55,-59,-101,-69,-67,-74,-81,-80
9.24800,-238,-218,-260,-212,-200,-226,-178,-151,-153,-120,-76,-76,-31,-46,-48,-34,-66,-61,-50,-60,-50,-96,-59,-91,-79,-67,-95
9.25867,-243,-229,-262,-205,-198,-230,-186,-163,-137,-113,-81,-66,-37,-55,-56,-37,-76,-51,-66,-48,-52,-100,-85,-82,-95,-58,-82
9.26933,-240,-248,-251,-210,-200,-234,-182,-164,-149,-103,-72,-71,-33,-38,-51,-48,-54,-57,-59,-52,-61,-104,-77,-75,-79,-62,-73
9.28000,-229,-259,-255,-232,-210,-231,-184,-164,-156,-98,-74,-78,-32,-47,-44,-46,-67,-39,-74,-65,-43,-87,-77,-57,-80,-66,-75
9.29067,-253,-242,-256,-227,-208,-210,-174,-157,-144,-102,-77,-82,-40,-45,-40,-44,-62,-36,-61,-70,-51,-97,-75,-62,-66,-76,-83
9.30133,-232,-217,-253,-215,-203,-229,-167,-157,-140,-106,-74,-78,-30,-41,-43,-42,-71,-35,-62,-61,-54,-92,-88,-71,-58,-76,-74
9.31200,-229,-243,-247,-213,-206,-223,-183,-161,-130,-95,-81,-77,-25,-41,-33,-35,-64,-54,-57,-58,-62,-74,-86,-69,-65,-77,-87
9.32267,-221,-238,-243,-235,-204,-226,-176,-150,-133,-96,-87,-70,-25,-46,-43,-33,-66,-63,-68,-55,-59,-77,-82,-58,-71,-82,-92
9.33333,-230,-241,-257,-232,-207,-230,-177,-151,-151,-96,-83,-79,-30,-49,-49,-43,-63,-55,-66,-68,-63,-90,-84,-54,-62,-86,-84
9.34400,-247,-238,-252,-209,-202,-217,-173,-174,-140,-107,-91,-83,-28,-38,-32,-39,-66,-49,-55,-77,-50,-105,-82,-60,-72,-85,-94
9.35467,-252,-241,-243,-234,-210,-216,-166,-169,-140,-113,-81,-68,-34,-27,-29,-42,-51,-51,-58,-81,-60,-100,-94,-41,-67,-75,-87
9.36533,-235,-240,-245,-218,-203,-211,-177,-167,-149,-111,-74,-65,-28,-33,-24,-38,-48,-65,-63,-64,-63,-78,-66,-49,-70,-82,-71
9.37600,-249,-255,-248,-226,-214,-218,-175,-171,-144,-110,-77,-66,-30,-43,-27,-50,-66,-64,-71,-58,-48,-80,-102,-59,-76,-86,-80
9.38667,-242,-278,-241,-220,-209,-229,-188,-167,-136,-108,-83,-63,-34,-38,-36,-41,-60,-34,-64,-69,-49,-96,-80,-59,-73,-112,-93
9.39733,-240,-271,-252,-218,-207,-232,-173,-156,-138,-116,-92,-63,-34,-28,-27,-30,-63,-64,-60,-58,-50,-103,-98,-64,-83,-69,-84
9.40800,-267,-262,-263,-223,-214,-229,-175,-163,-143,-102,-98,-62,-30,-39,-29,-30,-55,-58,-28,-61,-47,-93,-87,-63,-81,-59,-92
9.41867,-263,-271,-262,-228,-233,-221,-186,-169,-147,-106,-76,-60,-23,-32,-41,-34,-50,-46,-51,-54,-38,-89,-94,-62,-81,-77,-85
9.42933,-260,-278,-248,-228,-231,-229,-192,-170,-147,-97,-84,-49,-37,-17,-29,-33,-63,-33,-59,-44,-55,-72,-90,-43,-67,-77,-81
9.44000,-214,-271,-276,-235,-218,-244,-177,-164,-139,-91,-83,-56,-43,-31,-34,-29,-61,-43,-46,-59,-63,-87,-86,-58,-67,-69,-95
9.45067,-228,-288,-253,-227,-207,-246,-171,-166,-135,-92,-85,-59,-24,-30,-29,-36,-65,-43,-49,-57,-52,-81,-74,-67,-83,-70,-80
9.46133,-257,-273,-266,-218,-194,-236,-176,-167,-147,-107,-83,-59,-19,-30,-16,-36,-63,-46,-47,-44,-55,-78,-89,-76,-77,-78,-72
9.47200,-252,-247,-250,-227,-206,-235,-184,-155,-153,-107,-93,-65,-35,-40,-29,-38,-49,-48,-48,-51,-40,-89,-89,-53,-72,-78,-69
9.48267,-264,-261,-250,-222,-200,-237,-175,-177,-136,-113,-87,-68,-31,-34,-37,-44,-57,-68,-53,-62,-50,-93,-75,-48,-81,-79,-86
9.49333,-268,-273,-257,-210,-201,-237,-182,-183,-141,-102,-95,-78,-31,-37,-45,-34,-61,-50,-57,-58,-58,-77,-84,-52,-73,-72,-79
9.50400,-248,-279,-241,-221,-200,-239,-182,-169,-151,-106,-79,-73,-35,-26,-37,-39,-73,-47,-50,-39,-52,-83,-75,-77,-74,-64,-95
9.51467,-265,-256,-247,-239,-221,-229,-170,-166,-145,-90,-73,-70,-29,-53,-33,-34,-71,-52,-59,-43,-39,-71,-72,-73,-73,-59,-89
9.52533,-252,-292,-240,-229,-225,-228,-187,-158,-146,-100,-79,-76,-25,-40,-33,-49,-47,-42,-57,-50,-51,-83,-79,-55,-78,-65,-88
9.53600,-280,-262,-253,-241,-227,-235,-180,-174,-151,-105,-72,-65,-13,-39,-22,-57,-45,-44,-52,-54,-55,-80,-70,-53,-73,-68,-87
9.54667,-256,-265,-271,-231,-226,-234,-172,-170,-153,-111,-77,-72,-18,-47,-21,-35,-52,-33,-63,-47,-47,-77,-62,-68,-85,-82,-101
9.55733,-249,-282,-253,-237,-231,-251,-183,-173,-147,-101,-80,-62,-29,-35,-23,-21,-52,-39,-40,-59,-31,-81,-86,-93,-78,-78,-98
9.56800,-233,-282,-261,-251,-231,-255,-182,-167,-146,-105,-74,-64,-12,-35,-28,-39,-52,-38,-52,-60,-33,-82,-89,-77,-80,-82,-84
9.57867,-275,-267,-252,-245,-230,-255,-188,-166,-156,-110,-71,-57,-12,-40,-25,-19,-48,-45,-36,-45,-44,-80,-85,-62,-76,-83,-77
9.58933,-279,-274,-262,-241,-222,-255,-179,-166,-148,-114,-72,-59,-10,-35,-15,-22,-37,-42,-45,-43,-52,-76,-66,-70,-79,-69,-88
9.60000,-293,-290,-278,-252,-231,-256,-182,-171,-155,-99,-75,-65,-9,-26,-13,5,-54,-41,-48,-49,-48,-91,-73,-57,-84,-68,-98
9.61067,-276,-301,-295,-275,-233,-263,-195,-171,-152,-98,-73,-62,2,-13,-21,-20,-60,-18,-36,-45,-40,-85,-80,-49,-72,-69,-100
9.62133,-268,-279,-274,-268,-225,-262,-197,-173,-144,-107,-72,-62,-9,-9,-16,-9,-38,-21,-45,-56,-32,-104,-66,-63,-67,-68,-106
9.63200,-301,-292,-275,-267,-227,-249,-203,-180,-141,-99,-73,-50,-4,-9,-16,-9,-26,-22,-40,-47,-36,-86,-80,-73,-67,-69,-106
9.64267,-282,-309,-276,-281,-220,-252,-198,-172,-154,-98,-74,-52,-5,-7,-13,-24,-29,-18,-41,-44,-34,-74,-78,-65,-58,-53,-100
9.65333,-273,-300,-290,-267,-226,-248,-189,-172,-146,-99,-72,-48,-9,-1,-7,-20,-41,-38,-40,-51,-41,-62,-87,-61,-64,-63,-93
9.66400,-279,-324,-298,-261,-217,-258,-184,-183,-140,-93,-67,-55,-5,1,-10,-15,-41,-3,-27,-30,-43,-75,-72,-45,-78,-67,-87
9.67467,-288,-297,-303,-252,-230,-250,-185,-166,-148,-93,-66,-36,-1,-2,-3,0,-32,-15,-34,-30,-40,-56,-78,-37,-61,-73,-73
9.68533,-272,-296,-297,-249,-233,-248,-202,-169,-144,-84,-65,-30,4,-6,5,9,-21,-5,-17,-39,-29,-52,-64,-43,-57,-61,-84
9.69600,-285,-282,-307,-265,-227,-252,-187,-173,-142,-90,-62,-34,15,-13,7,10,-27,9,-11,-31,-23,-59,-70,-32,-50,-49,-64
9.70667,-301,-293,-291,-266,-236,-250,-182,-166,-148,-71,-51,-38,20,14,20,17,-1,13,-6,-12,-14,-59,-53,-17,-36,-27,-60
9.71733,-282,-283,-288,-262,-225,-252,-174,-163,-135,-77,-34,-24,28,19,28,26,-3,10,15,1,-13,-36,-29,1,-26,-30,-40
9.72800,-270,-268,-280,-261,-212,-237,-173,-147,-118,-65,-32,-8,31,28,42,42,8,16,14,15,9,-42,-6,15,1,-6,-38
9.73867,-255,-271,-286,-253,-211,-225,-167,-150,-104,-52,-19,10,54,44,68,55,37,36,25,42,37,-1,8,44,25,17,-5
9.74933,-266,-269,-271,-231,-194,-231,-156,-126,-99,-41,-4,30,73,70,88,87,60,65,59,71,74,35,44,46,46,49,39
9.76000,-259,-268,-252,-203,-187,-218,-121,-110,-72,-6,19,46,94,88,119,121,77,100,99,116,90,76,61,91,77,93,74
9.77067,-214,-237,-227,-192,-169,-186,-98,-87,-45,22,58,87,142,139,138,158,136,147,141,154,148,136,135,146,123,152,129
9.78133,-203,-225,-201,-170,-134,-162,-85,-52,-17,50,91,116,176,187,194,191,186,207,184,218,211,192,189,223,190,211,185
9.79200,-194,-187,-179,-148,-101,-137,-52,-23,23,93,132,162,227,230,238,259,245,278,266,275,270,258,269,288,269,285,252
9.80267,-155,-162,-145,-111,-71,-85,-9,15,68,133,186,215,282,291,314,322,319,344,346,368,374,347,349,368,359,370,355
9.81333,-126,-122,-99,-66,-35,-39,36,64,128,191,236,286,352,365,385,408,389,443,453,456,483,446,461,482,458,478,472
9.82400,-86,-95,-75,-38,25,8,90,134,187,256,311,361,428,460,491,507,513,532,552,575,594,573,568,586,600,619,586
9.83467,-79,-52,-40,17,77,64,145,194,247,332,393,444,524,544,589,616,634,671,687,700,719,705,712,731,756,766,740
9.84533,-17,-7,9,67,125,115,203,263,321,423,487,545,631,663,693,740,757,805,812,850,872,845,882,893,896,913,883
9.85600,41,19,46,103,182,181,271,331,406,506,557,649,732,768,805,865,887,921,953,995,1013,1006,1024,1056,1052,1062,1054
9.86667,90,79,102,175,240,240,352,414,478,597,659,738,834,877,927,987,996,1034,1098,1134,1170,1157,1179,1225,1207,1232,1212
9.87733,114,141,155,221,294,305,428,490,558,662,744,832,937,986,1029,1097,1130,1188,1238,1274,1314,1316,1318,1373,1362,1406,1372
9.88800,159,165,208,265,348,359,476,535,628,751,819,911,1025,1077,1145,1216,1242,1307,1364,1399,1436,1466,1478,1525,1536,1537,1531
9.89867,200,227,241,310,382,410,528,585,697,820,897,997,1106,1165,1234,1299,1347,1409,1458,1527,1561,1570,1604,1640,1648,1649,1657
9.90933,216,228,269,353,415,449,578,623,737,864,958,1061,1166,1228,1330,1381,1424,1490,1544,1610,1648,1665,1688,1734,1746,1759,1740
9.92000,217,252,293,376,445,467,617,671,777,898,1002,1095,1208,1290,1366,1434,1475,1561,1607,1661,1713,1721,1752,1796,1793,1831,1798
9.93067,232,275,314,400,452,482,613,683,794,913,1016,1108,1233,1292,1392,1454,1487,1581,1646,1697,1751,1749,1777,1835,1846,1856,1833
9.94133,241,293,317,386,460,483,611,681,783,906,1007,1099,1224,1295,1369,1438,1493,1588,1641,1684,1754,1749,1786,1834,1850,1848,1836
9.95200,235,282,290,352,427,464,601,662,765,893,982,1084,1195,1273,1349,1411,1467,1549,1595,1654,1707,1734,1751,1807,1791,1805,1795
9.96267,203,256,269,333,396,453,566,650,739,865,942,1054,1155,1223,1298,1372,1419,1496,1543,1608,1626,1665,1685,1730,1733,1743,1728
9.97333,188,217,236,325,367,410,517,607,700,799,893,997,1096,1165,1242,1291,1342,1402,1465,1501,1559,1565,1592,1636,1633,1649,1620
9.98400,156,174,203,282,333,363,478,544,637,743,841,918,1013,1090,1155,1209,1259,1323,1365,1412,1450,1469,1495,1509,1521,1548,1513
9.99467,116,147,180,241,317,337,421,498,577,675,772,836,943,1000,1052,1112,1151,1219,1257,1299,1317,1337,1366,1389,1399,1406,1387
10.00533,72,108,135,202,265,267,366,437,494,616,696,739,854,897,962,1000,1041,1094,1129,1161,1198,1204,1219,1260,1276,1271,1261
10.01600,45,56,96,157,192,211,310,356,438,544,610,652,771,793,851,881,928,986,1017,1050,1083,1076,1091,1125,1144,1126,1110
10.02667,25,14,53,114,148,167,263,296,373,474,533,589,669,703,753,792,788,847,884,911,959,933,952,983,994,988,965
10.03733,-14,-25,12,54,113,96,193,228,303,383,452,496,586,606,636,694,694,719,768,793,815,797,829,845,847,863,846
10.04800,-42,-45,-46,-4,64,55,138,178,255,320,386,415,504,518,562,608,601,632,658,673,686,684,703,722,728,730,717
10.05867,-72,-81,-82,-27,16,14,85,126,187,265,310,351,433,457,472,515,499,531,558,571,595,574,598,611,625,607,598
10.06933,-133,-113,-116,-76,-35,-33,51,75,119,198,249,290,354,374,398,424,417,442,469,491,497,466,493,501,524,517,508
10.08000,-150,-156,-146,-94,-51,-87,8,35,75,152,200,235,314,313,342,357,352,383,394,401,415,373,400,411,419,410,406
10.09067,-166,-172,-178,-124,-85,-125,-32,-2,48,121,161,191,262,257,290,297,292,315,323,336,345,310,324,338,333,338,323
10.10133,-187,-197,-205,-149,-114,-134,-58,-27,17,72,127,159,215,196,235,239,221,250,262,268,269,233,264,266,264,267,248
10.11200,-206,-191,-214,-155,-115,-152,-86,-67,-16,38,87,126,175,163,185,192,173,193,218,220,220,188,199,208,218,205,196
10.12267,-240,-223,-231,-176,-149,-182,-117,-90,-35,18,60,83,154,145,162,152,141,164,173,178,176,133,150,171,185,145,135
10.13333,-231,-237,-240,-203,-159,-188,-118,-86,-65,-13,37,59,121,109,122,129,117,133,138,123,140,93,98,122,117,119,104
10.14400,-234,-237,-245,-208,-180,-195,-125,-120,-80,-35,14,46,100,91,100,95,90,114,114,101,99,58,82,103,76,77,76
10.15467,-253,-247,-261,-213,-184,-211,-152,-138,-88,-33,-7,21,80,65,76,78,67,88,77,53,94,36,56,60,65,49,43
10.16533,-249,-252,-279,-215,-191,-214,-165,-148,-95,-59,-18,-1,70,46,53,77,49,77,53,37,43,15,38,40,38,39,20
10.17600,-260,-280,-272,-224,-195,-231,-180,-147,-118,-69,-33,-4,53,33,46,52,31,64,49,43,39,0,14,29,9,12,-6
10.18667,-288,-280,-276,-250,-205,-235,-184,-149,-135,-65,-26,-17,42,38,27,40,9,27,23,21,28,-14,-33,26,1,-13,-7
10.19733,-300,-299,-269,-244,-226,-244,-185,-152,-132,-82,-36,-15,29,31,25,25,6,11,22,10,2,-16,-52,3,-8,-31,-30
10.20800,-299,-290,-270,-251,-233,-246,-185,-161,-139,-86,-45,-28,10,17,25,9,0,-1,9,3,-3,-36,-42,-12,-23,-40,-43
10.21867,-282,-311,-302,-260,-231,-260,-193,-180,-135,-86,-58,-22,3,22,16,6,-15,3,7,-28,-4,-35,-50,-15,-39,-45,-64
10.22933,-280,-308,-308,-285,-215,-250,-187,-187,-146,-77,-56,-47,0,2,4,-1,-27,-20,-19,-30,-19,-52,-49,-33,-34,-38,-77
10.24000,-310,-312,-301,-283,-221,-250,-188,-191,-138,-87,-63,-45,-4,-6,8,5,-25,-2,-27,-28,-31,-60,-60,-52,-40,-34,-79
10.25067,-310,-318,-304,-266,-235,-243,-191,-189,-137,-91,-56,-45,3,-12,3,-10,-31,-12,-26,-30,-23,-62,-64,-56,-55,-41,-84
10.26133,-304,-304,-315,-284,-244,-260,-195,-189,-152,-97,-61,-56,2,-21,-6,-3,-40,-16,-31,-31,-41,-68,-63,-57,-47,-49,-67
10.27200,-296,-319,-310,-280,-242,-265,-206,-187,-161,-98,-58,-66,3,-13,-4,-10,-34,-14,-31,-36,-40,-62,-62,-60,-55,-48,-74
10.28267,-289,-294,-302,-287,-238,-265,-210,-177,-162,-97,-76,-64,2,-21,-13,-8,-33,-15,-39,-39,-44,-71,-77,-45,-73,-75,-79
10.29333,-294,-305,-292,-284,-254,-268,-219,-190,-151,-108,-81,-56,1,-9,-7,-12,-28,-26,-44,-42,-51,-69,-72,-62,-67,-76,-76
10.30400,-275,-294,-272,-278,-251,-259,-203,-189,-157,-107,-75,-55,4,-22,-23,-17,-32,-22,-39,-47,-22,-74,-75,-57,-61,-63,-76
10.31467,-280,-291,-293,-269,-260,-274,-217,-185,-162,-108,-78,-44,-7,-26,-25,3,-38,-30,-30,-34,-24,-92,-66,-46,-69,-74,-89
10.32533,-280,-305,-293,-278,-252,-282,-198,-190,-159,-97,-82,-53,-2,-10,-22,-2,-51,-43,-50,-44,-48,-97,-82,-63,-77,-76,-95
10.33600,-286,-310,-300,-274,-254,-270,-190,-187,-149,-89,-80,-57,-16,-10,-23,-12,-56,-47,-45,-46,-40,-88,-83,-60,-67,-58,-99
10.34667,-290,-316,-301,-268,-252,-270,-202,-191,-157,-94,-83,-73,-23,-18,-41,-13,-58,-40,-26,-58,-37,-73,-85,-57,-80,-80,-97
10.35733,-290,-318,-303,-260,-248,-280,-195,-182,-155,-89,-76,-68,-23,-15,-25,-12,-46,-38,-41,-59,-37,-70,-71,-54,-69,-75,-86
10.36800,-297,-316,-290,-279,-235,-277,-196,-197,-163,-100,-92,-64,-15,-21,-18,-18,-52,-36,-31,-54,-45,-75,-72,-57,-68,-78,-93
10.37867,-312,-318,-281,-278,-231,-278,-198,-192,-168,-100,-83,-68,-9,-20,-21,-34,-42,-51,-31,-44,-39,-77,-84,-61,-75,-68,-82
10.38933,-281,-294,-280,-281,-243,-275,-211,-189,-167,-93,-75,-65,-15,-31,-38,-34,-51,-40,-44,-42,-58,-84,-83,-61,-73,-71,-90
10.40000,-321,-300,-288,-259,-240,-277,-214,-180,-165,-88,-82,-65,-22,-17,-21,-20,-48,-34,-49,-49,-57,-82,-83,-73,-75,-72,-103
10.41067,-326,-307,-287,-263,-251,-261,-211,-188,-146,-100,-83,-64,-21,-35,-22,-26,-58,-51,-54,-46,-48,-81,-104,-70,-64,-70,-104
10.42133,-314,-303,-287,-254,-254,-275,-218,-191,-165,-106,-83,-62,-16,-31,-28,-26,-55,-42,-59,-51,-44,-97,-86,-53,-60,-80,-109
10.43200,-309,-294,-309,-260,-248,-267,-217,-197,-159,-113,-84,-65,-17,-39,-28,-17,-56,-28,-55,-41,-48,-97,-83,-52,-69,-84,-95
10.44267,-306,-298,-318,-257,-254,-285,-211,-205,-156,-104,-81,-57,-17,-33,-17,-32,-59,-36,-49,-36,-51,-95,-78,-64,-79,-92,-93
10.45333,-316,-310,-302,-259,-255,-272,-201,-188,-170,-105,-92,-55,-18,-26,-14,-18,-58,-40,-54,-51,-43,-87,-90,-64,-87,-64,-101
10.46400,-296,-300,-296,-272,-266,-277,-199,-184,-163,-101,-82,-57,-11,-18,-30,-17,-60,-38,-55,-56,-58,-77,-86,-61,-75,-74,-86
10.47467,-328,-292,-292,-286,-264,-277,-198,-197,-165,-112,-91,-71,-22,-31,-34,-32,-62,-30,-51,-49,-79,-87,-85,-60,-88,-81,-95
10.48533,-329,-300,-304,-275,-249,-269,-181,-187,-166,-117,-87,-79,-14,-26,-38,-19,-55,-37,-45,-58,-54,-97,-100,-57,-106,-56,-104
10.49600,-303,-299,-284,-284,-247,-264,-208,-182,-161,-109,-95,-60,-24,-31,-26,-21,-45,-39,-43,-48,-52,-93,-92,-62,-80,-67,-76
10.50667,-297,-302,-302,-274,-265,-282,-215,-192,-161,-104,-83,-64,-17,-41,-28,-37,-46,-33,-49,-42,-44,-93,-89,-56,-70,-61,-82
10.51733,-278,-310,-300,-275,-236,-282,-204,-192,-161,-116,-85,-60,-14,-27,-30,-30,-59,-46,-44,-49,-56,-90,-75,-63,-66,-79,-83
10.52800,-291,-313,-322,-270,-242,-288,-217,-197,-167,-120,-80,-49,-15,-37,-26,-38,-52,-38,-48,-54,-37,-94,-77,-68,-93,-75,-99
10.53867,-295,-320,-321,-259,-249,-284,-201,-209,-162,-117,-99,-52,-14,-24,-29,-35,-42,-50,-63,-58,-46,-93,-103,-61,-97,-74,-99
10.54933,-293,-314,-317,-263,-257,-299,-214,-212,-164,-117,-92,-57,-15,-20,-31,-29,-35,-45,-51,-46,-45,-89,-95,-70,-107,-78,-111
10.56000,-281,-330,-316,-283,-269,-300,-222,-207,-163,-115,-89,-59,-19,-26,-17,-26,-57,-36,-52,-41,-50,-84,-101,-74,-96,-81,-113
10.57067,-288,-326,-314,-269,-275,-298,-215,-212,-169,-118,-85,-53,-19,-21,-19,-6,-57,-30,-46,-37,-51,-95,-103,-75,-92,-79,-112
10.58133,-303,-354,-290,-285,-282,-284,-222,-201,-185,-117,-84,-56,-22,-25,-23,-25,-53,-39,-48,-51,-51,-81,-102,-71,-77,-79,-114
10.59200,-306,-331,-326,-280,-262,-286,-221,-205,-185,-114,-91,-67,-15,-20,-24,-25,-52,-39,-37,-60,-58,-89,-89,-75,-75,-81,-114
10.60267,-319,-323,-331,-289,-279,-285,-231,-190,-181,-118,-82,-62,-25,-32,-18,2,-60,-39,-25,-64,-55,-79,-93,-67,-91,-80,-110
10.61333,-316,-323,-329,-281,-267,-285,-229,-196,-179,-117,-82,-55,-11,-21,-13,-15,-35,-36,-38,-62,-58,-67,-101,-94,-79,-101,-108
10.62400,-341,-351,-333,-283,-260,-293,-233,-194,-193,-107,-81,-67,-13,-22,-14,-13,-36,-20,-26,-49,-55,-97,-111,-76,-83,-92,-114
10.63467,-337,-348,-331,-286,-280,-295,-226,-211,-190,-126,-79,-75,-7,-25,-17,-25,-45,-32,-43,-49,-58,-97,-94,-93,-81,-94,-115
10.64533,-315,-357,-324,-303,-276,-293,-227,-201,-168,-110,-79,-72,-20,-23,-15,-28,-37,-39,-55,-41,-52,-85,-111,-74,-91,-99,-116
10.65600,-308,-316,-313,-301,-261,-292,-221,-200,-173,-119,-75,-74,-18,-28,-17,-28,-47,-41,-47,-52,-35,-91,-94,-78,-85,-93,-106
10.66667,-312,-329,-333,-309,-265,-286,-224,-191,-169,-123,-89,-64,-22,-18,-26,-30,-48,-23,-59,-68,-53,-96,-87,-77,-100,-89,-97
10.67733,-295,-315,-324,-303,-279,-287,-213,-202,-152,-118,-82,-73,-36,-22,-34,-23,-37,-25,-64,-64,-46,-79,-85,-73,-77,-88,-108
10.68800,-306,-306,-326,-284,-282,-281,-214,-192,-160,-116,-84,-64,-31,-26,-27,-29,-43,-39,-62,-58,-49,-89,-85,-83,-81,-81,-102
10.69867,-295,-319,-318,-287,-261,-283,-213,-198,-164,-109,-84,-61,-21,-30,-33,-37,-48,-40,-49,-52,-71,-75,-76,-68,-88,-82,-99
10.70933,-324,-323,-330,-292,-249,-298,-218,-206,-172,-114,-88,-69,-21,-28,-35,-44,-40,-31,-47,-56,-44,-83,-90,-60,-88,-86,-99
10.72000,-282,-318,-333,-290,-265,-287,-207,-204,-166,-99,-89,-60,-22,-32,-23,-36,-44,-35,-43,-60,-59,-103,-90,-71,-78,-85,-104
10.73067,-306,-317,-336,-285,-276,-290,-225,-204,-168,-106,-88,-51,-27,-26,-18,-24,-50,-42,-41,-46,-50,-97,-69,-91,-74,-87,-110
10.74133,-321,-328,-331,-285,-274,-290,-226,-211,-175,-108,-81,-53,-24,-25,-23,-24,-53,-28,-63,-59,-39,-98,-82,-75,-76,-97,-120
10.75200,-318,-336,-343,-296,-264,-284,-226,-206,-178,-123,-86,-61,-36,-31,-28,-22,-59,-45,-67,-55,-45,-123,-105,-80,-85,-90,-113
10.76267,-315,-328,-324,-295,-269,-274,-220,-194,-182,-124,-73,-67,-24,-31,-26,-36,-62,-47,-65,-63,-42,-102,-78,-74,-88,-97,-122
10.77333,-315,-336,-325,-292,-281,-281,-222,-199,-183,-125,-75,-68,-30,-40,-30,-36,-61,-48,-59,-62,-54,-93,-80,-72,-81,-95,-104
10.78400,-316,-320,-321,-267,-276,-293,-223,-201,-175,-119,-78,-72,-34,-42,-19,-30,-62,-46,-45,-71,-64,-100,-88,-88,-72,-95,-102
10.79467,-299,-321,-318,-288,-281,-292,-236,-199,-163,-126,-89,-81,-22,-43,-36,-12,-68,-47,-40,-58,-52,-112,-109,-81,-71,-101,-82
10.80533,-324,-337,-337,-281,-257,-284,-236,-200,-171,-112,-88,-81,-23,-32,-37,-20,-48,-38,-50,-54,-48,-95,-108,-74,-78,-83,-99
10.81600,-313,-333,-322,-292,-255,-284,-204,-199,-176,-117,-83,-76,-34,-29,-32,-41,-60,-44,-62,-63,-53,-103,-106,-65,-92,-88,-107
10.82667,-317,-329,-312,-282,-266,-280,-200,-204,-180,-125,-92,-68,-35,-17,-20,-28,-62,-48,-40,-79,-50,-92,-97,-72,-88,-84,-107
10.83733,-299,-334,-314,-279,-259,-272,-211,-206,-193,-111,-91,-73,-19,-33,-31,-19,-57,-55,-40,-67,-60,-99,-109,-83,-96,-95,-104
10.84800,-319,-335,-307,-290,-254,-296,-221,-210,-179,-119,-89,-81,-22,-40,-21,-33,-58,-48,-52,-65,-70,-90,-118,-94,-79,-95,-106
10.85867,-319,-304,-322,-295,-264,-282,-226,-204,-174,-123,-89,-85,-30,-46,-25,-34,-53,-33,-59,-76,-63,-92,-100,-101,-93,-108,-111
10.86933,-316,-325,-328,-291,-275,-275,-220,-197,-178,-112,-94,-69,-32,-56,-28,-35,-83,-34,-52,-70,-65,-106,-87,-85,-84,-89,-106
10.88000,-306,-318,-312,-280,-268,-287,-234,-209,-178,-128,-99,-77,-35,-47,-34,-38,-63,-45,-53,-75,-53,-101,-91,-67,-93,-92,-118
10.89067,-335,-323,-323,-286,-276,-290,-223,-214,-178,-125,-96,-64,-19,-47,-34,-29,-58,-50,-57,-78,-46,-110,-90,-85,-85,-79,-116
10.90133,-331,-353,-336,-287,-271,-277,-224,-202,-175,-126,-94,-73,-27,-39,-34,-31,-52,-37,-59,-89,-39,-112,-99,-72,-94,-82,-114
10.91200,-339,-346,-334,-285,-265,-289,-223,-207,-174,-126,-93,-73,-31,-44,-35,-30,-62,-39,-32,-73,-54,-125,-103,-84,-99,-75,-110
10.92267,-339,-348,-334,-278,-277,-288,-229,-218,-176,-128,-95,-59,-33,-31,-24,-46,-33,-47,-43,-77,-57,-111,-81,-87,-100,-94,-115
10.93333,-323,-348,-327,-296,-270,-280,-230,-207,-183,-131,-94,-62,-38,-20,-13,-31,-43,-48,-54,-69,-46,-121,-90,-93,-97,-86,-105
10.94400,-315,-336,-327,-308,-271,-302,-218,-199,-176,-129,-100,-73,-33,-34,-17,-44,-47,-54,-52,-77,-46,-128,-106,-81,-101,-88,-98
10.95467,-311,-327,-335,-310,-279,-297,-228,-202,-176,-136,-95,-65,-32,-39,-25,-49,-44,-44,-49,-78,-42,-124,-99,-97,-90,-94,-100
10.96533,-334,-333,-334,-322,-270,-289,-232,-200,-177,-130,-95,-73,-25,-26,-23,-40,-56,-55,-46,-63,-52,-114,-109,-83,-86,-86,-93
10.97600,-300,-321,-339,-305,-268,-297,-233,-210,-177,-133,-80,-69,-34,-25,-26,-44,-41,-36,-40,-55,-55,-111,-101,-91,-93,-98,-92
10.98667,-310,-329,-332,-284,-260,-300,-233,-210,-187,-127,-92,-79,-31,-34,-32,-53,-46,-42,-40,-56,-77,-97,-89,-89,-95,-95,-112
10.99733,-290,-339,-333,-283,-276,-299,-225,-211,-183,-132,-97,-68,-10,-23,-30,-27,-62,-53,-51,-60,-65,-99,-99,-92,-96,-112,-116
11.00800,-309,-347,-328,-300,-288,-300,-225,-211,-178,-120,-92,-74,-18,-34,-27,-30,-58,-50,-54,-62,-53,-114,-100,-96,-85,-109,-105
11.01867,-318,-333,-341,-305,-278,-308,-234,-208,-185,-109,-107,-77,-15,-41,-4,-28,-61,-54,-60,-58,-65,-104,-107,-90,-104,-92,-104
11.02933,-326,-321,-321,-319,-269,-293,-234,-203,-180,-123,-103,-76,-16,-34,-15,-45,-55,-54,-75,-39,-60,-103,-80,-89,-109,-79,-116
11.04000,-330,-308,-324,-298,-276,-296,-244,-203,-185,-120,-87,-62,-25,-38,-19,-46,-39,-62,-52,-66,-65,-101,-100,-91,-101,-83,-110
11.05067,-330,-290,-332,-304,-280,-285,-234,-208,-179,-125,-86,-67,-32,-38,-29,-45,-37,-60,-65,-68,-67,-99,-111,-89,-106,-83,-129
11.06133,-341,-309,-342,-310,-279,-295,-222,-199,-177,-129,-97,-73,-32,-33,-23,-35,-47,-61,-63,-68,-67,-111,-119,-92,-108,-83,-110
11.07200,-330,-322,-321,-306,-280,-292,-227,-202,-186,-130,-90,-66,-31,-38,-39,-39,-53,-57,-55,-61,-63,-121,-113,-82,-109,-98,-113
11.08267,-313,-325,-333,-301,-273,-291,-237,-207,-183,-126,-101,-78,-41,-33,-43,-47,-46,-48,-53,-39,-50,-103,-107,-81,-84,-94,-103
11.09333,-345,-312,-322,-279,-275,-281,-224,-203,-175,-128,-98,-65,-35,-31,-36,-36,-56,-46,-65,-51,-49,-99,-99,-82,-100,-101,-117
11.10400,-338,-323,-344,-295,-279,-296,-228,-214,-173,-134,-104,-69,-31,-44,-23,-28,-71,-53,-72,-41,-67,-100,-108,-65,-100,-104,-119
11.11467,-320,-341,-341,-290,-260,-297,-218,-203,-177,-117,-93,-83,-17,-39,-38,-35,-74,-53,-80,-45,-69,-106,-102,-75,-101,-90,-139
11.12533,-310,-318,-323,-302,-274,-293,-222,-210,-183,-127,-99,-92,-29,-42,-32,-46,-66,-55,-65,-66,-79,-98,-101,-60,-102,-101,-127
11.13600,-313,-325,-331,-290,-278,-297,-225,-211,-188,-123,-84,-81,-24,-37,-27,-39,-73,-56,-65,-59,-53,-98,-87,-80,-87,-97,-121
11.14667,-333,-335,-322,-295,-282,-296,-224,-221,-185,-127,-97,-67,-32,-41,-30,-38,-57,-59,-66,-65,-71,-104,-108,-83,-101,-93,-133
11.15733,-312,-344,-340,-297,-283,-299,-225,-224,-189,-126,-100,-84,-21,-46,-33,-31,-62,-60,-79,-55,-83,-90,-99,-76,-95,-98,-136
11.16800,-309,-359,-331,-307,-279,-307,-228,-216,-185,-128,-110,-70,-32,-36,-32,-25,-50,-52,-80,-55,-72,-112,-90,-79,-87,-104,-116
11.17867,-324,-344,-338,-305,-287,-307,-236,-218,-192,-136,-102,-65,-32,-39,-26,-29,-44,-59,-78,-50,-82,-108,-98,-80,-89,-99,-114
11.18933,-339,-332,-337,-296,-279,-299,-244,-220,-184,-130,-96,-70,-32,-28,-45,-53,-62,-52,-70,-78,-80,-101,-89,-83,-81,-102,-110
11.20000,-333,-345,-326,-305,-277,-304,-223,-227,-187,-136,-91,-73,-31,-38,-36,-30,-50,-59,-63,-78,-64,-107,-105,-79,-68,-102,-111
11.21067,-316,-350,-333,-279,-276,-289,-230,-220,-193,-131,-95,-75,-44,-22,-35,-31,-59,-53,-55,-57,-47,-104,-92,-68,-96,-106,-114
11.22133,-327,-345,-352,-287,-264,-305,-227,-209,-191,-148,-92,-77,-35,-29,-25,-30,-58,-56,-64,-73,-61,-103,-115,-84,-91,-89,-109
11.23200,-321,-341,-354,-289,-281,-301,-236,-213,-179,-129,-98,-73,-20,-31,-30,-28,-77,-40,-58,-67,-57,-97,-118,-92,-76,-101,-123
11.24267,-322,-325,-338,-297,-285,-299,-228,-225,-175,-128,-110,-73,-23,-26,-27,-49,-92,-53,-59,-69,-64,-103,-108,-89,-88,-93,-111
11.25333,-323,-337,-339,-303,-283,-299,-222,-219,-184,-138,-106,-73,-28,-30,-17,-28,-59,-48,-62,-61,-65,-96,-99,-92,-98,-101,-110
11.26400,-295,-325,-337,-310,-285,-301,-231,-204,-190,-132,-104,-72,-19,-17,-25,-29,-59,-55,-62,-58,-70,-95,-104,-102,-90,-93,-119
11.27467,-298,-350,-336,-311,-275,-307,-224,-200,-185,-137,-105,-68,-31,-30,-35,-21,-50,-46,-53,-63,-74,-96,-100,-100,-94,-100,-114
11.28533,-295,-347,-332,-316,-282,-285,-224,-206,-177,-130,-104,-76,-28,-28,-31,-27,-64,-45,-58,-60,-71,-93,-97,-93,-93,-106,-112
11.29600,-324,-331,-339,-306,-296,-299,-235,-220,-183,-128,-97,-81,-23,-36,-33,-40,-62,-47,-53,-66,-74,-110,-104,-89,-92,-106,-115
11.30667,-313,-329,-321,-306,-288,-294,-240,-213,-174,-114,-95,-79,-9,-31,-35,-21,-59,-42,-47,-74,-67,-112,-111,-99,-98,-90,-113
11.31733,-307,-351,-340,-313,-285,-307,-231,-226,-189,-121,-94,-73,-16,-44,-20,-44,-52,-49,-50,-64,-82,-105,-101,-107,-85,-100,-113
11.32800,-299,-316,-347,-312,-284,-302,-235,-217,-184,-131,-105,-69,-17,-43,-13,-45,-49,-52,-60,-59,-85,-105,-96,-93,-96,-92,-111
11.33867,-310,-337,-338,-299,-276,-296,-237,-220,-184,-131,-103,-77,-33,-36,-33,-40,-58,-38,-62,-70,-70,-118,-87,-86,-114,-100,-104
11.34933,-325,-345,-336,-306,-291,-287,-223,-229,-187,-135,-100,-84,-32,-37,-30,-34,-65,-46,-62,-66,-63,-100,-100,-91,-106,-85,-114
11.36000,-340,-339,-338,-309,-278,-305,-237,-218,-186,-135,-97,-76,-31,-33,-37,-35,-66,-28,-63,-58,-75,-85,-107,-94,-99,-92,-100
11.37067,-357,-348,-346,-315,-295,-301,-233,-225,-197,-137,-93,-79,-32,-28,-33,-43,-73,-34,-61,-59,-64,-115,-105,-90,-104,-90,-113
11.38133,-329,-328,-345,-315,-284,-307,-243,-216,-190,-132,-94,-77,-12,-48,-22,-50,-63,-33,-67,-57,-63,-119,-107,-109,-110,-93,-119
11.39200,-336,-341,-348,-304,-287,-312,-245,-208,-200,-127,-99,-76,-26,-47,-26,-43,-58,-21,-65,-65,-56,-120,-107,-110,-97,-89,-121
11.40267,-348,-331,-357,-314,-293,-315,-255,-210,-199,-122,-98,-78,-35,-44,-18,-39,-59,-35,-67,-74,-69,-115,-102,-98,-103,-101,-112
11.41333,-342,-360,-360,-316,-295,-316,-235,-210,-196,-136,-100,-77,-27,-26,-11,-29,-51,-45,-58,-63,-73,-111,-89,-88,-118,-99,-112
11.42400,-356,-355,-373,-323,-300,-326,-245,-220,-191,-130,-97,-71,-19,-13,-27,-35,-55,-40,-67,-77,-69,-105,-99,-89,-101,-94,-121
11.43467,-335,-356,-372,-327,-310,-322,-245,-224,-184,-134,-103,-66,-25,-19,-21,-39,-55,-33,-51,-65,-73,-103,-105,-61,-101,-85,-106
11.44533,-359,-341,-358,-324,-288,-318,-245,-224,-191,-134,-93,-57,-29,-21,-25,-24,-46,-35,-55,-65,-65,-109,-110,-81,-109,-90,-111
11.45600,-332,-346,-358,-334,-294,-327,-243,-225,-186,-129,-91,-64,-22,-26,-24,-27,-51,-45,-50,-64,-63,-105,-109,-98,-111,-100,-114
11.46667,-342,-363,-359,-335,-307,-322,-248,-221,-188,-123,-85,-67,-29,-28,-19,-25,-40,-40,-55,-79,-64,-110,-102,-92,-95,-100,-118
11.47733,-314,-366,-354,-312,-310,-327,-252,-235,-191,-121,-82,-65,-23,-27,-20,-31,-43,-41,-52,-58,-52,-106,-94,-86,-87,-93,-120
11.48800,-325,-383,-351,-321,-306,-333,-251,-228,-192,-140,-79,-61,-16,-26,-25,-11,-40,-19,-56,-57,-64,-114,-98,-90,-93,-114,-128
11.49867,-339,-371,-349,-326,-303,-322,-254,-229,-193,-140,-97,-66,-13,-25,-14,-25,-43,-55,-59,-64,-69,-110,-100,-87,-104,-96,-116
11.50933,-363,-375,-358,-326,-298,-331,-249,-228,-193,-131,-93,-66,-21,-35,-26,-20,-59,-35,-56,-55,-56,-103,-118,-92,-109,-104,-117
11.52000,-344,-374,-360,-331,-291,-319,-251,-222,-192,-125,-86,-70,-17,-33,-12,-28,-59,-35,-48,-32,-55,-115,-96,-97,-104,-106,-111
11.53067,-355,-373,-356,-323,-303,-318,-246,-213,-187,-132,-94,-64,-21,-32,-17,-31,-57,-37,-40,-46,-55,-107,-109,-101,-92,-97,-115
11.54133,-348,-368,-351,-327,-294,-318,-236,-217,-183,-118,-78,-70,-11,-38,-8,-23,-51,-33,-43,-48,-53,-91,-97,-91,-88,-98,-96
11.55200,-355,-361,-336,-337,-306,-305,-226,-226,-181,-114,-94,-72,-22,-34,-23,-40,-47,-28,-46,-65,-59,-108,-110,-96,-85,-103,-105
11.56267,-331,-350,-344,-323,-300,-313,-242,-220,-198,-114,-90,-67,-12,-42,-20,-30,-59,-33,-56,-74,-57,-102,-107,-94,-90,-103,-107
11.57333,-357,-352,-339,-312,-289,-311,-241,-227,-189,-117,-94,-64,-11,-25,-30,-41,-66,-26,-50,-69,-70,-96,-88,-82,-94,-101,-118
11.58400,-339,-365,-341,-316,-282,-313,-236,-228,-188,-129,-93,-67,-12,-33,-20,-36,-55,-28,-54,-57,-55,-95,-87,-75,-107,-98,-120
11.59467,-341,-345,-340,-315,-284,-310,-240,-216,-189,-121,-96,-78,-22,-29,-20,-32,-60,-38,-54,-77,-60,-102,-94,-96,-114,-96,-114
11.60533,-336,-357,-340,-318,-287,-305,-240,-220,-179,-122,-101,-65,-20,-26,-23,-40,-61,-33,-51,-78,-59,-95,-92,-87,-104,-120,-124
11.61600,-314,-359,-344,-312,-295,-312,-239,-228,-184,-139,-98,-72,-14,-35,-22,-27,-55,-36,-52,-77,-58,-110,-102,-97,-101,-94,-125
11.62667,-333,-356,-346,-322,-283,-302,-240,-219,-178,-135,-88,-72,-26,-31,-30,-19,-59,-54,-58,-59,-62,-128,-101,-74,-95,-111,-112
11.63733,-332,-355,-348,-322,-285,-301,-246,-214,-176,-140,-91,-55,-19,-37,-12,-31,-66,-53,-54,-52,-66,-110,-100,-81,-102,-108,-112
11.64800,-352,-347,-361,-308,-294,-313,-234,-215,-179,-137,-93,-58,-14,-35,-21,-26,-60,-42,-44,-55,-58,-104,-89,-84,-101,-115,-111
11.65867,-348,-370,-354,-328,-305,-314,-254,-226,-188,-134,-105,-60,-18,-36,-18,-22,-61,-38,-50,-61,-57,-91,-110,-95,-105,-99,-119
11.66933,-346,-349,-355,-342,-285,-317,-244,-226,-190,-131,-102,-66,-27,-38,-23,-28,-61,-45,-48,-64,-42,-94,-108,-96,-94,-102,-127
11.68000,-358,-352,-352,-320,-296,-314,-249,-220,-189,-134,-97,-68,-27,-40,-23,-33,-54,-42,-64,-63,-55,-93,-96,-101,-98,-95,-138
11.69067,-340,-367,-360,-314,-294,-309,-246,-224,-190,-135,-104,-69,-11,-42,-26,-28,-42,-43,-42,-65,-72,-111,-87,-96,-104,-114,-127
11.70133,-361,-370,-338,-308,-310,-317,-254,-210,-185,-139,-119,-69,-11,-32,-15,-14,-47,-38,-52,-68,-57,-98,-96,-93,-109,-102,-118
11.71200,-349,-354,-340,-295,-300,-313,-262,-216,-193,-135,-108,-73,-21,-35,-30,-31,-39,-38,-54,-49,-69,-91,-96,-72,-105,-105,-122
11.72267,-350,-352,-351,-307,-292,-310,-267,-220,-189,-152,-105,-78,-23,-37,-26,-34,-55,-37,-47,-52,-80,-104,-113,-90,-103,-95,-125
11.73333,-339,-348,-359,-306,-293,-319,-250,-218,-201,-156,-88,-73,-30,-29,-18,-37,-52,-56,-44,-62,-66,-93,-104,-88,-104,-81,-111
11.74400,-331,-355,-356,-316,-282,-311,-246,-215,-192,-135,-89,-78,-33,-28,-21,-34,-49,-52,-40,-66,-59,-97,-95,-89,-103,-89,-111
11.75467,-329,-353,-354,-314,-295,-321,-243,-216,-191,-135,-94,-79,-37,-34,-15,-27,-55,-49,-37,-60,-62,-116,-118,-91,-97,-103,-117
11.76533,-333,-347,-359,-338,-292,-310,-246,-225,-187,-135,-96,-85,-27,-30,-26,-28,-55,-47,-45,-65,-53,-117,-113,-84,-98,-98,-114
11.77600,-347,-336,-351,-317,-274,-327,-251,-229,-184,-133,-106,-82,-7,-21,-26,-30,-46,-47,-46,-72,-57,-91,-104,-80,-102,-103,-106
11.78667,-335,-342,-343,-325,-283,-325,-239,-235,-197,-136,-104,-81,-21,-29,-15,-35,-53,-41,-47,-73,-47,-107,-110,-74,-110,-121,-107
11.79733,-335,-343,-340,-311,-289,-317,-242,-235,-190,-132,-107,-82,-28,-27,-6,-36,-49,-34,-47,-77,-59,-89,-93,-73,-112,-106,-118
11.80800,-328,-345,-356,-298,-290,-312,-238,-223,-186,-126,-93,-79,-38,-17,-17,-35,-53,-44,-47,-78,-59,-110,-101,-72,-104,-107,-111
11.81867,-320,-346,-339,-311,-292,-302,-245,-225,-197,-136,-99,-78,-44,-35,-8,-37,-47,-43,-54,-77,-67,-112,-102,-73,-115,-112,-106
11.82933,-324,-343,-322,-306,-286,-305,-239,-204,-181,-137,-88,-77,-39,-39,-18,-38,-63,-55,-44,-68,-62,-111,-104,-96,-108,-103,-113
11.84000,-311,-346,-336,-308,-286,-304,-231,-217,-185,-139,-91,-81,-29,-36,-26,-32,-62,-56,-56,-69,-51,-102,-97,-101,-94,-119,-108
11.85067,-332,-341,-335,-295,-282,-297,-246,-223,-192,-140,-96,-77,-32,-34,-31,-31,-55,-46,-63,-71,-63,-98,-101,-93,-98,-102,-113
11.86133,-328,-355,-342,-299,-267,-298,-245,-225,-192,-140,-94,-74,-33,-39,-33,-37,-57,-52,-59,-55,-63,-100,-112,-93,-91,-89,-107
11.87200,-317,-335,-345,-308,-279,-304,-240,-221,-186,-129,-89,-64,-37,-41,-18,-39,-65,-55,-61,-39,-62,-121,-101,-82,-102,-104,-119
11.88267,-316,-335,-330,-299,-284,-291,-248,-227,-181,-142,-99,-75,-21,-32,-28,-30,-64,-43,-75,-67,-73,-108,-109,-95,-94,-94,-128
11.89333,-323,-337,-326,-294,-289,-293,-235,-221,-183,-132,-91,-68,-32,-23,-26,-29,-60,-46,-68,-64,-55,-100,-101,-92,-106,-89,-117
11.90400,-304,-345,-342,-308,-293,-292,-251,-214,-192,-131,-95,-72,-23,-32,-24,-29,-72,-32,-42,-68,-54,-112,-101,-92,-113,-80,-115
11.91467,-315,-337,-326,-309,-289,-291,-241,-212,-192,-130,-83,-82,-25,-35,-26,-12,-68,-47,-52,-61,-57,-107,-99,-83,-110,-92,-123
11.92533,-338,-343,-320,-312,-283,-294,-233,-222,-192,-128,-94,-78,-28,-35,-34,-23,-45,-37,-52,-48,-71,-99,-116,-93,-95,-95,-115
11.93600,-321,-349,-335,-312,-286,-301,-244,-219,-196,-129,-88,-75,-18,-29,-34,-27,-61,-42,-69,-48,-67,-107,-113,-109,-108,-98,-101
11.94667,-330,-350,-332,-313,-290,-295,-242,-220,-177,-141,-98,-80,-41,-37,-43,-34,-55,-45,-59,-58,-65,-113,-104,-93,-85,-82,-111
11.95733,-302,-343,-334,-321,-282,-317,-226,-216,-181,-133,-95,-68,-36,-38,-31,-26,-67,-34,-56,-52,-80,-114,-101,-74,-96,-98,-103
11.96800,-329,-362,-335,-316,-285,-311,-238,-226,-196,-138,-96,-64,-20,-40,-34,-37,-72,-29,-62,-55,-49,-98,-113,-89,-103,-93,-109
11.97867,-315,-359,-331,-317,-281,-312,-232,-220,-186,-133,-107,-67,-35,-31,-14,-28,-65,-34,-51,-61,-48,-93,-90,-87,-103,-94,-115
11.98933,-313,-341,-338,-299,-287,-311,-236,-214,-192,-133,-104,-67,-20,-35,-13,-37,-56,-31,-62,-67,-44,-105,-93,-83,-95,-99,-93
12.00000,-336,-345,-332,-287,-276,-308,-230,-210,-192,-143,-102,-77,-26,-38,-34,-41,-61,-43,-70,-75,-42,-107,-92,-90,-110,-95,-96
12.01067,-328,-347,-334,-322,-283,-305,-240,-210,-196,-146,-104,-69,-30,-32,-22,-38,-65,-55,-56,-84,-46,-98,-77,-93,-93,-77,-98
12.02133,-333,-327,-329,-310,-293,-302,-258,-213,-192,-129,-102,-64,-24,-21,-40,-39,-56,-48,-53,-55,-48,-113,-84,-90,-79,-82,-121
12.03200,-336,-337,-338,-296,-280,-305,-247,-220,-201,-132,-109,-62,-23,-27,-26,-31,-67,-58,-41,-53,-49,-109,-111,-98,-82,-91,-117
12.04267,-326,-345,-363,-309,-272,-302,-237,-223,-190,-135,-115,-79,-16,-31,-29,-39,-69,-48,-51,-65,-65,-103,-104,-94,-92,-85,-125
12.05333,-315,-345,-355,-305,-271,-301,-226,-231,-198,-131,-108,-78,-34,-38,-25,-35,-62,-48,-54,-54,-64,-92,-95,-92,-82,-103,-117
12.06400,-314,-339,-344,-298,-283,-308,-240,-225,-190,-132,-109,-70,-26,-39,-27,-31,-59,-51,-59,-71,-57,-109,-97,-91,-104,-105,-114
12.07467,-352,-356,-344,-304,-288,-299,-239,-223,-189,-122,-108,-77,-23,-48,-30,-42,-61,-49,-58,-66,-48,-111,-111,-102,-95,-97,-114
12.08533,-348,-333,-338,-298,-289,-300,-241,-219,-189,-126,-102,-80,-21,-36,-36,-40,-57,-36,-48,-76,-59,-99,-112,-87,-99,-111,-118
12.09600,-323,-352,-342,-307,-285,-306,-232,-219,-191,-129,-93,-81,-17,-25,-36,-40,-66,-27,-64,-66,-72,-102,-112,-100,-93,-91,-103
12.10667,-320,-346,-340,-286,-263,-294,-234,-221,-200,-136,-85,-78,-28,-18,-28,-36,-58,-27,-60,-77,-69,-93,-106,-96,-87,-92,-106
12.11733,-337,-354,-355,-295,-279,-307,-244,-213,-187,-133,-99,-83,-24,-34,-24,-39,-74,-37,-52,-74,-66,-111,-103,-99,-109,-97,-120
12.12800,-306,-328,-340,-307,-278,-299,-231,-208,-178,-138,-88,-72,-27,-39,-18,-31,-56,-47,-67,-68,-65,-99,-87,-98,-101,-99,-120
12.13867,-312,-344,-333,-303,-275,-308,-233,-219,-194,-134,-97,-72,-13,-33,1,-33,-60,-53,-53,-63,-60,-102,-106,-92,-100,-90,-118
12.14933,-303,-326,-345,-311,-277,-311,-245,-224,-188,-127,-94,-78,-39,-42,-19,-40,-57,-52,-71,-61,-69,-99,-106,-99,-100,-104,-115
12.16000,-312,-337,-337,-301,-269,-307,-235,-225,-183,-130,-95,-76,-38,-35,-19,-28,-58,-64,-52,-79,-51,-100,-98,-105,-93,-111,-108
12.17067,-339,-320,-317,-315,-277,-292,-233,-221,-177,-130,-97,-66,-24,-28,-37,-34,-69,-61,-44,-80,-55,-118,-111,-96,-96,-98,-115
12.18133,-324,-331,-334,-310,-279,-299,-242,-226,-188,-132,-90,-69,-29,-29,-35,-38,-54,-50,-50,-70,-34,-107,-109,-98,-87,-82,-117
12.19200,-341,-315,-352,-331,-274,-295,-235,-221,-186,-135,-102,-77,-29,-35,-29,-33,-50,-63,-57,-74,-61,-115,-97,-74,-95,-86,-109
12.20267,-323,-340,-332,-314,-266,-306,-230,-222,-177,-127,-99,-82,-24,-47,-42,-42,-46,-60,-61,-86,-57,-103,-114,-79,-93,-85,-113
12.21333,-320,-342,-324,-296,-261,-295,-235,-220,-186,-140,-99,-85,-28,-44,-35,-22,-38,-50,-61,-81,-66,-91,-92,-77,-109,-85,-119
12.22400,-309,-342,-317,-294,-252,-291,-232,-224,-191,-132,-94,-92,-29,-43,-32,-32,-48,-62,-52,-83,-70,-98,-80,-75,-95,-92,-119
12.23467,-317,-349,-310,-303,-270,-287,-234,-227,-184,-131,-89,-89,-29,-39,-25,-45,-62,-38,-62,-56,-63,-96,-97,-87,-97,-98,-120
12.24533,-314,-336,-338,-304,-280,-302,-235,-220,-196,-130,-99,-75,-29,-31,-31,-38,-65,-40,-57,-55,-85,-91,-88,-96,-94,-101,-117
12.25600,-303,-319,-342,-314,-281,-297,-227,-215,-195,-129,-101,-89,-24,-33,-29,-20,-65,-33,-57,-64,-62,-90,-104,-92,-94,-85,-114
12.26667,-316,-336,-343,-294,-285,-304,-228,-216,-186,-141,-100,-80,-17,-42,-28,-35,-71,-33,-70,-54,-55,-90,-110,-91,-106,-82,-118
12.27733,-298,-343,-328,-292,-273,-308,-230,-214,-197,-127,-103,-77,-21,-38,-18,-39,-64,-42,-67,-60,-69,-96,-107,-78,-98,-95,-114
12.28800,-316,-332,-333,-300,-271,-305,-230,-214,-196,-120,-123,-83,-36,-23,-21,-52,-59,-61,-63,-48,-71,-92,-109,-91,-88,-94,-103
12.29867,-329,-337,-341,-280,-273,-315,-237,-213,-187,-118,-108,-85,-33,-34,-27,-43,-66,-60,-72,-65,-62,-97,-95,-83,-97,-96,-112
12.30933,-343,-341,-337,-308,-275,-309,-248,-227,-183,-130,-107,-78,-39,-40,-20,-37,-75,-42,-76,-61,-53,-106,-101,-84,-102,-105,-111
12.32000,-332,-340,-333,-323,-280,-317,-247,-231,-185,-122,-102,-83,-29,-48,-19,-28,-67,-36,-49,-60,-67,-107,-98,-86,-93,-105,-119
12.33067,-337,-365,-341,-308,-291,-311,-242,-225,-184,-139,-88,-72,-33,-35,-15,-37,-44,-46,-57,-56,-60,-105,-102,-95,-101,-101,-124
12.34133,-296,-366,-337,-305,-282,-310,-250,-223,-198,-131,-96,-70,-21,-27,-24,-38,-42,-54,-60,-71,-54,-115,-100,-85,-95,-89,-123
12.35200,-350,-351,-333,-330,-282,-302,-246,-232,-191,-135,-93,-70,-33,-36,-23,-48,-58,-60,-60,-60,-59,-104,-109,-65,-98,-90,-116
12.36267,-340,-347,-338,-323,-280,-316,-249,-240,-188,-144,-94,-87,-39,-36,-7,-45,-53,-51,-47,-72,-49,-108,-106,-80,-105,-83,-113
12.37333,-350,-341,-374,-339,-292,-305,-242,-239,-184,-139,-102,-81,-21,-50,-17,-42,-58,-36,-50,-75,-42,-103,-99,-60,-105,-95,-117
12.38400,-328,-341,-361,-309,-300,-314,-245,-241,-185,-147,-105,-78,-29,-43,-15,-38,-58,-36,-60,-77,-50,-113,-115,-75,-98,-101,-103
12.39467,-309,-336,-334,-308,-308,-318,-243,-232,-183,-144,-104,-77,-27,-37,-28,-30,-56,-30,-69,-62,-58,-108,-105,-71,-90,-94,-100
12.40533,-328,-357,-356,-315,-310,-309,-239,-230,-184,-142,-109,-74,-31,-24,-32,-36,-62,-38,-55,-51,-53,-96,-118,-63,-96,-101,-122
12.41600,-312,-357,-330,-300,-296,-301,-239,-232,-170,-149,-97,-73,-30,-29,-27,-42,-69,-40,-63,-49,-42,-101,-98,-78,-102,-103,-124
12.42667,-315,-350,-316,-294,-286,-309,-233,-238,-190,-139,-87,-76,-23,-23,-20,-35,-59,-37,-54,-50,-54,-106,-97,-80,-83,-100,-112
12.43733,-318,-338,-322,-291,-295,-311,-235,-232,-182,-133,-84,-76,-38,-25,-24,-41,-55,-36,-69,-59,-50,-104,-91,-78,-76,-98,-116
12.44800,-324,-342,-321,-289,-272,-302,-239,-218,-192,-130,-98,-73,-30,-29,-30,-39,-61,-51,-59,-55,-68,-99,-98,-85,-89,-99,-116
12.45867,-327,-348,-323,-297,-277,-297,-231,-216,-200,-136,-97,-75,-28,-23,-23,-35,-45,-58,-58,-69,-69,-96,-97,-72,-97,-98,-126
12.46933,-305,-351,-333,-286,-278,-295,-230,-218,-188,-128,-100,-81,-39,-29,-14,-39,-56,-42,-67,-53,-70,-87,-102,-83,-85,-86,-136
12.48000,-329,-347,-327,-299,-289,-294,-230,-232,-191,-137,-100,-79,-34,-26,-9,-36,-58,-39,-74,-54,-76,-112,-112,-72,-80,-84,-114
12.49067,-330,-351,-340,-316,-294,-303,-237,-216,-199,-133,-97,-86,-14,-32,-19,-37,-55,-33,-56,-56,-67,-124,-107,-88,-101,-92,-127
12.50133,-327,-344,-345,-308,-292,-307,-238,-214,-189,-138,-111,-78,-18,-30,-27,-23,-58,-41,-57,-67,-67,-128,-110,-90,-90,-99,-110
12.51200,-326,-345,-336,-313,-295,-309,-242,-213,-190,-137,-103,-79,-28,-36,-33,-24,-66,-38,-50,-55,-74,-119,-111,-103,-84,-81,-108
12.52267,-328,-350,-340,-324,-287,-299,-247,-223,-190,-128,-111,-73,-30,-43,-28,-36,-48,-46,-62,-58,-60,-104,-118,-84,-105,-90,-114
12.53333,-313,-361,-333,-313,-282,-293,-240,-220,-193,-138,-112,-86,-31,-29,-28,-35,-48,-42,-61,-48,-58,-102,-114,-94,-93,-103,-122
12.54400,-316,-343,-351,-310,-278,-311,-227,-225,-191,-137,-114,-85,-26,-33,-10,-55,-60,-42,-49,-59,-69,-93,-124,-77,-100,-92,-133
12.55467,-322,-337,-336,-295,-296,-304,-226,-233,-204,-123,-99,-73,-27,-28,-32,-38,-50,-35,-50,-71,-61,-87,-107,-66,-100,-91,-114
12.56533,-331,-339,-349,-292,-284,-289,-243,-229,-201,-138,-103,-63,-17,-40,-30,-27,-63,-30,-64,-60,-58,-103,-104,-83,-100,-82,-116
12.57600,-324,-342,-356,-298,-291,-307,-231,-217,-196,-130,-99,-84,-25,-39,-24,-28,-50,-37,-64,-57,-64,-107,-103,-76,-101,-91,-124
12.58667,-338,-354,-350,-300,-282,-300,-239,-215,-197,-141,-107,-86,-28,-42,-20,-32,-55,-43,-59,-61,-63,-89,-106,-83,-94,-92,-118
12.59733,-339,-363,-356,-321,-296,-309,-251,-215,-200,-147,-106,-74,-21,-45,-29,-49,-53,-58,-61,-60,-56,-95,-104,-69,-114,-103,-132
12.60800,-341,-348,-334,-323,-290,-330,-257,-207,-198,-145,-106,-74,-25,-48,-30,-42,-52,-56,-57,-64,-56,-107,-101,-91,-104,-89,-130
12.61867,-349,-335,-348,-304,-285,-328,-249,-219,-196,-130,-103,-70,-13,-40,-26,-43,-58,-44,-46,-45,-47,-105,-108,-91,-104,-81,-125
12.62933,-338,-330,-345,-305,-307,-326,-243,-232,-193,-132,-96,-79,-29,-42,-27,-28,-54,-60,-57,-57,-63,-95,-103,-99,-90,-83,-118
12.64000,-330,-349,-354,-312,-302,-327,-256,-233,-199,-135,-114,-56,-24,-29,-25,-28,-53,-47,-59,-46,-61,-96,-100,-108,-104,-80,-119
12.65067,-331,-342,-353,-321,-308,-317,-245,-232,-200,-136,-110,-74,-33,-16,-17,-32,-57,-44,-49,-55,-71,-112,-106,-98,-87,-97,-111
12.66133,-328,-348,-370,-319,-305,-312,-238,-239,-196,-132,-109,-84,-24,-25,-18,-30,-75,-41,-49,-49,-65,-97,-126,-95,-94,-92,-114
12.67200,-334,-362,-371,-342,-319,-327,-254,-241,-197,-136,-105,-72,-5,-19,-41,-28,-51,-44,-50,-53,-55,-108,-110,-83,-98,-93,-125
12.68267,-364,-364,-379,-353,-292,-335,-243,-237,-200,-130,-95,-71,-16,-16,-10,-18,-31,-46,-47,-49,-43,-106,-104,-90,-105,-108,-125
12.69333,-374,-373,-364,-345,-313,-341,-252,-244,-205,-135,-94,-66,-14,-17,-19,-32,-35,-33,-55,-44,-48,-113,-109,-96,-98,-105,-118
12.70400,-369,-347,-389,-348,-315,-335,-269,-231,-204,-131,-96,-68,-11,-17,-26,-14,-48,-48,-43,-40,-58,-111,-117,-90,-97,-95,-101
12.71467,-370,-368,-381,-355,-313,-326,-267,-228,-212,-126,-95,-62,-19,-26,-15,-9,-57,-44,-49,-63,-69,-93,-121,-82,-91,-100,-123
12.72533,-364,-370,-370,-360,-298,-328,-265,-230,-204,-130,-100,-60,-21,-18,-19,-13,-61,-30,-45,-62,-59,-88,-109,-87,-95,-115,-125
12.73600,-367,-364,-368,-354,-323,-339,-259,-243,-198,-128,-104,-75,-28,-4,-10,-18,-50,-34,-40,-48,-63,-92,-107,-89,-97,-104,-130
12.74667,-341,-375,-359,-331,-335,-331,-264,-231,-204,-141,-104,-67,-22,-13,-12,-18,-57,-31,-54,-55,-40,-116,-101,-72,-95,-105,-121
12.75733,-364,-393,-365,-344,-327,-323,-267,-231,-197,-138,-94,-69,-25,-16,-14,-5,-48,-30,-58,-65,-65,-97,-103,-82,-100,-90,-114
12.76800,-362,-386,-363,-332,-307,-323,-273,-230,-199,-136,-101,-64,-16,-3,3,-12,-49,-40,-36,-66,-59,-91,-108,-89,-96,-92,-120
12.77867,-365,-379,-360,-335,-317,-321,-265,-227,-195,-131,-100,-60,-7,-8,7,-25,-36,-32,-55,-49,-67,-107,-99,-95,-112,-94,-113
12.78933,-362,-374,-373,-348,-330,-341,-254,-235,-202,-122,-100,-71,-4,-12,-9,-21,-58,-24,-43,-59,-52,-100,-100,-99,-95,-107,-126
12.80000,-376,-382,-368,-341,-315,-343,-256,-233,-211,-123,-94,-73,-6,-18,-12,-18,-55,-25,-42,-59,-57,-103,-102,-90,-96,-98,-125
12.81067,-368,-373,-366,-349,-310,-337,-250,-232,-215,-115,-85,-74,-8,-24,-11,-20,-41,-23,-54,-53,-69,-100,-91,-89,-94,-99,-110
12.82133,-339,-372,-371,-328,-310,-333,-252,-229,-209,-131,-100,-63,-10,-29,-10,-21,-42,-24,-47,-56,-55,-92,-101,-90,-102,-100,-122
12.83200,-346,-373,-373,-346,-308,-350,-250,-228,-195,-135,-104,-60,-6,-32,-20,-20,-46,-32,-47,-55,-53,-86,-101,-94,-104,-105,-123
12.84267,-334,-365,-356,-326,-305,-340,-247,-230,-193,-137,-96,-68,-19,-20,-11,-12,-45,-39,-42,-48,-61,-112,-108,-98,-103,-92,-126
12.85333,-343,-376,-356,-335,-310,-328,-253,-238,-194,-152,-98,-70,-19,-10,-7,-38,-52,-33,-46,-52,-68,-112,-100,-96,-97,-95,-109
12.86400,-335,-356,-357,-335,-305,-314,-257,-223,-187,-150,-106,-72,-17,-21,-17,-27,-45,-47,-52,-64,-62,-111,-94,-92,-108,-99,-103
12.87467,-335,-358,-361,-338,-312,-316,-253,-227,-184,-128,-112,-71,-20,-31,-18,-22,-56,-51,-57,-67,-52,-111,-92,-98,-113,-96,-114
12.88533,-355,-339,-363,-324,-288,-326,-258,-225,-189,-131,-105,-75,-12,-18,-29,-20,-61,-48,-46,-60,-54,-106,-103,-109,-104,-98,-123
12.89600,-319,-336,-356,-327,-293,-339,-256,-226,-199,-124,-110,-63,-17,-29,-12,-27,-60,-38,-47,-56,-77,-110,-108,-110,-102,-113,-124
12.90667,-322,-346,-357,-328,-300,-335,-255,-227,-188,-133,-104,-72,-15,-31,-19,-41,-52,-46,-55,-60,-56,-99,-98,-95,-100,-98,-120
12.91733,-328,-343,-355,-338,-293,-339,-254,-232,-183,-136,-91,-65,-23,-21,-24,-41,-60,-49,-46,-50,-50,-97,-92,-89,-96,-97,-113
12.92800,-354,-366,-363,-354,-302,-335,-265,-227,-189,-131,-98,-64,-23,-23,-13,-22,-46,-42,-52,-57,-43,-98,-98,-96,-95,-96,-106
12.93867,-367,-361,-357,-338,-298,-318,-258,-238,-192,-124,-85,-65,-24,-23,-20,-6,-47,-41,-42,-56,-56,-92,-112,-81,-90,-91,-108
12.94933,-352,-350,-344,-340,-302,-311,-268,-232,-207,-126,-104,-74,-21,-33,-23,-28,-43,-32,-49,-58,-46,-90,-117,-100,-87,-104,-119
12.96000,-365,-331,-340,-337,-306,-325,-257,-237,-200,-136,-101,-75,-15,-12,-10,-22,-38,-37,-59,-67,-48,-100,-94,-79,-93,-114,-126
12.97067,-365,-353,-346,-340,-298,-318,-256,-237,-207,-136,-99,-70,-19,-12,-8,-31,-37,-35,-46,-72,-51,-105,-96,-76,-93,-108,-115
12.98133,-367,-352,-354,-359,-300,-317,-255,-232,-205,-128,-97,-61,-19,-10,-7,-31,-41,-44,-40,-61,-56,-106,-125,-79,-102,-107,-119
12.99200,-352,-355,-375,-338,-315,-328,-270,-227,-196,-129,-96,-59,-18,-11,-6,-32,-51,-42,-41,-62,-57,-108,-98,-91,-88,-106,-110
13.00267,-357,-351,-379,-335,-292,-331,-262,-238,-193,-130,-98,-54,-8,-10,-9,-21,-48,-45,-43,-59,-41,-105,-91,-110,-99,-101,-121
13.01333,-358,-366,-384,-339,-304,-338,-274,-241,-198,-137,-89,-64,-10,-17,-17,-23,-41,-38,-42,-51,-65,-107,-90,-99,-116,-95,-121
13.02400,-358,-377,-384,-340,-318,-328,-266,-229,-195,-140,-88,-66,-32,-11,-11,-28,-44,-24,-34,-50,-57,-114,-96,-91,-94,-107,-113
13.03467,-342,-380,-373,-327,-314,-323,-272,-230,-204,-144,-96,-59,-26,-10,-3,-27,-46,-25,-41,-54,-64,-113,-84,-92,-94,-113,-124
13.04533,-340,-380,-364,-329,-310,-324,-266,-233,-198,-146,-104,-68,-23,-23,1,-29,-45,-34,-45,-59,-68,-107,-92,-93,-88,-96,-100
13.05600,-363,-371,-370,-343,-314,-335,-265,-248,-211,-142,-85,-78,-14,-22,-8,-20,-39,-40,-35,-62,-63,-96,-104,-77,-88,-93,-121
13.06667,-373,-375,-354,-350,-307,-331,-270,-240,-208,-128,-99,-72,-9,-23,-5,-15,-34,-47,-42,-53,-36,-105,-106,-88,-88,-111,-133
13.07733,-365,-370,-369,-350,-319,-343,-263,-253,-204,-145,-103,-67,-15,-21,0,-16,-32,-40,-46,-48,-31,-87,-98,-92,-95,-106,-118
13.08800,-340,-377,-368,-323,-318,-342,-250,-249,-204,-142,-99,-63,-18,-24,-11,-16,-34,-46,-55,-52,-32,-105,-97,-85,-96,-109,-119
13.09867,-347,-381,-374,-345,-320,-343,-252,-243,-211,-143,-90,-61,-14,-25,-13,-8,-47,-55,-41,-51,-44,-108,-94,-95,-97,-99,-112
13.10933,-345,-373,-361,-349,-307,-331,-260,-241,-196,-147,-87,-60,-4,-27,-21,-20,-45,-56,-42,-54,-47,-113,-92,-71,-107,-93,-121
13.12000,-358,-383,-356,-347,-314,-336,-257,-240,-195,-147,-94,-57,-11,-21,-18,-18,-51,-57,-40,-55,-54,-114,-96,-73,-111,-94,-118
13.13067,-345,-376,-363,-347,-297,-322,-255,-229,-195,-145,-97,-61,-5,-16,-9,-23,-58,-40,-45,-51,-56,-119,-88,-82,-101,-99,-126
13.14133,-339,-394,-357,-344,-309,-330,-265,-242,-193,-140,-107,-61,-21,-15,-11,-20,-57,-37,-49,-51,-51,-101,-94,-81,-111,-96,-118
13.15200,-350,-400,-359,-329,-313,-311,-264,-235,-180,-128,-104,-68,-26,-7,-13,-32,-53,-36,-49,-50,-44,-102,-97,-69,-92,-97,-113
13.16267,-335,-394,-376,-309,-313,-307,-258,-240,-184,-136,-108,-68,-24,-25,-5,-35,-46,-50,-46,-52,-40,-92,-100,-84,-112,-104,-120
13.17333,-355,-379,-374,-320,-311,-312,-267,-243,-193,-137,-109,-76,-18,-32,-22,-22,-47,-45,-50,-39,-45,-89,-101,-93,-106,-109,-130
13.18400,-373,-359,-364,-310,-297,-316,-270,-243,-184,-140,-94,-75,-33,-29,-9,-28,-43,-40,-52,-45,-56,-105,-98,-107,-95,-99,-122
13.19467,-366,-355,-341,-325,-310,-335,-268,-251,-181,-153,-99,-73,-42,-32,-13,-23,-53,-38,-48,-53,-50,-110,-95,-115,-107,-106,-107
13.20533,-374,-360,-359,-336,-306,-333,-273,-243,-186,-143,-92,-67,-26,-15,-29,-24,-60,-37,-43,-74,-56,-97,-115,-96,-88,-105,-117
13.21600,-351,-371,-371,-328,-306,-325,-262,-225,-184,-144,-96,-76,-24,-19,-13,-24,-62,-40,-33,-62,-65,-101,-99,-94,-80,-106,-120
13.22667,-333,-362,-370,-337,-309,-316,-258,-217,-196,-146,-107,-61,-28,-24,-12,-22,-65,-53,-54,-72,-62,-106,-106,-89,-99,-102,-127
13.23733,-331,-353,-363,-313,-296,-318,-256,-231,-196,-142,-111,-64,-16,-16,-15,-39,-61,-44,-56,-71,-48,-102,-110,-92,-100,-101,-122
13.24800,-336,-343,-352,-323,-296,-318,-246,-229,-193,-137,-101,-61,-24,-22,-28,-36,-36,-46,-65,-68,-66,-76,-107,-95,-87,-109,-117
13.25867,-336,-352,-354,-313,-315,-309,-249,-231,-196,-154,-98,-69,-28,-27,-24,-29,-39,-25,-54,-62,-62,-95,-116,-91,-85,-102,-99
13.26933,-335,-361,-360,-315,-310,-320,-249,-229,-195,-153,-98,-60,-21,-22,-13,-17,-50,-35,-33,-56,-59,-86,-101,-95,-100,-104,-116
13.28000,-351,-372,-345,-345,-294,-313,-246,-234,-192,-141,-109,-61,-16,-12,-24,-21,-58,-46,-39,-78,-62,-84,-115,-84,-102,-104,-100
13.29067,-341,-384,-345,-325,-292,-309,-241,-234,-202,-147,-99,-66,-41,-22,-25,-21,-57,-46,-33,-77,-59,-89,-114,-86,-98,-86,-110
13.30133,-325,-384,-360,-319,-277,-338,-255,-250,-198,-138,-98,-67,-24,-24,-21,-5,-53,-37,-49,-72,-69,-90,-115,-89,-88,-94,-114
13.31200,-330,-374,-352,-302,-292,-319,-253,-238,-199,-135,-90,-68,-15,-37,-35,-29,-55,-33,-31,-68,-58,-100,-96,-82,-85,-82,-112
13.32267,-345,-356,-358,-325,-286,-328,-248,-242,-201,-128,-98,-71,-22,-19,-28,-28,-56,-31,-36,-58,-59,-98,-92,-82,-74,-71,-110
13.33333,-326,-358,-353,-328,-295,-332,-253,-233,-202,-131,-89,-78,-29,-19,-24,-25,-55,-46,-41,-54,-71,-94,-97,-88,-87,-94,-108
13.34400,-335,-361,-375,-313,-301,-313,-248,-223,-214,-141,-100,-75,-23,-32,-20,-25,-53,-38,-50,-36,-55,-97,-96,-69,-87,-104,-120
13.35467,-328,-349,-369,-320,-295,-330,-249,-231,-198,-125,-91,-83,-37,-35,-29,-3,-58,-44,-66,-62,-45,-92,-90,-74,-83,-101,-119
13.36533,-328,-359,-354,-321,-285,-339,-255,-217,-196,-123,-103,-81,-29,-30,-33,-23,-63,-42,-62,-76,-50,-94,-112,-92,-84,-98,-109
13.37600,-332,-368,-355,-327,-293,-316,-248,-228,-190,-132,-102,-76,-37,-40,-37,-33,-75,-41,-49,-59,-68,-105,-106,-77,-92,-104,-110
13.38667,-337,-364,-375,-336,-284,-316,-253,-229,-192,-126,-92,-87,-28,-38,-26,-22,-68,-59,-46,-58,-68,-101,-104,-75,-99,-87,-115
13.39733,-324,-362,-363,-322,-300,-330,-259,-231,-192,-132,-93,-70,-25,-35,-33,-19,-45,-37,-56,-58,-63,-94,-102,-78,-100,-100,-118
13.40800,-301,-376,-355,-324,-285,-325,-253,-224,-192,-129,-92,-72,-23,-31,-22,-28,-43,-40,-70,-63,-55,-98,-96,-96,-85,-105,-101
13.41867,-330,-344,-345,-315,-289,-324,-245,-228,-193,-143,-98,-71,-40,-22,-30,-31,-36,-47,-68,-64,-50,-110,-97,-96,-93,-98,-115
13.42933,-349,-350,-353,-323,-298,-326,-242,-230,-193,-136,-81,-64,-32,-28,-45,-37,-66,-47,-60,-53,-41,-93,-100,-93,-95,-92,-113
13.44000,-353,-349,-340,-333,-298,-328,-244,-227,-179,-143,-97,-69,-10,-25,-37,-37,-62,-22,-47,-54,-48,-100,-96,-70,-89,-93,-106
13.45067,-335,-355,-335,-320,-297,-327,-247,-218,-188,-143,-107,-75,-16,-30,-27,-24,-62,-34,-53,-54,-55,-81,-99,-72,-97,-93,-114
13.46133,-311,-364,-344,-337,-309,-324,-243,-228,-200,-140,-102,-63,-16,-23,-9,-22,-63,-56,-37,-58,-55,-79,-89,-84,-99,-98,-117
13.47200,-331,-361,-360,-327,-298,-313,-247,-236,-198,-132,-99,-69,-25,-34,-12,-6,-44,-49,-40,-57,-54,-93,-102,-86,-98,-96,-106
13.48267,-325,-368,-363,-323,-298,-316,-244,-229,-197,-134,-93,-76,-29,-33,-14,-6,-44,-40,-54,-47,-50,-74,-95,-85,-110,-110,-116
13.49333,-326,-355,-359,-315,-295,-305,-246,-221,-187,-132,-101,-74,-27,-22,-23,-16,-48,-34,-48,-41,-48,-89,-91,-88,-88,-97,-124
13.50400,-342,-363,-347,-312,-303,-304,-254,-227,-192,-122,-102,-71,-21,-19,-17,-17,-51,-28,-69,-44,-44,-78,-94,-104,-77,-88,-117
13.51467,-351,-351,-354,-305,-298,-309,-251,-230,-192,-135,-103,-78,-25,-19,-15,-21,-53,-55,-65,-55,-53,-84,-90,-100,-92,-93,-111
13.52533,-348,-359,-333,-305,-295,-308,-254,-232,-188,-134,-83,-80,-21,-21,-23,-47,-51,-39,-68,-55,-59,-80,-100,-84,-82,-84,-121
13.53600,-370,-334,-343,-315,-300,-320,-261,-230,-185,-125,-93,-65,-16,-8,-23,-41,-47,-40,-65,-68,-70,-93,-105,-95,-87,-90,-100
13.54667,-354,-326,-344,-308,-300,-316,-259,-234,-188,-134,-84,-68,-23,-25,-7,-21,-49,-47,-71,-71,-66,-99,-111,-104,-80,-99,-106
13.55733,-361,-335,-346,-314,-287,-322,-240,-231,-192,-129,-85,-82,-14,-32,-21,-26,-56,-51,-59,-68,-66,-99,-101,-97,-94,-108,-114
13.56800,-363,-347,-356,-318,-294,-319,-234,-219,-192,-125,-90,-75,-22,-22,-21,-18,-54,-64,-52,-66,-63,-84,-96,-94,-103,-116,-118
13.57867,-354,-355,-361,-317,-298,-329,-248,-223,-191,-119,-85,-73,-20,-24,-24,-29,-45,-51,-65,-57,-61,-80,-99,-104,-89,-101,-121
13.58933,-370,-342,-368,-307,-299,-326,-246,-219,-184,-125,-90,-61,-23,-18,-4,-22,-50,-26,-63,-65,-49,-93,-99,-103,-86,-94,-129
13.60000,-348,-332,-357,-322,-305,-321,-244,-224,-186,-106,-86,-64,-24,-20,-13,-23,-59,-28,-61,-57,-61,-116,-93,-95,-110,-83,-125
13.61067,-338,-350,-345,-304,-310,-325,-245,-231,-182,-118,-94,-69,-21,-25,-22,-23,-61,-48,-67,-46,-59,-93,-75,-92,-101,-90,-116
13.62133,-330,-344,-337,-304,-306,-318,-255,-227,-183,-131,-91,-75,-7,-19,-3,-27,-63,-44,-59,-48,-51,-98,-89,-89,-98,-89,-107
13.63200,-344,-358,-325,-325,-309,-323,-254,-218,-184,-138,-92,-70,-10,-16,-17,-30,-43,-48,-41,-48,-63,-93,-103,-82,-104,-79,-105
13.64267,-358,-368,-341,-320,-320,-316,-254,-207,-191,-127,-81,-73,-21,-21,-32,-22,-43,-54,-43,-62,-59,-92,-104,-67,-105,-75,-100
13.65333,-360,-359,-328,-321,-290,-306,-248,-209,-192,-147,-80,-72,-16,-21,-25,-18,-58,-23,-58,-60,-59,-108,-103,-83,-86,-89,-108
13.66400,-332,-334,-350,-318,-298,-328,-233,-220,-187,-126,-88,-70,-26,-33,-20,-27,-44,-27,-47,-63,-49,-112,-100,-80,-79,-95,-107
13.67467,-308,-339,-368,-313,-293,-314,-245,-222,-190,-131,-82,-71,-25,-20,-9,-23,-52,-38,-46,-48,-36,-99,-103,-87,-91,-94,-116
13.68533,-321,-339,-376,-318,-297,-307,-245,-222,-178,-122,-87,-77,-21,-26,-17,-15,-51,-37,-46,-55,-49,-101,-102,-82,-92,-94,-116
13.69600,-322,-337,-344,-315,-282,-312,-239,-230,-190,-132,-95,-68,-26,-11,-17,-9,-57,-36,-50,-55,-53,-106,-95,-99,-97,-91,-121
13.70667,-333,-345,-329,-306,-291,-298,-250,-218,-188,-121,-91,-67,-14,-12,-12,-14,-48,-33,-37,-71,-64,-96,-96,-93,-92,-89,-113
13.71733,-317,-338,-335,-306,-284,-306,-244,-221,-176,-127,-96,-70,-10,-13,-21,-6,-47,-31,-52,-75,-37,-88,-85,-82,-97,-91,-106
13.72800,-322,-347,-343,-308,-283,-301,-240,-222,-183,-125,-85,-79,-7,-21,-14,-30,-48,-46,-64,-60,-37,-103,-99,-65,-97,-84,-104
13.73867,-324,-360,-350,-312,-290,-306,-244,-224,-190,-119,-101,-71,-8,-25,-18,-29,-49,-39,-57,-43,-47,-92,-104,-83,-98,-92,-107
13.74933,-318,-355,-344,-315,-285,-299,-251,-216,-196,-125,-106,-65,-19,-24,-12,-20,-42,-46,-57,-38,-47,-100,-106,-80,-84,-96,-123
13.76000,-329,-331,-331,-293,-290,-307,-248,-222,-194,-132,-95,-71,-34,-24,-11,-19,-42,-50,-49,-62,-54,-94,-108,-84,-85,-105,-114
13.77067,-323,-345,-354,-311,-283,-316,-257,-223,-196,-130,-96,-69,-30,-18,-21,-19,-52,-33,-53,-65,-47,-100,-100,-75,-85,-98,-111
13.78133,-316,-351,-349,-329,-288,-316,-254,-219,-198,-143,-100,-67,-13,-32,-25,-26,-55,-37,-55,-57,-58,-119,-85,-70,-87,-99,-100
13.79200,-333,-340,-347,-311,-283,-320,-252,-222,-201,-136,-97,-75,-24,-20,-24,-33,-40,-30,-54,-62,-42,-116,-96,-78,-111,-99,-107
13.80267,-326,-324,-334,-309,-283,-333,-246,-219,-203,-129,-85,-80,-18,-30,-17,-26,-53,-42,-49,-58,-51,-114,-105,-74,-106,-106,-120
13.81333,-322,-332,-336,-318,-305,-328,-251,-217,-188,-126,-98,-76,-25,-22,-7,-23,-59,-36,-40,-54,-62,-103,-98,-63,-100,-97,-110
13.82400,-320,-350,-349,-317,-294,-318,-262,-206,-195,-134,-107,-61,-36,-36,-28,-25,-69,-31,-47,-59,-54,-99,-110,-75,-81,-95,-99
13.83467,-324,-333,-351,-310,-289,-307,-257,-222,-199,-137,-93,-70,-31,-31,-21,-36,-60,-33,-67,-48,-44,-92,-106,-87,-90,-102,-91
13.84533,-327,-332,-361,-323,-288,-303,-244,-228,-192,-139,-90,-73,-30,-24,-5,-28,-58,-22,-55,-57,-50,-102,-100,-90,-89,-104,-103
13.85600,-320,-332,-344,-306,-292,-318,-241,-224,-188,-132,-98,-69,-27,-31,-23,-33,-40,-38,-47,-54,-51,-111,-116,-96,-88,-102,-108
13.86667,-314,-346,-348,-325,-287,-316,-240,-235,-194,-131,-100,-69,-34,-30,-22,-37,-55,-46,-57,-32,-48,-120,-90,-83,-87,-93,-121
13.87733,-340,-342,-346,-323,-294,-317,-234,-228,-197,-138,-95,-71,-23,-37,-14,-27,-58,-41,-47,-48,-61,-101,-85,-78,-86,-81,-127
13.88800,-336,-345,-351,-324,-310,-322,-231,-228,-202,-145,-101,-78,-20,-29,-14,-30,-47,-50,-37,-59,-50,-92,-93,-75,-80,-88,-117
13.89867,-333,-345,-355,-306,-291,-311,-253,-236,-193,-144,-108,-68,-29,-32,-16,-27,-50,-52,-41,-49,-50,-92,-106,-66,-86,-76,-102
13.90933,-324,-354,-355,-309,-289,-317,-244,-234,-196,-150,-101,-76,-16,-42,-28,-25,-53,-63,-47,-47,-48,-94,-92,-90,-80,-82,-96
13.92000,-326,-346,-343,-307,-290,-312,-249,-233,-199,-147,-95,-76,-23,-33,-23,-20,-62,-54,-46,-45,-39,-97,-87,-91,-103,-91,-90
13.93067,-342,-335,-339,-320,-311,-314,-243,-225,-195,-149,-94,-73,-29,-37,-30,-33,-63,-47,-60,-54,-46,-101,-103,-88,-103,-102,-120
13.94133,-352,-337,-352,-316,-296,-315,-247,-230,-195,-147,-90,-78,-33,-44,-30,-28,-59,-53,-50,-54,-49,-98,-89,-99,-93,-106,-121
13.95200,-323,-343,-340,-312,-310,-327,-253,-225,-188,-147,-93,-78,-35,-33,-36,-41,-54,-42,-64,-52,-69,-91,-99,-96,-85,-100,-114
13.96267,-327,-345,-330,-313,-307,-314,-263,-220,-200,-140,-96,-68,-35,-41,-23,-34,-52,-38,-57,-54,-52,-89,-94,-88,-90,-94,-110
13.97333,-330,-327,-341,-306,-303,-327,-262,-225,-199,-143,-108,-72,-26,-32,-13,-40,-51,-49,-68,-53,-58,-99,-85,-85,-92,-100,-131
13.98400,-340,-330,-341,-308,-291,-325,-259,-238,-198,-145,-100,-82,-22,-22,-21,-23,-44,-55,-67,-68,-43,-102,-82,-97,-95,-92,-123
13.99467,-344,-338,-321,-328,-287,-318,-251,-235,-201,-136,-99,-75,-9,-32,-25,-39,-51,-49,-59,-52,-69,-101,-96,-97,-80,-98,-123
14.00533,-334,-346,-354,-310,-290,-320,-255,-230,-204,-141,-101,-81,-13,-20,-33,-36,-56,-41,-58,-47,-66,-90,-92,-95,-83,-90,-117
14.01600,-345,-352,-341,-315,-301,-332,-249,-234,-205,-142,-96,-80,-12,-21,-26,-35,-43,-36,-56,-59,-48,-93,-104,-91,-95,-85,-102
14.02667,-341,-362,-356,-331,-297,-305,-251,-241,-196,-139,-101,-78,-18,-29,-24,-27,-37,-50,-40,-61,-59,-83,-108,-85,-97,-81,-114
14.03733,-339,-346,-353,-332,-311,-308,-259,-226,-200,-139,-106,-89,-16,-33,-31,-31,-38,-38,-50,-65,-42,-85,-99,-98,-93,-86,-114
14.04800,-327,-345,-349,-328,-297,-305,-253,-238,-194,-143,-92,-87,-16,-33,-27,-30,-48,-26,-56,-55,-38,-97,-88,-88,-94,-88,-118
14.05867,-327,-346,-355,-325,-298,-318,-248,-233,-202,-142,-93,-79,-12,-35,-12,-31,-56,-32,-48,-62,-48,-123,-100,-96,-99,-99,-133
14.06933,-355,-358,-351,-307,-291,-324,-254,-227,-192,-139,-96,-78,-12,-9,-20,-36,-44,-25,-42,-63,-38,-117,-95,-82,-91,-105,-119
14.08000,-377,-343,-351,-334,-306,-327,-260,-235,-190,-143,-101,-73,-22,-18,-13,-32,-52,-27,-43,-52,-46,-102,-87,-92,-88,-107,-110
14.09067,-346,-356,-354,-341,-308,-321,-269,-237,-193,-147,-103,-75,-12,-23,-15,-25,-40,-27,-46,-66,-54,-97,-90,-101,-89,-101,-116
14.10133,-334,-352,-369,-326,-316,-318,-262,-226,-201,-142,-101,-75,-14,-26,-11,-21,-44,-41,-58,-59,-57,-121,-105,-97,-94,-112,-125
14.11200,-343,-356,-355,-341,-301,-323,-254,-235,-194,-140,-100,-68,-18,-19,-23,-21,-48,-36,-59,-49,-66,-113,-99,-95,-91,-89,-110
14.12267,-339,-364,-353,-330,-293,-332,-265,-236,-195,-134,-85,-65,-10,-27,-16,-15,-35,-27,-38,-35,-48,-109,-94,-91,-99,-97,-110
14.13333,-355,-366,-362,-325,-304,-318,-259,-244,-197,-125,-84,-64,-12,-27,-4,-17,-52,-36,-35,-52,-61,-90,-92,-74,-90,-98,-95
14.14400,-317,-360,-354,-322,-305,-310,-270,-237,-181,-124,-96,-79,-14,-23,-15,-23,-59,-28,-46,-52,-45,-97,-91,-61,-86,-96,-102
14.15467,-333,-351,-360,-328,-304,-319,-256,-238,-189,-137,-94,-64,-15,-23,-14,-27,-60,-31,-32,-60,-53,-96,-94,-70,-91,-95,-111
14.16533,-344,-365,-378,-322,-286,-326,-255,-240,-194,-119,-93,-61,-16,-19,-11,-26,-37,-33,-38,-72,-65,-94,-90,-70,-100,-90,-118
14.17600,-337,-350,-364,-334,-299,-328,-250,-246,-201,-126,-102,-66,-8,-21,-6,-17,-26,-31,-19,-65,-59,-92,-101,-86,-105,-86,-122
14.18667,-344,-368,-363,-326,-310,-326,-243,-238,-200,-140,-110,-70,-14,-20,-7,-10,-47,-37,-31,-51,-58,-80,-96,-69,-82,-94,-112
14.19733,-322,-343,-369,-332,-303,-326,-248,-238,-207,-133,-112,-65,-21,-17,-10,-12,-41,-34,-51,-49,-58,-110,-100,-91,-90,-89,-121
14.20800,-324,-347,-365,-331,-306,-316,-266,-237,-205,-134,-102,-65,-19,-36,-28,-21,-51,-33,-52,-53,-49,-85,-94,-70,-100,-87,-116
14.21867,-347,-357,-369,-318,-300,-315,-249,-224,-205,-122,-86,-65,-17,-28,-17,-25,-45,-43,-35,-48,-66,-84,-93,-61,-99,-100,-112
14.22933,-336,-366,-366,-324,-296,-324,-251,-226,-205,-128,-83,-71,-32,-19,-20,-17,-42,-32,-49,-56,-77,-94,-95,-73,-85,-91,-115
14.24000,-340,-370,-360,-325,-304,-317,-249,-238,-208,-133,-91,-77,-30,-27,-16,-15,-44,-33,-46,-52,-77,-110,-106,-77,-90,-83,-113
14.25067,-344,-351,-366,-331,-309,-315,-261,-235,-211,-133,-100,-70,-20,-22,-8,-29,-64,-27,-34,-56,-63,-111,-105,-54,-102,-80,-104
14.26133,-343,-357,-372,-346,-314,-332,-251,-243,-210,-137,-103,-61,-25,-18,-14,-24,-64,-31,-43,-51,-50,-105,-101,-71,-97,-90,-117
14.27200,-349,-368,-346,-344,-300,-313,-249,-231,-205,-142,-101,-72,-28,-27,-12,-25,-57,-34,-44,-61,-46,-99,-105,-71,-96,-86,-116
14.28267,-367,-356,-366,-341,-312,-315,-254,-233,-201,-141,-96,-61,-30,-17,-13,-15,-56,-50,-27,-69,-50,-99,-93,-78,-98,-86,-109
14.29333,-361,-336,-370,-320,-322,-325,-249,-236,-194,-148,-104,-58,-29,-10,-12,-30,-60,-41,-43,-65,-64,-105,-83,-77,-105,-96,-111
14.30400,-358,-337,-381,-339,-311,-324,-243,-231,-194,-147,-91,-64,-27,-18,-37,-31,-49,-40,-49,-53,-54,-87,-100,-96,-99,-97,-117
14.31467,-350,-370,-366,-335,-309,-321,-250,-229,-200,-148,-99,-70,-22,-40,-39,-14,-35,-34,-71,-42,-50,-99,-92,-96,-107,-90,-116
14.32533,-374,-352,-363,-339,-322,-331,-258,-243,-206,-137,-110,-80,-31,-31,-24,-22,-31,-50,-61,-51,-31,-105,-108,-86,-120,-83,-112
14.33600,-346,-363,-362,-314,-310,-329,-270,-238,-203,-150,-107,-73,-20,-36,-22,-22,-43,-46,-48,-52,-34,-93,-105,-80,-103,-83,-118
14.34667,-341,-345,-361,-316,-315,-339,-265,-242,-202,-140,-99,-69,-32,-23,-23,-16,-30,-42,-30,-69,-65,-79,-103,-79,-102,-100,-120
14.35733,-347,-352,-345,-322,-320,-333,-263,-239,-201,-146,-103,-62,-22,-27,-19,-37,-28,-36,-42,-70,-58,-87,-93,-83,-110,-106,-121
14.36800,-356,-370,-364,-331,-316,-333,-262,-233,-199,-138,-98,-64,-20,-23,-12,-30,-30,-44,-60,-57,-60,-96,-95,-82,-109,-106,-123
14.37867,-360,-355,-365,-354,-320,-339,-266,-249,-198,-130,-91,-64,-30,-25,-12,-17,-57,-32,-34,-47,-55,-100,-100,-75,-112,-106,-113
14.38933,-384,-352,-372,-367,-327,-338,-277,-238,-209,-129,-101,-76,-25,-18,-10,-15,-35,-38,-46,-55,-58,-99,-100,-84,-98,-97,-108
14.40000,-368,-366,-389,-366,-326,-337,-273,-243,-203,-131,-94,-58,-15,-17,-12,-4,-24,-28,-45,-60,-57,-116,-113,-103,-104,-101,-124
14.41067,-349,-389,-390,-361,-326,-341,-270,-248,-194,-127,-87,-66,-11,-25,-5,-20,-33,-14,-52,-47,-57,-102,-105,-81,-102,-93,-130
14.42133,-372,-364,-374,-347,-323,-342,-283,-238,-204,-141,-96,-69,-11,-27,-1,-4,-27,-24,-58,-44,-61,-106,-104,-94,-80,-99,-118
14.43200,-364,-374,-384,-343,-298,-350,-285,-246,-203,-143,-95,-72,-12,-29,-12,-27,-52,-37,-47,-47,-55,-101,-95,-88,-89,-100,-114
14.44267,-360,-368,-379,-352,-313,-366,-280,-249,-204,-143,-97,-74,-8,-31,-9,-16,-42,-33,-51,-68,-49,-105,-89,-84,-85,-105,-119
14.45333,-348,-375,-383,-342,-318,-349,-260,-251,-208,-142,-90,-71,-12,-17,-15,-28,-45,-26,-65,-51,-40,-92,-82,-86,-86,-95,-117
14.46400,-373,-379,-387,-342,-315,-350,-269,-244,-214,-151,-98,-72,-14,-25,-11,-22,-42,-33,-60,-43,-44,-92,-90,-91,-101,-92,-132
14.47467,-346,-383,-387,-337,-315,-354,-268,-236,-211,-144,-95,-70,-24,-16,-10,-17,-49,-38,-50,-50,-49,-94,-98,-100,-101,-102,-126
14.48533,-373,-361,-387,-340,-322,-349,-269,-244,-212,-144,-90,-70,-19,-17,-1,-3,-38,-25,-46,-51,-47,-99,-94,-96,-89,-84,-108
14.49600,-354,-371,-385,-359,-317,-347,-271,-234,-206,-138,-102,-69,-13,-15,-27,-5,-36,-37,-35,-46,-40,-106,-74,-94,-107,-95,-112
14.50667,-373,-384,-386,-348,-319,-348,-283,-234,-205,-142,-95,-59,-7,-16,-13,-14,-35,-35,-34,-41,-45,-100,-83,-97,-101,-96,-120
14.51733,-372,-371,-405,-337,-323,-336,-274,-245,-201,-151,-89,-71,-9,-20,-4,-13,-43,-38,-35,-68,-54,-106,-86,-99,-94,-104,-137
14.52800,-364,-382,-390,-356,-337,-351,-258,-243,-205,-132,-93,-65,-9,-18,-13,-13,-28,-35,-36,-55,-67,-102,-96,-85,-90,-110,-120
14.53867,-377,-367,-383,-356,-323,-352,-261,-233,-208,-133,-99,-72,-19,-21,-13,-16,-29,-35,-54,-49,-50,-87,-107,-85,-81,-95,-129
14.54933,-378,-374,-395,-360,-341,-354,-266,-249,-210,-141,-96,-80,-10,0,-1,-16,-39,-25,-35,-48,-54,-82,-94,-78,-86,-80,-122
14.56000,-390,-378,-400,-357,-335,-346,-253,-246,-201,-132,-87,-82,-14,-12,-10,-10,-33,-21,-31,-56,-35,-81,-91,-76,-92,-87,-125
14.57067,-379,-377,-372,-346,-326,-345,-263,-238,-195,-125,-103,-63,-10,-2,-11,-7,-20,-25,-27,-63,-49,-87,-86,-78,-95,-82,-122
14.58133,-365,-379,-369,-343,-311,-348,-270,-228,-206,-139,-98,-55,-5,-10,3,-12,-30,-13,-35,-52,-50,-96,-92,-77,-92,-91,-120
14.59200,-348,-355,-382,-334,-330,-340,-263,-229,-198,-139,-86,-58,2,-13,-7,-15,-38,-21,-37,-61,-41,-103,-103,-87,-91,-89,-126
14.60267,-332,-381,-368,-334,-325,-338,-256,-239,-196,-145,-99,-65,1,-16,-13,-19,-36,-31,-41,-55,-53,-92,-113,-74,-90,-84,-114
14.61333,-365,-369,-378,-337,-338,-337,-258,-224,-201,-137,-90,-52,-12,-24,-8,-31,-39,-35,-37,-60,-47,-92,-114,-76,-97,-90,-115
14.62400,-358,-379,-377,-338,-328,-336,-273,-241,-212,-130,-98,-74,-13,-14,-10,-17,-46,-28,-34,-50,-58,-94,-101,-75,-83,-88,-126
14.63467,-352,-386,-385,-347,-313,-332,-265,-244,-212,-137,-98,-72,-14,-12,-11,-5,-44,-27,-40,-49,-52,-86,-89,-71,-87,-92,-121
14.64533,-356,-393,-372,-360,-318,-337,-267,-244,-209,-135,-104,-55,-18,-20,-15,-14,-48,-21,-51,-59,-57,-95,-80,-70,-89,-93,-115
14.65600,-368,-402,-365,-352,-307,-353,-267,-244,-203,-133,-104,-57,-23,-32,0,-3,-47,-25,-55,-54,-55,-102,-91,-85,-91,-101,-103
14.66667,-371,-375,-385,-344,-316,-336,-269,-246,-192,-128,-99,-55,-14,-30,1,-3,-50,-24,-49,-42,-53,-96,-88,-91,-84,-90,-103
14.67733,-351,-367,-387,-351,-326,-333,-280,-245,-191,-132,-99,-70,-6,-2,-2,-13,-40,-30,-32,-54,-46,-94,-105,-70,-75,-79,-108
14.68800,-368,-383,-379,-347,-321,-337,-275,-239,-197,-135,-103,-69,-10,1,1,-16,-38,-36,-30,-53,-52,-87,-109,-71,-82,-96,-106
14.69867,-374,-371,-382,-364,-328,-351,-283,-250,-206,-131,-102,-65,-8,-12,0,1,-38,-30,-25,-59,-54,-90,-91,-76,-103,-91,-112
14.70933,-354,-377,-391,-366,-334,-355,-295,-260,-201,-144,-105,-69,-11,-18,10,-3,-45,-30,-38,-60,-43,-92,-100,-88,-108,-90,-129
14.72000,-364,-371,-388,-367,-331,-374,-294,-257,-199,-143,-98,-65,-8,-25,2,-2,-54,-19,-36,-63,-54,-93,-100,-82,-107,-102,-121
14.73067,-365,-389,-374,-368,-348,-363,-289,-254,-206,-136,-95,-57,-22,-28,-5,-7,-40,-36,-61,-57,-55,-88,-101,-73,-109,-110,-129
14.74133,-372,-398,-374,-373,-322,-347,-282,-242,-210,-145,-93,-71,-1,-25,-9,-21,-38,-42,-51,-54,-69,-104,-107,-66,-98,-112,-113
14.75200,-370,-404,-404,-350,-328,-360,-270,-257,-213,-147,-97,-84,-14,-24,-10,-8,-46,-39,-50,-46,-60,-99,-102,-97,-96,-101,-99
14.76267,-376,-385,-396,-362,-335,-365,-279,-261,-221,-140,-110,-70,-16,-10,-16,-21,-32,-33,-49,-43,-77,-109,-87,-94,-97,-103,-97
14.77333,-391,-377,-390,-359,-357,-343,-280,-259,-219,-145,-92,-68,-2,-10,2,-24,-41,-30,-40,-72,-55,-107,-82,-93,-101,-100,-126
14.78400,-368,-375,-380,-369,-344,-358,-282,-252,-213,-141,-93,-60,-3,-20,1,-16,-42,-48,-38,-57,-46,-100,-80,-82,-102,-101,-134
14.79467,-394,-391,-395,-371,-336,-360,-288,-244,-200,-140,-95,-59,-2,-19,-18,-2,-33,-25,-31,-40,-55,-109,-93,-87,-106,-87,-129
14.80533,-390,-388,-389,-366,-340,-363,-291,-250,-208,-148,-86,-71,-9,-12,-5,-5,-32,-30,-37,-53,-62,-104,-98,-98,-102,-95,-125
14.81600,-386,-406,-400,-378,-347,-367,-280,-258,-217,-139,-98,-74,-12,-13,-6,-12,-17,-26,-41,-50,-73,-110,-112,-99,-93,-104,-137
14.82667,-412,-391,-401,-387,-349,-366,-275,-257,-229,-135,-94,-66,-10,-19,-13,2,-35,-38,-53,-54,-65,-97,-114,-102,-81,-113,-125
14.83733,-410,-409,-410,-388,-362,-358,-268,-251,-226,-140,-94,-52,-10,-17,-1,-19,-27,-44,-38,-63,-71,-108,-100,-81,-105,-110,-131
14.84800,-400,-421,-403,-387,-356,-362,-275,-274,-220,-134,-98,-61,-4,-20,4,-13,-31,-44,-38,-51,-71,-93,-96,-77,-98,-98,-134
14.85867,-420,-425,-401,-385,-348,-366,-295,-256,-216,-141,-108,-61,-11,-10,10,-9,-48,-33,-38,-47,-73,-103,-103,-81,-102,-120,-116
14.86933,-445,-430,-397,-384,-359,-366,-294,-267,-224,-145,-101,-67,-12,-21,4,-14,-43,-36,-36,-61,-64,-101,-105,-94,-100,-122,-115
14.88000,-415,-427,-414,-369,-365,-347,-291,-262,-222,-145,-98,-63,-9,-19,-6,-10,-27,-29,-37,-45,-72,-110,-101,-93,-112,-117,-129
14.89067,-389,-430,-421,-370,-364,-368,-291,-260,-224,-151,-97,-60,-7,-30,-6,-20,-30,-22,-43,-39,-67,-115,-100,-106,-104,-114,-143
14.90133,-394,-424,-415,-362,-344,-371,-309,-251,-221,-155,-100,-66,-5,-20,7,8,-33,-13,-40,-47,-66,-102,-102,-92,-100,-108,-124
14.91200,-410,-423,-419,-371,-341,-375,-293,-260,-225,-148,-105,-77,-3,-7,9,12,-24,-9,-55,-35,-56,-100,-105,-84,-111,-101,-123
14.92267,-418,-403,-410,-384,-351,-361,-305,-265,-214,-151,-104,-68,-6,-2,10,0,-27,-7,-55,-35,-51,-99,-104,-92,-109,-104,-122
14.93333,-389,-414,-423,-399,-356,-371,-295,-272,-222,-146,-87,-70,-8,-10,4,9,-32,-16,-45,-40,-63,-116,-121,-89,-110,-117,-126
14.94400,-396,-420,-413,-382,-353,-346,-286,-269,-216,-152,-97,-69,-13,-17,-5,4,-38,-43,-46,-48,-57,-96,-116,-75,-108,-99,-118
14.95467,-383,-418,-388,-382,-357,-364,-289,-262,-218,-161,-106,-64,-18,-9,-1,3,-43,-43,-47,-49,-54,-98,-105,-104,-99,-104,-124
14.96533,-396,-407,-406,-382,-359,-368,-282,-266,-218,-149,-90,-63,-14,-17,2,-4,-40,-39,-44,-49,-72,-98,-103,-78,-99,-113,-122
14.97600,-370,-421,-406,-388,-366,-355,-284,-273,-230,-146,-94,-63,1,-9,-3,-13,-41,-31,-47,-50,-58,-103,-112,-91,-102,-120,-122
14.98667,-393,-402,-401,-384,-363,-371,-283,-282,-221,-156,-96,-62,2,-12,-8,-26,-33,-29,-53,-41,-68,-110,-105,-98,-118,-110,-134
14.99733,-378,-386,-399,-386,-354,-365,-286,-270,-225,-140,-105,-65,-15,-25,3,-12,-29,-36,-50,-36,-61,-94,-100,-94,-98,-96,-125
15.00800,-365,-397,-417,-381,-357,-362,-288,-263,-216,-136,-102,-58,-14,-17,4,-14,-42,-27,-47,-53,-47,-100,-103,-96,-105,-94,-126
15.01867,-402,-396,-423,-391,-352,-367,-292,-264,-219,-135,-107,-70,-1,-7,-8,-11,-24,-38,-36,-53,-49,-95,-102,-101,-95,-101,-133
15.02933,-397,-413,-410,-384,-339,-364,-290,-266,-214,-153,-101,-59,-9,-11,-5,-9,-25,-29,-49,-51,-38,-94,-113,-91,-108,-107,-130
15.04000,-407,-397,-419,-356,-345,-367,-300,-251,-214,-146,-105,-61,-2,-21,-18,-8,-39,-15,-37,-41,-44,-87,-102,-96,-87,-117,-131
15.05067,-403,-416,-393,-369,-359,-365,-292,-262,-206,-140,-89,-62,-1,-29,-10,-18,-44,-22,-41,-28,-38,-103,-91,-93,-99,-120,-128
15.06133,-385,-405,-402,-365,-341,-358,-282,-256,-210,-140,-95,-53,-10,-18,-10,-17,-46,-24,-23,-41,-53,-101,-108,-81,-96,-120,-113
15.07200,-393,-419,-407,-367,-354,-369,-272,-255,-207,-151,-104,-61,-17,-22,-17,-5,-41,-16,-33,-52,-40,-111,-107,-95,-107,-125,-129
15.08267,-373,-394,-409,-352,-338,-367,-274,-244,-221,-150,-109,-74,-14,-15,-8,1,-34,-29,-38,-51,-39,-104,-109,-101,-100,-100,-131
15.09333,-400,-404,-409,-352,-349,-361,-289,-258,-214,-151,-104,-77,-17,-10,-10,-29,-39,-40,-50,-70,-67,-104,-105,-96,-92,-88,-127
15.10400,-392,-419,-419,-367,-346,-364,-290,-259,-220,-152,-117,-81,-19,-7,-12,-27,-53,-40,-53,-65,-67,-96,-92,-103,-99,-81,-138
15.11467,-407,-413,-417,-372,-330,-359,-290,-262,-221,-154,-117,-79,-13,-14,-16,-33,-45,-30,-53,-46,-63,-102,-91,-104,-109,-89,-124
15.12533,-382,-362,-419,-364,-333,-347,-288,-264,-215,-145,-115,-85,-17,-10,-12,-10,-46,-16,-53,-49,-55,-118,-90,-101,-104,-106,-125
15.13600,-394,-395,-403,-364,-348,-344,-274,-263,-212,-149,-108,-72,-2,-11,-19,0,-37,-28,-31,-56,-47,-102,-91,-102,-101,-128,-129
15.14667,-395,-403,-397,-356,-327,-356,-274,-270,-224,-150,-103,-79,-16,-13,-6,-5,-37,-33,-34,-44,-54,-98,-98,-105,-105,-118,-122
15.15733,-386,-385,-408,-376,-346,-365,-277,-257,-222,-153,-103,-64,-8,-16,-5,-11,-33,-35,-24,-48,-42,-96,-113,-90,-91,-105,-132
15.16800,-384,-414,-408,-364,-337,-363,-289,-259,-214,-147,-112,-60,-13,-18,-9,-36,-36,-26,-34,-52,-51,-108,-99,-86,-102,-116,-140
15.17867,-376,-402,-409,-358,-354,-361,-287,-257,-216,-145,-100,-63,-10,-21,-6,-21,-39,-25,-47,-39,-51,-99,-88,-103,-108,-124,-130
15.18933,-391,-393,-406,-368,-359,-357,-307,-246,-209,-143,-101,-60,-2,-9,-7,-14,-27,-19,-31,-51,-41,-93,-102,-111,-111,-121,-137
15.20000,-384,-388,-400,-373,-338,-361,-304,-241,-212,-129,-97,-56,-1,-11,-17,-19,-43,-35,-35,-49,-49,-89,-100,-97,-107,-104,-128
15.21067,-372,-411,-412,-374,-346,-356,-283,-251,-217,-137,-112,-73,-4,-17,-2,-21,-42,-45,-41,-59,-36,-91,-116,-95,-116,-103,-120
15.22133,-393,-411,-415,-366,-342,-356,-289,-252,-215,-141,-112,-64,-14,-18,1,-14,-33,-26,-56,-65,-34,-95,-114,-105,-106,-118,-113
15.23200,-356,-387,-393,-367,-341,-360,-279,-255,-223,-137,-101,-67,-25,-15,-5,-6,-40,-23,-59,-51,-39,-83,-113,-105,-121,-111,-125
15.24267,-397,-410,-395,-376,-341,-364,-282,-267,-215,-139,-102,-68,-26,-6,-12,-9,-48,-35,-60,-61,-44,-90,-107,-108,-98,-107,-122
15.25333,-413,-397,-396,-362,-337,-362,-290,-272,-201,-133,-100,-78,-21,-11,-17,-23,-37,-24,-45,-66,-60,-109,-108,-94,-102,-115,-124
15.26400,-379,-407,-405,-371,-340,-375,-284,-260,-204,-133,-96,-60,-15,-19,-15,-30,-42,-22,-47,-46,-59,-98,-101,-102,-101,-123,-126
15.27467,-375,-389,-416,-353,-323,-363,-273,-266,-209,-137,-101,-65,-17,-21,-22,-10,-46,-16,-41,-44,-51,-97,-93,-95,-92,-118,-124
15.28533,-391,-400,-415,-367,-344,-355,-285,-259,-211,-147,-104,-63,-12,-27,-20,-6,-30,-37,-53,-48,-66,-109,-108,-84,-96,-110,-137
15.29600,-374,-407,-407,-354,-341,-348,-293,-265,-214,-154,-103,-65,-13,-24,-10,-26,-36,-39,-50,-55,-51,-107,-104,-90,-93,-113,-123
15.30667,-382,-411,-400,-351,-340,-363,-293,-265,-206,-146,-103,-64,-21,-25,0,-11,-31,-39,-51,-62,-53,-104,-111,-91,-103,-113,-131
15.31733,-396,-400,-405,-374,-329,-354,-280,-251,-209,-135,-102,-80,-16,-21,-7,-17,-38,-41,-42,-67,-57,-101,-122,-92,-85,-110,-130
15.32800,-394,-398,-392,-369,-352,-346,-272,-245,-212,-137,-101,-77,-25,-26,11,-28,-48,-33,-49,-64,-67,-87,-109,-83,-74,-111,-132
15.33867,-394,-415,-390,-372,-340,-350,-279,-243,-208,-138,-91,-62,-16,-27,-7,-30,-49,-14,-61,-64,-48,-88,-107,-89,-94,-120,-129
15.34933,-415,-386,-383,-368,-331,-351,-291,-251,-218,-159,-98,-69,-13,-25,-17,-24,-41,-13,-46,-55,-51,-103,-101,-92,-103,-98,-118
15.36000,-391,-382,-381,-362,-351,-345,-296,-251,-223,-163,-103,-69,-20,-21,-10,-31,-52,-28,-49,-67,-55,-108,-93,-93,-103,-92,-126
15.37067,-390,-409,-396,-368,-345,-358,-284,-255,-216,-147,-101,-79,-15,-21,-14,-21,-48,-45,-38,-78,-50,-99,-101,-101,-94,-98,-117
15.38133,-386,-408,-435,-363,-345,-352,-277,-264,-217,-135,-103,-86,-26,-30,-17,-21,-56,-41,-43,-75,-54,-100,-102,-92,-104,-115,-130
15.39200,-377,-415,-418,-367,-366,-360,-272,-260,-212,-147,-109,-76,-17,-10,-16,-9,-47,-26,-51,-45,-63,-112,-100,-88,-109,-94,-129
15.40267,-388,-403,-419,-367,-351,-362,-268,-266,-221,-149,-100,-62,-19,-9,-10,-5,-47,-28,-38,-50,-67,-85,-107,-78,-107,-84,-134
15.41333,-377,-386,-406,-377,-353,-355,-280,-255,-206,-149,-109,-76,-16,-14,-18,-9,-43,-37,-54,-40,-53,-94,-99,-97,-100,-110,-149
15.42400,-383,-399,-391,-376,-338,-341,-284,-245,-223,-152,-113,-75,-24,-17,-18,0,-45,-36,-50,-54,-52,-111,-92,-90,-107,-100,-120
15.43467,-361,-404,-401,-361,-348,-357,-288,-253,-205,-154,-107,-71,-15,-14,-22,-10,-48,-27,-47,-47,-64,-105,-102,-87,-104,-117,-121
15.44533,-371,-393,-400,-348,-346,-346,-294,-258,-208,-144,-107,-88,-8,-15,-17,-5,-47,-38,-35,-57,-62,-103,-111,-90,-97,-104,-128
15.45600,-384,-394,-397,-373,-343,-356,-306,-256,-219,-148,-107,-90,-22,-12,-6,-15,-49,-37,-59,-59,-56,-101,-110,-105,-109,-114,-131
15.46667,-366,-400,-418,-375,-343,-358,-285,-258,-219,-159,-107,-68,-26,-6,-4,-28,-50,-29,-55,-63,-55,-116,-103,-105,-115,-97,-132
15.47733,-358,-389,-407,-369,-354,-346,-274,-250,-217,-154,-96,-70,-28,-18,-11,-27,-47,-31,-48,-45,-56,-106,-97,-95,-101,-95,-119
15.48800,-378,-390,-408,-375,-350,-349,-284,-258,-200,-145,-98,-64,-17,-21,-15,-22,-58,-36,-45,-46,-51,-116,-109,-100,-89,-120,-123
15.49867,-390,-395,-407,-366,-339,-343,-285,-266,-208,-152,-105,-70,-8,-21,-8,-17,-51,-40,-55,-65,-61,-97,-97,-85,-94,-114,-141
15.50933,-399,-368,-410,-362,-336,-343,-281,-250,-213,-150,-110,-74,3,-6,-3,-3,-47,-43,-57,-44,-57,-88,-91,-90,-110,-108,-121
15.52000,-380,-397,-416,-352,-348,-355,-283,-254,-207,-136,-107,-75,-5,4,-11,-20,-39,-29,-35,-72,-53,-103,-108,-91,-110,-112,-117
15.53067,-383,-411,-398,-379,-333,-365,-280,-255,-211,-139,-89,-81,-4,-12,-1,-23,-46,-21,-39,-66,-44,-93,-117,-77,-104,-123,-133
15.54133,-394,-405,-384,-376,-333,-358,-288,-271,-218,-138,-98,-69,-9,-17,-7,-18,-34,-32,-36,-58,-43,-97,-118,-87,-100,-101,-130
15.55200,-391,-417,-399,-375,-347,-367,-286,-261,-213,-153,-95,-69,-11,-12,12,-13,-42,-30,-59,-48,-53,-109,-108,-101,-102,-108,-144
15.56267,-384,-413,-405,-377,-355,-373,-300,-264,-213,-155,-89,-57,-4,-12,-4,-14,-45,-35,-35,-49,-76,-88,-87,-93,-96,-117,-142
15.57333,-387,-414,-400,-376,-356,-371,-312,-265,-212,-156,-101,-79,-5,-6,-19,-6,-41,-24,-34,-43,-64,-102,-102,-86,-97,-110,-155
15.58400,-389,-400,-408,-368,-353,-365,-303,-256,-218,-146,-99,-60,-18,-2,-12,-7,-48,-34,-41,-68,-67,-99,-100,-75,-112,-102,-146
15.59467,-399,-408,-413,-385,-342,-379,-287,-259,-225,-149,-111,-62,-21,-1,-2,0,-52,-40,-34,-64,-62,-89,-92,-88,-110,-120,-124
15.60533,-403,-411,-420,-374,-329,-362,-307,-258,-212,-153,-111,-70,-16,-12,9,-6,-49,-32,-40,-63,-60,-101,-98,-84,-97,-103,-126
15.61600,-398,-406,-425,-368,-340,-354,-301,-261,-223,-158,-110,-70,-11,-16,0,-15,-18,-31,-44,-68,-47,-89,-114,-97,-100,-107,-123
15.62667,-380,-405,-433,-376,-365,-371,-295,-268,-222,-154,-106,-61,-10,-15,7,-6,-16,-33,-47,-61,-51,-90,-122,-92,-107,-111,-126
15.63733,-379,-404,-423,-375,-366,-364,-302,-272,-219,-146,-109,-64,-23,-9,2,-13,-21,-21,-50,-48,-48,-93,-100,-80,-92,-96,-136
15.64800,-387,-406,-416,-373,-345,-364,-295,-264,-214,-152,-95,-65,-17,-1,0,4,-27,-32,-37,-55,-69,-95,-110,-82,-103,-100,-127
15.65867,-411,-406,-420,-387,-345,-360,-309,-267,-219,-152,-104,-60,-7,-4,-9,3,-35,-17,-33,-56,-59,-98,-107,-88,-103,-94,-139
15.66933,-405,-388,-408,-374,-359,-363,-295,-257,-225,-142,-115,-53,-4,-12,-6,-7,-31,-28,-49,-43,-80,-114,-84,-94,-98,-83,-125
15.68000,-390,-398,-412,-375,-344,-357,-283,-262,-223,-138,-96,-46,-10,-12,-7,-11,-30,-39,-47,-47,-68,-107,-88,-106,-109,-112,-122
15.69067,-392,-430,-413,-364,-348,-360,-296,-277,-229,-139,-110,-63,-9,-3,-13,-6,-19,-36,-42,-56,-49,-93,-99,-110,-93,-116,-125
15.70133,-408,-417,-415,-372,-354,-368,-302,-283,-222,-140,-93,-60,-2,-7,-12,-18,-25,-35,-37,-57,-48,-112,-109,-83,-120,-118,-121
15.71200,-403,-424,-412,-372,-343,-367,-304,-275,-219,-152,-98,-55,-14,-5,6,-13,-27,-22,-33,-51,-61,-107,-126,-90,-114,-120,-126
15.72267,-374,-428,-406,-375,-379,-364,-306,-276,-224,-152,-102,-68,-16,-6,-3,-18,-23,-20,-46,-53,-63,-109,-122,-87,-103,-112,-144
15.73333,-402,-420,-406,-374,-363,-371,-287,-268,-234,-150,-101,-69,-8,-4,-3,-5,-29,-30,-53,-46,-63,-102,-121,-91,-110,-109,-127
15.74400,-437,-434,-419,-371,-358,-373,-290,-270,-226,-150,-99,-73,-2,-18,-14,-13,-30,-24,-40,-48,-70,-98,-111,-79,-114,-116,-131
15.75467,-413,-426,-414,-377,-366,-386,-292,-258,-225,-146,-98,-71,-17,-30,-13,-13,-41,-43,-46,-43,-71,-106,-117,-90,-131,-117,-129
15.76533,-438,-421,-421,-379,-358,-392,-299,-263,-224,-149,-104,-75,-10,-14,-10,-11,-37,-35,-30,-41,-67,-96,-107,-88,-103,-108,-118
15.77600,-420,-418,-417,-382,-357,-391,-289,-286,-224,-148,-101,-77,0,3,-13,-1,-42,-23,-34,-51,-71,-98,-98,-97,-100,-114,-122
15.78667,-416,-394,-428,-386,-344,-389,-301,-279,-217,-149,-92,-60,5,-4,-9,-2,-34,-18,-47,-31,-63,-106,-109,-97,-115,-109,-128
15.79733,-385,-410,-423,-386,-353,-385,-302,-271,-217,-147,-94,-58,-8,-14,-2,4,-33,-14,-30,-54,-50,-103,-99,-102,-105,-109,-136
15.80800,-397,-419,-408,-383,-355,-371,-288,-267,-224,-155,-106,-56,-15,-8,-1,8,-30,-13,-51,-59,-41,-113,-101,-101,-99,-110,-137
15.81867,-390,-416,-421,-386,-355,-373,-288,-270,-217,-154,-105,-75,-1,-27,-4,-16,-30,-35,-34,-53,-52,-113,-95,-95,-102,-105,-119
15.82933,-407,-412,-429,-386,-357,-385,-287,-269,-225,-158,-105,-71,-6,-28,6,-8,-26,-35,-35,-44,-49,-101,-94,-107,-110,-113,-121
15.84000,-374,-432,-428,-398,-357,-383,-289,-255,-210,-167,-110,-73,-19,-17,-6,-25,-31,-26,-48,-45,-30,-99,-106,-107,-109,-103,-131
15.85067,-382,-403,-402,-392,-350,-376,-286,-272,-217,-160,-97,-74,-11,-14,-5,-19,-28,-28,-41,-40,-56,-103,-119,-104,-109,-94,-135
15.86133,-372,-400,-418,-386,-358,-370,-287,-273,-225,-154,-92,-64,-25,-6,-10,-21,-27,-30,-53,-31,-40,-116,-105,-93,-116,-93,-131
15.87200,-390,-399,-410,-386,-360,-359,-288,-276,-221,-157,-88,-72,-14,-21,-6,-24,-29,-33,-49,-47,-57,-106,-104,-88,-118,-101,-138
15.88267,-394,-427,-423,-376,-338,-365,-281,-275,-220,-155,-94,-68,-11,-25,-17,-9,-36,-48,-38,-48,-47,-93,-98,-94,-110,-96,-138
15.89333,-394,-404,-411,-371,-348,-370,-276,-283,-214,-156,-95,-68,-14,-28,3,-8,-48,-31,-37,-44,-56,-101,-99,-104,-102,-104,-122
15.90400,-404,-400,-422,-383,-362,-372,-289,-269,-204,-154,-101,-71,-10,-14,-1,-11,-45,-37,-24,-50,-52,-102,-91,-106,-97,-116,-118
15.91467,-420,-416,-406,-381,-359,-359,-287,-272,-212,-149,-91,-79,-2,-7,-3,-17,-47,-23,-39,-54,-51,-114,-88,-103,-97,-106,-134
15.92533,-428,-403,-403,-387,-365,-362,-300,-256,-208,-146,-95,-74,-1,-20,-13,-32,-37,-28,-41,-59,-50,-126,-106,-98,-89,-107,-125
15.93600,-389,-400,-418,-383,-345,-361,-292,-254,-224,-141,-104,-81,-4,-4,-10,-16,-20,-28,-44,-43,-38,-113,-109,-108,-96,-113,-139
15.94667,-378,-397,-415,-369,-359,-362,-296,-262,-227,-143,-100,-77,-6,-4,-6,-7,-35,-17,-48,-39,-46,-106,-105,-115,-107,-111,-140
15.95733,-391,-406,-418,-368,-356,-370,-303,-251,-222,-145,-92,-68,-14,-17,-10,-9,-38,-30,-39,-57,-41,-109,-110,-108,-109,-103,-148
15.96800,-378,-423,-425,-376,-361,-361,-296,-266,-219,-145,-97,-60,-22,-11,-16,-24,-45,-22,-44,-61,-40,-96,-102,-93,-116,-104,-140
15.97867,-387,-398,-425,-364,-344,-363,-292,-273,-228,-153,-106,-71,-15,-18,-8,-13,-42,-17,-38,-47,-50,-96,-108,-76,-117,-101,-127
15.98933,-372,-406,-389,-368,-336,-361,-291,-280,-219,-140,-112,-83,-17,-12,-7,-10,-47,-25,-23,-46,-51,-97,-109,-74,-127,-97,-123
16.00000,-389,-390,-409,-374,-350,-358,-283,-275,-218,-145,-109,-85,-26,-11,-13,-23,-45,-27,-40,-50,-56,-112,-120,-95,-104,-111,-127
16.01067,-402,-404,-399,-382,-337,-366,-298,-265,-219,-136,-105,-79,-21,-18,-9,-9,-44,-12,-44,-56,-52,-109,-105,-85,-117,-114,-125
16.02133,-404,-418,-402,-382,-349,-368,-288,-276,-216,-134,-103,-75,-24,-21,3,-16,-34,-22,-43,-62,-64,-103,-112,-95,-98,-110,-121
16.03200,-398,-412,-419,-373,-349,-365,-288,-266,-228,-140,-97,-81,-11,-6,-9,-12,-37,-20,-45,-62,-58,-104,-101,-92,-106,-108,-120
16.04267,-391,-391,-408,-385,-341,-367,-290,-272,-229,-150,-100,-70,-12,-16,-6,-18,-40,-20,-38,-51,-55,-92,-109,-102,-107,-114,-120
16.05333,-410,-383,-423,-380,-352,-352,-295,-271,-238,-145,-99,-74,-7,-15,4,-15,-41,-29,-31,-60,-65,-105,-106,-105,-104,-119,-120
16.06400,-415,-395,-408,-377,-356,-356,-298,-269,-231,-160,-104,-71,-6,-18,3,-24,-44,-39,-34,-69,-72,-98,-107,-92,-104,-106,-133
16.07467,-409,-411,-418,-372,-363,-358,-295,-265,-232,-146,-109,-66,-23,-8,7,-16,-36,-31,-48,-71,-63,-108,-107,-91,-107,-111,-135
16.08533,-372,-421,-406,-379,-350,-377,-287,-262,-231,-149,-107,-65,-17,-12,2,-17,-35,-35,-36,-65,-60,-107,-100,-100,-105,-110,-134
16.09600,-360,-416,-417,-389,-352,-368,-299,-267,-218,-149,-113,-67,-20,-24,-7,-17,-26,-47,-31,-55,-62,-94,-115,-114,-110,-107,-134
16.10667,-381,-408,-403,-375,-357,-367,-300,-272,-222,-149,-102,-69,-14,-19,-6,-10,-13,-36,-53,-56,-58,-89,-119,-97,-98,-118,-121
16.11733,-403,-397,-397,-370,-332,-377,-293,-270,-213,-143,-98,-71,-11,-11,-16,-2,-45,-49,-48,-51,-62,-103,-103,-94,-107,-107,-128
16.12800,-399,-412,-402,-361,-367,-368,-303,-271,-215,-153,-113,-71,-11,-10,-8,3,-36,-49,-37,-49,-67,-109,-98,-90,-104,-107,-128
16.13867,-377,-414,-419,-353,-363,-379,-289,-275,-221,-158,-112,-66,-18,-27,-3,0,-43,-24,-42,-42,-75,-106,-101,-75,-114,-130,-135
16.14933,-391,-424,-412,-362,-358,-376,-290,-276,-223,-148,-109,-70,-20,-24,-8,-4,-34,-30,-34,-47,-74,-96,-113,-90,-120,-127,-135
16.16000,-376,-409,-405,-378,-351,-373,-295,-267,-212,-150,-113,-74,-4,-21,-5,-10,-47,-23,-47,-70,-80,-111,-105,-100,-111,-120,-136
16.17067,-387,-402,-397,-373,-346,-364,-288,-259,-219,-145,-116,-70,-17,-23,-7,-8,-45,-19,-58,-57,-59,-109,-99,-88,-99,-117,-116
16.18133,-368,-410,-390,-384,-348,-365,-287,-266,-215,-141,-96,-70,-16,-13,-10,2,-36,-25,-47,-57,-55,-94,-96,-94,-97,-126,-116
16.19200,-387,-403,-378,-368,-343,-365,-288,-263,-221,-144,-104,-71,-15,-9,0,-9,-34,-29,-54,-59,-51,-108,-89,-96,-106,-112,-117
16.20267,-359,-394,-392,-361,-342,-376,-301,-267,-217,-143,-109,-64,-16,-15,8,10,-43,-24,-58,-42,-57,-93,-96,-106,-92,-107,-130
16.21333,-363,-379,-399,-362,-354,-365,-298,-265,-218,-156,-113,-65,-13,-22,-6,-17,-33,-18,-52,-65,-41,-107,-102,-107,-88,-117,-137
16.22400,-352,-402,-392,-361,-343,-358,-290,-275,-216,-149,-93,-65,-12,-37,-14,-22,-47,-35,-53,-53,-68,-94,-111,-101,-74,-115,-133
16.23467,-376,-412,-380,-364,-336,-359,-292,-269,-221,-161,-107,-55,-22,-24,-21,-14,-50,-31,-44,-65,-54,-91,-101,-98,-104,-105,-133
16.24533,-393,-411,-392,-364,-347,-357,-297,-260,-221,-155,-103,-61,-16,-22,-17,-9,-46,-31,-48,-52,-43,-96,-105,-100,-97,-111,-127
16.25600,-399,-408,-391,-393,-354,-357,-298,-263,-224,-154,-119,-70,-22,-19,-19,4,-33,-37,-51,-55,-44,-108,-93,-102,-100,-121,-150
16.26667,-391,-399,-419,-376,-346,-359,-291,-251,-210,-146,-115,-65,-23,-20,-6,-5,-45,-14,-56,-66,-43,-120,-103,-90,-107,-107,-128
16.27733,-389,-389,-404,-377,-327,-361,-289,-251,-214,-146,-106,-77,-10,-10,-15,5,-52,-25,-55,-74,-65,-119,-105,-92,-101,-110,-125
16.28800,-385,-399,-405,-373,-348,-374,-288,-273,-213,-154,-105,-87,-23,-14,-14,-4,-48,-24,-33,-61,-51,-96,-97,-110,-104,-112,-121
16.29867,-367,-396,-416,-364,-346,-366,-294,-276,-225,-154,-111,-83,-17,-8,1,7,-48,-32,-38,-60,-57,-104,-101,-93,-98,-115,-142
16.30933,-383,-414,-421,-376,-350,-352,-297,-277,-218,-153,-104,-74,-4,-22,-9,-10,-27,-41,-52,-49,-46,-95,-103,-86,-114,-103,-133
16.32000,-398,-405,-423,-358,-356,-360,-288,-274,-220,-151,-109,-73,-7,-20,-8,-8,-27,-27,-51,-57,-56,-100,-112,-63,-109,-104,-133
16.33067,-389,-410,-420,-391,-348,-382,-292,-271,-232,-155,-109,-82,-6,-16,-15,-13,-42,-36,-42,-64,-58,-106,-106,-83,-97,-119,-133
16.34133,-397,-406,-420,-381,-363,-384,-283,-279,-228,-159,-103,-81,-9,-3,-3,-37,-37,-35,-49,-62,-70,-110,-99,-95,-117,-132,-129
16.35200,-397,-406,-405,-405,-364,-380,-295,-272,-216,-170,-99,-60,-18,-20,-11,-28,-44,-37,-58,-69,-62,-101,-114,-100,-119,-114,-135
16.36267,-394,-407,-407,-382,-361,-384,-295,-269,-226,-169,-117,-70,-12,-21,-12,-19,-47,-15,-55,-59,-54,-85,-122,-99,-103,-115,-122
16.37333,-414,-410,-387,-373,-344,-364,-303,-268,-220,-158,-110,-74,-19,-23,-12,-6,-46,-25,-61,-65,-46,-109,-117,-99,-113,-120,-136
16.38400,-404,-401,-418,-386,-337,-377,-300,-268,-233,-149,-115,-74,-32,-25,-9,-25,-44,-25,-48,-46,-53,-98,-101,-90,-111,-121,-132
16.39467,-377,-413,-421,-376,-344,-374,-291,-258,-227,-151,-107,-78,-27,-20,-10,-22,-42,-27,-56,-46,-66,-99,-95,-94,-107,-123,-122
16.40533,-377,-412,-419,-360,-345,-379,-297,-263,-232,-158,-112,-68,-28,-21,-18,-17,-52,-36,-58,-45,-65,-110,-95,-91,-132,-137,-129
16.41600,-397,-416,-402,-363,-343,-367,-294,-261,-224,-158,-106,-75,-27,-15,-26,-36,-47,-50,-56,-38,-71,-105,-100,-90,-120,-121,-134
16.42667,-388,-416,-399,-362,-353,-362,-297,-264,-223,-166,-105,-78,-8,-23,-7,-12,-37,-53,-52,-60,-57,-93,-92,-97,-115,-115,-121
16.43733,-405,-414,-415,-351,-348,-371,-298,-275,-228,-159,-108,-87,-21,-14,3,-25,-41,-45,-52,-62,-50,-105,-111,-84,-111,-128,-131
16.44800,-402,-394,-418,-371,-350,-376,-295,-265,-239,-161,-114,-89,-20,-24,0,-21,-44,-28,-55,-58,-51,-107,-108,-100,-109,-122,-127
16.45867,-385,-403,-425,-378,-350,-377,-290,-275,-225,-162,-109,-81,-16,-35,-7,-39,-50,-39,-43,-51,-53,-92,-107,-116,-114,-120,-135
16.46933,-420,-397,-421,-384,-352,-374,-296,-273,-214,-159,-112,-86,-8,-26,14,-19,-40,-25,-51,-44,-48,-102,-117,-95,-103,-106,-140
16.48000,-401,-425,-416,-378,-366,-369,-290,-273,-221,-157,-109,-81,-14,-16,2,-6,-48,-33,-50,-61,-56,-112,-126,-90,-112,-115,-141
16.49067,-408,-431,-419,-380,-355,-365,-292,-270,-218,-158,-106,-84,-4,-26,4,-12,-51,-28,-50,-58,-59,-102,-129,-100,-99,-109,-139
16.50133,-395,-416,-410,-400,-361,-367,-298,-260,-230,-150,-117,-76,-3,-16,-5,-9,-51,-35,-54,-57,-50,-96,-123,-99,-103,-110,-137
16.51200,-386,-421,-429,-370,-354,-369,-303,-263,-215,-145,-118,-73,-9,-16,-22,-25,-53,-39,-39,-54,-44,-110,-100,-86,-103,-108,-120
16.52267,-389,-388,-440,-370,-363,-384,-300,-273,-219,-144,-102,-71,-16,-33,-13,-27,-50,-36,-46,-62,-47,-92,-94,-100,-107,-108,-130
16.53333,-394,-388,-416,-379,-359,-360,-290,-280,-228,-158,-103,-75,-23,-34,-18,-23,-49,-42,-40,-56,-53,-92,-99,-109,-106,-116,-139
16.54400,-403,-416,-420,-354,-349,-375,-291,-271,-220,-152,-90,-70,-28,-21,-6,-23,-53,-30,-32,-53,-62,-103,-96,-93,-120,-112,-130
16.55467,-407,-412,-411,-364,-353,-360,-290,-269,-230,-154,-101,-83,-18,-25,-14,-31,-44,-37,-34,-51,-55,-101,-105,-99,-105,-106,-119
16.56533,-390,-404,-416,-371,-345,-356,-291,-275,-231,-146,-116,-86,-17,-26,-17,-35,-37,-33,-45,-46,-52,-116,-103,-106,-122,-110,-119
16.57600,-404,-384,-406,-370,-332,-371,-289,-276,-233,-155,-127,-78,-17,-26,-17,-24,-42,-31,-70,-44,-57,-107,-103,-104,-102,-106,-104
16.58667,-409,-384,-409,-359,-339,-357,-292,-271,-221,-153,-117,-84,-20,-24,-13,-34,-53,-46,-63,-64,-62,-106,-99,-97,-101,-115,-115
16.59733,-381,-388,-426,-348,-336,-365,-285,-260,-226,-151,-115,-85,-18,-33,-10,-34,-43,-34,-57,-66,-70,-100,-101,-99,-113,-112,-135
16.60800,-376,-397,-432,-355,-340,-371,-282,-272,-244,-150,-111,-95,-24,-34,-8,-24,-44,-32,-60,-61,-71,-123,-103,-102,-114,-118,-125
16.61867,-386,-399,-432,-379,-351,-375,-292,-276,-227,-164,-114,-79,-37,-17,-16,-15,-53,-36,-62,-60,-76,-114,-110,-99,-126,-125,-126
16.62933,-407,-398,-414,-385,-346,-376,-293,-259,-230,-164,-108,-61,-33,-31,-16,-3,-61,-50,-70,-58,-63,-105,-111,-95,-115,-106,-133
16.64000,-400,-409,-410,-373,-341,-361,-295,-265,-232,-152,-117,-64,-30,-23,-26,-12,-45,-40,-57,-51,-56,-121,-102,-105,-124,-127,-118
16.65067,-392,-397,-399,-367,-354,-355,-291,-271,-216,-156,-115,-67,-53,-22,-24,-15,-50,-40,-65,-72,-71,-121,-99,-85,-123,-112,-119
16.66133,-401,-395,-393,-383,-349,-371,-300,-259,-217,-152,-112,-87,-33,-29,-28,-12,-51,-40,-68,-67,-61,-107,-115,-95,-113,-114,-132
16.67200,-368,-394,-394,-373,-346,-344,-291,-269,-226,-153,-115,-71,-18,-14,-14,-19,-53,-39,-63,-57,-56,-96,-108,-104,-103,-110,-121
16.68267,-382,-412,-413,-385,-349,-352,-296,-275,-230,-150,-114,-74,-30,-32,-16,-18,-52,-38,-66,-64,-58,-115,-111,-101,-117,-127,-135
16.69333,-405,-404,-407,-377,-336,-358,-300,-271,-225,-147,-116,-86,-32,-25,-23,-41,-51,-41,-72,-60,-63,-108,-116,-102,-107,-108,-134
16.70400,-392,-407,-416,-363,-351,-364,-290,-269,-222,-157,-115,-82,-21,-25,-18,-21,-38,-29,-54,-63,-65,-124,-134,-99,-108,-100,-137
16.71467,-393,-401,-413,-388,-358,-355,-300,-276,-228,-164,-125,-75,-21,-27,-15,-13,-41,-35,-51,-65,-67,-108,-120,-99,-110,-101,-135
16.72533,-380,-395,-424,-378,-363,-357,-297,-284,-233,-169,-109,-62,-16,-36,0,-17,-33,-45,-53,-73,-68,-107,-104,-110,-112,-102,-128
16.73600,-376,-390,-410,-384,-360,-373,-285,-284,-231,-170,-117,-71,-19,-35,-3,-25,-38,-39,-53,-64,-63,-107,-103,-117,-105,-108,-139
16.74667,-403,-390,-406,-372,-364,-381,-301,-285,-227,-161,-120,-77,-22,-37,-9,-33,-50,-31,-58,-56,-51,-110,-112,-99,-116,-117,-135
16.75733,-397,-401,-425,-373,-360,-369,-301,-259,-219,-159,-117,-75,-22,-37,-11,-17,-39,-27,-53,-73,-46,-114,-114,-92,-127,-115,-129
16.76800,-411,-405,-420,-362,-346,-366,-294,-265,-220,-159,-114,-81,-32,-23,-16,-12,-44,-43,-57,-65,-48,-107,-121,-85,-125,-125,-132
16.77867,-402,-416,-425,-377,-334,-369,-302,-260,-217,-163,-110,-84,-38,-15,-24,-19,-40,-30,-51,-76,-46,-110,-110,-103,-131,-136,-144
16.78933,-399,-408,-447,-375,-337,-386,-296,-265,-227,-160,-104,-73,-33,-30,-22,-14,-50,-31,-44,-61,-58,-121,-116,-89,-122,-121,-126
16.80000,-391,-385,-430,-385,-339,-379,-298,-266,-239,-163,-117,-82,-30,-39,-5,-39,-58,-28,-54,-63,-49,-105,-117,-105,-124,-120,-137
16.81067,-372,-416,-422,-384,-354,-382,-295,-260,-235,-163,-126,-85,-27,-50,-11,-27,-52,-39,-48,-45,-58,-107,-123,-113,-118,-120,-140
16.82133,-381,-429,-422,-399,-358,-370,-295,-265,-221,-161,-115,-86,-19,-41,-13,-35,-50,-33,-57,-60,-69,-112,-109,-115,-119,-104,-136
16.83200,-390,-425,-422,-384,-361,-379,-300,-269,-228,-149,-107,-69,-27,-28,-13,-26,-31,-33,-63,-58,-71,-115,-116,-107,-112,-95,-125
16.84267,-391,-412,-418,-395,-341,-383,-294,-263,-226,-151,-117,-75,-17,-29,-12,-23,-40,-38,-57,-71,-61,-119,-111,-102,-110,-101,-140
16.85333,-406,-413,-423,-391,-351,-386,-301,-272,-228,-153,-114,-70,-23,-25,-11,-9,-41,-43,-65,-50,-59,-103,-126,-87,-135,-101,-128
16.86400,-414,-431,-436,-393,-357,-386,-300,-265,-233,-155,-114,-70,-31,-31,-11,6,-44,-43,-76,-69,-43,-113,-131,-92,-126,-96,-121
16.87467,-411,-433,-418,-386,-353,-380,-302,-280,-229,-162,-106,-73,-30,-17,-19,-8,-44,-41,-64,-53,-52,-111,-125,-85,-120,-111,-130
16.88533,-394,-443,-407,-400,-358,-394,-307,-286,-229,-163,-116,-74,-17,-22,-21,-20,-45,-39,-70,-64,-63,-106,-106,-94,-124,-101,-147
16.89600,-419,-409,-412,-388,-365,-395,-295,-289,-237,-167,-113,-54,-15,-22,2,-17,-40,-38,-64,-49,-66,-106,-100,-102,-132,-121,-136
16.90667,-428,-428,-413,-391,-363,-400,-301,-279,-230,-164,-109,-73,-17,-31,-1,-4,-47,-37,-53,-48,-53,-116,-96,-101,-105,-118,-147
16.91733,-409,-439,-425,-377,-348,-390,-302,-295,-218,-155,-111,-71,-19,-19,-7,-6,-35,-25,-49,-51,-61,-119,-94,-108,-116,-125,-141
16.92800,-412,-431,-431,-383,-362,-393,-301,-290,-226,-156,-108,-59,-19,-25,-4,-13,-43,-27,-40,-52,-48,-122,-100,-108,-106,-115,-145
16.93867,-416,-428,-433,-377,-357,-399,-297,-284,-235,-158,-111,-57,-3,-15,7,-7,-36,-39,-49,-57,-44,-109,-100,-106,-105,-113,-141
16.94933,-418,-426,-414,-364,-357,-359,-306,-283,-227,-161,-115,-58,-5,-8,10,-1,-38,-30,-31,-53,-47,-118,-117,-87,-104,-94,-123
16.96000,-389,-420,-422,-381,-367,-366,-299,-278,-221,-158,-113,-68,-8,3,6,-19,-31,-39,-36,-52,-63,-114,-103,-93,-98,-102,-125
16.97067,-399,-404,-408,-396,-361,-376,-306,-274,-227,-149,-105,-66,-17,-15,6,-16,-30,-37,-42,-54,-54,-106,-101,-92,-111,-96,-126
16.98133,-390,-432,-420,-390,-360,-404,-307,-266,-217,-151,-111,-69,-15,-2,10,-5,-39,-25,-37,-57,-56,-107,-87,-113,-102,-101,-128
16.99200,-398,-431,-421,-388,-355,-395,-297,-275,-228,-166,-107,-74,-20,-16,9,-14,-23,-28,-55,-64,-56,-122,-92,-97,-99,-113,-138
17.00267,-421,-398,-418,-364,-344,-403,-297,-275,-232,-153,-111,-83,-22,-2,-9,-9,-32,-16,-44,-69,-51,-117,-105,-80,-104,-114,-147
17.01333,-422,-424,-408,-378,-364,-389,-313,-272,-220,-154,-110,-67,-17,-16,-1,-17,-42,-15,-45,-56,-45,-122,-107,-97,-115,-111,-137
17.02400,-422,-441,-409,-392,-362,-393,-301,-277,-222,-163,-120,-75,-17,-16,-4,-28,-36,-21,-44,-60,-55,-127,-132,-105,-100,-111,-126
17.03467,-409,-433,-415,-385,-355,-381,-302,-269,-227,-167,-117,-62,-26,-18,0,-27,-47,-32,-41,-53,-67,-110,-123,-108,-93,-102,-119
17.04533,-416,-427,-414,-389,-360,-389,-298,-277,-242,-160,-114,-78,-30,-29,-7,-24,-35,-24,-41,-59,-81,-111,-106,-100,-99,-117,-122
17.05600,-395,-443,-405,-409,-357,-397,-309,-278,-236,-156,-106,-69,-11,-26,-18,-28,-29,-22,-53,-50,-72,-119,-103,-90,-122,-118,-138
17.06667,-415,-416,-418,-400,-346,-398,-311,-275,-231,-161,-112,-71,-11,-15,-18,-6,-33,-26,-45,-54,-68,-96,-92,-90,-113,-125,-134
17.07733,-417,-414,-433,-387,-353,-382,-300,-274,-237,-172,-108,-69,-16,-15,-17,-5,-40,-34,-46,-54,-68,-99,-95,-120,-117,-118,-137
17.08800,-422,-403,-440,-383,-354,-368,-293,-275,-229,-172,-120,-77,-16,-15,-24,-17,-39,-32,-64,-55,-60,-101,-123,-86,-121,-111,-126
17.09867,-413,-417,-422,-389,-357,-378,-299,-282,-242,-157,-105,-76,-19,-11,-14,-15,-48,-52,-53,-63,-57,-98,-112,-88,-119,-102,-123
17.10933,-405,-422,-426,-401,-366,-381,-294,-271,-233,-157,-115,-81,-27,-16,-27,-8,-42,-37,-45,-62,-63,-103,-120,-88,-111,-106,-130
17.12000,-385,-410,-427,-402,-359,-376,-292,-279,-226,-153,-123,-86,-21,-21,-21,-4,-48,-28,-47,-49,-50,-111,-116,-87,-106,-116,-142
17.13067,-409,-417,-425,-404,-359,-376,-288,-282,-224,-162,-117,-85,-17,-11,-19,-24,-43,-32,-53,-51,-46,-114,-116,-86,-107,-115,-126
17.14133,-408,-395,-423,-402,-374,-378,-290,-283,-233,-171,-116,-94,-24,-3,-17,-13,-45,-28,-52,-58,-44,-110,-105,-94,-105,-103,-132
17.15200,-405,-411,-424,-392,-358,-372,-295,-283,-243,-158,-108,-88,-17,-11,-15,-22,-40,-30,-53,-52,-45,-105,-111,-92,-106,-113,-144
17.16267,-386,-409,-418,-384,-352,-383,-310,-265,-222,-157,-111,-74,-17,-25,-9,-23,-43,-26,-48,-50,-47,-104,-118,-95,-105,-103,-133
17.17333,-412,-436,-417,-390,-361,-389,-312,-273,-224,-163,-112,-83,-9,-20,0,-12,-37,-30,-46,-64,-37,-111,-117,-88,-103,-114,-138
17.18400,-408,-416,-410,-398,-363,-388,-309,-281,-221,-163,-117,-80,-25,-18,-15,-3,-39,-45,-59,-67,-38,-104,-121,-89,-110,-133,-138
17.19467,-420,-405,-416,-401,-372,-393,-317,-283,-221,-167,-126,-85,-25,-21,2,-17,-39,-44,-57,-61,-32,-111,-105,-90,-107,-121,-136
17.20533,-417,-386,-429,-398,-369,-386,-307,-288,-244,-169,-122,-82,-32,-10,-2,-23,-42,-36,-64,-48,-47,-97,-101,-101,-100,-114,-145
17.21600,-414,-409,-439,-396,-371,-386,-303,-282,-243,-164,-107,-74,-34,-6,-9,-25,-39,-32,-48,-46,-52,-107,-95,-103,-115,-118,-121
17.22667,-400,-452,-420,-385,-373,-366,-318,-286,-235,-157,-104,-73,-15,-25,-4,-18,-35,-18,-49,-70,-64,-106,-103,-96,-115,-105,-128
17.23733,-392,-444,-412,-400,-357,-363,-322,-284,-234,-160,-109,-71,-16,-24,-3,-23,-54,-18,-43,-71,-54,-93,-115,-108,-116,-102,-143
17.24800,-383,-420,-407,-423,-364,-385,-316,-297,-232,-160,-110,-75,-21,-17,-14,-17,-53,-23,-52,-57,-72,-100,-117,-106,-105,-115,-123
17.25867,-398,-430,-404,-399,-371,-390,-311,-277,-223,-169,-121,-80,-29,-21,-19,-10,-47,-19,-45,-52,-66,-111,-117,-103,-119,-107,-136
17.26933,-393,-411,-418,-397,-379,-394,-299,-288,-236,-166,-116,-80,-20,-8,-23,-8,-35,-23,-36,-60,-72,-124,-116,-103,-116,-100,-148
17.28000,-401,-421,-426,-390,-390,-373,-305,-290,-229,-145,-107,-70,-22,-15,-6,-9,-33,-28,-29,-57,-53,-114,-106,-101,-129,-116,-153
17.29067,-432,-413,-428,-383,-383,-377,-310,-279,-241,-155,-109,-73,-11,-15,-13,-11,-37,-14,-43,-70,-55,-109,-118,-102,-115,-110,-132
17.30133,-409,-416,-430,-388,-379,-379,-311,-272,-233,-157,-101,-73,-20,-17,-5,-22,-38,-27,-44,-62,-66,-127,-110,-108,-109,-117,-124
17.31200,-399,-410,-427,-395,-378,-379,-304,-273,-237,-164,-109,-70,-16,-23,-8,-20,-20,-28,-64,-61,-50,-118,-128,-96,-108,-112,-133
17.32267,-394,-416,-428,-406,-365,-389,-311,-279,-231,-156,-113,-74,-12,-17,-4,-17,-41,-25,-54,-70,-74,-114,-128,-94,-110,-117,-118
17.33333,-412,-441,-443,-399,-375,-389,-312,-271,-234,-162,-113,-88,-16,-15,-2,-10,-33,-32,-51,-51,-59,-116,-131,-104,-114,-105,-119
17.34400,-417,-449,-442,-419,-404,-384,-310,-286,-229,-159,-114,-76,-11,-16,-17,0,-48,-19,-34,-51,-50,-99,-126,-115,-114,-110,-126
17.35467,-444,-439,-441,-399,-383,-389,-328,-286,-233,-157,-111,-76,-32,-16,-20,-8,-41,-24,-44,-44,-51,-108,-119,-111,-104,-113,-132
17.36533,-425,-432,-445,-392,-378,-383,-311,-264,-234,-147,-99,-79,-25,-14,-14,-3,-45,-34,-47,-44,-51,-102,-123,-110,-105,-108,-135
17.37600,-412,-427,-435,-399,-390,-398,-313,-274,-239,-156,-98,-77,-24,-12,-13,2,-46,-21,-30,-50,-51,-107,-108,-106,-103,-100,-143
17.38667,-410,-424,-430,-400,-375,-392,-309,-287,-237,-163,-98,-64,-10,-15,7,-1,-32,-15,-28,-43,-63,-95,-108,-103,-99,-115,-138
17.39733,-418,-442,-451,-413,-365,-389,-314,-281,-227,-164,-108,-56,-19,-14,2,-15,-44,-15,-28,-44,-68,-106,-120,-103,-119,-106,-141
17.40800,-424,-439,-434,-422,-378,-388,-315,-279,-229,-156,-107,-61,-22,-12,-10,-32,-31,-30,-32,-30,-63,-106,-120,-100,-106,-109,-149
17.41867,-414,-441,-451,-417,-374,-393,-322,-284,-226,-161,-104,-70,-8,-17,3,-21,-31,-36,-53,-49,-54,-100,-103,-97,-95,-109,-135
17.42933,-420,-434,-460,-405,-380,-388,-308,-273,-233,-159,-115,-81,-10,-28,-1,-15,-31,-33,-53,-59,-53,-108,-96,-99,-99,-116,-130
17.44000,-404,-424,-446,-396,-373,-400,-309,-285,-229,-158,-120,-60,-21,-3,0,-12,-26,-39,-43,-65,-52,-117,-107,-92,-90,-95,-123
17.45067,-398,-425,-438,-406,-375,-392,-318,-285,-236,-163,-112,-74,-9,-1,1,-6,-29,-46,-38,-59,-55,-115,-91,-85,-93,-116,-143
17.46133,-396,-427,-426,-410,-373,-385,-318,-277,-229,-170,-121,-71,-17,-3,0,-17,-34,-31,-30,-41,-40,-111,-89,-96,-102,-119,-134
17.47200,-404,-427,-433,-420,-376,-383,-312,-273,-242,-150,-111,-79,-14,-8,4,-15,-37,-31,-32,-51,-40,-102,-107,-88,-94,-123,-121
17.48267,-396,-435,-443,-420,-372,-379,-307,-271,-240,-158,-115,-68,-9,0,-6,-15,-28,-28,-28,-33,-51,-116,-123,-93,-102,-112,-128
17.49333,-409,-437,-434,-410,-384,-381,-319,-274,-244,-153,-119,-64,-7,-7,-14,-16,-19,-36,-45,-52,-59,-101,-128,-106,-109,-124,-121
17.50400,-427,-446,-442,-406,-376,-396,-312,-289,-230,-166,-117,-62,-4,-7,-2,4,-35,-31,-40,-55,-53,-108,-104,-107,-107,-108,-126
17.51467,-435,-445,-430,-415,-386,-391,-329,-290,-239,-169,-109,-69,-12,-12,-16,12,-26,-14,-30,-54,-70,-106,-114,-105,-103,-122,-128
17.52533,-429,-439,-433,-413,-383,-393,-327,-283,-236,-165,-127,-83,-23,-13,-12,1,-35,-32,-35,-53,-57,-112,-118,-102,-106,-120,-111
17.53600,-407,-430,-435,-416,-381,-393,-316,-277,-232,-159,-107,-81,-23,-23,-13,-5,-34,-28,-41,-50,-52,-97,-115,-91,-101,-123,-122
17.54667,-415,-448,-421,-398,-365,-389,-324,-276,-236,-162,-109,-88,-22,-19,-6,-9,-45,-34,-36,-57,-42,-97,-112,-100,-120,-135,-130
17.55733,-426,-447,-432,-397,-362,-387,-334,-282,-242,-147,-114,-87,-13,-7,-3,6,-35,-27,-39,-60,-46,-107,-117,-103,-110,-142,-140
17.56800,-432,-425,-438,-390,-375,-395,-325,-295,-242,-160,-114,-78,-12,-8,-13,10,-34,-31,-26,-43,-46,-104,-104,-91,-120,-123,-126
17.57867,-428,-440,-431,-397,-374,-408,-320,-289,-233,-164,-107,-72,-18,-18,-9,-7,-41,-22,-44,-52,-57,-105,-109,-97,-98,-110,-129
17.58933,-429,-444,-423,-402,-388,-393,-309,-279,-237,-158,-103,-77,-7,-25,-12,-14,-46,-26,-52,-72,-38,-106,-89,-99,-108,-125,-132
17.60000,-413,-427,-437,-412,-377,-400,-312,-281,-246,-162,-111,-69,-9,-21,-15,-18,-41,-31,-50,-78,-44,-117,-101,-104,-112,-125,-133
17.61067,-417,-447,-432,-395,-377,-389,-314,-288,-248,-154,-107,-75,-16,-33,-21,-10,-20,-31,-50,-63,-50,-117,-108,-112,-117,-150,-155
17.62133,-419,-437,-411,-407,-373,-399,-319,-293,-245,-162,-100,-73,-21,-10,-13,-13,-37,-44,-31,-59,-52,-125,-111,-122,-114,-136,-136
17.63200,-424,-450,-441,-416,-358,-400,-324,-295,-236,-164,-105,-75,-8,-3,-2,-15,-42,-21,-27,-49,-50,-107,-100,-94,-117,-116,-144
17.64267,-430,-434,-436,-411,-367,-387,-327,-289,-230,-166,-118,-75,-26,-7,-8,-15,-42,-13,-38,-49,-60,-114,-113,-105,-119,-119,-141
17.65333,-432,-441,-441,-409,-394,-395,-316,-294,-237,-162,-121,-76,-15,7,-2,-16,-28,-24,-40,-55,-69,-131,-114,-121,-127,-130,-136
17.66400,-431,-444,-439,-402,-404,-401,-311,-288,-239,-160,-120,-74,-23,-15,-9,-9,-41,-39,-35,-56,-54,-111,-96,-121,-132,-129,-139
17.67467,-435,-423,-449,-391,-404,-404,-301,-285,-239,-161,-119,-76,-28,-5,-10,3,-46,-18,-37,-41,-45,-108,-106,-118,-133,-129,-134
17.68533,-422,-422,-432,-413,-395,-396,-315,-291,-251,-163,-120,-75,-20,-12,-5,-7,-19,-24,-48,-47,-72,-111,-104,-121,-117,-119,-139
17.69600,-429,-440,-435,-389,-389,-391,-329,-286,-235,-161,-114,-84,-23,-12,-4,4,-32,-30,-64,-41,-67,-112,-113,-104,-135,-107,-140
17.70667,-439,-452,-438,-415,-366,-402,-329,-287,-235,-160,-109,-85,-25,-18,-4,-11,-50,-31,-54,-45,-65,-124,-119,-100,-123,-127,-143
17.71733,-426,-466,-416,-405,-378,-396,-320,-279,-224,-164,-113,-82,-19,-19,2,-8,-38,-32,-38,-43,-60,-116,-142,-104,-127,-109,-136
17.72800,-428,-442,-431,-406,-382,-391,-320,-284,-238,-166,-116,-91,-19,-8,0,-14,-27,-29,-35,-51,-69,-122,-122,-110,-112,-111,-151
17.73867,-450,-442,-414,-406,-375,-393,-317,-290,-225,-174,-115,-81,-18,-18,-8,-4,-33,-21,-48,-61,-75,-127,-111,-101,-100,-115,-146
17.74933,-419,-449,-435,-418,-383,-394,-323,-283,-224,-161,-114,-81,-20,-4,-11,-16,-44,-30,-60,-47,-62,-107,-119,-112,-98,-106,-147
17.76000,-406,-455,-443,-403,-369,-390,-309,-280,-237,-159,-95,-68,-15,-16,-2,-20,-47,-27,-43,-47,-72,-101,-123,-109,-117,-119,-140
17.77067,-416,-440,-433,-406,-370,-379,-309,-283,-234,-163,-110,-88,-13,-25,-12,-13,-37,-21,-46,-51,-66,-99,-113,-96,-107,-120,-143
17.78133,-412,-440,-450,-420,-370,-391,-301,-274,-241,-166,-121,-85,-14,-9,-17,-6,-44,-32,-55,-59,-64,-105,-93,-89,-117,-119,-147
17.79200,-411,-421,-442,-406,-364,-391,-329,-282,-237,-175,-111,-75,-14,-11,-7,-9,-44,-29,-60,-49,-66,-90,-114,-109,-127,-115,-145
17.80267,-407,-415,-436,-396,-369,-383,-326,-282,-231,-167,-119,-74,-14,-23,-1,-1,-36,-42,-62,-51,-47,-93,-96,-100,-101,-110,-134
17.81333,-420,-423,-428,-379,-375,-382,-319,-301,-235,-169,-117,-75,-22,-6,-12,-15,-29,-29,-63,-56,-63,-93,-112,-110,-109,-110,-144
17.82400,-431,-425,-417,-377,-373,-377,-316,-288,-231,-161,-121,-76,-19,-10,-15,-19,-32,-47,-60,-66,-60,-102,-106,-101,-124,-116,-141
17.83467,-423,-419,-420,-388,-374,-372,-314,-291,-235,-160,-121,-80,-21,-17,-4,-13,-34,-39,-44,-49,-64,-107,-105,-110,-121,-118,-134
17.84533,-421,-426,-431,-403,-373,-379,-314,-291,-239,-161,-109,-77,-18,-11,-17,-13,-41,-41,-46,-45,-68,-107,-122,-107,-124,-118,-144
17.85600,-399,-408,-427,-399,-366,-390,-316,-284,-249,-155,-95,-88,-17,-29,-12,-10,-47,-39,-39,-59,-52,-107,-109,-101,-111,-112,-136
17.86667,-412,-431,-436,-392,-378,-398,-313,-291,-246,-155,-114,-82,-16,-30,-25,-23,-39,-42,-56,-65,-49,-101,-102,-103,-108,-112,-125
17.87733,-408,-430,-433,-406,-381,-394,-317,-289,-245,-155,-120,-78,-14,-25,-27,-10,-48,-25,-47,-59,-58,-99,-104,-105,-115,-114,-135
17.88800,-423,-425,-437,-397,-378,-389,-308,-289,-245,-148,-122,-80,-15,-17,-10,-17,-38,-20,-49,-62,-68,-100,-98,-103,-112,-120,-136
17.89867,-421,-424,-434,-412,-378,-394,-308,-292,-232,-157,-117,-84,-22,-28,-4,-16,-31,-24,-58,-60,-54,-99,-106,-90,-119,-118,-136
17.90933,-418,-448,-446,-407,-382,-402,-314,-285,-247,-164,-117,-82,-11,-26,-11,-16,-42,-31,-53,-54,-67,-111,-131,-90,-118,-118,-142
17.92000,-413,-453,-433,-405,-382,-383,-321,-286,-243,-173,-118,-82,-15,-20,-11,-12,-47,-48,-45,-71,-70,-98,-122,-101,-120,-116,-131
17.93067,-422,-439,-430,-414,-382,-386,-315,-294,-231,-168,-123,-65,-1,-22,-28,-5,-42,-42,-49,-60,-69,-104,-122,-104,-125,-116,-127
17.94133,-416,-441,-422,-411,-386,-389,-327,-290,-241,-163,-121,-78,-7,-22,-15,-12,-46,-15,-45,-67,-63,-100,-110,-96,-132,-121,-131
17.95200,-434,-428,-421,-418,-370,-396,-316,-290,-231,-163,-116,-76,-17,-14,-11,-15,-48,-20,-50,-50,-78,-109,-111,-82,-129,-122,-142
17.96267,-414,-413,-428,-427,-378,-400,-325,-292,-242,-167,-111,-73,-21,-21,-14,-23,-45,-31,-34,-54,-87,-121,-117,-105,-109,-141,-137
17.97333,-418,-422,-427,-420,-380,-401,-318,-288,-235,-174,-118,-79,-18,-25,-8,-7,-33,-29,-34,-58,-81,-124,-128,-94,-101,-130,-143
17.98400,-435,-440,-417,-404,-370,-378,-322,-280,-232,-161,-122,-79,-12,-27,-10,-4,-33,-29,-45,-57,-78,-101,-122,-102,-119,-130,-150
17.99467,-413,-439,-448,-383,-379,-393,-328,-277,-232,-165,-124,-78,-21,-11,-9,-13,-47,-19,-47,-62,-65,-107,-104,-98,-132,-128,-146
18.00533,-436,-412,-433,-388,-385,-397,-319,-287,-241,-172,-117,-80,-24,-16,-4,-17,-55,-39,-48,-61,-57,-112,-115,-111,-124,-126,-147
18.01600,-403,-420,-414,-409,-376,-402,-320,-294,-242,-183,-113,-68,-23,-9,-6,-11,-38,-30,-49,-55,-55,-111,-108,-101,-123,-145,-133
18.02667,-426,-428,-423,-415,-381,-389,-328,-287,-245,-174,-113,-68,-20,-20,-11,-5,-53,-33,-57,-40,-50,-114,-107,-105,-121,-127,-150
18.03733,-415,-434,-434,-420,-370,-383,-309,-287,-248,-164,-121,-76,-14,-26,-6,-15,-41,-35,-49,-37,-79,-116,-126,-104,-119,-117,-135
18.04800,-428,-417,-424,-418,-368,-394,-319,-299,-240,-168,-125,-76,-20,-25,8,-5,-39,-33,-57,-73,-75,-107,-109,-110,-106,-120,-128
18.05867,-435,-427,-435,-418,-372,-393,-318,-292,-246,-171,-129,-76,-20,-22,4,2,-41,-32,-49,-61,-75,-115,-107,-107,-117,-117,-133
18.06933,-449,-421,-437,-421,-378,-400,-311,-300,-244,-170,-117,-76,-12,-24,0,-10,-48,-30,-51,-57,-74,-129,-103,-103,-118,-111,-127
18.08000,-438,-414,-443,-416,-376,-382,-326,-289,-250,-163,-121,-84,-26,-17,5,-15,-25,-44,-39,-65,-59,-113,-103,-107,-118,-112,-132
18.09067,-441,-421,-431,-416,-372,-389,-318,-291,-254,-191,-118,-79,-27,-26,1,-29,-46,-56,-56,-57,-57,-111,-115,-116,-125,-109,-138
18.10133,-430,-417,-432,-421,-378,-385,-319,-296,-245,-176,-111,-66,-21,-22,0,-18,-30,-46,-48,-65,-46,-115,-120,-124,-117,-119,-152
18.11200,-417,-436,-444,-404,-380,-389,-317,-289,-248,-168,-116,-61,-40,-25,6,-29,-35,-42,-48,-62,-56,-105,-103,-107,-119,-118,-131
18.12267,-428,-425,-432,-398,-370,-405,-317,-288,-237,-164,-108,-73,-29,-6,-3,-30,-49,-32,-73,-72,-66,-114,-100,-103,-108,-123,-139
18.13333,-407,-432,-433,-407,-373,-407,-304,-292,-238,-165,-119,-69,-14,-8,-10,-27,-51,-33,-58,-75,-50,-116,-109,-111,-120,-128,-129
18.14400,-407,-443,-433,-400,-381,-400,-313,-275,-245,-162,-114,-75,-3,-18,-13,-25,-56,-41,-45,-84,-62,-113,-105,-118,-126,-132,-138
18.15467,-399,-447,-438,-409,-372,-400,-325,-285,-256,-182,-112,-78,-15,-23,-10,-14,-53,-38,-48,-70,-51,-106,-105,-117,-122,-131,-144
18.16533,-426,-441,-431,-421,-362,-390,-312,-289,-246,-169,-130,-79,-8,-25,-24,-22,-56,-38,-52,-71,-71,-117,-104,-109,-119,-125,-147
18.17600,-425,-428,-420,-419,-367,-382,-311,-285,-239,-178,-127,-79,-17,-35,-19,-14,-60,-36,-60,-87,-69,-100,-104,-96,-118,-133,-144
18.18667,-414,-426,-417,-403,-365,-386,-322,-282,-244,-180,-117,-86,-25,-32,-19,-34,-61,-41,-48,-71,-77,-108,-113,-100,-119,-137,-138
18.19733,-411,-429,-417,-408,-350,-382,-317,-280,-228,-178,-110,-76,-30,-24,-16,-30,-46,-34,-63,-81,-63,-108,-113,-112,-126,-132,-141
18.20800,-415,-434,-415,-410,-360,-387,-315,-295,-238,-166,-113,-83,-35,-27,-19,-14,-54,-36,-53,-77,-75,-104,-114,-108,-124,-133,-142
18.21867,-437,-451,-439,-407,-384,-395,-323,-295,-233,-166,-110,-80,-36,-25,-26,-20,-45,-40,-48,-59,-68,-115,-113,-117,-127,-129,-150
18.22933,-432,-441,-445,-414,-398,-397,-313,-292,-248,-157,-113,-79,-29,-22,-17,-10,-34,-38,-57,-58,-58,-126,-105,-110,-138,-127,-162
18.24000,-422,-466,-450,-412,-397,-397,-309,-291,-234,-154,-118,-84,-15,-16,-16,-25,-34,-44,-58,-56,-64,-118,-111,-102,-121,-108,-149
18.25067,-421,-451,-444,-415,-384,-393,-318,-300,-239,-155,-116,-89,-17,-18,-20,-26,-40,-50,-59,-62,-62,-122,-105,-93,-117,-113,-142
18.26133,-400,-462,-461,-423,-388,-392,-324,-306,-253,-156,-119,-84,-21,-19,-3,-29,-44,-37,-50,-68,-70,-129,-111,-110,-119,-133,-149
18.27200,-399,-443,-434,-407,-380,-392,-324,-298,-253,-164,-112,-71,-21,-15,-12,-32,-50,-44,-51,-70,-71,-106,-124,-114,-122,-117,-147
18.28267,-417,-429,-415,-405,-378,-389,-330,-286,-240,-178,-122,-81,-14,-23,-24,-8,-57,-46,-70,-68,-71,-97,-116,-114,-120,-124,-149
18.29333,-418,-415,-437,-410,-380,-394,-326,-292,-236,-172,-127,-92,-15,-21,-20,-19,-58,-41,-60,-53,-75,-102,-109,-115,-127,-120,-157
18.30400,-413,-434,-445,-418,-381,-380,-317,-284,-234,-175,-122,-84,-23,-18,-30,-14,-44,-55,-56,-62,-53,-108,-112,-107,-127,-118,-153
18.31467,-416,-432,-442,-414,-388,-397,-327,-285,-249,-174,-126,-85,-26,-24,-31,-18,-51,-40,-59,-67,-59,-118,-125,-95,-130,-125,-146
18.32533,-421,-434,-440,-404,-385,-400,-334,-282,-244,-174,-119,-87,-18,-41,-8,-14,-51,-38,-56,-70,-51,-121,-131,-107,-128,-116,-137
18.33600,-421,-434,-431,-387,-388,-388,-327,-304,-243,-169,-123,-89,-9,-34,-8,-11,-52,-58,-60,-68,-64,-121,-129,-100,-117,-126,-137
18.34667,-431,-436,-449,-396,-372,-383,-320,-286,-235,-174,-114,-83,-18,-30,-16,-10,-41,-37,-63,-68,-69,-121,-126,-92,-127,-115,-148
18.35733,-418,-414,-437,-385,-373,-388,-312,-298,-247,-176,-107,-91,-11,-34,-18,-24,-32,-47,-63,-74,-72,-105,-116,-97,-122,-116,-143
18.36800,-425,-395,-440,-388,-374,-382,-326,-295,-246,-151,-117,-83,-18,-25,-18,-29,-37,-50,-41,-55,-57,-110,-115,-106,-112,-114,-131
18.37867,-422,-405,-437,-391,-364,-387,-325,-289,-235,-161,-119,-81,-24,-29,-20,-32,-48,-53,-38,-75,-59,-106,-119,-125,-123,-110,-140
18.38933,-399,-439,-440,-396,-363,-386,-320,-291,-250,-176,-119,-85,-21,-25,-14,-35,-54,-28,-38,-70,-62,-108,-113,-115,-121,-127,-133
18.40000,-394,-412,-421,-391,-372,-390,-327,-290,-245,-163,-121,-86,-16,-21,-18,-25,-32,-35,-44,-62,-68,-113,-116,-108,-115,-135,-134
18.41067,-398,-429,-428,-402,-370,-387,-313,-288,-241,-162,-127,-90,-22,-33,-21,-12,-48,-33,-55,-69,-84,-114,-118,-96,-110,-130,-122
18.42133,-410,-411,-427,-388,-372,-388,-333,-287,-235,-162,-129,-87,-19,-27,-31,-16,-50,-44,-46,-59,-63,-113,-120,-107,-105,-133,-126
18.43200,-431,-415,-436,-390,-374,-399,-328,-288,-248,-168,-121,-87,-19,-25,-13,-22,-41,-53,-69,-65,-70,-113,-126,-105,-113,-137,-144
18.44267,-429,-418,-443,-389,-372,-405,-320,-288,-259,-171,-129,-98,-27,-24,-12,-26,-54,-49,-66,-57,-78,-114,-134,-116,-107,-118,-139
18.45333,-429,-424,-443,-391,-371,-412,-326,-292,-250,-173,-132,-79,-23,-15,-7,-27,-55,-47,-47,-64,-80,-117,-126,-116,-99,-135,-132
18.46400,-427,-438,-441,-400,-375,-412,-321,-281,-246,-157,-122,-67,-17,-31,-10,-27,-51,-51,-59,-69,-81,-127,-104,-119,-115,-121,-138
18.47467,-406,-418,-433,-395,-375,-401,-305,-289,-245,-171,-123,-76,-25,-31,-7,-24,-41,-41,-47,-65,-81,-135,-121,-114,-108,-112,-141
18.48533,-409,-429,-440,-393,-380,-388,-317,-295,-242,-159,-115,-73,-28,-24,9,-14,-39,-36,-50,-77,-64,-111,-110,-114,-104,-112,-148
18.49600,-422,-418,-438,-388,-396,-391,-329,-292,-248,-167,-116,-81,-27,-16,-7,-32,-48,-51,-50,-74,-57,-114,-126,-111,-104,-113,-139
18.50667,-434,-431,-441,-394,-410,-390,-325,-289,-236,-167,-118,-81,-23,-20,3,-26,-56,-44,-42,-49,-74,-116,-120,-100,-120,-134,-128
18.51733,-420,-444,-440,-403,-382,-392,-315,-289,-230,-175,-116,-88,-16,-28,-8,-25,-47,-38,-31,-48,-66,-117,-126,-102,-122,-122,-139
18.52800,-430,-456,-439,-404,-387,-403,-313,-297,-253,-172,-113,-93,-29,-38,-18,-27,-61,-42,-46,-58,-72,-129,-125,-98,-129,-129,-143
18.53867,-398,-459,-444,-393,-375,-400,-318,-294,-255,-174,-121,-83,-25,-32,-11,-22,-64,-23,-64,-55,-59,-106,-103,-110,-118,-126,-136
18.54933,-418,-451,-422,-402,-380,-398,-329,-288,-244,-183,-131,-76,-23,-31,-12,-29,-58,-29,-57,-49,-46,-113,-102,-108,-123,-123,-142
18.56000,-408,-436,-445,-390,-388,-402,-337,-294,-243,-170,-135,-82,-30,-30,-2,-20,-52,-43,-52,-51,-53,-117,-107,-99,-113,-104,-146
18.57067,-410,-453,-419,-400,-382,-407,-322,-294,-241,-171,-118,-96,-20,-35,-15,-6,-46,-44,-41,-63,-51,-106,-113,-94,-102,-121,-142
18.58133,-426,-465,-435,-413,-384,-395,-314,-293,-234,-180,-126,-82,-30,-32,-25,-34,-53,-50,-50,-74,-57,-114,-120,-103,-103,-116,-151
18.59200,-445,-460,-428,-407,-393,-399,-321,-293,-243,-172,-129,-84,-32,-26,-20,-31,-47,-38,-68,-69,-50,-108,-119,-104,-114,-125,-139
18.60267,-441,-446,-436,-391,-380,-391,-327,-294,-249,-168,-123,-89,-35,-33,-19,-22,-40,-34,-59,-56,-66,-124,-131,-111,-117,-115,-136
18.61333,-428,-448,-432,-391,-374,-383,-334,-293,-243,-159,-117,-93,-34,-27,-18,-14,-40,-43,-68,-48,-70,-120,-143,-111,-123,-122,-134
18.62400,-421,-446,-441,-395,-369,-398,-329,-290,-245,-167,-121,-91,-19,-28,-11,-28,-58,-38,-49,-69,-69,-124,-120,-107,-125,-122,-138
18.63467,-446,-423,-422,-394,-380,-399,-331,-306,-248,-179,-117,-76,-19,-22,-31,-18,-59,-27,-43,-46,-69,-108,-112,-107,-125,-115,-148
18.64533,-441,-423,-413,-413,-382,-405,-325,-301,-244,-178,-121,-86,-13,-15,-30,-20,-64,-37,-50,-62,-69,-106,-109,-112,-133,-115,-139
18.65600,-407,-452,-426,-415,-378,-399,-323,-290,-240,-175,-131,-84,-19,-9,-28,-40,-58,-33,-53,-68,-72,-113,-105,-116,-126,-121,-143
18.66667,-416,-447,-440,-407,-372,-404,-329,-278,-241,-165,-129,-86,-18,-20,-16,-22,-55,-34,-52,-65,-72,-117,-97,-101,-124,-135,-139
18.67733,-429,-437,-436,-401,-384,-410,-342,-289,-242,-173,-117,-85,-18,-28,-20,-26,-53,-23,-57,-58,-66,-112,-102,-107,-115,-121,-140
18.68800,-440,-429,-419,-404,-382,-398,-327,-295,-255,-175,-122,-83,-27,-26,-11,-9,-49,-25,-56,-64,-60,-120,-92,-106,-118,-124,-145
18.69867,-419,-436,-425,-408,-384,-393,-311,-284,-254,-167,-134,-83,-29,-28,-4,0,-44,-36,-54,-53,-39,-103,-120,-104,-114,-122,-154
18.70933,-432,-428,-443,-400,-385,-386,-318,-291,-251,-167,-123,-93,-28,-29,-4,-9,-52,-49,-63,-68,-51,-119,-113,-105,-117,-132,-148
18.72000,-429,-431,-449,-407,-390,-383,-318,-275,-243,-178,-126,-89,-28,-36,-10,-32,-57,-55,-60,-68,-60,-104,-117,-113,-115,-130,-148
18.73067,-414,-428,-438,-396,-382,-389,-324,-291,-246,-170,-125,-90,-22,-30,-21,-19,-49,-44,-47,-74,-68,-107,-103,-110,-134,-129,-139
18.74133,-412,-431,-447,-403,-383,-398,-319,-287,-244,-171,-126,-74,-22,-33,-11,-26,-57,-37,-52,-68,-68,-124,-117,-103,-120,-117,-139
18.75200,-426,-445,-444,-408,-383,-394,-313,-291,-247,-173,-124,-69,-25,-29,-12,-40,-62,-52,-49,-51,-51,-116,-116,-108,-121,-129,-130
18.76267,-422,-435,-453,-417,-378,-387,-317,-301,-251,-170,-120,-63,-22,-31,-14,-26,-48,-47,-37,-68,-66,-121,-120,-110,-122,-124,-144
18.77333,-402,-427,-447,-414,-384,-397,-323,-286,-243,-163,-131,-66,-19,-30,-20,-21,-54,-31,-44,-63,-76,-123,-125,-111,-115,-126,-135
18.78400,-436,-435,-456,-397,-383,-392,-316,-299,-232,-169,-123,-76,-27,-21,-8,-16,-40,-34,-46,-49,-61,-108,-124,-114,-118,-133,-148
18.79467,-415,-443,-450,-401,-392,-407,-337,-296,-238,-166,-126,-75,-21,-25,-14,-27,-39,-49,-30,-63,-71,-115,-124,-100,-123,-127,-136
18.80533,-418,-450,-436,-418,-390,-406,-335,-291,-241,-177,-124,-75,-26,-19,-7,-27,-29,-40,-46,-48,-71,-115,-127,-114,-122,-135,-134
18.81600,-430,-446,-427,-407,-374,-397,-322,-287,-236,-178,-126,-76,-25,-21,-17,-41,-37,-38,-46,-56,-59,-126,-121,-116,-118,-121,-156
18.82667,-451,-451,-441,-423,-391,-401,-327,-301,-248,-171,-117,-70,-19,-15,4,-35,-44,-23,-39,-64,-56,-125,-122,-112,-123,-117,-145
18.83733,-445,-473,-447,-418,-384,-406,-335,-298,-248,-174,-125,-78,-14,-15,-3,-24,-40,-27,-51,-57,-66,-129,-122,-104,-108,-125,-139
18.84800,-450,-460,-457,-408,-382,-420,-339,-300,-243,-186,-139,-79,-28,-24,-7,-8,-44,-38,-53,-58,-66,-126,-115,-98,-113,-127,-137
18.85867,-440,-460,-458,-426,-384,-422,-340,-304,-255,-173,-114,-73,-6,-10,-9,-11,-36,-35,-54,-71,-78,-128,-114,-114,-107,-117,-141
18.86933,-442,-447,-461,-411,-391,-412,-333,-309,-252,-176,-120,-67,-5,-5,-13,-3,-46,-47,-44,-67,-62,-119,-107,-102,-112,-140,-141
18.88000,-435,-469,-470,-418,-397,-423,-328,-299,-251,-170,-113,-80,6,0,-25,-14,-31,-36,-47,-79,-62,-104,-112,-124,-119,-132,-132
18.89067,-440,-453,-467,-419,-417,-419,-330,-298,-261,-177,-115,-72,-11,2,-12,-16,-39,-34,-50,-60,-71,-125,-130,-110,-130,-146,-139
18.90133,-446,-434,-454,-424,-408,-423,-327,-308,-246,-173,-116,-82,-15,-2,-6,-6,-36,-26,-59,-60,-88,-124,-124,-108,-143,-146,-146
18.91200,-442,-442,-473,-435,-404,-425,-336,-306,-242,-177,-118,-81,-17,-12,-3,-18,-48,-37,-61,-67,-84,-126,-122,-124,-139,-129,-156
18.92267,-463,-446,-468,-434,-409,-403,-340,-295,-245,-176,-129,-81,-11,-6,-7,-10,-44,-38,-71,-54,-77,-137,-123,-113,-133,-144,-152
18.93333,-447,-459,-475,-453,-408,-417,-331,-297,-245,-173,-107,-77,-3,-21,-12,-13,-50,-35,-56,-57,-82,-137,-118,-123,-136,-126,-146
18.94400,-435,-465,-479,-434,-417,-416,-343,-300,-236,-182,-103,-90,-7,-11,-11,-11,-43,-25,-43,-69,-76,-124,-119,-118,-141,-132,-156
18.95467,-451,-452,-464,-446,-410,-422,-337,-303,-248,-166,-114,-80,9,-11,7,-12,-38,-33,-52,-62,-63,-109,-100,-110,-135,-129,-161
18.96533,-457,-440,-481,-447,-415,-422,-331,-319,-258,-172,-106,-75,0,-9,7,-14,-38,-21,-44,-82,-84,-103,-105,-97,-138,-127,-158
18.97600,-445,-440,-478,-429,-402,-427,-341,-307,-255,-162,-104,-80,-20,-16,-2,-6,-44,-34,-51,-54,-70,-111,-126,-114,-141,-129,-151
18.98667,-454,-475,-468,-429,-408,-419,-350,-305,-251,-172,-121,-74,-24,-16,-1,-4,-43,-31,-46,-44,-64,-108,-136,-115,-124,-125,-161
18.99733,-465,-494,-457,-423,-396,-425,-341,-300,-235,-175,-115,-71,-21,-22,-16,-6,-35,-19,-51,-50,-51,-124,-124,-90,-123,-134,-145
19.00800,-447,-472,-452,-419,-385,-419,-346,-291,-249,-175,-122,-92,-13,-5,-14,-1,-43,-23,-40,-52,-65,-135,-118,-99,-143,-116,-146
19.01867,-464,-457,-454,-424,-386,-426,-341,-308,-246,-168,-105,-88,-12,-3,-10,-16,-46,-41,-39,-62,-61,-123,-120,-102,-133,-129,-140
19.02933,-458,-479,-438,-434,-391,-427,-336,-307,-244,-173,-113,-83,-22,-10,4,-12,-46,-44,-45,-61,-66,-115,-131,-104,-127,-135,-140
19.04000,-452,-482,-460,-414,-393,-416,-329,-313,-243,-176,-115,-71,-11,-12,-6,-19,-43,-27,-47,-57,-66,-105,-122,-116,-140,-126,-153
19.05067,-448,-457,-448,-426,-392,-402,-318,-297,-256,-173,-121,-74,-8,-14,-6,-16,-38,-30,-31,-62,-48,-105,-125,-111,-129,-127,-136
19.06133,-434,-471,-437,-429,-395,-406,-325,-309,-258,-163,-111,-72,-13,-3,-5,-4,-24,-36,-39,-54,-65,-97,-127,-121,-129,-131,-134
19.07200,-441,-463,-430,-424,-396,-407,-331,-312,-257,-170,-117,-75,-30,-12,2,-28,-39,-24,-72,-59,-44,-98,-123,-114,-115,-141,-154
19.08267,-430,-469,-442,-422,-391,-400,-329,-299,-246,-167,-119,-75,-34,-14,-4,-9,-54,-29,-63,-75,-56,-110,-117,-112,-117,-122,-150
19.09333,-428,-469,-437,-413,-398,-412,-329,-285,-250,-169,-113,-73,-20,-9,-8,-9,-51,-25,-37,-68,-61,-128,-125,-111,-133,-129,-142
19.10400,-426,-442,-441,-406,-392,-413,-333,-289,-241,-159,-113,-79,-13,-13,-7,-18,-44,-21,-40,-69,-56,-134,-125,-119,-119,-135,-139
19.11467,-404,-440,-440,-414,-397,-395,-336,-290,-240,-162,-114,-79,-18,-24,-12,-20,-50,-38,-46,-65,-66,-128,-109,-112,-122,-126,-130
19.12533,-419,-453,-416,-405,-389,-401,-328,-283,-252,-171,-108,-89,-25,-22,-18,-17,-38,-37,-59,-62,-77,-112,-111,-121,-106,-121,-148
19.13600,-434,-465,-424,-405,-386,-396,-321,-290,-258,-171,-121,-87,-29,-38,-11,-23,-49,-47,-52,-61,-58,-126,-115,-106,-109,-114,-149
19.14667,-451,-442,-415,-412,-372,-401,-320,-300,-254,-164,-133,-77,-19,-33,-21,-22,-66,-45,-55,-69,-68,-127,-123,-99,-120,-117,-147
19.15733,-437,-423,-434,-406,-382,-404,-324,-302,-254,-170,-127,-84,-16,-32,-11,-15,-51,-42,-39,-55,-63,-134,-123,-106,-117,-139,-142
19.16800,-431,-415,-429,-403,-386,-406,-330,-297,-251,-181,-127,-76,-26,-31,-7,-23,-50,-33,-43,-41,-53,-122,-123,-129,-124,-129,-137
19.17867,-430,-424,-439,-411,-374,-394,-328,-289,-249,-183,-128,-79,-35,-27,-12,-5,-58,-38,-43,-57,-53,-111,-110,-110,-120,-125,-132
19.18933,-433,-429,-444,-398,-388,-406,-321,-297,-247,-178,-136,-74,-22,-26,-1,-18,-48,-33,-43,-60,-66,-125,-120,-118,-134,-120,-152
19.20000,-438,-445,-436,-400,-385,-408,-319,-304,-247,-178,-131,-84,-8,-27,-2,-13,-51,-36,-49,-57,-58,-116,-110,-108,-122,-131,-154
19.21067,-436,-444,-421,-404,-387,-412,-313,-290,-250,-168,-120,-87,-11,-22,-6,-20,-62,-45,-52,-57,-62,-125,-121,-115,-134,-125,-152
19.22133,-429,-460,-411,-424,-389,-401,-312,-294,-237,-161,-123,-90,-8,-15,-11,-25,-44,-37,-45,-63,-74,-111,-118,-103,-126,-115,-144
19.23200,-401,-470,-432,-416,-374,-409,-305,-291,-244,-160,-124,-84,-8,-29,-12,-27,-54,-41,-63,-66,-67,-114,-112,-109,-133,-110,-151
19.24267,-417,-461,-453,-412,-384,-408,-320,-305,-254,-163,-129,-86,-12,-40,-7,-24,-48,-37,-66,-56,-70,-106,-121,-115,-118,-125,-166
19.25333,-407,-436,-432,-418,-392,-391,-321,-297,-252,-167,-121,-88,-18,-29,-12,-16,-54,-44,-40,-39,-66,-119,-118,-102,-110,-125,-157
19.26400,-413,-432,-438,-413,-384,-407,-323,-295,-251,-167,-131,-87,-28,-18,-9,-19,-35,-39,-30,-67,-67,-118,-115,-112,-98,-124,-143
19.27467,-428,-462,-446,-423,-379,-412,-329,-289,-245,-177,-128,-91,-21,-20,-19,-34,-25,-42,-45,-61,-68,-114,-102,-121,-102,-118,-150
19.28533,-429,-442,-444,-417,-378,-402,-321,-285,-251,-186,-127,-90,-9,-19,-15,-32,-33,-34,-56,-67,-72,-101,-99,-111,-105,-130,-145
19.29600,-425,-431,-440,-403,-394,-395,-315,-298,-241,-181,-117,-89,-24,-20,-18,-23,-42,-31,-60,-67,-62,-103,-109,-102,-122,-122,-149
19.30667,-432,-413,-429,-397,-401,-391,-321,-290,-245,-174,-123,-87,-25,-21,-14,-13,-38,-40,-60,-70,-46,-107,-118,-92,-127,-108,-123
19.31733,-427,-419,-436,-399,-395,-399,-324,-298,-240,-168,-138,-98,-25,-13,-11,-12,-45,-42,-48,-63,-66,-109,-120,-98,-113,-99,-136
19.32800,-417,-431,-449,-392,-380,-395,-324,-284,-241,-174,-119,-69,-25,-26,-16,-6,-65,-34,-51,-67,-61,-101,-118,-99,-114,-106,-146
19.33867,-416,-431,-437,-402,-391,-396,-315,-282,-240,-166,-127,-85,-33,-40,-32,-1,-63,-25,-50,-64,-58,-116,-128,-109,-107,-120,-137
19.34933,-425,-430,-426,-398,-388,-415,-303,-299,-233,-172,-123,-85,-39,-34,-17,-14,-46,-45,-51,-60,-63,-113,-135,-94,-110,-110,-149
19.36000,-435,-426,-425,-406,-374,-407,-319,-301,-246,-171,-127,-86,-31,-31,-22,-17,-43,-27,-61,-61,-61,-118,-122,-105,-115,-117,-146
19.37067,-439,-437,-433,-397,-366,-395,-328,-300,-243,-169,-125,-95,-24,-33,-19,-30,-42,-27,-64,-67,-76,-119,-111,-111,-122,-129,-144
19.38133,-440,-436,-428,-391,-389,-392,-326,-302,-254,-179,-114,-90,-27,-18,-1,-19,-44,-36,-59,-61,-69,-117,-112,-102,-120,-121,-152
19.39200,-442,-440,-425,-390,-383,-406,-328,-293,-260,-179,-131,-86,-22,-23,6,-16,-48,-33,-56,-69,-58,-109,-116,-96,-123,-114,-154
19.40267,-425,-430,-430,-394,-374,-388,-319,-285,-251,-185,-134,-63,-20,-25,-1,-18,-46,-47,-48,-63,-51,-109,-116,-108,-116,-114,-147
19.41333,-402,-433,-435,-406,-372,-405,-325,-287,-237,-173,-125,-76,-11,-11,-6,-25,-57,-51,-53,-74,-49,-111,-105,-111,-125,-135,-147
19.42400,-406,-430,-420,-417,-371,-406,-325,-294,-226,-168,-124,-77,-11,-13,-21,-6,-53,-36,-63,-58,-60,-118,-102,-110,-114,-127,-138
19.43467,-418,-447,-439,-406,-386,-395,-329,-296,-242,-172,-107,-74,-7,-3,-18,0,-41,-32,-62,-64,-57,-107,-111,-122,-117,-116,-148
19.44533,-432,-434,-439,-402,-386,-390,-314,-287,-235,-181,-112,-74,-25,-3,-17,-4,-38,-40,-52,-65,-63,-103,-99,-110,-121,-121,-143
19.45600,-424,-429,-431,-402,-370,-396,-310,-287,-240,-181,-123,-92,-13,-15,-6,-13,-46,-26,-57,-68,-63,-121,-104,-99,-115,-115,-147
19.46667,-429,-439,-408,-411,-379,-393,-294,-284,-243,-170,-113,-88,-31,-25,-21,-26,-39,-22,-42,-56,-48,-124,-121,-111,-111,-126,-141
19.47733,-412,-425,-425,-385,-370,-391,-311,-283,-247,-169,-124,-81,-24,-24,-21,-23,-33,-34,-43,-63,-54,-129,-131,-109,-117,-116,-145
19.48800,-415,-408,-427,-382,-372,-395,-318,-275,-250,-185,-137,-91,-28,-25,-18,-24,-32,-28,-48,-64,-59,-114,-130,-116,-121,-126,-130
19.49867,-435,-429,-435,-389,-370,-406,-317,-282,-259,-189,-137,-85,-29,-39,-7,-17,-34,-44,-53,-59,-58,-104,-122,-115,-113,-119,-130
19.50933,-423,-439,-438,-401,-371,-395,-323,-275,-243,-179,-125,-80,-32,-38,-20,-16,-46,-45,-48,-88,-61,-109,-113,-111,-125,-131,-133
19.52000,-409,-438,-433,-402,-377,-390,-318,-286,-253,-166,-136,-79,-35,-39,-20,-17,-59,-45,-44,-69,-63,-118,-128,-106,-119,-127,-128
19.53067,-406,-452,-418,-403,-367,-381,-309,-276,-238,-162,-130,-84,-28,-35,-12,-30,-51,-58,-55,-57,-57,-98,-128,-113,-132,-111,-131
19.54133,-402,-431,-394,-387,-374,-379,-309,-285,-240,-164,-131,-89,-25,-30,-9,-28,-63,-49,-59,-65,-74,-119,-114,-98,-104,-110,-129
19.55200,-396,-417,-431,-386,-368,-390,-312,-278,-243,-167,-121,-84,-24,-33,-25,-31,-53,-43,-65,-66,-60,-123,-104,-108,-102,-116,-134
19.56267,-408,-405,-434,-403,-372,-383,-313,-273,-242,-174,-122,-89,-41,-27,-19,-18,-64,-38,-51,-67,-56,-115,-109,-118,-108,-121,-152
19.57333,-409,-417,-425,-382,-365,-392,-307,-289,-238,-173,-126,-83,-45,-45,-21,-23,-60,-40,-55,-72,-52,-128,-117,-114,-116,-125,-151
19.58400,-417,-415,-461,-397,-363,-397,-304,-282,-243,-182,-125,-91,-42,-36,-11,-32,-59,-34,-58,-62,-59,-130,-120,-98,-119,-129,-150
19.59467,-420,-412,-432,-401,-368,-401,-312,-284,-229,-189,-130,-96,-33,-18,-17,-45,-50,-33,-62,-60,-57,-115,-110,-94,-117,-112,-157
19.60533,-421,-421,-436,-400,-373,-395,-316,-300,-237,-187,-131,-83,-39,-34,-18,-48,-56,-36,-55,-67,-61,-116,-106,-100,-118,-91,-139
19.61600,-418,-412,-440,-397,-367,-385,-325,-297,-245,-179,-135,-84,-37,-20,-15,-37,-63,-38,-67,-77,-61,-116,-116,-100,-133,-99,-126
19.62667,-399,-417,-441,-405,-378,-389,-332,-294,-245,-183,-119,-90,-34,-19,-22,-20,-70,-28,-59,-68,-49,-108,-101,-94,-115,-108,-135
19.63733,-378,-425,-425,-403,-377,-384,-326,-292,-249,-166,-117,-92,-31,-27,-27,-26,-50,-27,-54,-74,-52,-103,-106,-95,-118,-136,-132
19.64800,-404,-428,-409,-405,-385,-392,-334,-292,-258,-173,-129,-95,-24,-37,-20,-17,-33,-32,-49,-62,-58,-96,-118,-97,-113,-125,-142
19.65867,-395,-443,-428,-381,-375,-392,-336,-297,-261,-173,-135,-91,-34,-30,-22,-16,-39,-35,-49,-68,-65,-102,-121,-95,-130,-124,-153
19.66933,-413,-432,-429,-395,-376,-412,-323,-297,-250,-180,-129,-82,-27,-48,-26,-28,-52,-43,-65,-68,-54,-120,-115,-97,-121,-135,-149
19.68000,-410,-439,-429,-391,-378,-396,-311,-292,-237,-174,-122,-95,-29,-45,-21,-22,-67,-47,-65,-81,-48,-105,-116,-101,-106,-120,-137
19.69067,-409,-420,-424,-383,-378,-387,-315,-286,-240,-177,-119,-90,-41,-33,-14,-33,-57,-45,-61,-57,-61,-101,-117,-96,-115,-129,-145
19.70133,-417,-419,-423,-392,-383,-391,-314,-295,-239,-170,-122,-88,-38,-35,-13,-22,-61,-40,-56,-60,-56,-104,-125,-105,-114,-126,-159
19.71200,-414,-419,-430,-404,-376,-398,-322,-289,-247,-178,-120,-91,-46,-34,-11,-29,-49,-51,-44,-58,-67,-113,-119,-112,-131,-133,-149
19.72267,-411,-440,-418,-406,-384,-405,-326,-303,-252,-167,-129,-83,-36,-28,-21,-35,-47,-47,-41,-77,-64,-123,-117,-108,-139,-129,-135
19.73333,-429,-437,-415,-416,-374,-410,-317,-294,-242,-185,-122,-95,-30,-12,-29,-25,-52,-50,-50,-73,-71,-120,-108,-114,-131,-130,-140
19.74400,-437,-422,-417,-413,-366,-397,-327,-302,-251,-181,-126,-94,-29,-15,-27,-26,-50,-38,-49,-89,-77,-124,-117,-117,-125,-120,-134
19.75467,-441,-420,-417,-388,-373,-392,-322,-293,-253,-172,-106,-90,-20,-23,-20,-15,-50,-33,-61,-67,-65,-118,-109,-93,-128,-126,-144
19.76533,-424,-420,-425,-403,-375,-383,-324,-290,-248,-161,-122,-92,-22,-35,-25,-18,-58,-36,-52,-72,-59,-117,-110,-98,-111,-139,-133
19.77600,-401,-436,-418,-419,-366,-384,-325,-289,-240,-166,-111,-93,-25,-39,-14,-23,-62,-53,-58,-55,-50,-103,-125,-107,-108,-122,-141
19.78667,-413,-445,-446,-405,-363,-402,-309,-289,-254,-177,-125,-88,-20,-34,-26,-21,-77,-49,-62,-56,-50,-114,-120,-115,-94,-110,-141
19.79733,-423,-452,-442,-386,-353,-399,-323,-293,-246,-176,-123,-86,-28,-36,-15,-20,-68,-45,-64,-83,-67,-114,-125,-91,-124,-123,-136
19.80800,-425,-431,-420,-397,-377,-403,-317,-289,-249,-175,-124,-80,-23,-17,-13,-4,-56,-44,-53,-60,-58,-120,-123,-96,-125,-115,-128
19.81867,-440,-429,-414,-396,-377,-400,-326,-307,-251,-175,-120,-90,-34,-25,-24,-22,-56,-39,-41,-59,-65,-141,-116,-97,-119,-121,-131
19.82933,-436,-429,-424,-402,-389,-379,-310,-310,-248,-171,-117,-87,-36,-38,-15,-43,-58,-31,-57,-84,-75,-130,-116,-112,-135,-114,-137
19.84000,-423,-416,-428,-388,-386,-381,-311,-298,-248,-177,-124,-101,-35,-40,-7,-44,-65,-32,-62,-67,-75,-116,-132,-124,-126,-114,-140
19.85067,-406,-430,-428,-405,-400,-378,-319,-296,-255,-180,-129,-100,-37,-35,-13,-33,-62,-31,-77,-68,-61,-113,-118,-116,-107,-135,-131
19.86133,-410,-440,-436,-403,-387,-384,-315,-290,-248,-181,-124,-96,-40,-32,-16,-30,-58,-51,-69,-60,-74,-112,-118,-111,-113,-139,-129
19.87200,-411,-437,-425,-396,-379,-393,-311,-296,-238,-191,-124,-90,-40,-21,-26,-35,-58,-47,-69,-69,-64,-107,-110,-111,-116,-120,-136
19.88267,-400,-419,-417,-392,-365,-401,-315,-297,-244,-191,-126,-104,-25,-32,-17,-44,-58,-39,-58,-53,-72,-117,-92,-115,-127,-126,-134
19.89333,-413,-415,-432,-397,-367,-406,-315,-296,-242,-169,-126,-98,-21,-26,-17,-29,-51,-36,-47,-50,-64,-104,-116,-105,-118,-122,-125
19.90400,-416,-412,-437,-402,-371,-396,-326,-293,-247,-164,-126,-89,-27,-36,-28,-31,-57,-41,-61,-55,-62,-112,-112,-101,-121,-128,-153
19.91467,-417,-417,-419,-397,-360,-397,-317,-289,-252,-168,-127,-109,-26,-33,-31,-33,-56,-35,-65,-73,-60,-118,-102,-95,-105,-125,-143
19.92533,-414,-433,-426,-391,-361,-400,-322,-296,-249,-161,-132,-117,-28,-34,-23,-28,-61,-34,-58,-64,-73,-114,-107,-101,-124,-112,-148
19.93600,-404,-444,-418,-387,-380,-404,-326,-289,-254,-172,-125,-97,-27,-31,-22,-31,-50,-37,-62,-71,-72,-125,-127,-106,-118,-114,-144
19.94667,-400,-430,-421,-396,-365,-389,-304,-297,-256,-171,-125,-86,-37,-29,-14,-20,-48,-35,-56,-62,-45,-118,-123,-93,-121,-101,-139
19.95733,-395,-423,-406,-398,-380,-395,-317,-305,-262,-173,-125,-92,-34,-41,-19,-24,-48,-51,-61,-64,-53,-110,-122,-108,-114,-112,-144
19.96800,-382,-431,-405,-416,-369,-383,-319,-297,-251,-173,-131,-90,-27,-26,-26,-35,-29,-49,-58,-62,-52,-102,-124,-104,-104,-116,-148
19.97867,-416,-436,-421,-429,-375,-384,-319,-297,-261,-177,-133,-96,-38,-20,-19,-28,-33,-47,-47,-69,-50,-110,-110,-98,-119,-121,-141
19.98933,-426,-425,-414,-391,-376,-387,-307,-305,-255,-177,-122,-97,-31,-21,-19,-35,-42,-36,-48,-76,-62,-102,-118,-86,-116,-136,-117
20.00000,-411,-413,-422,-392,-384,-388,-322,-301,-244,-173,-130,-92,-22,-30,-17,-34,-45,-46,-49,-69,-66,-112,-118,-97,-125,-129,-136
20.01067,-419,-429,-430,-406,-372,-392,-326,-300,-250,-175,-128,-88,-33,-29,-36,-21,-35,-51,-24,-75,-63,-106,-125,-111,-109,-122,-142
20.02133,-426,-428,-442,-386,-383,-397,-323,-298,-237,-158,-126,-80,-22,-23,-10,-24,-29,-35,-44,-65,-43,-97,-89,-87,-103,-110,-144
20.03200,-440,-440,-439,-413,-379,-391,-324,-297,-255,-163,-125,-89,-23,-17,-18,1,-37,-33,-51,-61,-38,-114,-104,-110,-102,-101,-146
20.04267,-437,-435,-414,-431,-391,-388,-313,-311,-255,-167,-112,-90,-12,-26,-22,-5,-49,-42,-52,-62,-59,-103,-107,-110,-109,-108,-145
20.05333,-441,-448,-438,-435,-390,-404,-332,-305,-261,-176,-115,-75,-10,-24,-6,-15,-35,-25,-48,-73,-56,-114,-119,-115,-107,-112,-138
20.06400,-434,-436,-444,-424,-395,-398,-330,-295,-253,-179,-126,-80,-17,-20,-9,-13,-34,-6,-39,-64,-82,-120,-112,-114,-127,-132,-149
20.07467,-444,-446,-445,-438,-399,-389,-339,-296,-265,-188,-131,-70,-22,-12,-16,-4,-26,-23,-44,-58,-64,-118,-121,-100,-119,-126,-151
20.08533,-442,-450,-454,-412,-382,-410,-342,-295,-261,-187,-123,-71,-13,-19,-13,-14,-40,-24,-55,-42,-53,-118,-124,-99,-117,-146,-140
20.09600,-433,-433,-464,-423,-383,-410,-340,-305,-262,-179,-123,-64,-9,-23,0,-17,-37,-30,-59,-53,-58,-112,-103,-115,-122,-122,-147
20.10667,-431,-451,-462,-408,-397,-409,-341,-301,-255,-175,-116,-75,-17,-25,-7,-5,-43,-27,-59,-57,-56,-119,-111,-107,-121,-122,-155
20.11733,-418,-445,-473,-423,-400,-413,-324,-310,-252,-171,-116,-76,-30,-33,-5,-17,-39,-13,-44,-70,-54,-108,-122,-103,-116,-119,-154
20.12800,-441,-451,-465,-433,-403,-401,-335,-304,-250,-164,-114,-65,-19,-24,-1,-20,-35,-18,-49,-59,-62,-107,-111,-119,-113,-112,-141
20.13867,-444,-445,-450,-428,-396,-402,-340,-305,-251,-161,-108,-71,-25,-29,3,-17,-45,-17,-49,-48,-67,-111,-127,-101,-123,-115,-137
20.14933,-444,-438,-452,-411,-395,-415,-337,-300,-244,-168,-118,-75,-17,-21,-7,-13,-40,-39,-52,-54,-68,-116,-125,-114,-109,-124,-143
20.16000,-438,-464,-461,-423,-402,-407,-329,-308,-258,-177,-128,-79,-21,-11,1,0,-46,-42,-55,-69,-76,-112,-115,-103,-118,-131,-153
20.17067,-445,-438,-451,-420,-390,-411,-330,-296,-259,-180,-136,-86,-21,-7,1,-10,-52,-39,-42,-59,-64,-114,-104,-102,-123,-131,-147
20.18133,-446,-456,-464,-403,-393,-421,-335,-303,-257,-181,-121,-79,-21,-10,-27,-1,-38,-32,-38,-48,-64,-126,-107,-93,-119,-125,-149
20.19200,-436,-454,-458,-414,-397,-426,-337,-301,-251,-182,-128,-82,-22,-23,-12,-12,-46,-33,-38,-60,-52,-115,-118,-111,-126,-126,-154
20.20267,-422,-447,-465,-429,-409,-418,-340,-298,-247,-174,-129,-83,-20,-23,-8,-25,-54,-32,-46,-62,-44,-101,-117,-121,-141,-134,-151
20.21333,-451,-446,-457,-426,-413,-418,-336,-292,-253,-169,-124,-87,-27,-19,-3,-15,-51,-32,-53,-68,-57,-92,-100,-94,-133,-120,-140
20.22400,-453,-464,-461,-425,-402,-426,-346,-303,-253,-173,-135,-79,-31,-8,-10,-29,-41,-34,-47,-68,-47,-110,-123,-105,-138,-118,-144
20.23467,-464,-459,-457,-415,-394,-427,-345,-302,-241,-178,-115,-72,-19,-6,-19,-28,-32,-19,-32,-59,-44,-118,-134,-111,-124,-124,-144
20.24533,-446,-474,-454,-427,-398,-410,-345,-303,-250,-187,-125,-86,-19,-22,-9,-30,-38,-22,-42,-55,-61,-114,-129,-109,-132,-127,-157
20.25600,-432,-470,-462,-435,-390,-415,-331,-301,-254,-186,-133,-84,-25,-3,-1,-15,-30,-45,-46,-59,-48,-112,-116,-106,-124,-134,-145
20.26667,-413,-460,-456,-444,-404,-420,-344,-297,-251,-171,-117,-82,-16,-12,-8,-7,-37,-38,-46,-44,-66,-122,-125,-100,-123,-123,-151
20.27733,-394,-455,-438,-431,-408,-418,-342,-300,-254,-171,-119,-81,-20,-17,-1,-7,-45,-38,-53,-63,-54,-114,-119,-104,-121,-128,-153
20.28800,-426,-462,-439,-427,-402,-414,-344,-304,-257,-178,-136,-83,-7,-13,-14,-14,-45,-16,-42,-73,-60,-101,-115,-108,-115,-127,-149
20.29867,-453,-464,-455,-453,-418,-411,-346,-307,-254,-177,-119,-72,1,-10,-15,-26,-31,-27,-62,-68,-53,-101,-108,-111,-119,-125,-155
20.30933,-454,-474,-462,-452,-421,-426,-339,-306,-262,-184,-120,-73,-6,-26,-13,-12,-31,-21,-56,-41,-41,-104,-119,-105,-114,-131,-161
20.32000,-473,-493,-466,-458,-423,-427,-345,-319,-271,-186,-121,-81,-5,-12,-5,-4,-33,-25,-45,-52,-61,-103,-126,-109,-119,-137,-152
20.33067,-487,-489,-468,-440,-418,-439,-347,-315,-261,-184,-116,-77,-4,-19,-5,-10,-34,-23,-48,-56,-66,-106,-102,-117,-120,-129,-146
20.34133,-470,-467,-453,-444,-410,-433,-354,-309,-262,-183,-115,-85,-9,-10,-6,-13,-38,-19,-55,-68,-44,-100,-111,-119,-123,-128,-147
20.35200,-452,-487,-494,-457,-411,-426,-350,-313,-254,-184,-131,-90,-15,-5,4,-16,-47,-29,-46,-54,-49,-113,-116,-126,-133,-131,-157
20.36267,-454,-462,-470,-443,-402,-420,-351,-317,-258,-178,-133,-80,-13,1,12,-10,-31,-30,-51,-49,-56,-104,-109,-132,-143,-120,-148
20.37333,-452,-459,-469,-425,-404,-424,-353,-322,-254,-174,-128,-78,3,-6,7,-6,-36,-26,-42,-72,-70,-122,-128,-132,-136,-140,-141
20.38400,-461,-477,-476,-449,-406,-427,-348,-315,-264,-174,-126,-69,-6,-14,4,-11,-43,-24,-42,-71,-78,-118,-111,-120,-128,-136,-136
20.39467,-461,-478,-494,-456,-418,-430,-351,-321,-263,-177,-128,-81,-20,-16,10,-1,-37,-24,-46,-49,-58,-134,-125,-126,-135,-137,-143
20.40533,-431,-455,-479,-448,-415,-431,-340,-328,-255,-181,-114,-87,-22,-2,7,2,-40,-30,-50,-48,-60,-114,-131,-116,-121,-131,-156
20.41600,-454,-458,-467,-447,-408,-416,-326,-328,-266,-166,-125,-75,-32,-10,-8,-12,-52,-30,-33,-52,-59,-106,-126,-123,-128,-150,-151
20.42667,-440,-467,-459,-446,-413,-414,-336,-318,-271,-169,-133,-83,-25,-16,-15,-20,-36,-41,-51,-55,-59,-86,-131,-130,-136,-149,-160
20.43733,-462,-456,-460,-448,-420,-421,-351,-322,-270,-171,-125,-75,-18,-10,-1,-10,-44,-34,-41,-62,-60,-112,-127,-114,-135,-146,-163
20.44800,-441,-451,-475,-431,-427,-429,-350,-314,-269,-180,-104,-71,-11,-13,6,0,-39,-41,-44,-56,-61,-109,-122,-123,-117,-145,-158
20.45867,-436,-480,-466,-407,-408,-409,-349,-318,-259,-186,-111,-80,-11,-19,3,-8,-51,-26,-56,-68,-77,-110,-118,-111,-106,-130,-160
20.46933,-464,-464,-464,-414,-412,-417,-342,-316,-244,-195,-120,-77,-20,-16,-10,-19,-55,-32,-48,-63,-75,-100,-123,-92,-117,-134,-154
20.48000,-463,-470,-465,-424,-416,-412,-345,-304,-247,-183,-116,-78,-7,-4,-11,-17,-39,-19,-43,-60,-52,-111,-118,-104,-111,-128,-140
20.49067,-448,-465,-462,-423,-404,-406,-338,-304,-257,-171,-117,-77,-11,-17,-10,-16,-35,-36,-37,-50,-63,-110,-117,-112,-104,-123,-149
20.50133,-447,-477,-471,-429,-425,-416,-340,-306,-244,-179,-134,-83,-11,-23,-19,-13,-35,-32,-41,-49,-68,-98,-116,-114,-116,-129,-151
20.51200,-458,-495,-486,-429,-434,-418,-345,-301,-247,-179,-130,-94,-23,-8,-8,-7,-29,-15,-41,-49,-61,-104,-114,-138,-122,-126,-164
20.52267,-438,-468,-474,-433,-423,-417,-351,-301,-255,-187,-125,-77,-13,-2,-12,3,-51,-20,-36,-52,-68,-114,-124,-117,-104,-139,-152
20.53333,-451,-472,-461,-448,-414,-429,-348,-309,-252,-184,-122,-85,-3,-21,-1,-2,-62,-31,-38,-43,-69,-100,-129,-109,-119,-153,-148
20.54400,-474,-469,-472,-439,-412,-431,-351,-308,-244,-180,-122,-94,-1,-19,-6,6,-52,-32,-41,-55,-67,-109,-117,-117,-124,-128,-142
20.55467,-454,-469,-471,-431,-412,-433,-350,-319,-253,-166,-120,-93,-15,-20,-17,-13,-59,-46,-38,-50,-69,-120,-113,-112,-127,-117,-146
20.56533,-452,-459,-475,-438,-401,-427,-341,-325,-252,-179,-122,-84,-12,-23,-5,-8,-61,-46,-51,-65,-52,-123,-129,-103,-125,-116,-144
20.57600,-467,-467,-473,-430,-402,-432,-348,-315,-267,-165,-122,-85,-3,-10,4,-5,-31,-18,-50,-47,-41,-120,-124,-118,-118,-127,-149
20.58667,-468,-454,-476,-439,-409,-424,-338,-309,-259,-174,-114,-82,-9,-9,-2,-10,-33,-21,-41,-37,-49,-106,-124,-119,-136,-130,-149
20.59733,-478,-458,-465,-446,-427,-423,-343,-312,-259,-173,-122,-74,-1,-11,-11,-14,-31,-27,-47,-44,-68,-108,-108,-118,-118,-130,-154
20.60800,-463,-457,-454,-435,-424,-418,-342,-317,-258,-172,-124,-82,-4,-6,-16,-11,-46,-36,-54,-53,-55,-102,-119,-110,-124,-135,-152
20.61867,-481,-464,-459,-429,-420,-422,-354,-304,-252,-173,-122,-83,-8,-15,-3,-10,-28,-32,-57,-61,-53,-112,-135,-108,-122,-133,-154
20.62933,-449,-467,-450,-438,-406,-414,-342,-308,-249,-173,-126,-83,-22,-12,-11,-3,-33,-24,-65,-73,-53,-104,-130,-135,-139,-131,-146
20.64000,-452,-450,-450,-435,-390,-420,-351,-302,-265,-174,-126,-92,-24,-21,-21,-11,-28,-31,-47,-65,-66,-116,-111,-119,-126,-127,-148
20.65067,-438,-473,-460,-430,-397,-421,-336,-304,-264,-170,-122,-84,-11,-16,-16,-17,-29,-38,-40,-49,-80,-126,-97,-104,-121,-125,-152
20.66133,-449,-460,-471,-436,-416,-418,-339,-303,-258,-164,-121,-95,-13,-21,-18,-15,-27,-37,-57,-62,-62,-127,-105,-114,-112,-121,-162
20.67200,-458,-452,-460,-433,-408,-414,-344,-295,-264,-181,-132,-83,-17,-12,-14,-23,-46,-37,-49,-45,-78,-134,-125,-120,-131,-108,-138
20.68267,-448,-466,-438,-442,-408,-415,-346,-299,-271,-172,-120,-82,-16,-15,-17,-11,-33,-34,-60,-58,-77,-115,-113,-121,-139,-119,-153
20.69333,-440,-488,-456,-435,-421,-396,-342,-300,-256,-180,-115,-76,-14,-19,-12,-8,-39,-20,-58,-74,-77,-123,-119,-136,-147,-110,-153
20.70400,-456,-489,-454,-438,-420,-415,-328,-310,-257,-174,-127,-92,-21,-31,-12,-4,-31,-24,-55,-67,-82,-122,-126,-117,-136,-131,-143
20.71467,-443,-464,-460,-433,-388,-418,-329,-298,-250,-179,-127,-88,-25,-20,-13,-18,-30,-20,-45,-68,-72,-122,-123,-122,-139,-126,-145
20.72533,-446,-453,-465,-425,-385,-429,-337,-308,-253,-180,-138,-86,-18,-25,-9,-19,-36,-41,-43,-53,-69,-111,-119,-107,-131,-138,-137
20.73600,-460,-461,-440,-435,-391,-418,-339,-305,-250,-173,-140,-71,-24,-7,2,-14,-34,-39,-52,-46,-60,-114,-114,-115,-120,-113,-145
20.74667,-449,-439,-432,-432,-384,-424,-329,-301,-262,-181,-120,-79,-18,-20,2,-8,-40,-23,-48,-68,-60,-111,-118,-115,-127,-125,-142
20.75733,-434,-424,-449,-428,-388,-415,-326,-299,-267,-189,-125,-87,-23,-19,-11,-27,-41,-24,-57,-65,-78,-103,-114,-120,-117,-142,-154
20.76800,-452,-460,-444,-424,-395,-433,-334,-290,-266,-177,-132,-88,-26,-31,-11,-31,-50,-35,-50,-64,-66,-105,-133,-121,-120,-142,-166
20.77867,-445,-441,-450,-436,-416,-411,-337,-298,-259,-188,-132,-100,-31,-25,6,-36,-52,-34,-47,-50,-77,-98,-134,-100,-122,-133,-154
20.78933,-456,-452,-455,-424,-401,-408,-344,-296,-262,-184,-127,-88,-22,-26,-2,-34,-52,-37,-58,-60,-70,-109,-119,-91,-127,-119,-155
20.80000,-432,-473,-459,-431,-410,-404,-340,-308,-257,-188,-113,-85,-23,-14,-10,-26,-56,-40,-55,-53,-60,-113,-118,-101,-126,-123,-165
20.81067,-430,-451,-468,-416,-407,-413,-345,-296,-255,-177,-113,-94,-31,-11,0,-21,-70,-44,-56,-63,-74,-113,-138,-90,-132,-118,-153
20.82133,-428,-447,-454,-439,-401,-403,-325,-304,-259,-168,-125,-92,-23,-20,-13,-20,-65,-32,-45,-56,-75,-104,-130,-111,-123,-138,-160
20.83200,-413,-461,-451,-421,-395,-390,-338,-308,-250,-180,-132,-88,-22,-25,-2,-21,-43,-44,-47,-52,-67,-105,-119,-108,-106,-142,-144
20.84267,-428,-466,-449,-431,-390,-400,-353,-308,-257,-181,-124,-83,-18,-33,-8,-21,-39,-59,-61,-59,-77,-121,-124,-113,-112,-140,-146
20.85333,-416,-455,-452,-416,-406,-417,-358,-304,-263,-185,-130,-98,-18,-32,-10,-17,-46,-40,-63,-59,-53,-118,-132,-118,-119,-135,-152
20.86400,-419,-459,-465,-427,-400,-398,-341,-306,-260,-182,-130,-87,-20,-15,-11,-21,-44,-32,-56,-61,-59,-108,-120,-114,-118,-139,-155
20.87467,-423,-456,-471,-431,-388,-401,-338,-300,-263,-175,-131,-85,-20,-22,2,-16,-40,-22,-57,-77,-79,-116,-119,-108,-119,-125,-156
20.88533,-425,-433,-449,-428,-399,-399,-334,-299,-254,-175,-119,-87,-28,-27,-11,-22,-44,-39,-44,-78,-64,-112,-108,-104,-116,-138,-143
20.89600,-440,-445,-445,-413,-413,-406,-323,-312,-257,-178,-130,-84,-29,-27,-16,-44,-31,-38,-50,-73,-59,-115,-112,-108,-133,-136,-164
20.90667,-441,-456,-440,-422,-395,-404,-320,-304,-250,-180,-128,-90,-21,-18,-12,-36,-36,-30,-52,-70,-58,-124,-114,-109,-124,-122,-149
20.91733,-426,-468,-448,-403,-398,-394,-326,-306,-258,-187,-137,-87,-21,-14,-19,-34,-31,-50,-57,-70,-68,-128,-103,-106,-115,-125,-153
20.92800,-442,-446,-442,-410,-402,-409,-334,-304,-263,-182,-130,-84,-19,-24,-28,-33,-40,-47,-54,-65,-72,-112,-107,-110,-104,-127,-155
20.93867,-421,-451,-450,-403,-388,-406,-335,-291,-259,-191,-131,-74,-21,-28,-24,-22,-38,-33,-59,-58,-73,-114,-116,-103,-111,-137,-149
20.94933,-427,-451,-446,-415,-392,-412,-341,-288,-248,-183,-137,-87,-31,-23,-17,-34,-41,-37,-47,-50,-79,-120,-109,-108,-110,-101,-150
20.96000,-419,-422,-430,-439,-396,-394,-331,-297,-248,-184,-130,-90,-33,-13,-24,-26,-34,-33,-56,-64,-60,-135,-118,-101,-126,-117,-140
20.97067,-401,-434,-432,-419,-382,-396,-332,-306,-241,-168,-124,-92,-36,-8,-25,-24,-52,-36,-69,-55,-57,-121,-116,-112,-126,-128,-145
20.98133,-418,-461,-448,-422,-381,-396,-339,-305,-247,-176,-129,-105,-35,-15,-24,-31,-52,-41,-50,-62,-66,-115,-127,-114,-137,-125,-155
20.99200,-417,-440,-429,-405,-386,-413,-342,-311,-259,-176,-132,-91,-25,-24,-10,-15,-43,-45,-53,-57,-70,-135,-124,-104,-130,-118,-150
21.00267,-419,-448,-435,-403,-388,-411,-341,-305,-246,-179,-131,-92,-24,-25,-29,-38,-60,-43,-56,-76,-79,-135,-125,-107,-125,-135,-155
21.01333,-416,-428,-458,-395,-396,-408,-331,-294,-250,-180,-130,-95,-37,-23,-40,-21,-60,-49,-55,-79,-60,-125,-128,-98,-128,-142,-144
21.02400,-395,-435,-454,-407,-393,-401,-326,-293,-258,-191,-128,-105,-27,-24,-28,-24,-48,-43,-48,-73,-68,-98,-124,-90,-115,-135,-147
21.03467,-413,-442,-442,-421,-391,-402,-328,-306,-265,-189,-125,-111,-25,-18,-15,-17,-55,-61,-41,-64,-61,-114,-116,-101,-120,-147,-145
21.04533,-398,-444,-442,-408,-387,-408,-333,-310,-259,-170,-130,-97,-29,-17,1,-15,-58,-60,-60,-62,-58,-104,-123,-107,-126,-141,-140
21.05600,-428,-431,-436,-426,-391,-408,-336,-313,-256,-183,-137,-96,-28,-30,-8,-24,-50,-56,-42,-61,-73,-113,-130,-97,-124,-133,-139
21.06667,-419,-429,-437,-422,-389,-407,-344,-311,-259,-188,-137,-85,-25,-26,-14,-23,-39,-64,-56,-63,-80,-110,-101,-94,-121,-118,-138
21.07733,-428,-455,-433,-424,-378,-415,-340,-310,-260,-185,-132,-95,-35,-27,-32,-27,-50,-32,-49,-56,-73,-130,-116,-115,-124,-124,-144
21.08800,-445,-450,-442,-412,-387,-402,-333,-307,-256,-183,-132,-96,-32,-32,-32,-28,-39,-23,-58,-64,-63,-121,-109,-106,-107,-130,-148
21.09867,-451,-438,-456,-424,-383,-393,-330,-307,-262,-180,-129,-90,-23,-44,-18,-21,-42,-44,-71,-50,-56,-126,-112,-112,-109,-137,-143
21.10933,-426,-422,-431,-426,-383,-398,-336,-307,-254,-183,-130,-88,-19,-33,-8,-23,-36,-61,-58,-62,-51,-126,-125,-113,-113,-139,-144
21.12000,-433,-441,-441,-430,-397,-411,-342,-302,-251,-187,-122,-95,-20,-33,-22,-29,-43,-64,-62,-71,-63,-124,-127,-124,-121,-118,-151
21.13067,-448,-445,-445,-435,-388,-402,-342,-300,-250,-178,-124,-99,-24,-33,-19,-12,-39,-45,-57,-59,-92,-111,-127,-114,-121,-135,-130
21.14133,-441,-464,-440,-423,-391,-411,-331,-299,-264,-173,-127,-96,-35,-28,-5,-4,-34,-55,-47,-57,-89,-96,-128,-107,-124,-144,-151
21.15200,-427,-458,-447,-428,-406,-405,-331,-294,-262,-178,-127,-90,-23,-27,-4,-17,-36,-27,-52,-67,-66,-109,-118,-106,-124,-133,-154
21.16267,-419,-451,-457,-427,-407,-414,-340,-294,-267,-175,-126,-98,-24,-19,-3,-12,-33,-41,-40,-66,-68,-122,-112,-121,-118,-125,-156
21.17333,-421,-439,-459,-416,-395,-420,-340,-293,-270,-186,-141,-95,-23,-21,-12,-22,-38,-51,-48,-51,-69,-103,-117,-105,-123,-129,-160
21.18400,-443,-452,-474,-402,-393,-419,-345,-300,-262,-186,-124,-81,-22,-32,-16,-28,-41,-40,-45,-64,-70,-106,-106,-96,-111,-116,-152
21.19467,-441,-453,-455,-414,-395,-425,-340,-301,-255,-174,-118,-89,-19,-34,-23,-21,-38,-47,-50,-59,-69,-115,-103,-106,-125,-122,-149
21.20533,-449,-453,-447,-409,-390,-431,-344,-305,-254,-184,-119,-85,-16,-20,-6,-8,-50,-43,-53,-61,-66,-105,-110,-124,-118,-130,-143
21.21600,-420,-429,-445,-406,-389,-422,-334,-297,-255,-186,-135,-80,-36,-30,-4,-8,-49,-45,-44,-57,-73,-104,-111,-105,-133,-129,-145
21.22667,-410,-433,-440,-423,-386,-420,-345,-302,-260,-182,-126,-89,-38,-19,-2,-13,-42,-36,-50,-61,-65,-123,-107,-104,-122,-126,-142
21.23733,-414,-428,-457,-416,-396,-411,-342,-308,-253,-176,-127,-86,-26,-17,-6,-11,-46,-33,-51,-47,-57,-126,-117,-100,-124,-126,-152
21.24800,-422,-432,-452,-415,-391,-415,-337,-301,-261,-190,-131,-82,-30,-19,-6,-21,-48,-30,-60,-54,-75,-108,-116,-107,-134,-131,-149
21.25867,-450,-447,-454,-421,-414,-418,-327,-302,-254,-193,-132,-77,-32,-32,-13,-17,-46,-24,-60,-66,-74,-113,-125,-124,-120,-147,-143
21.26933,-441,-431,-468,-419,-399,-403,-333,-298,-249,-178,-135,-72,-29,-34,-20,-13,-49,-22,-56,-48,-59,-112,-115,-116,-110,-130,-145
21.28000,-435,-459,-449,-421,-393,-407,-335,-301,-269,-180,-138,-82,-23,-25,-5,-1,-41,-22,-31,-53,-60,-118,-122,-104,-99,-131,-148
21.29067,-427,-451,-436,-423,-391,-396,-327,-310,-266,-183,-128,-76,-12,-23,-3,-3,-43,-22,-42,-57,-60,-119,-119,-103,-112,-130,-136
21.30133,-440,-444,-454,-414,-398,-407,-331,-316,-248,-175,-125,-78,-17,-26,-4,-21,-34,-31,-53,-53,-62,-130,-122,-97,-122,-123,-136
21.31200,-426,-472,-452,-415,-388,-411,-331,-319,-249,-184,-129,-74,-17,-27,-18,-32,-54,-35,-53,-65,-58,-122,-121,-115,-118,-133,-145
21.32267,-450,-467,-446,-412,-408,-407,-331,-304,-248,-171,-133,-78,-31,-33,-20,-18,-40,-47,-59,-62,-54,-122,-112,-128,-117,-140,-156
21.33333,-446,-454,-435,-409,-412,-414,-340,-316,-248,-186,-127,-94,-23,-24,-16,-20,-46,-56,-47,-74,-60,-120,-120,-107,-125,-128,-131
21.34400,-449,-449,-469,-424,-392,-424,-340,-310,-259,-182,-119,-91,-8,-9,-10,-16,-33,-46,-57,-57,-72,-98,-108,-109,-138,-130,-141
21.35467,-435,-456,-459,-434,-387,-433,-350,-316,-261,-169,-137,-77,-6,-8,-9,-13,-46,-42,-43,-66,-62,-93,-111,-106,-140,-136,-137
21.36533,-446,-458,-441,-427,-402,-431,-347,-313,-262,-177,-132,-89,-4,-19,-7,-18,-40,-32,-58,-71,-63,-108,-117,-99,-129,-142,-150
21.37600,-454,-448,-441,-430,-415,-427,-336,-318,-262,-179,-122,-87,-9,-13,-9,-7,-46,-36,-49,-64,-86,-118,-132,-102,-113,-126,-150
21.38667,-437,-460,-465,-428,-406,-416,-346,-320,-266,-175,-146,-94,-4,-22,0,-18,-38,-31,-46,-57,-88,-122,-128,-113,-126,-121,-142
21.39733,-441,-451,-459,-435,-398,-424,-341,-320,-256,-175,-127,-83,-16,-9,-7,-27,-43,-27,-33,-56,-72,-121,-121,-115,-121,-128,-153
21.40800,-433,-449,-463,-438,-405,-433,-347,-317,-247,-182,-131,-77,-9,-10,-11,-20,-42,-34,-44,-66,-59,-121,-124,-119,-124,-137,-141
21.41867,-453,-480,-456,-434,-408,-416,-358,-309,-246,-184,-135,-81,-19,-13,-21,-18,-36,-39,-41,-56,-61,-123,-118,-103,-112,-135,-134
21.42933,-440,-477,-444,-433,-393,-417,-361,-311,-261,-200,-133,-88,-24,-19,-7,-34,-46,-34,-49,-76,-60,-110,-125,-99,-130,-133,-144
21.44000,-453,-462,-453,-439,-391,-419,-357,-323,-257,-187,-127,-83,-32,-29,-10,-19,-46,-34,-66,-61,-65,-111,-123,-119,-125,-115,-160
21.45067,-434,-454,-447,-430,-400,-423,-350,-317,-252,-180,-133,-84,-21,-26,-15,-11,-41,-50,-57,-74,-72,-110,-126,-116,-112,-131,-144
21.46133,-449,-469,-458,-436,-396,-416,-343,-313,-255,-188,-130,-85,-27,-27,-10,-10,-47,-43,-48,-69,-58,-108,-126,-99,-115,-123,-136
21.47200,-448,-477,-455,-420,-404,-422,-343,-313,-250,-182,-113,-88,-10,-15,-12,-17,-50,-47,-35,-59,-65,-107,-118,-117,-129,-123,-162
21.48267,-436,-475,-458,-432,-403,-433,-335,-306,-256,-180,-126,-84,-31,-21,-21,-19,-46,-33,-48,-63,-47,-117,-117,-121,-136,-130,-152
21.49333,-445,-475,-451,-428,-403,-417,-339,-308,-260,-178,-124,-93,-25,-18,-2,-23,-53,-29,-51,-60,-56,-112,-124,-103,-136,-121,-157
21.50400,-436,-485,-462,-434,-408,-410,-348,-310,-259,-182,-123,-91,-20,-20,-8,-8,-43,-25,-48,-55,-57,-98,-136,-117,-120,-121,-138
21.51467,-423,-463,-444,-431,-408,-419,-342,-322,-267,-186,-123,-81,-22,-23,-12,-12,-27,-26,-41,-47,-51,-86,-131,-108,-113,-129,-147
21.52533,-437,-455,-469,-441,-415,-422,-334,-317,-271,-186,-126,-81,-28,-17,-10,-2,-56,-38,-56,-56,-44,-116,-118,-100,-113,-131,-144
21.53600,-449,-458,-485,-443,-414,-419,-334,-314,-274,-189,-129,-74,-34,-20,-16,1,-62,-26,-48,-72,-69,-128,-119,-124,-113,-139,-148
21.54667,-463,-471,-455,-444,-415,-426,-347,-321,-267,-181,-134,-77,-23,-17,-6,-8,-41,-33,-45,-71,-52,-120,-116,-122,-119,-147,-144
21.55733,-481,-463,-475,-443,-411,-423,-349,-313,-269,-192,-122,-80,-19,-19,-13,-18,-52,-22,-39,-66,-61,-125,-119,-112,-142,-141,-161
21.56800,-473,-471,-465,-444,-406,-434,-356,-307,-275,-188,-130,-79,-30,-13,-11,-1,-54,-27,-35,-64,-67,-105,-110,-122,-139,-147,-161
21.57867,-459,-455,-487,-446,-408,-432,-360,-303,-277,-182,-132,-90,-34,-18,-3,-8,-39,-16,-39,-76,-56,-113,-122,-88,-117,-140,-156
21.58933,-447,-459,-484,-466,-410,-429,-353,-312,-260,-180,-132,-86,-37,-20,-13,-1,-34,-34,-52,-54,-63,-132,-128,-103,-127,-133,-158
21.60000,-444,-482,-468,-444,-425,-429,-333,-328,-261,-192,-128,-96,-32,-10,-11,-18,-37,-49,-58,-55,-54,-127,-125,-115,-140,-125,-158
21.61067,-459,-474,-469,-426,-407,-426,-339,-322,-265,-181,-128,-85,-22,-17,-2,-5,-32,-36,-57,-69,-70,-124,-131,-120,-138,-126,-155
21.62133,-445,-460,-468,-442,-429,-432,-342,-320,-265,-189,-132,-90,-34,-13,-8,-9,-30,-31,-70,-74,-70,-115,-132,-114,-145,-136,-150
21.63200,-439,-465,-488,-435,-424,-431,-336,-315,-258,-187,-132,-101,-28,-18,-4,-15,-28,-22,-60,-73,-74,-113,-123,-122,-137,-125,-147
21.64267,-451,-471,-470,-434,-424,-429,-335,-304,-269,-175,-136,-95,-21,-13,-18,-17,-46,-34,-45,-70,-63,-119,-131,-125,-118,-139,-148
21.65333,-435,-453,-466,-437,-421,-433,-359,-303,-268,-184,-124,-94,-14,-18,-14,-15,-42,-26,-50,-69,-58,-129,-134,-131,-143,-127,-141
21.66400,-449,-471,-456,-455,-427,-435,-347,-300,-259,-194,-120,-86,-30,-21,6,-13,-41,-33,-69,-46,-67,-132,-126,-126,-144,-124,-146
21.67467,-462,-460,-468,-455,-420,-440,-349,-308,-263,-181,-121,-81,-22,-17,-10,-15,-47,-37,-67,-63,-71,-106,-123,-129,-121,-137,-146
21.68533,-468,-472,-458,-437,-412,-436,-349,-310,-248,-177,-128,-79,-30,-20,-20,-24,-41,-27,-63,-65,-58,-113,-119,-112,-125,-146,-145
21.69600,-463,-470,-445,-440,-421,-423,-347,-314,-259,-182,-128,-89,-30,-18,-16,-26,-28,-35,-57,-55,-62,-111,-113,-121,-125,-130,-157
21.70667,-450,-468,-455,-436,-403,-425,-333,-306,-261,-184,-136,-84,-30,-19,-21,-22,-38,-42,-68,-54,-54,-98,-115,-118,-131,-142,-159
21.71733,-443,-456,-458,-432,-395,-406,-336,-301,-271,-183,-137,-85,-31,-19,-19,-10,-49,-33,-66,-68,-59,-122,-122,-98,-120,-148,-172
21.72800,-455,-467,-450,-427,-406,-416,-336,-302,-259,-184,-138,-80,-25,-23,-19,-12,-32,-40,-60,-72,-62,-121,-128,-103,-124,-132,-160
21.73867,-411,-453,-452,-426,-403,-425,-337,-311,-259,-186,-140,-69,-13,-21,-15,-7,-36,-34,-45,-52,-67,-123,-118,-112,-124,-124,-141
21.74933,-403,-451,-438,-423,-406,-419,-347,-301,-263,-187,-123,-90,-33,-24,-9,-5,-41,-38,-65,-69,-73,-116,-122,-113,-125,-124,-145
21.76000,-426,-451,-454,-427,-401,-422,-351,-312,-260,-193,-134,-74,-26,-31,-9,8,-53,-37,-55,-65,-52,-114,-114,-102,-116,-140,-142
21.77067,-436,-470,-464,-423,-391,-423,-345,-302,-257,-185,-134,-83,-29,-26,-17,-1,-52,-34,-44,-63,-53,-108,-112,-114,-127,-124,-141
21.78133,-424,-468,-457,-422,-381,-424,-329,-309,-252,-189,-129,-91,-25,-30,-19,-16,-51,-19,-45,-68,-61,-114,-130,-113,-126,-125,-147
21.79200,-405,-457,-455,-413,-391,-423,-335,-310,-259,-181,-139,-81,-32,-24,-26,-30,-47,-46,-51,-61,-78,-114,-136,-116,-129,-121,-153
21.80267,-389,-462,-443,-429,-396,-423,-335,-308,-267,-175,-146,-77,-30,-9,-19,-24,-51,-26,-57,-52,-85,-116,-122,-111,-123,-122,-152
21.81333,-419,-464,-454,-436,-392,-418,-347,-298,-262,-170,-138,-88,-31,-26,-34,-16,-45,-28,-46,-50,-70,-114,-128,-120,-124,-124,-158
21.82400,-423,-459,-462,-437,-411,-409,-335,-308,-268,-186,-136,-83,-26,-23,-12,-16,-51,-35,-43,-64,-57,-115,-119,-111,-126,-144,-150
21.83467,-442,-446,-451,-442,-407,-431,-342,-311,-273,-183,-136,-82,-24,-17,3,-14,-64,-36,-38,-70,-68,-113,-121,-119,-125,-141,-139
21.84533,-447,-416,-451,-449,-401,-431,-341,-308,-260,-185,-142,-78,-29,-24,-5,-3,-58,-27,-50,-61,-61,-110,-123,-104,-120,-132,-141
21.85600,-451,-437,-471,-432,-394,-417,-338,-300,-265,-182,-135,-78,-38,-17,4,-2,-56,-35,-45,-68,-68,-117,-118,-105,-113,-136,-149
21.86667,-430,-444,-455,-433,-401,-418,-340,-321,-254,-177,-121,-78,-30,-29,-21,-13,-46,-38,-66,-53,-39,-114,-116,-129,-128,-141,-149
21.87733,-449,-470,-462,-425,-412,-422,-342,-320,-262,-184,-126,-76,-16,-31,-5,-16,-59,-34,-68,-67,-51,-114,-123,-130,-133,-137,-145
21.88800,-428,-456,-470,-423,-397,-427,-342,-320,-270,-186,-130,-88,-7,-11,-21,-16,-43,-28,-68,-64,-76,-113,-128,-126,-129,-139,-156
21.89867,-419,-471,-468,-434,-410,-417,-326,-312,-269,-187,-122,-90,-21,-17,-6,-9,-43,-46,-52,-63,-63,-124,-133,-128,-122,-142,-151
21.90933,-421,-473,-469,-424,-406,-426,-343,-317,-264,-185,-132,-88,-22,-25,-10,-17,-36,-61,-54,-74,-60,-118,-139,-110,-133,-141,-144
21.92000,-443,-460,-452,-423,-407,-420,-339,-315,-270,-181,-126,-97,-13,-8,-15,-4,-37,-45,-39,-79,-57,-114,-146,-120,-127,-120,-155
21.93067,-459,-469,-458,-428,-402,-429,-351,-307,-262,-185,-142,-81,-18,-9,-14,-20,-45,-35,-47,-67,-57,-112,-127,-113,-124,-126,-154
21.94133,-442,-480,-462,-429,-406,-420,-344,-312,-263,-175,-131,-80,-20,-13,-6,-26,-57,-37,-54,-53,-67,-120,-122,-109,-119,-136,-152
21.95200,-441,-503,-464,-457,-415,-418,-339,-312,-261,-180,-143,-85,-19,-26,-5,-18,-38,-38,-59,-65,-61,-132,-124,-112,-124,-138,-157
21.96267,-427,-494,-469,-429,-401,-415,-345,-311,-256,-185,-134,-90,-26,-21,1,-16,-35,-37,-49,-62,-75,-119,-125,-114,-130,-135,-170
21.97333,-432,-486,-472,-436,-395,-424,-339,-317,-264,-186,-130,-89,-33,-16,2,-5,-48,-53,-55,-72,-62,-131,-117,-113,-121,-140,-149
21.98400,-423,-479,-463,-437,-398,-415,-351,-320,-275,-186,-127,-86,-25,-22,-8,-21,-41,-39,-59,-75,-75,-116,-116,-116,-138,-134,-159
21.99467,-427,-463,-456,-434,-385,-424,-359,-309,-264,-180,-129,-82,-34,-26,-6,-28,-47,-43,-45,-79,-64,-119,-120,-121,-132,-133,-158
22.00533,-417,-470,-451,-437,-396,-413,-354,-307,-256,-190,-122,-77,-29,-18,-17,-29,-50,-49,-50,-60,-62,-122,-127,-109,-117,-131,-154
22.01600,-438,-461,-436,-431,-393,-416,-336,-313,-254,-190,-128,-87,-30,-13,-5,-25,-49,-50,-58,-54,-60,-115,-122,-102,-108,-134,-148
22.02667,-444,-454,-441,-433,-399,-428,-355,-313,-263,-190,-130,-87,-33,-27,-18,-26,-45,-50,-68,-51,-79,-103,-125,-110,-108,-138,-154
22.03733,-465,-454,-451,-428,-404,-427,-350,-306,-271,-186,-131,-92,-38,-36,-24,-22,-57,-24,-68,-48,-67,-112,-112,-102,-122,-124,-143
22.04800,-473,-460,-464,-434,-399,-413,-342,-316,-270,-184,-138,-89,-29,-32,-16,-27,-60,-24,-60,-73,-66,-116,-104,-118,-114,-120,-141
22.05867,-439,-452,-456,-427,-399,-413,-329,-317,-260,-191,-140,-92,-20,-28,-9,-19,-59,-31,-74,-74,-59,-124,-117,-115,-106,-122,-148
22.06933,-453,-433,-456,-435,-397,-418,-351,-314,-272,-193,-134,-93,-30,-27,-8,-25,-65,-41,-67,-84,-61,-126,-115,-118,-119,-140,-153
22.08000,-462,-432,-456,-433,-398,-428,-361,-314,-265,-197,-133,-89,-35,-33,-10,-28,-55,-30,-76,-74,-73,-130,-114,-106,-123,-133,-160
22.09067,-424,-447,-462,-436,-395,-428,-337,-310,-275,-185,-136,-85,-29,-28,-22,-46,-66,-37,-54,-65,-78,-129,-115,-117,-115,-137,-168
22.10133,-440,-474,-455,-434,-397,-421,-318,-307,-257,-187,-122,-83,-33,-26,-13,-27,-73,-35,-52,-59,-83,-111,-107,-117,-109,-123,-150
22.11200,-415,-455,-466,-427,-399,-415,-325,-313,-253,-192,-130,-85,-28,-29,-3,-33,-61,-51,-61,-66,-70,-133,-111,-137,-126,-130,-147
22.12267,-427,-450,-458,-418,-407,-415,-348,-305,-253,-186,-134,-75,-22,-24,-17,-16,-66,-33,-51,-67,-77,-135,-122,-113,-117,-125,-149
22.13333,-425,-437,-457,-429,-415,-421,-344,-301,-254,-176,-127,-88,-26,-19,-12,-17,-52,-44,-64,-64,-74,-120,-137,-112,-123,-112,-132
22.14400,-409,-441,-442,-426,-393,-423,-346,-302,-255,-187,-121,-95,-25,-21,-24,-14,-43,-49,-74,-62,-62,-110,-125,-114,-133,-122,-135
22.15467,-412,-461,-446,-424,-384,-404,-341,-311,-260,-189,-123,-91,-40,-7,-24,-25,-39,-44,-64,-61,-58,-95,-136,-116,-116,-119,-137
22.16533,-436,-454,-438,-429,-384,-407,-334,-297,-259,-192,-124,-76,-25,-14,-12,-26,-54,-45,-27,-64,-47,-89,-119,-119,-114,-132,-150
22.17600,-426,-460,-453,-416,-391,-407,-337,-306,-256,-185,-130,-90,-23,-10,-16,-28,-41,-30,-43,-69,-50,-122,-116,-115,-118,-135,-159
22.18667,-444,-451,-466,-424,-391,-410,-327,-300,-256,-191,-128,-86,-30,-20,-28,-30,-37,-43,-50,-49,-73,-118,-113,-120,-118,-136,-156
22.19733,-422,-441,-461,-428,-410,-404,-338,-311,-254,-187,-135,-86,-27,-28,-17,-20,-41,-55,-53,-46,-64,-121,-111,-117,-99,-132,-159
22.20800,-413,-457,-440,-446,-394,-403,-337,-320,-257,-194,-139,-79,-27,-39,-12,-16,-43,-49,-61,-55,-77,-107,-107,-112,-113,-125,-143
22.21867,-431,-431,-455,-430,-405,-414,-334,-314,-254,-192,-136,-79,-42,-30,-10,-32,-43,-18,-62,-58,-72,-102,-118,-109,-128,-119,-152
22.22933,-435,-442,-461,-426,-404,-424,-346,-312,-260,-198,-138,-84,-44,-14,-16,-21,-46,-30,-58,-48,-73,-113,-126,-114,-115,-116,-142
22.24000,-427,-415,-455,-428,-404,-416,-348,-313,-254,-196,-140,-91,-46,-16,-12,-19,-47,-39,-57,-54,-69,-117,-110,-97,-112,-131,-159
22.25067,-430,-432,-459,-428,-385,-425,-342,-300,-251,-194,-129,-83,-23,-35,-4,-18,-48,-44,-61,-65,-45,-130,-109,-91,-107,-137,-150
22.26133,-446,-450,-434,-415,-390,-419,-341,-311,-257,-183,-130,-92,-35,-35,-7,-10,-48,-41,-66,-69,-55,-119,-117,-104,-130,-120,-153
22.27200,-441,-435,-442,-444,-389,-413,-340,-313,-256,-178,-133,-89,-36,-36,-12,-30,-37,-52,-68,-68,-66,-118,-119,-101,-122,-128,-137
22.28267,-449,-456,-462,-437,-397,-418,-337,-324,-261,-185,-130,-98,-29,-23,-7,-36,-55,-61,-50,-68,-57,-112,-123,-99,-126,-122,-149
22.29333,-438,-452,-457,-429,-398,-424,-330,-315,-262,-183,-134,-94,-33,-25,-18,-24,-59,-47,-66,-67,-62,-128,-138,-115,-131,-141,-149
22.30400,-462,-452,-449,-416,-396,-418,-332,-323,-252,-179,-124,-93,-31,-24,-19,-13,-58,-35,-45,-51,-67,-117,-131,-110,-136,-134,-160
22.31467,-462,-436,-452,-410,-393,-408,-327,-310,-269,-178,-126,-109,-19,-31,-16,-40,-48,-37,-53,-61,-83,-125,-142,-110,-124,-128,-154
22.32533,-446,-454,-452,-413,-399,-412,-334,-312,-259,-189,-132,-90,-13,-29,-28,-35,-41,-46,-58,-64,-61,-125,-135,-112,-133,-124,-159
22.33600,-455,-467,-461,-410,-404,-408,-333,-309,-261,-195,-130,-89,-30,-32,-27,-42,-33,-30,-54,-72,-82,-124,-132,-123,-130,-131,-165
22.34667,-446,-468,-434,-416,-414,-416,-332,-306,-264,-186,-130,-79,-33,-34,-23,-37,-37,-35,-60,-70,-67,-109,-125,-117,-125,-138,-158
22.35733,-422,-444,-438,-405,-399,-413,-338,-307,-258,-178,-129,-89,-37,-34,-16,-26,-43,-48,-63,-69,-79,-113,-109,-111,-117,-131,-149
22.36800,-426,-442,-447,-415,-397,-417,-344,-313,-261,-177,-135,-100,-32,-32,-26,-19,-47,-50,-64,-81,-80,-113,-129,-112,-142,-135,-146
22.37867,-422,-445,-434,-423,-411,-418,-343,-321,-258,-179,-132,-115,-39,-26,-15,-26,-55,-42,-60,-76,-76,-115,-116,-113,-132,-129,-141
22.38933,-431,-450,-449,-421,-396,-419,-342,-308,-258,-186,-138,-105,-13,-31,-12,-21,-52,-45,-52,-61,-68,-123,-110,-113,-144,-136,-151
22.40000,-441,-434,-450,-427,-416,-408,-340,-308,-255,-189,-133,-97,-16,-37,-34,-16,-42,-43,-57,-54,-60,-133,-121,-119,-131,-130,-148
22.41067,-452,-437,-454,-420,-428,-397,-335,-315,-254,-191,-141,-89,-35,-33,-11,-21,-41,-42,-47,-48,-65,-135,-102,-116,-146,-132,-154
22.42133,-458,-461,-450,-432,-412,-420,-338,-304,-260,-186,-137,-96,-30,-37,-8,-23,-49,-37,-51,-64,-58,-119,-116,-122,-143,-134,-151
22.43200,-440,-458,-450,-437,-390,-417,-346,-314,-257,-186,-142,-93,-32,-34,-28,-29,-50,-41,-62,-63,-71,-120,-115,-113,-136,-139,-156
22.44267,-439,-461,-454,-435,-401,-411,-352,-328,-258,-181,-133,-101,-28,-32,-32,-20,-46,-42,-75,-71,-71,-114,-129,-104,-131,-132,-154
22.45333,-441,-467,-452,-431,-398,-421,-353,-312,-273,-191,-129,-92,-45,-20,-26,-10,-49,-49,-66,-75,-71,-120,-132,-118,-139,-135,-149
22.46400,-478,-456,-443,-443,-395,-429,-357,-314,-266,-188,-120,-83,-30,-29,-11,-26,-56,-44,-72,-71,-79,-123,-127,-121,-137,-138,-155
22.47467,-444,-463,-465,-447,-410,-428,-366,-320,-275,-186,-126,-92,-35,-40,-11,-15,-61,-52,-60,-55,-85,-127,-118,-115,-123,-147,-153
22.48533,-437,-475,-468,-441,-417,-422,-361,-323,-277,-185,-123,-92,-29,-47,-17,-18,-51,-36,-65,-60,-79,-117,-131,-114,-124,-134,-154
22.49600,-454,-452,-456,-438,-433,-431,-357,-323,-267,-188,-129,-92,-22,-26,-27,-43,-58,-37,-71,-70,-69,-126,-122,-119,-123,-130,-162
22.50667,-430,-450,-467,-421,-416,-428,-351,-321,-256,-180,-132,-85,-23,-32,-14,-32,-68,-33,-61,-80,-72,-126,-124,-118,-130,-139,-152
22.51733,-428,-462,-483,-427,-414,-417,-348,-323,-257,-186,-139,-92,-36,-29,-14,-24,-60,-17,-51,-72,-72,-121,-118,-125,-133,-137,-148
22.52800,-441,-471,-460,-417,-428,-413,-344,-319,-274,-182,-135,-96,-22,-20,-24,-7,-42,-32,-56,-95,-70,-126,-121,-118,-131,-134,-152
22.53867,-442,-470,-453,-422,-415,-433,-346,-328,-259,-175,-138,-103,-24,-30,-13,-16,-53,-45,-61,-90,-60,-144,-125,-102,-134,-131,-160
22.54933,-470,-452,-463,-418,-402,-428,-336,-321,-267,-193,-141,-90,-27,-39,-36,-28,-56,-35,-70,-88,-77,-127,-119,-94,-136,-136,-163
22.56000,-480,-456,-448,-436,-418,-424,-345,-327,-261,-197,-147,-92,-31,-37,-14,-17,-52,-49,-60,-83,-74,-136,-126,-115,-127,-130,-151
22.57067,-469,-458,-475,-437,-408,-435,-337,-316,-252,-190,-144,-96,-28,-31,-21,-24,-54,-45,-71,-53,-66,-130,-128,-117,-131,-136,-167
22.58133,-466,-465,-468,-449,-397,-427,-355,-308,-253,-197,-147,-98,-33,-28,-18,-25,-65,-37,-69,-76,-65,-130,-137,-121,-156,-138,-155
22.59200,-470,-430,-457,-444,-383,-423,-338,-315,-264,-196,-134,-91,-31,-30,-9,-28,-71,-22,-72,-69,-72,-130,-125,-106,-130,-138,-154
22.60267,-466,-438,-460,-434,-389,-409,-348,-314,-261,-193,-130,-95,-35,-28,-29,-34,-68,-44,-68,-79,-81,-129,-120,-112,-131,-123,-152
22.61333,-444,-445,-466,-445,-398,-417,-344,-317,-269,-193,-127,-102,-30,-50,-24,-32,-54,-50,-56,-84,-80,-119,-120,-109,-138,-121,-159
22.62400,-473,-441,-461,-437,-410,-420,-346,-315,-264,-189,-132,-102,-34,-34,-14,-18,-58,-42,-71,-66,-83,-118,-117,-109,-138,-131,-157
22.63467,-438,-455,-460,-434,-405,-408,-349,-304,-267,-190,-140,-91,-39,-35,-24,-21,-42,-38,-63,-64,-67,-133,-134,-120,-135,-126,-156
22.64533,-445,-449,-469,-440,-403,-410,-350,-311,-271,-187,-140,-87,-34,-31,-30,-39,-43,-48,-56,-68,-84,-146,-141,-122,-147,-133,-156
22.65600,-432,-461,-472,-441,-408,-404,-350,-318,-277,-186,-131,-104,-39,-37,-25,-33,-58,-38,-69,-65,-79,-129,-142,-117,-140,-134,-160
22.66667,-443,-465,-465,-442,-411,-415,-337,-319,-275,-193,-132,-92,-50,-26,-13,-35,-60,-40,-61,-66,-75,-125,-118,-119,-137,-131,-154
22.67733,-448,-456,-450,-452,-414,-435,-346,-313,-268,-194,-134,-97,-51,-32,-21,-16,-64,-47,-45,-78,-77,-112,-134,-119,-133,-139,-159
22.68800,-439,-468,-461,-442,-410,-424,-349,-316,-266,-195,-138,-101,-41,-17,-15,-14,-65,-56,-62,-68,-73,-126,-124,-113,-134,-130,-149
22.69867,-449,-484,-451,-437,-416,-428,-356,-312,-269,-191,-127,-116,-36,-7,-31,-24,-51,-49,-47,-52,-67,-127,-118,-115,-117,-139,-145
22.70933,-448,-474,-464,-441,-424,-430,-352,-307,-272,-188,-128,-100,-45,-31,-26,-24,-68,-36,-62,-63,-73,-136,-133,-110,-123,-137,-161
22.72000,-445,-450,-461,-443,-417,-431,-339,-314,-281,-177,-143,-100,-42,-40,-13,-29,-43,-50,-63,-68,-61,-140,-138,-109,-125,-143,-158
22.73067,-446,-456,-453,-439,-408,-438,-362,-319,-266,-193,-143,-98,-41,-28,-13,-25,-63,-48,-67,-69,-65,-135,-132,-108,-137,-124,-147
22.74133,-453,-447,-455,-455,-409,-413,-350,-313,-266,-200,-141,-100,-31,-35,-9,-25,-50,-64,-64,-72,-71,-125,-132,-118,-143,-130,-152
22.75200,-455,-462,-471,-442,-412,-419,-357,-319,-265,-193,-131,-86,-22,-17,-15,-29,-50,-40,-63,-72,-62,-123,-122,-127,-136,-135,-152
22.76267,-468,-446,-463,-454,-416,-435,-366,-315,-272,-196,-139,-94,-18,-29,-1,-31,-46,-49,-43,-85,-81,-120,-120,-108,-134,-148,-167
22.77333,-456,-463,-458,-455,-414,-453,-357,-319,-277,-194,-138,-110,-21,-29,-28,-30,-54,-42,-41,-77,-69,-118,-106,-115,-143,-144,-173
22.78400,-475,-478,-451,-446,-405,-431,-359,-319,-268,-197,-152,-107,-25,-22,-33,-38,-59,-27,-49,-72,-67,-122,-109,-123,-135,-133,-160
22.79467,-458,-477,-465,-441,-421,-433,-357,-328,-266,-189,-143,-87,-24,-22,-25,-41,-62,-39,-45,-78,-73,-129,-115,-130,-116,-135,-166
22.80533,-461,-478,-453,-447,-412,-421,-342,-328,-271,-187,-133,-100,-26,-38,-23,-29,-52,-48,-45,-71,-84,-124,-118,-133,-129,-132,-163
22.81600,-488,-478,-477,-425,-409,-415,-352,-320,-276,-198,-132,-88,-31,-38,-24,-17,-61,-43,-65,-70,-80,-132,-134,-129,-135,-129,-162
22.82667,-465,-462,-473,-421,-397,-434,-349,-321,-283,-195,-141,-90,-42,-42,-24,-26,-48,-48,-67,-59,-70,-146,-141,-126,-131,-131,-152
22.83733,-462,-453,-474,-440,-404,-429,-359,-316,-273,-187,-147,-88,-34,-46,-29,-9,-39,-40,-53,-72,-63,-112,-134,-116,-122,-130,-136
22.84800,-457,-456,-464,-445,-414,-435,-360,-321,-267,-185,-141,-97,-33,-36,-21,-9,-47,-32,-57,-71,-56,-127,-135,-128,-125,-139,-159
22.85867,-448,-453,-459,-439,-423,-432,-336,-319,-261,-191,-127,-94,-30,-43,-21,-11,-60,-49,-54,-70,-75,-112,-123,-124,-119,-127,-156
22.86933,-445,-462,-481,-418,-414,-436,-366,-321,-262,-193,-139,-102,-41,-24,-25,-15,-59,-50,-49,-68,-71,-136,-117,-123,-129,-139,-149
22.88000,-462,-452,-481,-438,-426,-437,-359,-329,-275,-189,-136,-111,-20,-30,-20,-24,-45,-39,-54,-78,-58,-125,-120,-116,-137,-121,-155
22.89067,-450,-472,-457,-444,-423,-436,-361,-325,-268,-188,-138,-102,-33,-35,-27,-28,-40,-29,-55,-72,-76,-135,-118,-123,-139,-132,-151
22.90133,-465,-464,-464,-444,-415,-434,-354,-316,-272,-193,-141,-100,-24,-38,-24,-21,-47,-46,-57,-69,-72,-141,-128,-114,-126,-146,-147
22.91200,-472,-485,-473,-446,-415,-425,-349,-316,-273,-197,-138,-87,-23,-39,-28,-29,-56,-44,-56,-71,-74,-118,-123,-113,-135,-144,-153
22.92267,-442,-486,-460,-450,-410,-428,-352,-320,-267,-191,-141,-93,-35,-27,-23,-26,-56,-53,-48,-73,-79,-125,-124,-112,-137,-146,-150
22.93333,-435,-477,-454,-454,-414,-435,-345,-323,-263,-190,-136,-95,-40,-21,-19,-30,-45,-57,-48,-77,-80,-128,-127,-110,-136,-147,-150
22.94400,-454,-472,-470,-453,-393,-434,-344,-335,-268,-188,-146,-101,-30,-31,-11,-39,-47,-51,-44,-88,-73,-118,-130,-120,-128,-141,-159
22.95467,-464,-472,-485,-459,-397,-425,-350,-322,-267,-190,-137,-99,-17,-17,-23,-16,-55,-38,-64,-84,-70,-118,-131,-119,-129,-140,-172
22.96533,-459,-464,-468,-454,-420,-436,-333,-312,-273,-194,-126,-97,-36,-14,-29,-22,-65,-41,-59,-76,-68,-123,-128,-116,-132,-139,-158
22.97600,-456,-480,-475,-434,-420,-424,-334,-299,-272,-194,-134,-98,-46,-40,-12,-13,-57,-36,-64,-75,-55,-122,-133,-121,-150,-137,-152
22.98667,-469,-474,-475,-435,-409,-413,-344,-310,-271,-193,-123,-106,-38,-34,-32,-17,-49,-39,-40,-77,-58,-117,-133,-125,-140,-133,-158
22.99733,-458,-447,-489,-443,-398,-424,-344,-313,-264,-182,-134,-109,-45,-31,-16,-11,-45,-31,-52,-76,-65,-124,-139,-131,-134,-142,-145
23.00800,-456,-454,-465,-435,-399,-434,-359,-317,-282,-192,-137,-101,-45,-32,-33,-24,-58,-52,-65,-80,-77,-122,-150,-125,-133,-142,-156
23.01867,-429,-439,-466,-436,-407,-427,-353,-321,-281,-196,-146,-94,-30,-37,-33,-18,-47,-36,-72,-82,-86,-126,-141,-130,-137,-157,-147
23.02933,-444,-456,-441,-455,-394,-424,-340,-320,-272,-194,-130,-102,-30,-45,-31,-20,-59,-34,-71,-78,-70,-124,-137,-141,-143,-131,-148
23.04000,-438,-455,-442,-456,-412,-424,-343,-316,-275,-198,-141,-98,-36,-45,-33,-11,-60,-41,-65,-89,-82,-130,-121,-128,-145,-140,-149
23.05067,-432,-452,-438,-446,-424,-432,-354,-309,-271,-200,-137,-104,-26,-36,-18,-25,-47,-42,-67,-79,-79,-129,-124,-127,-139,-133,-155
23.06133,-436,-464,-472,-441,-419,-429,-357,-319,-276,-199,-136,-102,-31,-45,-17,-34,-67,-53,-61,-78,-76,-125,-132,-135,-145,-150,-166
23.07200,-445,-486,-469,-436,-431,-431,-369,-322,-268,-196,-140,-96,-20,-49,-19,-51,-55,-34,-67,-69,-81,-113,-131,-129,-138,-138,-174
23.08267,-470,-472,-480,-448,-436,-435,-351,-324,-272,-193,-128,-99,-21,-29,-11,-37,-51,-51,-68,-67,-81,-118,-127,-136,-130,-142,-170
23.09333,-442,-474,-473,-453,-417,-442,-355,-318,-275,-190,-136,-98,-27,-25,-26,-32,-54,-38,-72,-82,-88,-119,-130,-136,-118,-130,-158
23.10400,-461,-472,-470,-456,-424,-438,-366,-316,-274,-188,-141,-86,-22,-30,-8,-35,-29,-53,-59,-75,-75,-143,-135,-130,-128,-145,-162
23.11467,-464,-491,-471,-452,-418,-444,-373,-328,-263,-190,-133,-86,-22,-9,-6,-28,-44,-28,-49,-84,-75,-121,-149,-120,-144,-139,-163
23.12533,-457,-493,-486,-430,-415,-442,-366,-324,-265,-186,-130,-95,-34,-20,-15,-22,-46,-36,-52,-82,-79,-126,-137,-127,-143,-138,-160
23.13600,-474,-478,-485,-452,-428,-438,-359,-327,-260,-196,-129,-94,-29,-24,-4,-25,-39,-35,-59,-83,-80,-114,-119,-124,-143,-132,-175
23.14667,-468,-467,-464,-450,-418,-433,-359,-323,-280,-195,-131,-92,-32,-16,-21,-27,-40,-55,-64,-73,-71,-124,-121,-125,-137,-135,-172
23.15733,-435,-466,-448,-458,-433,-433,-356,-315,-278,-181,-128,-93,-33,-21,-14,-25,-32,-48,-46,-60,-69,-115,-114,-135,-135,-140,-181
23.16800,-465,-479,-452,-449,-427,-437,-364,-329,-273,-178,-132,-101,-34,-16,-10,-30,-32,-45,-45,-68,-69,-123,-106,-126,-118,-137,-162
23.17867,-466,-466,-472,-452,-428,-436,-368,-328,-282,-182,-128,-92,-31,-15,-28,-16,-45,-43,-61,-84,-74,-116,-123,-122,-123,-149,-156
23.18933,-468,-466,-472,-464,-415,-437,-361,-321,-275,-192,-131,-98,-27,-21,-19,-15,-48,-35,-63,-82,-76,-124,-131,-118,-129,-148,-166
23.20000,-459,-459,-471,-453,-412,-438,-362,-319,-278,-191,-135,-99,-22,-15,-16,-27,-49,-47,-48,-85,-70,-122,-125,-120,-132,-142,-176
23.21067,-444,-468,-480,-446,-427,-438,-361,-318,-281,-186,-139,-96,-21,-24,-17,-30,-49,-49,-58,-72,-71,-124,-122,-119,-125,-145,-166
23.22133,-442,-474,-471,-449,-427,-435,-354,-322,-286,-195,-137,-85,-34,-32,-20,-29,-61,-47,-52,-93,-68,-117,-122,-125,-145,-144,-148
23.23200,-438,-474,-461,-433,-409,-429,-348,-323,-278,-212,-139,-86,-26,-26,-13,-13,-61,-53,-55,-74,-68,-122,-130,-124,-140,-136,-161
23.24267,-449,-483,-467,-449,-409,-422,-353,-314,-270,-193,-132,-87,-27,-19,-5,-13,-62,-48,-60,-70,-73,-115,-125,-115,-145,-142,-167
23.25333,-462,-490,-477,-452,-399,-437,-370,-324,-268,-192,-135,-92,-29,-17,-12,-12,-49,-55,-52,-80,-67,-124,-139,-114,-141,-147,-166
23.26400,-472,-492,-477,-452,-399,-438,-350,-326,-283,-192,-138,-97,-17,-12,-16,-20,-49,-45,-53,-69,-62,-129,-156,-125,-141,-133,-169
23.27467,-470,-482,-474,-443,-407,-435,-343,-316,-280,-193,-129,-98,-25,-23,-13,-30,-62,-40,-46,-72,-78,-123,-145,-119,-134,-138,-167
23.28533,-442,-481,-475,-429,-412,-441,-347,-316,-277,-198,-137,-97,-28,-21,-18,-39,-47,-42,-60,-72,-76,-126,-140,-129,-138,-131,-165
23.29600,-432,-472,-462,-421,-409,-429,-346,-320,-272,-210,-133,-97,-21,-38,-20,-38,-51,-40,-71,-76,-91,-129,-124,-140,-139,-144,-157
23.30667,-432,-450,-440,-437,-408,-411,-350,-324,-261,-196,-135,-84,-19,-30,-23,-28,-54,-45,-49,-81,-87,-126,-129,-118,-130,-157,-169
23.31733,-465,-453,-462,-437,-406,-420,-357,-318,-261,-194,-145,-89,-35,-31,-23,-28,-69,-53,-63,-92,-82,-127,-133,-119,-123,-145,-165
23.32800,-472,-467,-464,-442,-411,-424,-366,-316,-265,-200,-134,-96,-27,-34,-19,-15,-58,-42,-56,-80,-67,-126,-139,-129,-132,-154,-160
23.33867,-422,-474,-468,-429,-403,-424,-357,-311,-265,-194,-140,-80,-30,-40,-14,-24,-58,-47,-60,-65,-64,-126,-137,-122,-141,-158,-152
23.34933,-419,-472,-465,-469,-411,-428,-357,-323,-261,-184,-142,-94,-38,-27,-27,-36,-57,-51,-69,-72,-85,-126,-141,-120,-148,-158,-155
23.36000,-441,-478,-466,-444,-421,-437,-356,-325,-263,-186,-136,-92,-31,-37,-13,-16,-56,-37,-63,-76,-93,-119,-138,-111,-149,-126,-169
23.37067,-452,-452,-462,-436,-421,-422,-335,-319,-263,-181,-134,-106,-27,-26,-22,-29,-58,-53,-54,-73,-70,-119,-133,-109,-144,-138,-152
23.38133,-465,-451,-463,-419,-410,-426,-355,-308,-248,-175,-143,-110,-18,-29,-17,-16,-51,-59,-54,-68,-69,-117,-130,-119,-160,-144,-157
23.39200,-460,-462,-468,-446,-410,-435,-361,-313,-256,-185,-150,-101,-22,-22,-21,-10,-55,-48,-51,-78,-97,-109,-125,-132,-139,-127,-151
23.40267,-471,-447,-459,-441,-421,-437,-352,-313,-272,-194,-136,-93,-25,-29,-16,1,-57,-37,-62,-68,-66,-117,-118,-125,-128,-127,-156
23.41333,-479,-458,-464,-441,-419,-425,-350,-324,-269,-191,-136,-84,-27,-29,-10,-22,-60,-42,-68,-77,-80,-127,-104,-125,-135,-129,-158
23.42400,-453,-466,-445,-436,-406,-431,-349,-313,-270,-201,-138,-81,-33,-26,-22,-21,-65,-44,-72,-73,-79,-121,-125,-124,-126,-132,-157
23.43467,-443,-470,-455,-426,-394,-441,-354,-315,-266,-195,-147,-94,-28,-31,-13,-48,-54,-49,-61,-68,-71,-114,-113,-110,-133,-130,-153
23.44533,-455,-467,-450,-428,-418,-451,-356,-306,-276,-202,-134,-96,-37,-30,-19,-29,-62,-61,-63,-66,-74,-114,-129,-128,-127,-156,-158
23.45600,-482,-458,-473,-443,-417,-441,-355,-320,-270,-196,-147,-89,-36,-35,-15,-22,-62,-65,-45,-73,-63,-117,-122,-117,-141,-146,-154
23.46667,-448,-468,-474,-434,-401,-428,-356,-314,-271,-189,-138,-88,-42,-40,-23,-32,-56,-57,-74,-66,-61,-126,-120,-121,-136,-148,-170
23.47733,-460,-492,-465,-441,-403,-426,-352,-315,-277,-192,-126,-85,-42,-27,-27,-44,-53,-37,-50,-84,-69,-145,-132,-113,-124,-153,-171
23.48800,-470,-469,-471,-440,-422,-431,-345,-316,-268,-190,-135,-103,-50,-30,-26,-34,-62,-52,-63,-82,-72,-127,-120,-113,-130,-140,-158
23.49867,-460,-470,-484,-442,-411,-414,-347,-324,-275,-192,-127,-93,-36,-24,-30,-33,-48,-44,-75,-73,-84,-129,-129,-115,-128,-153,-164
23.50933,-449,-470,-469,-434,-396,-428,-344,-325,-271,-198,-127,-94,-37,-33,-29,-23,-63,-52,-52,-64,-76,-126,-135,-124,-127,-163,-165
23.52000,-446,-484,-482,-428,-399,-432,-353,-327,-265,-206,-127,-96,-27,-46,-24,-14,-58,-54,-67,-75,-90,-142,-129,-129,-138,-157,-163
23.53067,-451,-477,-479,-439,-416,-438,-345,-325,-270,-198,-132,-98,-32,-32,-9,-23,-48,-42,-72,-68,-80,-139,-120,-113,-135,-159,-170
23.54133,-462,-459,-471,-438,-425,-428,-352,-318,-269,-196,-134,-96,-21,-32,-5,-19,-65,-52,-63,-75,-93,-113,-132,-126,-129,-142,-155
23.55200,-443,-467,-478,-459,-401,-425,-344,-322,-266,-188,-127,-100,-22,-44,-13,-27,-57,-60,-67,-82,-90,-118,-144,-116,-129,-143,-170
23.56267,-440,-456,-456,-442,-405,-423,-351,-312,-272,-182,-144,-91,-32,-41,-24,-31,-52,-60,-63,-62,-86,-124,-120,-111,-136,-141,-166
23.57333,-434,-451,-440,-408,-407,-410,-342,-305,-254,-185,-118,-76,-22,-20,0,-5,-40,-26,-49,-63,-69,-111,-123,-102,-117,-123,-150
23.58400,-438,-460,-462,-424,-398,-434,-352,-315,-262,-192,-130,-96,-26,-32,-20,-23,-59,-21,-66,-57,-75,-102,-147,-116,-117,-129,-155
23.59467,-447,-459,-460,-444,-397,-430,-355,-329,-263,-188,-127,-91,-31,-27,-19,-26,-58,-36,-55,-60,-80,-111,-126,-125,-137,-145,-159
23.60533,-468,-458,-466,-450,-414,-421,-353,-319,-273,-190,-137,-96,-28,-25,-19,-32,-56,-42,-54,-76,-71,-112,-134,-127,-128,-151,-163
23.61600,-469,-451,-462,-448,-409,-431,-357,-316,-278,-187,-145,-109,-25,-20,-8,-24,-62,-39,-55,-86,-76,-121,-132,-113,-148,-155,-160
23.62667,-476,-469,-493,-456,-424,-437,-361,-321,-266,-189,-143,-101,-37,-23,-20,-18,-48,-39,-54,-87,-64,-123,-136,-126,-138,-160,-160
23.63733,-456,-452,-493,-454,-415,-431,-367,-337,-271,-183,-135,-93,-43,-20,-4,-16,-48,-57,-62,-74,-84,-136,-140,-128,-124,-140,-170
23.64800,-446,-464,-467,-471,-421,-431,-368,-331,-275,-186,-141,-97,-41,-35,-2,-22,-50,-67,-51,-67,-65,-126,-139,-128,-129,-133,-165
23.65867,-465,-480,-462,-466,-406,-431,-358,-321,-271,-190,-135,-91,-36,-34,-6,-23,-59,-73,-65,-75,-62,-136,-136,-127,-133,-129,-168
23.66933,-471,-471,-465,-444,-416,-429,-351,-324,-281,-198,-135,-93,-40,-38,-14,-21,-53,-51,-63,-71,-79,-137,-138,-114,-133,-143,-161
23.68000,-459,-471,-478,-450,-422,-434,-347,-324,-272,-204,-141,-92,-37,-30,-17,-27,-56,-50,-54,-65,-73,-125,-132,-117,-148,-136,-164
23.69067,-452,-465,-467,-457,-434,-442,-350,-315,-266,-196,-148,-97,-36,-33,-24,-36,-56,-37,-58,-66,-56,-105,-146,-122,-143,-146,-184
23.70133,-433,-478,-474,-444,-436,-436,-356,-318,-278,-199,-150,-111,-32,-23,-21,-35,-44,-48,-54,-71,-64,-109,-142,-124,-147,-147,-179
23.71200,-494,-475,-473,-453,-425,-446,-354,-324,-264,-197,-137,-86,-28,-24,-17,-37,-51,-53,-55,-74,-75,-131,-132,-135,-150,-145,-168
23.72267,-462,-481,-465,-449,-436,-451,-361,-319,-277,-188,-144,-88,-29,-21,-3,-30,-40,-45,-68,-92,-78,-135,-132,-127,-140,-149,-163
23.73333,-448,-487,-489,-448,-414,-433,-360,-325,-272,-183,-140,-84,-29,-32,-6,-17,-40,-39,-64,-82,-61,-128,-128,-139,-139,-144,-165
23.74400,-459,-479,-473,-467,-428,-448,-378,-325,-278,-188,-140,-100,-30,-33,-19,-23,-50,-47,-51,-80,-69,-133,-140,-132,-134,-155,-169
23.75467,-457,-480,-487,-467,-438,-446,-370,-320,-271,-181,-139,-102,-37,-29,-13,-8,-52,-40,-55,-80,-74,-144,-116,-133,-141,-131,-175
23.76533,-455,-486,-501,-459,-445,-429,-367,-335,-269,-182,-139,-93,-40,-24,-12,-22,-62,-22,-51,-87,-74,-145,-118,-119,-150,-138,-161
23.77600,-463,-489,-491,-451,-432,-445,-363,-316,-274,-193,-137,-86,-43,-15,1,-21,-54,-34,-55,-72,-72,-134,-115,-122,-141,-147,-159
23.78667,-468,-471,-493,-454,-426,-446,-368,-315,-279,-188,-138,-88,-37,-12,-14,-23,-51,-33,-68,-83,-73,-137,-114,-131,-138,-139,-166
23.79733,-485,-469,-495,-452,-434,-450,-378,-311,-267,-193,-132,-100,-33,-18,-15,-22,-43,-35,-55,-78,-75,-135,-120,-126,-151,-149,-170
23.80800,-478,-473,-472,-440,-431,-446,-374,-317,-275,-188,-138,-96,-38,-18,-10,-19,-36,-45,-45,-83,-97,-127,-125,-125,-146,-139,-166
23.81867,-483,-493,-477,-460,-433,-441,-358,-333,-281,-190,-140,-103,-34,-25,-17,-18,-33,-49,-68,-68,-96,-116,-122,-121,-152,-140,-160
23.82933,-459,-483,-488,-453,-422,-437,-362,-323,-278,-198,-131,-99,-38,-29,-14,-16,-31,-40,-71,-68,-83,-119,-135,-121,-159,-136,-161
23.84000,-465,-474,-495,-453,-426,-428,-372,-324,-271,-195,-133,-85,-29,-28,-11,-22,-44,-48,-72,-74,-61,-130,-131,-124,-155,-128,-164
23.85067,-459,-463,-487,-452,-426,-437,-380,-325,-281,-193,-125,-86,-21,-20,-20,-12,-45,-49,-65,-68,-68,-104,-136,-125,-131,-118,-163
23.86133,-450,-473,-479,-439,-432,-445,-380,-328,-281,-199,-130,-90,-33,-28,-18,-15,-55,-40,-66,-63,-77,-130,-122,-126,-138,-138,-169
23.87200,-455,-472,-476,-442,-430,-428,-366,-326,-276,-200,-130,-96,-29,-23,-18,-23,-60,-45,-58,-68,-66,-145,-134,-117,-146,-144,-164
23.88267,-453,-461,-475,-442,-418,-433,-359,-310,-278,-188,-126,-99,-7,-8,-26,-30,-48,-31,-51,-69,-79,-148,-137,-114,-150,-151,-156
23.89333,-450,-473,-480,-449,-413,-440,-362,-320,-280,-185,-133,-106,-15,-16,-27,-41,-52,-43,-64,-76,-77,-127,-127,-112,-134,-157,-165
23.90400,-452,-480,-463,-445,-410,-429,-350,-318,-278,-189,-137,-112,-21,-27,-14,-28,-54,-45,-56,-55,-81,-132,-131,-119,-123,-152,-172
23.91467,-459,-500,-474,-439,-423,-433,-376,-308,-278,-183,-136,-103,-34,-21,-16,-28,-47,-37,-63,-48,-67,-118,-141,-125,-142,-133,-163
23.92533,-456,-487,-468,-434,-423,-437,-375,-319,-283,-190,-135,-104,-32,-32,-17,-33,-65,-35,-59,-55,-72,-119,-137,-129,-145,-142,-164
23.93600,-446,-467,-469,-450,-425,-428,-370,-320,-278,-186,-148,-95,-26,-31,-8,-40,-58,-33,-68,-69,-67,-115,-138,-122,-138,-155,-159
23.94667,-459,-473,-479,-446,-420,-434,-357,-336,-280,-194,-145,-86,-30,-32,0,-52,-45,-43,-55,-68,-56,-126,-138,-114,-147,-150,-181
23.95733,-467,-485,-470,-447,-409,-435,-350,-337,-270,-199,-144,-96,-36,-36,-14,-38,-47,-41,-71,-79,-66,-137,-155,-122,-125,-149,-176
23.96800,-473,-463,-491,-447,-411,-441,-354,-343,-270,-188,-142,-95,-27,-29,-18,-13,-58,-34,-57,-75,-78,-120,-151,-114,-138,-153,-156
23.97867,-457,-458,-471,-448,-403,-438,-356,-338,-264,-188,-146,-101,-34,-37,-20,-26,-51,-42,-58,-70,-80,-120,-114,-120,-139,-152,-166
23.98933,-439,-480,-482,-446,-400,-438,-356,-316,-275,-188,-147,-82,-33,-34,-21,-29,-51,-40,-60,-69,-76,-124,-131,-134,-122,-144,-167
24.00000,-454,-472,-490,-434,-405,-442,-346,-320,-266,-181,-137,-94,-25,-27,-21,-26,-49,-48,-52,-76,-81,-139,-127,-126,-133,-137,-161
24.01067,-450,-489,-476,-455,-418,-443,-335,-323,-273,-191,-132,-87,-29,-25,-19,-33,-57,-45,-65,-64,-74,-144,-111,-130,-134,-135,-163
24.02133,-449,-469,-473,-457,-409,-438,-361,-325,-271,-193,-135,-100,-26,-43,-19,-37,-54,-43,-60,-63,-84,-134,-126,-150,-121,-132,-150
24.03200,-465,-470,-461,-450,-417,-434,-362,-320,-274,-203,-140,-105,-27,-40,-26,-37,-38,-33,-58,-69,-90,-128,-135,-140,-134,-142,-151
24.04267,-478,-459,-486,-444,-423,-436,-370,-323,-283,-198,-140,-93,-26,-28,-25,-38,-46,-53,-69,-75,-83,-135,-133,-137,-136,-149,-169
24.05333,-466,-475,-493,-444,-431,-449,-353,-334,-278,-196,-135,-89,-39,-31,-29,-25,-61,-42,-67,-86,-83,-135,-126,-129,-144,-142,-163
24.06400,-461,-487,-495,-448,-426,-440,-347,-331,-274,-199,-148,-93,-32,-38,-28,-14,-59,-46,-68,-68,-78,-129,-122,-139,-166,-126,-162
24.07467,-445,-484,-484,-444,-433,-443,-356,-323,-271,-204,-134,-99,-35,-33,-34,-19,-52,-38,-58,-81,-72,-130,-115,-121,-156,-140,-157
24.08533,-453,-467,-488,-443,-429,-453,-357,-315,-266,-204,-147,-97,-23,-40,-26,-17,-52,-43,-59,-70,-72,-116,-127,-123,-152,-141,-164
24.09600,-435,-461,-502,-448,-415,-446,-361,-327,-269,-195,-154,-105,-38,-28,-28,-20,-56,-40,-76,-75,-88,-134,-131,-124,-144,-143,-171
24.10667,-469,-452,-513,-456,-421,-430,-356,-323,-278,-207,-138,-102,-22,-38,-44,-22,-55,-56,-69,-71,-76,-126,-143,-126,-133,-140,-168
24.11733,-462,-476,-471,-456,-419,-433,-360,-320,-275,-211,-143,-97,-37,-45,-30,-26,-56,-48,-56,-79,-86,-130,-130,-128,-143,-135,-159
24.12800,-473,-496,-465,-441,-418,-436,-373,-318,-276,-208,-148,-87,-26,-28,-22,-23,-57,-45,-66,-79,-92,-134,-131,-120,-146,-145,-148
24.13867,-479,-484,-474,-440,-408,-437,-375,-331,-271,-199,-145,-100,-36,-34,-23,-26,-62,-52,-69,-78,-100,-134,-120,-117,-120,-149,-143
24.14933,-474,-471,-473,-447,-432,-443,-379,-329,-280,-205,-129,-107,-31,-45,-20,-38,-70,-54,-73,-79,-82,-125,-133,-133,-147,-146,-149
24.16000,-471,-461,-476,-442,-422,-429,-371,-323,-288,-205,-136,-104,-32,-39,-23,-33,-64,-45,-64,-83,-80,-137,-145,-122,-142,-147,-158
24.17067,-449,-489,-483,-454,-416,-439,-362,-334,-280,-204,-139,-95,-34,-45,-24,-36,-64,-56,-51,-88,-93,-130,-141,-119,-142,-153,-170
24.18133,-467,-495,-470,-465,-420,-448,-356,-331,-267,-200,-149,-89,-37,-36,-21,-36,-68,-55,-69,-73,-86,-131,-132,-117,-142,-156,-164
24.19200,-474,-483,-485,-459,-414,-434,-370,-325,-269,-203,-142,-92,-35,-35,-37,-40,-65,-60,-66,-84,-82,-129,-130,-118,-135,-140,-164
24.20267,-465,-466,-491,-451,-420,-438,-355,-324,-284,-206,-152,-100,-36,-47,-25,-29,-53,-42,-69,-89,-79,-116,-131,-106,-141,-129,-178
24.21333,-454,-473,-469,-430,-424,-421,-364,-325,-279,-202,-143,-98,-45,-31,-14,-21,-50,-45,-68,-69,-84,-135,-135,-108,-145,-142,-166
24.22400,-467,-478,-465,-457,-422,-437,-363,-326,-280,-197,-139,-94,-33,-39,-20,-26,-49,-46,-53,-79,-83,-134,-130,-100,-135,-132,-167
24.23467,-456,-493,-487,-453,-428,-444,-352,-333,-277,-196,-132,-89,-35,-51,-23,-23,-54,-49,-57,-73,-74,-154,-136,-128,-146,-131,-166
24.24533,-451,-481,-474,-456,-416,-440,-363,-323,-279,-195,-133,-114,-40,-28,-20,-27,-50,-37,-75,-60,-85,-148,-145,-139,-146,-127,-173
24.25600,-448,-471,-486,-454,-434,-443,-353,-319,-283,-208,-140,-96,-25,-36,-11,-26,-48,-51,-71,-68,-85,-136,-118,-141,-141,-125,-167
24.26667,-463,-450,-463,-456,-425,-444,-359,-326,-278,-194,-139,-107,-28,-47,-21,-23,-55,-54,-74,-69,-81,-120,-125,-127,-142,-121,-169
24.27733,-477,-465,-460,-451,-429,-444,-364,-322,-276,-198,-143,-99,-40,-52,-37,-21,-60,-48,-60,-65,-67,-131,-134,-126,-140,-142,-173
24.28800,-461,-489,-487,-459,-417,-442,-381,-322,-284,-199,-145,-96,-39,-55,-38,-21,-65,-44,-56,-69,-89,-135,-135,-136,-141,-144,-157
24.29867,-470,-504,-491,-463,-416,-449,-366,-328,-282,-197,-147,-102,-41,-50,-32,-26,-70,-59,-59,-70,-93,-129,-141,-140,-130,-153,-158
24.30933,-472,-504,-482,-462,-412,-437,-365,-329,-281,-196,-138,-107,-55,-50,-34,-23,-62,-43,-42,-65,-81,-132,-137,-135,-143,-149,-157
24.32000,-453,-496,-470,-450,-422,-443,-363,-331,-287,-196,-138,-106,-45,-45,-31,-33,-63,-49,-47,-66,-81,-131,-123,-134,-141,-150,-173
24.33067,-461,-500,-480,-465,-430,-442,-362,-326,-288,-196,-153,-101,-38,-30,-16,-27,-68,-55,-64,-67,-80,-122,-132,-142,-147,-160,-177
24.34133,-475,-504,-484,-463,-423,-430,-371,-333,-275,-199,-153,-105,-37,-27,-10,-41,-47,-44,-59,-78,-82,-130,-136,-124,-135,-152,-157
24.35200,-460,-513,-482,-480,-426,-446,-380,-331,-286,-201,-148,-96,-29,-29,-22,-43,-50,-41,-85,-68,-80,-137,-144,-121,-145,-144,-157
24.36267,-478,-486,-470,-462,-432,-434,-378,-335,-270,-196,-151,-97,-34,-22,-25,-45,-56,-42,-69,-83,-62,-140,-131,-128,-134,-129,-161
24.37333,-478,-471,-483,-470,-433,-436,-364,-326,-270,-191,-150,-96,-37,-38,-20,-34,-70,-50,-71,-71,-69,-130,-135,-140,-142,-143,-171
24.38400,-444,-479,-511,-469,-430,-440,-355,-335,-282,-188,-142,-100,-25,-41,-20,-30,-64,-47,-59,-72,-64,-123,-136,-139,-126,-125,-171
24.39467,-473,-487,-492,-466,-431,-448,-360,-343,-278,-198,-151,-97,-28,-40,-27,-36,-66,-45,-65,-71,-72,-136,-130,-145,-130,-139,-173
24.40533,-471,-478,-499,-445,-431,-451,-378,-341,-283,-203,-149,-114,-27,-31,-20,-17,-56,-46,-55,-75,-73,-122,-130,-122,-132,-149,-160
24.41600,-466,-492,-495,-450,-424,-449,-358,-334,-281,-202,-146,-97,-41,-41,-31,-24,-58,-47,-55,-60,-86,-138,-127,-128,-154,-146,-172
24.42667,-469,-491,-476,-442,-406,-445,-360,-335,-282,-202,-142,-95,-51,-49,-32,-32,-62,-39,-67,-70,-77,-115,-131,-127,-150,-136,-168
24.43733,-472,-480,-499,-464,-421,-437,-364,-343,-283,-206,-135,-94,-41,-55,-22,-30,-60,-50,-64,-89,-72,-121,-116,-126,-151,-133,-174
24.44800,-455,-470,-503,-459,-436,-437,-365,-333,-286,-209,-139,-93,-47,-37,-33,-42,-58,-46,-67,-83,-88,-142,-131,-117,-161,-153,-171
24.45867,-475,-487,-480,-461,-435,-439,-370,-339,-272,-205,-137,-95,-43,-41,-37,-48,-66,-53,-61,-66,-83,-134,-120,-128,-146,-148,-176
24.46933,-449,-478,-499,-436,-419,-441,-370,-330,-280,-206,-149,-104,-43,-34,-39,-35,-58,-45,-51,-74,-83,-134,-127,-128,-158,-144,-166
24.48000,-451,-489,-496,-436,-426,-429,-368,-316,-284,-211,-146,-101,-42,-32,-39,-31,-70,-60,-73,-80,-73,-134,-142,-133,-145,-136,-164
24.49067,-451,-484,-495,-441,-426,-440,-368,-322,-287,-212,-145,-113,-35,-40,-30,-43,-63,-54,-73,-82,-85,-142,-126,-128,-141,-135,-187
24.50133,-431,-499,-468,-447,-403,-448,-371,-328,-288,-210,-139,-104,-35,-44,-37,-46,-71,-59,-69,-84,-91,-139,-147,-152,-158,-143,-163
24.51200,-441,-498,-470,-447,-430,-450,-373,-334,-291,-200,-151,-95,-49,-49,-33,-47,-68,-50,-66,-85,-105,-137,-135,-144,-159,-124,-177
24.52267,-478,-493,-476,-440,-419,-445,-365,-327,-294,-205,-153,-99,-46,-44,-35,-45,-62,-62,-69,-63,-90,-141,-130,-137,-154,-149,-173
24.53333,-460,-488,-469,-441,-422,-446,-364,-330,-287,-212,-138,-99,-27,-52,-34,-45,-59,-39,-73,-65,-76,-148,-135,-139,-146,-140,-166
24.54400,-447,-492,-473,-463,-427,-449,-364,-333,-282,-210,-140,-105,-46,-44,-26,-35,-58,-41,-64,-72,-82,-132,-148,-122,-143,-155,-165
24.55467,-466,-481,-499,-454,-413,-439,-357,-334,-284,-213,-154,-99,-42,-47,-28,-29,-69,-51,-71,-88,-67,-115,-147,-130,-143,-164,-168
24.56533,-447,-481,-489,-452,-419,-449,-360,-338,-291,-210,-150,-106,-49,-39,-40,-41,-72,-63,-61,-80,-96,-127,-128,-129,-135,-158,-167
24.57600,-447,-482,-496,-449,-429,-434,-354,-339,-283,-208,-157,-118,-63,-45,-41,-53,-75,-68,-73,-73,-95,-139,-125,-128,-150,-151,-150
24.58667,-460,-495,-464,-453,-425,-442,-369,-339,-295,-204,-146,-108,-42,-41,-37,-37,-69,-55,-58,-77,-99,-146,-139,-129,-154,-157,-159
24.59733,-458,-503,-465,-447,-422,-446,-358,-334,-295,-206,-149,-117,-39,-43,-32,-45,-55,-60,-80,-67,-88,-143,-151,-138,-153,-144,-161
24.60800,-466,-490,-472,-450,-425,-438,-364,-343,-291,-195,-151,-118,-44,-33,-44,-50,-64,-57,-73,-86,-81,-132,-136,-151,-147,-129,-160
24.61867,-479,-485,-472,-438,-421,-455,-363,-348,-284,-200,-162,-108,-47,-36,-39,-44,-68,-68,-76,-70,-93,-142,-117,-133,-153,-153,-168
24.62933,-478,-494,-480,-461,-430,-442,-363,-338,-289,-209,-156,-116,-50,-51,-23,-50,-67,-69,-73,-89,-98,-127,-123,-128,-158,-152,-174
24.64000,-449,-487,-473,-451,-430,-441,-372,-328,-281,-206,-150,-116,-56,-48,-40,-52,-70,-58,-64,-80,-89,-126,-128,-138,-141,-159,-169
24.65067,-470,-482,-471,-441,-424,-436,-369,-332,-278,-214,-157,-118,-46,-40,-32,-30,-86,-66,-73,-86,-89,-140,-146,-129,-154,-169,-177
24.66133,-464,-478,-476,-443,-425,-439,-355,-336,-288,-203,-157,-130,-49,-46,-39,-25,-72,-69,-68,-68,-90,-150,-148,-114,-156,-157,-175
24.67200,-474,-477,-459,-461,-428,-429,-354,-338,-280,-207,-148,-117,-57,-41,-37,-41,-68,-63,-90,-89,-86,-134,-148,-127,-161,-157,-172
24.68267,-496,-475,-473,-457,-419,-439,-353,-334,-293,-213,-143,-111,-50,-48,-43,-46,-56,-48,-81,-99,-70,-130,-146,-131,-146,-128,-180
24.69333,-459,-472,-455,-453,-413,-458,-347,-323,-281,-193,-150,-114,-50,-44,-41,-59,-66,-54,-70,-92,-80,-116,-131,-138,-140,-140,-185
24.70400,-466,-473,-463,-444,-417,-435,-363,-323,-283,-190,-163,-119,-52,-54,-45,-54,-72,-41,-79,-82,-85,-127,-123,-128,-137,-146,-162
24.71467,-466,-452,-448,-449,-410,-435,-362,-330,-278,-209,-155,-117,-52,-60,-40,-54,-57,-37,-67,-93,-94,-141,-120,-127,-130,-154,-161
24.72533,-450,-459,-469,-453,-415,-433,-375,-338,-281,-199,-152,-119,-45,-51,-32,-45,-55,-67,-67,-90,-102,-149,-137,-124,-134,-144,-167
24.73600,-464,-467,-490,-455,-412,-450,-362,-333,-280,-199,-150,-110,-38,-45,-40,-36,-46,-60,-61,-77,-78,-133,-137,-128,-145,-150,-158
24.74667,-453,-487,-477,-457,-416,-437,-369,-339,-286,-199,-157,-96,-39,-46,-40,-33,-58,-59,-71,-72,-81,-130,-140,-138,-145,-141,-160
24.75733,-475,-477,-489,-465,-415,-439,-369,-346,-289,-204,-152,-110,-38,-46,-33,-35,-62,-55,-72,-81,-69,-134,-164,-124,-150,-143,-178
24.76800,-464,-479,-501,-466,-425,-445,-364,-346,-292,-202,-152,-110,-44,-38,-18,-43,-64,-48,-77,-82,-75,-134,-148,-113,-154,-145,-175
24.77867,-477,-460,-496,-461,-432,-442,-367,-346,-280,-199,-153,-103,-48,-34,-34,-41,-60,-57,-72,-75,-88,-133,-151,-142,-136,-150,-170
24.78933,-470,-472,-493,-458,-431,-446,-382,-339,-285,-207,-144,-96,-45,-24,-48,-37,-44,-66,-88,-95,-85,-138,-128,-132,-139,-166,-181
24.80000,-486,-481,-490,-469,-430,-461,-380,-335,-290,-209,-137,-91,-47,-37,-41,-34,-34,-62,-70,-90,-82,-131,-127,-138,-150,-151,-178
24.81067,-446,-499,-496,-463,-435,-439,-373,-332,-275,-210,-145,-99,-54,-36,-30,-42,-45,-52,-81,-94,-89,-132,-121,-135,-150,-148,-180
24.82133,-476,-478,-495,-473,-424,-440,-379,-340,-282,-207,-143,-88,-50,-39,-28,-37,-52,-42,-70,-83,-87,-131,-126,-143,-130,-166,-171
24.83200,-474,-488,-489,-467,-436,-438,-381,-333,-275,-213,-145,-89,-34,-37,-33,-27,-57,-61,-70,-91,-77,-134,-128,-124,-133,-164,-180
24.84267,-469,-474,-482,-467,-429,-449,-380,-341,-269,-195,-155,-101,-25,-43,-25,-36,-63,-47,-79,-93,-78,-145,-144,-126,-145,-162,-190
24.85333,-472,-483,-481,-467,-439,-450,-365,-349,-282,-198,-155,-115,-28,-58,-19,-37,-70,-61,-77,-71,-84,-128,-156,-122,-149,-164,-168
24.86400,-470,-479,-477,-457,-440,-438,-359,-343,-284,-208,-155,-113,-40,-39,-28,-40,-65,-62,-66,-78,-82,-132,-152,-122,-145,-177,-166
24.87467,-456,-462,-484,-454,-417,-449,-363,-335,-278,-204,-146,-114,-37,-35,-34,-45,-73,-56,-63,-80,-90,-141,-152,-114,-152,-167,-168
24.88533,-455,-498,-481,-456,-414,-453,-362,-336,-282,-204,-157,-117,-48,-33,-34,-45,-72,-63,-69,-74,-83,-125,-151,-135,-141,-153,-161
24.89600,-449,-475,-465,-460,-422,-457,-355,-325,-279,-202,-151,-112,-45,-58,-25,-44,-62,-65,-66,-80,-91,-119,-136,-145,-140,-149,-154
24.90667,-465,-477,-468,-437,-418,-444,-362,-333,-280,-200,-139,-126,-37,-38,-35,-33,-74,-56,-75,-71,-81,-143,-125,-154,-149,-149,-174
24.91733,-457,-480,-472,-450,-416,-453,-365,-339,-280,-205,-145,-122,-35,-36,-28,-47,-65,-44,-80,-76,-78,-131,-125,-144,-126,-150,-164
24.92800,-472,-461,-476,-448,-425,-438,-355,-334,-284,-203,-143,-112,-33,-32,-30,-44,-60,-51,-90,-80,-85,-129,-134,-134,-132,-146,-168
24.93867,-459,-467,-489,-433,-436,-437,-347,-346,-287,-199,-150,-107,-49,-48,-36,-38,-59,-57,-94,-69,-89,-135,-113,-131,-142,-138,-172
24.94933,-490,-469,-483,-442,-416,-429,-356,-337,-294,-204,-156,-112,-37,-53,-19,-39,-73,-62,-82,-68,-93,-134,-125,-142,-130,-135,-168
24.96000,-491,-465,-488,-450,-409,-447,-367,-340,-289,-208,-152,-116,-51,-55,-28,-38,-67,-56,-84,-69,-89,-137,-140,-139,-158,-139,-186
24.97067,-468,-470,-491,-461,-434,-458,-370,-338,-289,-215,-146,-110,-59,-52,-23,-32,-64,-43,-82,-78,-94,-148,-128,-130,-151,-144,-172
24.98133,-478,-474,-475,-463,-425,-439,-363,-342,-272,-212,-149,-102,-47,-40,-41,-43,-59,-53,-85,-96,-90,-132,-136,-130,-146,-152,-171
24.99200,-456,-465,-474,-472,-412,-425,-366,-334,-279,-205,-141,-97,-32,-36,-18,-37,-51,-54,-78,-81,-82,-146,-137,-123,-154,-164,-160
25.00267,-469,-478,-462,-451,-415,-435,-370,-345,-284,-190,-139,-91,-40,-43,-12,-28,-58,-57,-75,-76,-87,-132,-147,-118,-133,-126,-168
